8192
0 11
11 6
17 4
21 6
27 5
32 6
38 5
43 10
53 8
61 5
66 6
72 6
78 7
85 6
91 6
97 7
104 5
109 7
116 4
120 8
128 5
133 3
136 10
146 3
149 5
154 5
159 5
164 3
167 3
170 6
176 4
180 4
184 4
188 8
196 7
203 6
209 4
213 6
219 8
227 5
232 9
241 6
247 9
256 7
263 4
267 4
271 6
277 5
282 7
289 5
294 6
300 5
305 4
309 7
316 5
321 7
328 7
335 7
342 4
346 5
351 5
356 10
366 6
372 5
377 8
385 3
388 5
393 10
403 2
405 7
412 8
420 6
426 4
430 7
437 7
444 5
449 11
460 6
466 9
475 4
479 5
484 3
487 8
495 6
501 6
507 5
512 7
519 7
526 7
533 4
537 5
542 4
546 8
554 6
560 10
570 7
577 8
585 10
595 6
601 5
606 4
610 6
616 5
621 5
626 7
633 7
640 5
645 4
649 7
656 5
661 3
664 5
669 4
673 7
680 6
686 7
693 5
698 6
704 7
711 6
717 9
726 6
732 3
735 6
741 6
747 5
752 4
756 7
763 6
769 5
774 5
779 4
783 9
792 6
798 4
802 9
811 4
815 6
821 4
825 8
833 5
838 13
851 4
855 4
859 7
866 4
870 6
876 7
883 6
889 9
898 6
904 5
909 6
915 7
922 6
928 4
932 7
939 6
945 5
950 5
955 11
966 5
971 9
980 6
986 7
993 4
997 5
1002 9
1011 7
1018 8
1026 7
1033 6
1039 10
1049 4
1053 5
1058 4
1062 3
1065 7
1072 5
1077 5
1082 8
1090 6
1096 2
1098 6
1104 6
1110 7
1117 5
1122 4
1126 8
1134 5
1139 6
1145 4
1149 4
1153 6
1159 5
1164 6
1170 6
1176 7
1183 3
1186 3
1189 2
1191 3
1194 8
1202 6
1208 6
1214 5
1219 10
1229 6
1235 4
1239 8
1247 10
1257 5
1262 5
1267 6
1273 5
1278 6
1284 6
1290 6
1296 6
1302 5
1307 5
1312 6
1318 5
1323 9
1332 10
1342 8
1350 5
1355 7
1362 6
1368 7
1375 7
1382 6
1388 5
1393 3
1396 5
1401 4
1405 3
1408 6
1414 4
1418 9
1427 4
1431 9
1440 6
1446 6
1452 6
1458 6
1464 5
1469 10
1479 8
1487 2
1489 6
1495 9
1504 8
1512 3
1515 5
1520 10
1530 7
1537 6
1543 5
1548 8
1556 8
1564 3
1567 6
1573 5
1578 5
1583 6
1589 9
1598 4
1602 10
1612 7
1619 6
1625 9
1634 9
1643 6
1649 6
1655 8
1663 7
1670 9
1679 6
1685 5
1690 5
1695 8
1703 7
1710 4
1714 5
1719 3
1722 5
1727 4
1731 5
1736 5
1741 8
1749 4
1753 6
1759 6
1765 7
1772 5
1777 4
1781 6
1787 4
1791 7
1798 9
1807 7
1814 7
1821 6
1827 6
1833 4
1837 5
1842 4
1846 5
1851 7
1858 5
1863 3
1866 4
1870 8
1878 6
1884 5
1889 3
1892 9
1901 4
1905 7
1912 5
1917 5
1922 7
1929 3
1932 7
1939 5
1944 5
1949 8
1957 3
1960 3
1963 7
1970 5
1975 4
1979 7
1986 4
1990 5
1995 6
2001 3
2004 8
2012 5
2017 7
2024 5
2029 6
2035 6
2041 9
2050 4
2054 7
2061 6
2067 3
2070 4
2074 7
2081 6
2087 6
2093 8
2101 9
2110 9
2119 8
2127 5
2132 11
2143 7
2150 6
2156 5
2161 4
2165 6
2171 5
2176 3
2179 6
2185 8
2193 3
2196 6
2202 9
2211 8
2219 7
2226 5
2231 5
2236 4
2240 2
2242 4
2246 7
2253 8
2261 6
2267 4
2271 5
2276 8
2284 6
2290 5
2295 4
2299 8
2307 9
2316 9
2325 9
2334 7
2341 8
2349 3
2352 9
2361 9
2370 6
2376 10
2386 3
2389 5
2394 7
2401 9
2410 2
2412 7
2419 6
2425 5
2430 6
2436 7
2443 5
2448 7
2455 4
2459 8
2467 7
2474 8
2482 9
2491 7
2498 4
2502 5
2507 3
2510 10
2520 6
2526 5
2531 6
2537 5
2542 6
2548 9
2557 6
2563 7
2570 7
2577 8
2585 10
2595 6
2601 6
2607 8
2615 9
2624 6
2630 2
2632 6
2638 3
2641 5
2646 4
2650 4
2654 8
2662 6
2668 7
2675 7
2682 5
2687 4
2691 7
2698 6
2704 3
2707 7
2714 5
2719 5
2724 6
2730 5
2735 9
2744 5
2749 4
2753 3
2756 7
2763 5
2768 6
2774 8
2782 3
2785 9
2794 5
2799 7
2806 9
2815 6
2821 4
2825 8
2833 6
2839 7
2846 7
2853 3
2856 5
2861 6
2867 5
2872 6
2878 5
2883 7
2890 6
2896 7
2903 5
2908 7
2915 4
2919 9
2928 7
2935 5
2940 5
2945 9
2954 5
2959 8
2967 6
2973 5
2978 6
2984 7
2991 5
2996 6
3002 5
3007 9
3016 7
3023 4
3027 7
3034 5
3039 4
3043 6
3049 4
3053 7
3060 11
3071 7
3078 4
3082 4
3086 3
3089 4
3093 5
3098 5
3103 3
3106 3
3109 7
3116 3
3119 8
3127 8
3135 7
3142 6
3148 8
3156 7
3163 4
3167 4
3171 8
3179 7
3186 5
3191 5
3196 7
3203 5
3208 7
3215 4
3219 6
3225 6
3231 7
3238 9
3247 6
3253 11
3264 4
3268 7
3275 6
3281 6
3287 6
3293 7
3300 10
3310 6
3316 6
3322 4
3326 6
3332 12
3344 5
3349 7
3356 12
3368 4
3372 7
3379 7
3386 7
3393 9
3402 5
3407 5
3412 6
3418 5
3423 8
3431 5
3436 7
3443 8
3451 6
3457 5
3462 8
3470 6
3476 6
3482 6
3488 6
3494 4
3498 7
3505 3
3508 6
3514 6
3520 6
3526 5
3531 4
3535 6
3541 9
3550 5
3555 9
3564 8
3572 9
3581 8
3589 7
3596 6
3602 10
3612 7
3619 5
3624 10
3634 4
3638 7
3645 5
3650 4
3654 8
3662 9
3671 7
3678 5
3683 8
3691 4
3695 9
3704 7
3711 9
3720 5
3725 5
3730 7
3737 10
3747 8
3755 7
3762 5
3767 5
3772 4
3776 5
3781 7
3788 7
3795 6
3801 4
3805 6
3811 5
3816 5
3821 7
3828 8
3836 5
3841 4
3845 8
3853 7
3860 6
3866 5
3871 4
3875 12
3887 5
3892 8
3900 5
3905 6
3911 5
3916 4
3920 6
3926 5
3931 6
3937 8
3945 7
3952 7
3959 9
3968 5
3973 4
3977 4
3981 4
3985 6
3991 5
3996 6
4002 3
4005 5
4010 7
4017 3
4020 5
4025 9
4034 6
4040 4
4044 4
4048 7
4055 4
4059 8
4067 3
4070 3
4073 10
4083 10
4093 5
4098 6
4104 4
4108 5
4113 5
4118 8
4126 9
4135 3
4138 7
4145 7
4152 6
4158 6
4164 7
4171 8
4179 5
4184 5
4189 8
4197 8
4205 8
4213 5
4218 3
4221 2
4223 9
4232 5
4237 2
4239 6
4245 4
4249 5
4254 6
4260 7
4267 8
4275 4
4279 5
4284 8
4292 7
4299 6
4305 6
4311 10
4321 11
4332 7
4339 6
4345 9
4354 5
4359 5
4364 6
4370 5
4375 9
4384 8
4392 5
4397 4
4401 5
4406 6
4412 5
4417 6
4423 5
4428 6
4434 7
4441 5
4446 5
4451 7
4458 6
4464 7
4471 3
4474 4
4478 5
4483 7
4490 4
4494 6
4500 5
4505 7
4512 3
4515 5
4520 5
4525 4
4529 4
4533 3
4536 6
4542 8
4550 6
4556 5
4561 7
4568 7
4575 6
4581 3
4584 6
4590 7
4597 5
4602 8
4610 6
4616 7
4623 7
4630 6
4636 7
4643 7
4650 4
4654 3
4657 6
4663 9
4672 4
4676 3
4679 7
4686 5
4691 3
4694 5
4699 4
4703 4
4707 6
4713 8
4721 3
4724 4
4728 7
4735 4
4739 3
4742 8
4750 5
4755 6
4761 5
4766 8
4774 6
4780 6
4786 6
4792 5
4797 4
4801 6
4807 9
4816 3
4819 6
4825 7
4832 4
4836 5
4841 6
4847 6
4853 9
4862 4
4866 8
4874 6
4880 6
4886 8
4894 7
4901 7
4908 9
4917 6
4923 7
4930 8
4938 9
4947 8
4955 6
4961 5
4966 6
4972 4
4976 7
4983 9
4992 8
5000 7
5007 4
5011 6
5017 7
5024 4
5028 5
5033 7
5040 7
5047 7
5054 4
5058 5
5063 6
5069 5
5074 10
5084 6
5090 6
5096 10
5106 6
5112 2
5114 6
5120 6
5126 4
5130 6
5136 8
5144 6
5150 6
5156 6
5162 2
5164 6
5170 7
5177 12
5189 7
5196 8
5204 4
5208 7
5215 7
5222 8
5230 6
5236 6
5242 7
5249 4
5253 3
5256 6
5262 7
5269 7
5276 5
5281 4
5285 7
5292 9
5301 6
5307 5
5312 4
5316 6
5322 6
5328 7
5335 6
5341 7
5348 7
5355 3
5358 6
5364 3
5367 7
5374 6
5380 7
5387 7
5394 5
5399 4
5403 5
5408 5
5413 6
5419 7
5426 6
5432 8
5440 5
5445 4
5449 5
5454 5
5459 7
5466 3
5469 5
5474 6
5480 5
5485 5
5490 5
5495 10
5505 7
5512 5
5517 4
5521 8
5529 3
5532 5
5537 4
5541 9
5550 7
5557 6
5563 4
5567 9
5576 5
5581 6
5587 7
5594 6
5600 9
5609 9
5618 4
5622 11
5633 4
5637 6
5643 6
5649 5
5654 6
5660 8
5668 6
5674 4
5678 9
5687 5
5692 6
5698 7
5705 6
5711 5
5716 7
5723 6
5729 9
5738 5
5743 6
5749 8
5757 3
5760 4
5764 3
5767 4
5771 3
5774 8
5782 8
5790 8
5798 7
5805 5
5810 10
5820 8
5828 7
5835 2
5837 8
5845 3
5848 9
5857 9
5866 5
5871 9
5880 7
5887 8
5895 7
5902 6
5908 4
5912 8
5920 5
5925 9
5934 5
5939 6
5945 6
5951 2
5953 7
5960 5
5965 7
5972 7
5979 4
5983 5
5988 5
5993 3
5996 7
6003 6
6009 5
6014 7
6021 9
6030 6
6036 6
6042 8
6050 9
6059 6
6065 4
6069 5
6074 8
6082 5
6087 6
6093 10
6103 5
6108 5
6113 3
6116 6
6122 5
6127 4
6131 9
6140 6
6146 5
6151 7
6158 5
6163 6
6169 6
6175 4
6179 8
6187 6
6193 6
6199 6
6205 4
6209 6
6215 5
6220 9
6229 6
6235 7
6242 5
6247 2
6249 7
6256 9
6265 7
6272 4
6276 5
6281 7
6288 7
6295 10
6305 7
6312 5
6317 8
6325 6
6331 8
6339 3
6342 8
6350 6
6356 6
6362 8
6370 8
6378 6
6384 6
6390 6
6396 6
6402 4
6406 9
6415 7
6422 6
6428 4
6432 4
6436 9
6445 3
6448 8
6456 3
6459 5
6464 6
6470 5
6475 5
6480 9
6489 7
6496 7
6503 6
6509 5
6514 7
6521 5
6526 7
6533 4
6537 8
6545 2
6547 10
6557 4
6561 8
6569 7
6576 6
6582 9
6591 5
6596 3
6599 4
6603 7
6610 4
6614 7
6621 5
6626 8
6634 8
6642 4
6646 5
6651 5
6656 3
6659 5
6664 6
6670 6
6676 2
6678 8
6686 4
6690 4
6694 6
6700 8
6708 6
6714 4
6718 3
6721 3
6724 5
6729 6
6735 8
6743 9
6752 3
6755 5
6760 5
6765 3
6768 3
6771 10
6781 7
6788 5
6793 4
6797 6
6803 7
6810 8
6818 5
6823 7
6830 6
6836 5
6841 6
6847 7
6854 8
6862 5
6867 10
6877 3
6880 8
6888 7
6895 4
6899 8
6907 10
6917 6
6923 7
6930 6
6936 8
6944 7
6951 6
6957 8
6965 4
6969 7
6976 9
6985 6
6991 6
6997 5
7002 5
7007 4
7011 8
7019 4
7023 9
7032 7
7039 8
7047 3
7050 10
7060 8
7068 4
7072 5
7077 6
7083 8
7091 6
7097 4
7101 6
7107 7
7114 9
7123 5
7128 3
7131 10
7141 7
7148 3
7151 11
7162 6
7168 5
7173 3
7176 4
7180 5
7185 10
7195 5
7200 8
7208 5
7213 3
7216 7
7223 9
7232 6
7238 6
7244 11
7255 6
7261 6
7267 6
7273 8
7281 4
7285 6
7291 7
7298 7
7305 6
7311 6
7317 5
7322 6
7328 8
7336 5
7341 4
7345 6
7351 8
7359 5
7364 8
7372 6
7378 5
7383 6
7389 8
7397 5
7402 4
7406 8
7414 8
7422 3
7425 5
7430 5
7435 9
7444 5
7449 8
7457 7
7464 5
7469 5
7474 5
7479 8
7487 4
7491 10
7501 6
7507 7
7514 9
7523 6
7529 6
7535 4
7539 3
7542 6
7548 4
7552 5
7557 3
7560 5
7565 9
7574 6
7580 4
7584 5
7589 8
7597 4
7601 5
7606 4
7610 8
7618 7
7625 7
7632 7
7639 5
7644 6
7650 4
7654 7
7661 8
7669 3
7672 4
7676 8
7684 6
7690 5
7695 3
7698 4
7702 10
7712 7
7719 7
7726 5
7731 6
7737 4
7741 10
7751 6
7757 9
7766 5
7771 3
7774 2
7776 6
7782 5
7787 4
7791 7
7798 6
7804 5
7809 3
7812 5
7817 8
7825 7
7832 4
7836 6
7842 6
7848 3
7851 3
7854 6
7860 6
7866 11
7877 3
7880 5
7885 5
7890 6
7896 5
7901 5
7906 6
7912 5
7917 4
7921 5
7926 9
7935 5
7940 3
7943 7
7950 6
7956 5
7961 8
7969 6
7975 6
7981 6
7987 4
7991 7
7998 6
8004 8
8012 4
8016 9
8025 5
8030 6
8036 7
8043 7
8050 5
8055 8
8063 6
8069 7
8076 4
8080 6
8086 7
8093 3
8096 8
8104 6
8110 4
8114 8
8122 4
8126 4
8130 8
8138 7
8145 6
8151 8
8159 5
8164 7
8171 5
8176 5
8181 4
8185 6
8191 4
8195 6
8201 3
8204 8
8212 5
8217 6
8223 9
8232 6
8238 6
8244 5
8249 5
8254 5
8259 7
8266 6
8272 8
8280 6
8286 6
8292 4
8296 11
8307 2
8309 7
8316 7
8323 6
8329 6
8335 5
8340 11
8351 7
8358 5
8363 10
8373 9
8382 6
8388 4
8392 6
8398 9
8407 8
8415 8
8423 6
8429 12
8441 5
8446 6
8452 4
8456 6
8462 9
8471 4
8475 3
8478 9
8487 6
8493 5
8498 7
8505 4
8509 4
8513 7
8520 4
8524 8
8532 5
8537 4
8541 4
8545 7
8552 2
8554 5
8559 4
8563 5
8568 4
8572 8
8580 3
8583 6
8589 5
8594 5
8599 5
8604 6
8610 6
8616 6
8622 5
8627 6
8633 7
8640 5
8645 6
8651 8
8659 9
8668 5
8673 2
8675 8
8683 8
8691 5
8696 4
8700 6
8706 5
8711 8
8719 5
8724 6
8730 2
8732 5
8737 5
8742 7
8749 9
8758 7
8765 5
8770 5
8775 7
8782 4
8786 5
8791 4
8795 4
8799 7
8806 7
8813 5
8818 5
8823 6
8829 9
8838 5
8843 5
8848 7
8855 4
8859 6
8865 8
8873 5
8878 4
8882 8
8890 7
8897 8
8905 9
8914 9
8923 5
8928 7
8935 6
8941 5
8946 6
8952 5
8957 5
8962 4
8966 5
8971 5
8976 7
8983 8
8991 4
8995 5
9000 3
9003 8
9011 4
9015 5
9020 3
9023 7
9030 6
9036 8
9044 9
9053 5
9058 6
9064 12
9076 3
9079 10
9089 8
9097 6
9103 11
9114 7
9121 4
9125 5
9130 6
9136 9
9145 5
9150 6
9156 5
9161 6
9167 7
9174 8
9182 3
9185 5
9190 6
9196 6
9202 5
9207 6
9213 5
9218 6
9224 4
9228 6
9234 5
9239 7
9246 3
9249 5
9254 5
9259 6
9265 3
9268 5
9273 2
9275 7
9282 7
9289 6
9295 12
9307 5
9312 5
9317 7
9324 5
9329 6
9335 5
9340 9
9349 7
9356 5
9361 6
9367 8
9375 5
9380 3
9383 6
9389 5
9394 9
9403 3
9406 9
9415 7
9422 7
9429 6
9435 6
9441 6
9447 4
9451 4
9455 4
9459 3
9462 4
9466 8
9474 6
9480 6
9486 3
9489 11
9500 6
9506 6
9512 7
9519 5
9524 6
9530 5
9535 7
9542 8
9550 5
9555 5
9560 4
9564 7
9571 5
9576 3
9579 3
9582 4
9586 7
9593 5
9598 6
9604 4
9608 9
9617 8
9625 8
9633 6
9639 6
9645 7
9652 2
9654 7
9661 10
9671 9
9680 11
9691 9
9700 5
9705 7
9712 5
9717 7
9724 6
9730 4
9734 8
9742 4
9746 6
9752 4
9756 6
9762 7
9769 4
9773 5
9778 6
9784 3
9787 8
9795 3
9798 7
9805 4
9809 7
9816 8
9824 8
9832 5
9837 9
9846 6
9852 6
9858 5
9863 8
9871 6
9877 4
9881 8
9889 6
9895 5
9900 3
9903 5
9908 4
9912 8
9920 7
9927 9
9936 4
9940 6
9946 7
9953 7
9960 4
9964 6
9970 6
9976 9
9985 3
9988 6
9994 7
10001 4
10005 5
10010 6
10016 4
10020 4
10024 6
10030 8
10038 6
10044 9
10053 9
10062 6
10068 6
10074 5
10079 3
10082 7
10089 4
10093 8
10101 5
10106 6
10112 4
10116 6
10122 9
10131 2
10133 5
10138 4
10142 3
10145 7
10152 7
10159 6
10165 6
10171 7
10178 5
10183 5
10188 6
10194 5
10199 6
10205 6
10211 6
10217 9
10226 8
10234 8
10242 7
10249 4
10253 7
10260 6
10266 11
10277 6
10283 7
10290 8
10298 5
10303 5
10308 5
10313 7
10320 6
10326 6
10332 4
10336 9
10345 4
10349 6
10355 5
10360 8
10368 7
10375 4
10379 6
10385 4
10389 4
10393 5
10398 4
10402 5
10407 2
10409 6
10415 8
10423 7
10430 5
10435 8
10443 7
10450 5
10455 6
10461 10
10471 6
10477 5
10482 7
10489 4
10493 6
10499 5
10504 5
10509 7
10516 7
10523 5
10528 3
10531 4
10535 9
10544 6
10550 7
10557 6
10563 2
10565 10
10575 4
10579 9
10588 2
10590 2
10592 5
10597 6
10603 7
10610 6
10616 7
10623 5
10628 8
10636 7
10643 4
10647 4
10651 8
10659 5
10664 5
10669 5
10674 6
10680 3
10683 5
10688 8
10696 6
10702 8
10710 6
10716 5
10721 7
10728 9
10737 5
10742 4
10746 9
10755 8
10763 7
10770 4
10774 9
10783 7
10790 5
10795 5
10800 5
10805 6
10811 7
10818 6
10824 9
10833 3
10836 7
10843 8
10851 7
10858 2
10860 4
10864 4
10868 4
10872 6
10878 4
10882 6
10888 8
10896 4
10900 8
10908 7
10915 4
10919 5
10924 6
10930 6
10936 6
10942 5
10947 10
10957 5
10962 5
10967 8
10975 6
10981 7
10988 4
10992 7
10999 5
11004 5
11009 4
11013 7
11020 5
11025 6
11031 6
11037 5
11042 7
11049 6
11055 5
11060 4
11064 3
11067 9
11076 5
11081 8
11089 3
11092 6
11098 3
11101 6
11107 3
11110 5
11115 7
11122 7
11129 2
11131 4
11135 6
11141 9
11150 5
11155 8
11163 8
11171 4
11175 6
11181 4
11185 5
11190 8
11198 6
11204 8
11212 9
11221 6
11227 5
11232 8
11240 6
11246 9
11255 4
11259 6
11265 6
11271 4
11275 10
11285 6
11291 7
11298 5
11303 4
11307 9
11316 10
11326 6
11332 5
11337 5
11342 6
11348 4
11352 8
11360 6
11366 5
11371 6
11377 4
11381 4
11385 9
11394 5
11399 7
11406 7
11413 5
11418 7
11425 7
11432 6
11438 7
11445 4
11449 4
11453 5
11458 8
11466 8
11474 6
11480 9
11489 5
11494 4
11498 6
11504 5
11509 6
11515 5
11520 8
11528 4
11532 6
11538 6
11544 3
11547 4
11551 5
11556 4
11560 5
11565 9
11574 5
11579 3
11582 6
11588 3
11591 6
11597 3
11600 3
11603 9
11612 5
11617 4
11621 5
11626 6
11632 3
11635 8
11643 10
11653 4
11657 6
11663 4
11667 4
11671 6
11677 6
11683 5
11688 9
11697 9
11706 6
11712 6
11718 6
11724 6
11730 8
11738 9
11747 7
11754 5
11759 2
11761 6
11767 7
11774 9
11783 6
11789 5
11794 5
11799 9
11808 6
11814 7
11821 3
11824 6
11830 6
11836 5
11841 10
11851 5
11856 6
11862 7
11869 5
11874 7
11881 6
11887 8
11895 5
11900 3
11903 9
11912 5
11917 6
11923 4
11927 9
11936 7
11943 6
11949 5
11954 4
11958 6
11964 9
11973 10
11983 4
11987 8
11995 4
11999 6
12005 9
12014 7
12021 5
12026 6
12032 4
12036 7
12043 5
12048 6
12054 12
12066 5
12071 3
12074 7
12081 4
12085 6
12091 6
12097 6
12103 9
12112 7
12119 6
12125 5
12130 7
12137 5
12142 6
12148 6
12154 4
12158 4
12162 6
12168 5
12173 4
12177 9
12186 8
12194 2
12196 6
12202 5
12207 10
12217 8
12225 10
12235 8
12243 6
12249 5
12254 5
12259 7
12266 7
12273 6
12279 6
12285 7
12292 9
12301 7
12308 4
12312 4
12316 5
12321 3
12324 4
12328 2
12330 6
12336 5
12341 4
12345 5
12350 6
12356 5
12361 6
12367 5
12372 5
12377 8
12385 5
12390 9
12399 6
12405 7
12412 5
12417 7
12424 5
12429 6
12435 4
12439 3
12442 8
12450 5
12455 5
12460 5
12465 7
12472 4
12476 8
12484 7
12491 7
12498 3
12501 4
12505 5
12510 8
12518 8
12526 9
12535 7
12542 5
12547 3
12550 6
12556 6
12562 8
12570 7
12577 4
12581 6
12587 5
12592 4
12596 5
12601 8
12609 6
12615 4
12619 5
12624 8
12632 5
12637 4
12641 3
12644 6
12650 8
12658 8
12666 6
12672 3
12675 10
12685 4
12689 6
12695 8
12703 10
12713 4
12717 6
12723 5
12728 4
12732 8
12740 7
12747 7
12754 9
12763 8
12771 5
12776 7
12783 7
12790 6
12796 6
12802 9
12811 4
12815 3
12818 5
12823 7
12830 3
12833 7
12840 5
12845 4
12849 7
12856 3
12859 7
12866 7
12873 4
12877 4
12881 5
12886 9
12895 6
12901 7
12908 3
12911 2
12913 3
12916 5
12921 8
12929 5
12934 9
12943 8
12951 4
12955 4
12959 4
12963 6
12969 7
12976 5
12981 4
12985 7
12992 6
12998 8
13006 8
13014 6
13020 5
13025 7
13032 5
13037 7
13044 5
13049 10
13059 5
13064 9
13073 4
13077 4
13081 5
13086 7
13093 4
13097 5
13102 8
13110 5
13115 2
13117 8
13125 4
13129 6
13135 9
13144 5
13149 6
13155 5
13160 6
13166 6
13172 6
13178 11
13189 7
13196 8
13204 5
13209 7
13216 7
13223 6
13229 6
13235 3
13238 4
13242 4
13246 4
13250 5
13255 10
13265 10
13275 5
13280 5
13285 6
13291 8
13299 8
13307 8
13315 7
13322 6
13328 8
13336 6
13342 10
13352 6
13358 5
13363 5
13368 5
13373 6
13379 4
13383 8
13391 5
13396 5
13401 7
13408 10
13418 9
13427 11
13438 8
13446 8
13454 2
13456 4
13460 6
13466 5
13471 7
13478 5
13483 4
13487 6
13493 5
13498 5
13503 3
13506 6
13512 5
13517 7
13524 7
13531 7
13538 7
13545 5
13550 4
13554 7
13561 5
13566 7
13573 9
13582 5
13587 5
13592 6
13598 6
13604 6
13610 6
13616 7
13623 7
13630 10
13640 7
13647 6
13653 6
13659 6
13665 10
13675 6
13681 10
13691 7
13698 7
13705 7
13712 6
13718 4
13722 13
13735 5
13740 7
13747 5
13752 8
13760 7
13767 7
13774 4
13778 5
13783 4
13787 4
13791 6
13797 8
13805 6
13811 7
13818 4
13822 6
13828 8
13836 8
13844 3
13847 5
13852 6
13858 6
13864 8
13872 6
13878 9
13887 7
13894 9
13903 4
13907 6
13913 7
13920 5
13925 5
13930 5
13935 5
13940 4
13944 7
13951 6
13957 6
13963 8
13971 6
13977 5
13982 7
13989 5
13994 9
14003 5
14008 4
14012 4
14016 5
14021 4
14025 4
14029 3
14032 3
14035 5
14040 7
14047 9
14056 7
14063 7
14070 6
14076 3
14079 6
14085 4
14089 6
14095 4
14099 6
14105 8
14113 6
14119 6
14125 5
14130 8
14138 6
14144 2
14146 7
14153 9
14162 6
14168 6
14174 3
14177 8
14185 5
14190 6
14196 7
14203 7
14210 8
14218 6
14224 5
14229 7
14236 5
14241 7
14248 3
14251 7
14258 7
14265 7
14272 7
14279 5
14284 8
14292 9
14301 5
14306 4
14310 10
14320 8
14328 5
14333 8
14341 7
14348 7
14355 2
14357 5
14362 7
14369 5
14374 7
14381 7
14388 3
14391 4
14395 5
14400 9
14409 4
14413 5
14418 3
14421 6
14427 5
14432 4
14436 5
14441 4
14445 9
14454 9
14463 4
14467 3
14470 7
14477 5
14482 7
14489 6
14495 7
14502 5
14507 4
14511 3
14514 2
14516 7
14523 7
14530 5
14535 7
14542 5
14547 6
14553 7
14560 5
14565 8
14573 8
14581 6
14587 8
14595 6
14601 6
14607 4
14611 6
14617 5
14622 8
14630 5
14635 7
14642 7
14649 6
14655 7
14662 7
14669 5
14674 9
14683 5
14688 5
14693 7
14700 7
14707 5
14712 8
14720 9
14729 5
14734 5
14739 7
14746 7
14753 4
14757 6
14763 8
14771 8
14779 9
14788 5
14793 7
14800 4
14804 5
14809 7
14816 7
14823 4
14827 6
14833 6
14839 7
14846 7
14853 5
14858 6
14864 7
14871 4
14875 7
14882 4
14886 8
14894 10
14904 4
14908 5
14913 2
14915 5
14920 10
14930 6
14936 5
14941 6
14947 7
14954 5
14959 8
14967 8
14975 6
14981 5
14986 7
14993 5
14998 3
15001 6
15007 5
15012 4
15016 3
15019 2
15021 5
15026 8
15034 8
15042 5
15047 4
15051 8
15059 5
15064 6
15070 9
15079 4
15083 9
15092 5
15097 6
15103 5
15108 6
15114 5
15119 8
15127 3
15130 7
15137 4
15141 7
15148 10
15158 3
15161 5
15166 7
15173 8
15181 5
15186 8
15194 6
15200 8
15208 5
15213 7
15220 5
15225 4
15229 9
15238 7
15245 7
15252 5
15257 4
15261 5
15266 4
15270 7
15277 7
15284 9
15293 9
15302 6
15308 8
15316 5
15321 9
15330 5
15335 5
15340 4
15344 7
15351 5
15356 8
15364 6
15370 12
15382 4
15386 10
15396 7
15403 3
15406 7
15413 2
15415 5
15420 9
15429 4
15433 3
15436 7
15443 6
15449 2
15451 8
15459 4
15463 5
15468 6
15474 4
15478 6
15484 8
15492 6
15498 5
15503 7
15510 5
15515 6
15521 7
15528 7
15535 11
15546 4
15550 7
15557 4
15561 5
15566 5
15571 8
15579 5
15584 9
15593 9
15602 6
15608 8
15616 6
15622 6
15628 6
15634 7
15641 8
15649 8
15657 6
15663 6
15669 8
15677 4
15681 10
15691 10
15701 5
15706 5
15711 6
15717 9
15726 5
15731 7
15738 8
15746 9
15755 8
15763 8
15771 7
15778 8
15786 5
15791 6
15797 7
15804 4
15808 5
15813 6
15819 6
15825 5
15830 7
15837 11
15848 5
15853 4
15857 6
15863 6
15869 6
15875 7
15882 2
15884 4
15888 3
15891 5
15896 6
15902 4
15906 8
15914 3
15917 2
15919 4
15923 5
15928 6
15934 3
15937 5
15942 7
15949 5
15954 2
15956 8
15964 4
15968 5
15973 7
15980 4
15984 5
15989 5
15994 7
16001 7
16008 7
16015 5
16020 8
16028 6
16034 4
16038 6
16044 3
16047 9
16056 6
16062 8
16070 6
16076 5
16081 6
16087 2
16089 6
16095 6
16101 6
16107 7
16114 9
16123 5
16128 7
16135 6
16141 6
16147 5
16152 8
16160 2
16162 9
16171 11
16182 10
16192 7
16199 6
16205 6
16211 6
16217 7
16224 4
16228 6
16234 6
16240 5
16245 8
16253 5
16258 8
16266 6
16272 7
16279 3
16282 4
16286 4
16290 9
16299 4
16303 6
16309 9
16318 7
16325 5
16330 7
16337 4
16341 5
16346 3
16349 6
16355 9
16364 4
16368 4
16372 6
16378 11
16389 3
16392 3
16395 9
16404 8
16412 7
16419 8
16427 4
16431 6
16437 6
16443 7
16450 9
16459 5
16464 6
16470 7
16477 7
16484 5
16489 5
16494 8
16502 2
16504 5
16509 7
16516 8
16524 4
16528 5
16533 4
16537 9
16546 7
16553 4
16557 8
16565 5
16570 10
16580 7
16587 7
16594 8
16602 8
16610 11
16621 5
16626 3
16629 6
16635 7
16642 6
16648 6
16654 7
16661 5
16666 8
16674 7
16681 9
16690 8
16698 5
16703 6
16709 5
16714 7
16721 11
16732 9
16741 4
16745 5
16750 9
16759 3
16762 7
16769 2
16771 6
16777 2
16779 9
16788 7
16795 6
16801 7
16808 6
16814 7
16821 5
16826 11
16837 4
16841 9
16850 7
16857 7
16864 8
16872 6
16878 8
16886 6
16892 5
16897 4
16901 6
16907 7
16914 7
16921 3
16924 4
16928 6
16934 5
16939 7
16946 5
16951 5
16956 5
16961 7
16968 8
16976 4
16980 6
16986 5
16991 6
16997 3
17000 2
17002 3
17005 8
17013 5
17018 7
17025 5
17030 5
17035 4
17039 6
17045 7
17052 4
17056 4
17060 6
17066 3
17069 5
17074 5
17079 7
17086 4
17090 7
17097 7
17104 5
17109 6
17115 4
17119 7
17126 6
17132 5
17137 5
17142 4
17146 4
17150 4
17154 7
17161 4
17165 7
17172 3
17175 4
17179 6
17185 7
17192 8
17200 8
17208 7
17215 8
17223 8
17231 6
17237 7
17244 4
17248 3
17251 10
17261 5
17266 5
17271 6
17277 6
17283 3
17286 5
17291 6
17297 3
17300 5
17305 3
17308 11
17319 3
17322 7
17329 4
17333 5
17338 4
17342 7
17349 7
17356 7
17363 4
17367 9
17376 3
17379 4
17383 6
17389 7
17396 4
17400 2
17402 4
17406 6
17412 3
17415 8
17423 9
17432 3
17435 4
17439 6
17445 12
17457 5
17462 7
17469 5
17474 6
17480 6
17486 5
17491 5
17496 9
17505 3
17508 10
17518 3
17521 7
17528 4
17532 5
17537 6
17543 4
17547 3
17550 7
17557 6
17563 11
17574 5
17579 12
17591 3
17594 8
17602 8
17610 7
17617 9
17626 7
17633 8
17641 8
17649 9
17658 8
17666 5
17671 7
17678 7
17685 5
17690 5
17695 5
17700 8
17708 9
17717 9
17726 7
17733 4
17737 9
17746 5
17751 6
17757 6
17763 4
17767 8
17775 3
17778 8
17786 7
17793 5
17798 5
17803 6
17809 4
17813 5
17818 6
17824 8
17832 7
17839 6
17845 6
17851 12
17863 4
17867 7
17874 5
17879 11
17890 5
17895 6
17901 4
17905 5
17910 9
17919 7
17926 4
17930 9
17939 3
17942 5
17947 9
17956 8
17964 7
17971 6
17977 4
17981 5
17986 4
17990 4
17994 7
18001 4
18005 7
18012 6
18018 7
18025 9
18034 4
18038 5
18043 6
18049 8
18057 7
18064 3
18067 7
18074 4
18078 12
18090 9
18099 8
18107 7
18114 6
18120 8
18128 5
18133 11
18144 7
18151 7
18158 5
18163 8
18171 7
18178 6
18184 8
18192 4
18196 6
18202 5
18207 6
18213 5
18218 4
18222 7
18229 5
18234 9
18243 6
18249 5
18254 6
18260 5
18265 8
18273 7
18280 6
18286 8
18294 8
18302 6
18308 7
18315 7
18322 4
18326 5
18331 5
18336 4
18340 6
18346 2
18348 3
18351 6
18357 5
18362 6
18368 9
18377 6
18383 5
18388 5
18393 4
18397 8
18405 8
18413 7
18420 5
18425 4
18429 6
18435 10
18445 8
18453 6
18459 4
18463 6
18469 7
18476 6
18482 3
18485 3
18488 6
18494 6
18500 8
18508 4
18512 7
18519 4
18523 6
18529 2
18531 6
18537 5
18542 5
18547 11
18558 5
18563 8
18571 4
18575 9
18584 6
18590 6
18596 3
18599 7
18606 5
18611 3
18614 7
18621 7
18628 4
18632 5
18637 7
18644 8
18652 4
18656 6
18662 5
18667 6
18673 6
18679 11
18690 8
18698 6
18704 5
18709 6
18715 8
18723 4
18727 6
18733 4
18737 8
18745 10
18755 4
18759 8
18767 6
18773 8
18781 7
18788 6
18794 3
18797 5
18802 5
18807 6
18813 5
18818 9
18827 4
18831 4
18835 8
18843 6
18849 2
18851 6
18857 6
18863 5
18868 8
18876 6
18882 6
18888 6
18894 4
18898 4
18902 6
18908 8
18916 8
18924 3
18927 11
18938 5
18943 3
18946 7
18953 6
18959 6
18965 4
18969 7
18976 5
18981 2
18983 11
18994 3
18997 4
19001 7
19008 8
19016 9
19025 6
19031 5
19036 6
19042 4
19046 6
19052 6
19058 4
19062 5
19067 9
19076 8
19084 5
19089 5
19094 8
19102 7
19109 5
19114 7
19121 5
19126 3
19129 5
19134 7
19141 6
19147 6
19153 8
19161 5
19166 8
19174 8
19182 7
19189 10
19199 7
19206 6
19212 8
19220 5
19225 4
19229 5
19234 5
19239 6
19245 9
19254 6
19260 10
19270 5
19275 8
19283 4
19287 7
19294 6
19300 3
19303 7
19310 4
19314 6
19320 5
19325 4
19329 3
19332 5
19337 6
19343 8
19351 6
19357 6
19363 8
19371 7
19378 4
19382 7
19389 6
19395 6
19401 5
19406 8
19414 5
19419 4
19423 7
19430 5
19435 5
19440 9
19449 6
19455 8
19463 5
19468 5
19473 5
19478 4
19482 7
19489 8
19497 5
19502 4
19506 4
19510 7
19517 3
19520 6
19526 4
19530 9
19539 7
19546 7
19553 6
19559 7
19566 7
19573 6
19579 4
19583 4
19587 7
19594 2
19596 3
19599 8
19607 14
19621 4
19625 3
19628 7
19635 6
19641 4
19645 6
19651 6
19657 5
19662 7
19669 6
19675 5
19680 7
19687 7
19694 4
19698 6
19704 4
19708 6
19714 9
19723 6
19729 7
19736 7
19743 4
19747 11
19758 5
19763 8
19771 9
19780 10
19790 4
19794 5
19799 7
19806 5
19811 5
19816 4
19820 6
19826 6
19832 5
19837 4
19841 5
19846 8
19854 7
19861 7
19868 4
19872 5
19877 5
19882 8
19890 6
19896 7
19903 9
19912 5
19917 6
19923 5
19928 8
19936 10
19946 4
19950 7
19957 7
19964 9
19973 3
19976 4
19980 7
19987 5
19992 8
20000 8
20008 6
20014 7
20021 5
20026 5
20031 7
20038 4
20042 6
20048 5
20053 5
20058 7
20065 4
20069 7
20076 7
20083 7
20090 10
20100 6
20106 7
20113 6
20119 6
20125 7
20132 8
20140 7
20147 6
20153 9
20162 3
20165 6
20171 9
20180 7
20187 3
20190 4
20194 7
20201 4
20205 9
20214 4
20218 7
20225 9
20234 5
20239 4
20243 7
20250 8
20258 6
20264 8
20272 8
20280 6
20286 6
20292 5
20297 4
20301 5
20306 5
20311 8
20319 4
20323 4
20327 6
20333 5
20338 6
20344 4
20348 5
20353 7
20360 4
20364 7
20371 5
20376 7
20383 6
20389 7
20396 7
20403 5
20408 7
20415 6
20421 6
20427 3
20430 8
20438 5
20443 6
20449 3
20452 6
20458 7
20465 6
20471 6
20477 5
20482 5
20487 6
20493 6
20499 2
20501 5
20506 5
20511 4
20515 8
20523 9
20532 6
20538 7
20545 6
20551 5
20556 4
20560 3
20563 9
20572 10
20582 7
20589 8
20597 6
20603 7
20610 8
20618 7
20625 10
20635 5
20640 8
20648 7
20655 9
20664 6
20670 8
20678 7
20685 6
20691 6
20697 6
20703 3
20706 5
20711 4
20715 6
20721 6
20727 5
20732 9
20741 5
20746 7
20753 6
20759 4
20763 6
20769 5
20774 5
20779 5
20784 9
20793 6
20799 5
20804 8
20812 5
20817 4
20821 4
20825 6
20831 9
20840 7
20847 7
20854 3
20857 6
20863 5
20868 8
20876 2
20878 7
20885 6
20891 11
20902 7
20909 8
20917 5
20922 3
20925 3
20928 6
20934 9
20943 7
20950 5
20955 5
20960 5
20965 8
20973 6
20979 12
20991 4
20995 5
21000 7
21007 7
21014 3
21017 3
21020 7
21027 6
21033 3
21036 9
21045 4
21049 8
21057 9
21066 6
21072 9
21081 3
21084 9
21093 6
21099 6
21105 7
21112 5
21117 5
21122 3
21125 6
21131 10
21141 5
21146 5
21151 6
21157 3
21160 3
21163 4
21167 5
21172 10
21182 6
21188 6
21194 5
21199 7
21206 5
21211 7
21218 6
21224 8
21232 5
21237 7
21244 4
21248 5
21253 3
21256 5
21261 4
21265 6
21271 6
21277 7
21284 5
21289 5
21294 7
21301 8
21309 8
21317 6
21323 8
21331 4
21335 5
21340 3
21343 8
21351 6
21357 5
21362 5
21367 8
21375 8
21383 6
21389 9
21398 6
21404 3
21407 6
21413 4
21417 6
21423 5
21428 6
21434 5
21439 2
21441 8
21449 9
21458 7
21465 5
21470 11
21481 6
21487 7
21494 3
21497 8
21505 8
21513 5
21518 7
21525 11
21536 7
21543 6
21549 9
21558 5
21563 4
21567 8
21575 4
21579 5
21584 6
21590 6
21596 12
21608 5
21613 7
21620 6
21626 3
21629 6
21635 6
21641 5
21646 4
21650 7
21657 6
21663 5
21668 4
21672 6
21678 7
21685 6
21691 7
21698 7
21705 8
21713 5
21718 5
21723 9
21732 7
21739 6
21745 4
21749 7
21756 8
21764 6
21770 8
21778 8
21786 3
21789 3
21792 6
21798 7
21805 5
21810 8
21818 8
21826 8
21834 9
21843 4
21847 7
21854 6
21860 4
21864 7
21871 4
21875 7
21882 4
21886 5
21891 6
21897 8
21905 3
21908 7
21915 8
21923 9
21932 5
21937 10
21947 3
21950 5
21955 4
21959 7
21966 5
21971 6
21977 5
21982 10
21992 5
21997 6
22003 4
22007 7
22014 3
22017 3
22020 7
22027 6
22033 3
22036 6
22042 5
22047 6
22053 6
22059 6
22065 8
22073 6
22079 4
22083 8
22091 5
22096 6
22102 3
22105 8
22113 3
22116 8
22124 6
22130 6
22136 6
22142 4
22146 8
22154 9
22163 5
22168 8
22176 5
22181 5
22186 4
22190 4
22194 6
22200 5
22205 10
22215 11
22226 4
22230 5
22235 4
22239 3
22242 4
22246 5
22251 5
22256 10
22266 7
22273 9
22282 5
22287 6
22293 5
22298 5
22303 3
22306 8
22314 7
22321 3
22324 10
22334 6
22340 8
22348 10
22358 7
22365 5
22370 5
22375 7
22382 7
22389 9
22398 8
22406 6
22412 5
22417 5
22422 7
22429 6
22435 6
22441 2
22443 6
22449 6
22455 10
22465 7
22472 4
22476 8
22484 4
22488 7
22495 5
22500 7
22507 10
22517 6
22523 7
22530 4
22534 5
22539 4
22543 5
22548 5
22553 5
22558 6
22564 7
22571 6
22577 5
22582 7
22589 8
22597 6
22603 8
22611 6
22617 7
22624 9
22633 10
22643 3
22646 5
22651 9
22660 6
22666 8
22674 6
22680 4
22684 7
22691 6
22697 7
22704 7
22711 5
22716 6
22722 6
22728 4
22732 6
22738 7
22745 2
22747 8
22755 5
22760 5
22765 5
22770 6
22776 6
22782 5
22787 6
22793 7
22800 6
22806 8
22814 6
22820 4
22824 6
22830 8
22838 6
22844 11
22855 5
22860 5
22865 5
22870 5
22875 5
22880 9
22889 6
22895 8
22903 5
22908 7
22915 9
22924 7
22931 9
22940 4
22944 5
22949 5
22954 7
22961 3
22964 4
22968 8
22976 9
22985 4
22989 6
22995 8
23003 5
23008 6
23014 2
23016 9
23025 8
23033 7
23040 4
23044 5
23049 6
23055 11
23066 5
23071 5
23076 7
23083 6
23089 6
23095 4
23099 6
23105 4
23109 7
23116 4
23120 8
23128 5
23133 9
23142 7
23149 6
23155 6
23161 5
23166 5
23171 7
23178 4
23182 5
23187 5
23192 6
23198 7
23205 9
23214 7
23221 7
23228 5
23233 9
23242 8
23250 5
23255 7
23262 5
23267 8
23275 9
23284 9
23293 4
23297 6
23303 6
23309 6
23315 6
23321 6
23327 4
23331 2
23333 5
23338 2
23340 4
23344 7
23351 5
23356 2
23358 4
23362 3
23365 5
23370 7
23377 4
23381 5
23386 5
23391 8
23399 4
23403 2
23405 6
23411 8
23419 7
23426 7
23433 9
23442 5
23447 6
23453 7
23460 5
23465 3
23468 7
23475 5
23480 6
23486 4
23490 6
23496 3
23499 7
23506 7
23513 5
23518 6
23524 4
23528 7
23535 8
23543 3
23546 3
23549 4
23553 5
23558 3
23561 6
23567 8
23575 7
23582 3
23585 2
23587 8
23595 7
23602 7
23609 4
23613 5
23618 2
23620 9
23629 7
23636 6
23642 9
23651 7
23658 6
23664 6
23670 6
23676 7
23683 8
23691 5
23696 7
23703 5
23708 6
23714 7
23721 8
23729 6
23735 3
23738 8
23746 6
23752 8
23760 4
23764 3
23767 5
23772 5
23777 8
23785 3
23788 4
23792 5
23797 6
23803 11
23814 8
23822 6
23828 7
23835 8
23843 4
23847 10
23857 5
23862 7
23869 9
23878 6
23884 3
23887 7
23894 5
23899 6
23905 7
23912 6
23918 9
23927 5
23932 4
23936 4
23940 3
23943 5
23948 8
23956 5
23961 6
23967 9
23976 7
23983 8
23991 6
23997 5
24002 8
24010 5
24015 9
24024 5
24029 5
24034 5
24039 5
24044 5
24049 6
24055 5
24060 7
24067 5
24072 5
24077 5
24082 7
24089 5
24094 6
24100 8
24108 9
24117 7
24124 7
24131 6
24137 4
24141 5
24146 9
24155 9
24164 7
24171 5
24176 5
24181 7
24188 4
24192 4
24196 11
24207 3
24210 6
24216 5
24221 4
24225 5
24230 7
24237 6
24243 7
24250 5
24255 7
24262 5
24267 8
24275 2
24277 7
24284 6
24290 3
24293 9
24302 5
24307 9
24316 9
24325 6
24331 8
24339 6
24345 4
24349 6
24355 6
24361 7
24368 4
24372 5
24377 7
24384 4
24388 12
24400 4
24404 7
24411 8
24419 8
24427 4
24431 9
24440 7
24447 7
24454 7
24461 10
24471 6
24477 4
24481 6
24487 8
24495 4
24499 10
24509 8
24517 3
24520 7
24527 6
24533 4
24537 7
24544 7
24551 6
24557 4
24561 10
24571 7
24578 5
24583 4
24587 6
24593 6
24599 8
24607 7
24614 5
24619 6
24625 6
24631 6
24637 3
24640 4
24644 8
24652 7
24659 5
24664 11
24675 4
24679 3
24682 7
24689 5
24694 5
24699 5
24704 8
24712 5
24717 5
24722 4
24726 7
24733 4
24737 4
24741 5
24746 8
24754 4
24758 5
24763 5
24768 3
24771 5
24776 6
24782 3
24785 6
24791 7
24798 3
24801 7
24808 4
24812 5
24817 7
24824 7
24831 6
24837 7
24844 4
24848 6
24854 5
24859 5
24864 5
24869 7
24876 7
24883 4
24887 6
24893 5
24898 6
24904 5
24909 5
24914 8
24922 8
24930 3
24933 6
24939 4
24943 7
24950 5
24955 4
24959 3
24962 8
24970 5
24975 5
24980 4
24984 6
24990 5
24995 4
24999 6
25005 7
25012 5
25017 4
25021 4
25025 9
25034 9
25043 5
25048 9
25057 7
25064 7
25071 5
25076 7
25083 8
25091 7
25098 2
25100 8
25108 7
25115 5
25120 5
25125 4
25129 6
25135 3
25138 6
25144 6
25150 6
25156 8
25164 7
25171 4
25175 7
25182 5
25187 7
25194 7
25201 9
25210 3
25213 5
25218 4
25222 4
25226 4
25230 3
25233 5
25238 10
25248 3
25251 8
25259 3
25262 11
25273 7
25280 4
25284 5
25289 4
25293 5
25298 10
25308 7
25315 3
25318 6
25324 7
25331 8
25339 3
25342 9
25351 8
25359 6
25365 4
25369 7
25376 6
25382 6
25388 8
25396 6
25402 9
25411 4
25415 6
25421 4
25425 7
25432 6
25438 7
25445 10
25455 9
25464 5
25469 6
25475 6
25481 5
25486 5
25491 5
25496 9
25505 5
25510 3
25513 7
25520 9
25529 9
25538 7
25545 10
25555 6
25561 7
25568 5
25573 7
25580 6
25586 5
25591 8
25599 8
25607 5
25612 6
25618 9
25627 6
25633 5
25638 5
25643 6
25649 10
25659 8
25667 4
25671 4
25675 8
25683 6
25689 7
25696 4
25700 7
25707 8
25715 3
25718 10
25728 7
25735 4
25739 8
25747 5
25752 3
25755 5
25760 6
25766 5
25771 6
25777 7
25784 4
25788 6
25794 5
25799 9
25808 6
25814 4
25818 7
25825 6
25831 5
25836 9
25845 3
25848 4
25852 5
25857 7
25864 3
25867 11
25878 10
25888 7
25895 6
25901 6
25907 5
25912 9
25921 6
25927 4
25931 7
25938 5
25943 7
25950 9
25959 8
25967 5
25972 5
25977 6
25983 8
25991 3
25994 3
25997 4
26001 9
26010 4
26014 6
26020 7
26027 8
26035 6
26041 8
26049 4
26053 6
26059 5
26064 6
26070 6
26076 4
26080 4
26084 5
26089 6
26095 8
26103 8
26111 6
26117 5
26122 7
26129 9
26138 5
26143 5
26148 6
26154 7
26161 7
26168 8
26176 5
26181 4
26185 5
26190 10
26200 4
26204 5
26209 6
26215 3
26218 6
26224 7
26231 3
26234 6
26240 8
26248 4
26252 7
26259 7
26266 8
26274 3
26277 8
26285 3
26288 5
26293 5
26298 4
26302 3
26305 4
26309 2
26311 5
26316 7
26323 9
26332 5
26337 3
26340 9
26349 6
26355 5
26360 10
26370 8
26378 3
26381 4
26385 3
26388 5
26393 6
26399 8
26407 5
26412 6
26418 4
26422 8
26430 5
26435 8
26443 6
26449 5
26454 6
26460 8
26468 4
26472 4
26476 6
26482 7
26489 6
26495 6
26501 6
26507 2
26509 6
26515 6
26521 6
26527 6
26533 5
26538 6
26544 7
26551 5
26556 7
26563 9
26572 5
26577 4
26581 3
26584 6
26590 5
26595 5
26600 6
26606 6
26612 8
26620 3
26623 7
26630 10
26640 8
26648 8
26656 4
26660 7
26667 7
26674 7
26681 6
26687 7
26694 7
26701 4
26705 7
26712 5
26717 8
26725 5
26730 6
26736 7
26743 8
26751 10
26761 8
26769 10
26779 7
26786 5
26791 4
26795 4
26799 7
26806 9
26815 4
26819 9
26828 6
26834 9
26843 8
26851 6
26857 4
26861 6
26867 6
26873 5
26878 5
26883 8
26891 3
26894 2
26896 3
26899 10
26909 8
26917 6
26923 4
26927 5
26932 5
26937 4
26941 4
26945 6
26951 3
26954 5
26959 3
26962 5
26967 6
26973 6
26979 10
26989 4
26993 7
27000 8
27008 7
27015 4
27019 6
27025 5
27030 4
27034 8
27042 3
27045 7
27052 4
27056 6
27062 3
27065 6
27071 8
27079 3
27082 5
27087 6
27093 8
27101 7
27108 3
27111 3
27114 5
27119 8
27127 5
27132 9
27141 6
27147 3
27150 4
27154 6
27160 5
27165 6
27171 9
27180 5
27185 9
27194 3
27197 6
27203 6
27209 5
27214 3
27217 5
27222 8
27230 6
27236 4
27240 8
27248 3
27251 6
27257 3
27260 5
27265 8
27273 4
27277 5
27282 8
27290 5
27295 7
27302 8
27310 3
27313 4
27317 5
27322 5
27327 7
27334 6
27340 4
27344 7
27351 4
27355 4
27359 9
27368 6
27374 7
27381 6
27387 5
27392 6
27398 5
27403 7
27410 8
27418 7
27425 5
27430 8
27438 5
27443 4
27447 5
27452 5
27457 5
27462 5
27467 8
27475 3
27478 7
27485 7
27492 6
27498 5
27503 4
27507 6
27513 6
27519 7
27526 3
27529 3
27532 5
27537 7
27544 5
27549 12
27561 5
27566 10
27576 6
27582 3
27585 6
27591 5
27596 8
27604 5
27609 7
27616 5
27621 7
27628 10
27638 6
27644 10
27654 8
27662 5
27667 7
27674 6
27680 8
27688 5
27693 6
27699 10
27709 4
27713 5
27718 5
27723 6
27729 8
27737 4
27741 9
27750 4
27754 7
27761 4
27765 6
27771 10
27781 4
27785 7
27792 6
27798 6
27804 7
27811 6
27817 6
27823 6
27829 2
27831 7
27838 8
27846 6
27852 4
27856 4
27860 7
27867 9
27876 4
27880 5
27885 8
27893 5
27898 8
27906 9
27915 5
27920 3
27923 6
27929 7
27936 7
27943 9
27952 4
27956 5
27961 7
27968 7
27975 6
27981 9
27990 5
27995 7
28002 4
28006 5
28011 8
28019 6
28025 4
28029 3
28032 6
28038 8
28046 9
28055 7
28062 6
28068 7
28075 11
28086 7
28093 5
28098 7
28105 10
28115 10
28125 7
28132 6
28138 8
28146 7
28153 8
28161 9
28170 7
28177 9
28186 8
28194 8
28202 5
28207 5
28212 5
28217 3
28220 8
28228 5
28233 5
28238 7
28245 9
28254 6
28260 5
28265 9
28274 5
28279 4
28283 7
28290 4
28294 8
28302 4
28306 4
28310 7
28317 6
28323 3
28326 7
28333 8
28341 8
28349 6
28355 6
28361 5
28366 6
28372 5
28377 6
28383 8
28391 8
28399 4
28403 5
28408 4
28412 3
28415 4
28419 7
28426 6
28432 4
28436 7
28443 6
28449 5
28454 8
28462 6
28468 5
28473 6
28479 5
28484 5
28489 7
28496 4
28500 2
28502 9
28511 7
28518 3
28521 5
28526 9
28535 6
28541 5
28546 9
28555 8
28563 10
28573 8
28581 7
28588 5
28593 7
28600 5
28605 3
28608 6
28614 7
28621 7
28628 6
28634 8
28642 6
28648 6
28654 6
28660 6
28666 5
28671 9
28680 5
28685 5
28690 3
28693 8
28701 5
28706 6
28712 6
28718 5
28723 8
28731 7
28738 3
28741 6
28747 4
28751 8
28759 4
28763 10
28773 8
28781 6
28787 6
28793 10
28803 7
28810 9
28819 7
28826 7
28833 5
28838 9
28847 5
28852 5
28857 8
28865 4
28869 6
28875 4
28879 7
28886 6
28892 4
28896 6
28902 2
28904 6
28910 8
28918 6
28924 5
28929 4
28933 4
28937 5
28942 7
28949 8
28957 5
28962 6
28968 3
28971 5
28976 4
28980 2
28982 5
28987 5
28992 4
28996 4
29000 4
29004 3
29007 5
29012 12
29024 6
29030 8
29038 7
29045 5
29050 7
29057 5
29062 3
29065 4
29069 3
29072 6
29078 6
29084 8
29092 6
29098 5
29103 9
29112 4
29116 8
29124 4
29128 12
29140 7
29147 4
29151 7
29158 5
29163 5
29168 4
29172 7
29179 9
29188 6
29194 6
29200 9
29209 6
29215 5
29220 8
29228 7
29235 6
29241 2
29243 2
29245 2
29247 6
29253 4
29257 4
29261 3
29264 7
29271 8
29279 8
29287 8
29295 7
29302 9
29311 5
29316 5
29321 7
29328 7
29335 4
29339 4
29343 7
29350 8
29358 9
29367 4
29371 4
29375 5
29380 7
29387 4
29391 5
29396 5
29401 7
29408 3
29411 4
29415 3
29418 8
29426 7
29433 9
29442 5
29447 7
29454 7
29461 4
29465 7
29472 6
29478 4
29482 7
29489 6
29495 2
29497 6
29503 6
29509 3
29512 4
29516 8
29524 5
29529 7
29536 6
29542 7
29549 6
29555 5
29560 7
29567 6
29573 6
29579 5
29584 9
29593 5
29598 5
29603 6
29609 7
29616 4
29620 6
29626 4
29630 8
29638 7
29645 3
29648 5
29653 7
29660 7
29667 4
29671 8
29679 8
29687 5
29692 6
29698 3
29701 10
29711 6
29717 7
29724 12
29736 5
29741 6
29747 5
29752 6
29758 3
29761 5
29766 6
29772 3
29775 6
29781 6
29787 4
29791 10
29801 10
29811 6
29817 4
29821 6
29827 5
29832 7
29839 6
29845 5
29850 4
29854 5
29859 8
29867 7
29874 8
29882 10
29892 4
29896 8
29904 15
29919 4
29923 5
29928 6
29934 4
29938 4
29942 7
29949 6
29955 5
29960 9
29969 7
29976 8
29984 4
29988 3
29991 3
29994 9
30003 5
30008 8
30016 6
30022 7
30029 7
30036 9
30045 9
30054 2
30056 6
30062 7
30069 5
30074 6
30080 4
30084 6
30090 8
30098 5
30103 4
30107 6
30113 6
30119 5
30124 7
30131 6
30137 5
30142 6
30148 8
30156 6
30162 6
30168 6
30174 4
30178 7
30185 10
30195 8
30203 3
30206 4
30210 9
30219 8
30227 3
30230 3
30233 4
30237 7
30244 5
30249 5
30254 7
30261 7
30268 4
30272 8
30280 6
30286 5
30291 9
30300 3
30303 6
30309 5
30314 6
30320 7
30327 8
30335 3
30338 7
30345 4
30349 3
30352 5
30357 5
30362 4
30366 8
30374 9
30383 6
30389 10
30399 8
30407 10
30417 9
30426 8
30434 6
30440 6
30446 8
30454 3
30457 7
30464 7
30471 14
30485 7
30492 6
30498 2
30500 6
30506 8
30514 3
30517 9
30526 9
30535 7
30542 5
30547 6
30553 6
30559 5
30564 4
30568 4
30572 2
30574 7
30581 5
30586 4
30590 4
30594 6
30600 5
30605 6
30611 5
30616 8
30624 5
30629 6
30635 6
30641 4
30645 5
30650 6
30656 7
30663 5
30668 5
30673 4
30677 7
30684 4
30688 3
30691 4
30695 2
30697 5
30702 6
30708 4
30712 6
30718 7
30725 8
30733 7
30740 9
30749 3
30752 7
30759 7
30766 7
30773 4
30777 7
30784 6
30790 4
30794 6
30800 7
30807 2
30809 6
30815 5
30820 8
30828 5
30833 7
30840 9
30849 10
30859 8
30867 3
30870 8
30878 7
30885 4
30889 7
30896 8
30904 3
30907 2
30909 8
30917 4
30921 5
30926 7
30933 9
30942 6
30948 9
30957 4
30961 5
30966 8
30974 4
30978 6
30984 7
30991 8
30999 6
31005 3
31008 5
31013 10
31023 7
31030 6
31036 4
31040 5
31045 4
31049 2
31051 4
31055 5
31060 5
31065 6
31071 7
31078 6
31084 9
31093 7
31100 8
31108 3
31111 12
31123 3
31126 7
31133 7
31140 4
31144 7
31151 6
31157 8
31165 7
31172 6
31178 6
31184 6
31190 5
31195 7
31202 4
31206 10
31216 3
31219 6
31225 5
31230 9
31239 8
31247 6
31253 9
31262 6
31268 6
31274 6
31280 4
31284 5
31289 5
31294 8
31302 9
31311 5
31316 3
31319 3
31322 5
31327 7
31334 8
31342 6
31348 2
31350 4
31354 7
31361 10
31371 6
31377 9
31386 6
31392 3
31395 5
31400 7
31407 10
31417 4
31421 4
31425 5
31430 6
31436 4
31440 2
31442 3
31445 4
31449 6
31455 8
31463 5
31468 7
31475 8
31483 8
31491 7
31498 6
31504 8
31512 9
31521 3
31524 10
31534 7
31541 7
31548 5
31553 10
31563 8
31571 7
31578 3
31581 9
31590 7
31597 6
31603 8
31611 4
31615 6
31621 4
31625 4
31629 5
31634 7
31641 8
31649 5
31654 5
31659 12
31671 8
31679 4
31683 7
31690 8
31698 5
31703 5
31708 10
31718 8
31726 7
31733 4
31737 6
31743 9
31752 3
31755 8
31763 3
31766 5
31771 5
31776 6
31782 5
31787 5
31792 5
31797 7
31804 11
31815 7
31822 7
31829 3
31832 11
31843 6
31849 4
31853 7
31860 4
31864 5
31869 6
31875 7
31882 9
31891 8
31899 6
31905 6
31911 5
31916 6
31922 5
31927 5
31932 3
31935 4
31939 3
31942 7
31949 6
31955 4
31959 7
31966 8
31974 8
31982 6
31988 5
31993 6
31999 4
32003 3
32006 5
32011 4
32015 4
32019 6
32025 8
32033 6
32039 4
32043 6
32049 3
32052 5
32057 4
32061 8
32069 6
32075 6
32081 10
32091 5
32096 10
32106 6
32112 9
32121 6
32127 7
32134 7
32141 12
32153 8
32161 5
32166 4
32170 6
32176 8
32184 6
32190 3
32193 9
32202 3
32205 8
32213 8
32221 7
32228 8
32236 6
32242 6
32248 4
32252 6
32258 7
32265 2
32267 7
32274 5
32279 7
32286 3
32289 6
32295 6
32301 10
32311 7
32318 9
32327 7
32334 8
32342 9
32351 6
32357 6
32363 7
32370 4
32374 6
32380 5
32385 4
32389 7
32396 6
32402 6
32408 4
32412 6
32418 6
32424 8
32432 6
32438 6
32444 7
32451 9
32460 4
32464 4
32468 7
32475 5
32480 7
32487 7
32494 3
32497 4
32501 5
32506 8
32514 6
32520 5
32525 3
32528 7
32535 6
32541 4
32545 5
32550 3
32553 4
32557 9
32566 6
32572 8
32580 5
32585 6
32591 5
32596 8
32604 7
32611 5
32616 10
32626 4
32630 7
32637 6
32643 7
32650 3
32653 8
32661 5
32666 6
32672 7
32679 8
32687 7
32694 5
32699 6
32705 7
32712 3
32715 4
32719 3
32722 7
32729 6
32735 7
32742 5
32747 7
32754 6
32760 8
32768 4
32772 8
32780 4
32784 6
32790 4
32794 8
32802 5
32807 4
32811 3
32814 8
32822 2
32824 5
32829 4
32833 9
32842 5
32847 8
32855 7
32862 2
32864 5
32869 4
32873 6
32879 8
32887 6
32893 6
32899 8
32907 6
32913 7
32920 4
32924 5
32929 5
32934 7
32941 8
32949 4
32953 5
32958 7
32965 5
32970 9
32979 4
32983 8
32991 9
33000 5
33005 3
33008 9
33017 4
33021 6
33027 4
33031 6
33037 7
33044 2
33046 4
33050 4
33054 5
33059 6
33065 5
33070 6
33076 3
33079 13
33092 5
33097 3
33100 6
33106 4
33110 4
33114 10
33124 7
33131 7
33138 8
33146 5
33151 4
33155 4
33159 6
33165 4
33169 5
33174 7
33181 5
33186 7
33193 7
33200 5
33205 8
33213 6
33219 4
33223 6
33229 5
33234 8
33242 7
33249 8
33257 6
33263 10
33273 5
33278 4
33282 5
33287 4
33291 4
33295 7
33302 5
33307 2
33309 8
33317 4
33321 6
33327 3
33330 6
33336 4
33340 6
33346 6
33352 6
33358 5
33363 10
33373 2
33375 6
33381 3
33384 2
33386 8
33394 5
33399 7
33406 4
33410 8
33418 4
33422 4
33426 8
33434 7
33441 4
33445 2
33447 10
33457 7
33464 6
33470 5
33475 4
33479 7
33486 5
33491 7
33498 3
33501 5
33506 6
33512 6
33518 5
33523 3
33526 5
33531 2
33533 6
33539 3
33542 8
33550 7
33557 5
33562 8
33570 5
33575 6
33581 10
33591 5
33596 6
33602 6
33608 9
33617 8
33625 4
33629 4
33633 4
33637 6
33643 6
33649 3
33652 9
33661 4
33665 4
33669 3
33672 7
33679 5
33684 8
33692 4
33696 5
33701 5
33706 6
33712 10
33722 4
33726 6
33732 8
33740 6
33746 6
33752 5
33757 3
33760 8
33768 4
33772 7
33779 4
33783 8
33791 5
33796 6
33802 2
33804 5
33809 7
33816 9
33825 11
33836 5
33841 6
33847 4
33851 6
33857 5
33862 11
33873 6
33879 6
33885 6
33891 6
33897 7
33904 6
33910 5
33915 11
33926 8
33934 7
33941 4
33945 9
33954 4
33958 5
33963 5
33968 3
33971 13
33984 6
33990 5
33995 5
34000 5
34005 5
34010 5
34015 6
34021 8
34029 6
34035 7
34042 8
34050 9
34059 4
34063 7
34070 6
34076 11
34087 3
34090 5
34095 2
34097 8
34105 5
34110 8
34118 6
34124 5
34129 6
34135 3
34138 6
34144 5
34149 3
34152 3
34155 4
34159 8
34167 8
34175 5
34180 4
34184 3
34187 6
34193 8
34201 5
34206 4
34210 8
34218 9
34227 7
34234 6
34240 4
34244 9
34253 10
34263 4
34267 6
34273 6
34279 6
34285 5
34290 5
34295 8
34303 5
34308 9
34317 3
34320 6
34326 6
34332 3
34335 5
34340 2
34342 4
34346 8
34354 7
34361 6
34367 7
34374 6
34380 5
34385 5
34390 5
34395 8
34403 5
34408 3
34411 5
34416 10
34426 9
34435 4
34439 6
34445 7
34452 7
34459 13
34472 8
34480 8
34488 5
34493 6
34499 5
34504 4
34508 7
34515 4
34519 5
34524 6
34530 7
34537 5
34542 7
34549 7
34556 7
34563 4
34567 5
34572 4
34576 7
34583 6
34589 6
34595 5
34600 5
34605 4
34609 8
34617 7
34624 9
34633 10
34643 6
34649 6
34655 8
34663 4
34667 6
34673 8
34681 7
34688 6
34694 8
34702 8
34710 7
34717 7
34724 4
34728 7
34735 4
34739 7
34746 7
34753 4
34757 7
34764 8
34772 6
34778 9
34787 8
34795 5
34800 4
34804 5
34809 6
34815 6
34821 7
34828 7
34835 5
34840 6
34846 8
34854 7
34861 7
34868 6
34874 5
34879 3
34882 8
34890 4
34894 9
34903 7
34910 7
34917 5
34922 7
34929 6
34935 6
34941 5
34946 5
34951 5
34956 8
34964 5
34969 5
34974 4
34978 5
34983 4
34987 6
34993 5
34998 8
35006 5
35011 8
35019 3
35022 4
35026 6
35032 8
35040 4
35044 8
35052 8
35060 4
35064 6
35070 5
35075 7
35082 8
35090 5
35095 5
35100 6
35106 7
35113 4
35117 6
35123 7
35130 5
35135 5
35140 6
35146 9
35155 3
35158 6
35164 6
35170 3
35173 7
35180 6
35186 3
35189 5
35194 4
35198 7
35205 9
35214 6
35220 5
35225 10
35235 4
35239 8
35247 5
35252 6
35258 6
35264 7
35271 4
35275 6
35281 8
35289 9
35298 6
35304 6
35310 6
35316 6
35322 6
35328 5
35333 3
35336 8
35344 7
35351 4
35355 6
35361 4
35365 5
35370 3
35373 4
35377 5
35382 7
35389 4
35393 5
35398 9
35407 6
35413 5
35418 6
35424 4
35428 5
35433 6
35439 9
35448 6
35454 9
35463 5
35468 5
35473 7
35480 7
35487 7
35494 5
35499 7
35506 8
35514 7
35521 4
35525 7
35532 6
35538 2
35540 8
35548 6
35554 7
35561 7
35568 6
35574 8
35582 9
35591 8
35599 7
35606 8
35614 6
35620 7
35627 6
35633 8
35641 7
35648 5
35653 9
35662 6
35668 7
35675 7
35682 4
35686 4
35690 4
35694 6
35700 7
35707 8
35715 7
35722 5
35727 4
35731 3
35734 11
35745 10
35755 6
35761 7
35768 7
35775 8
35783 8
35791 8
35799 6
35805 8
35813 4
35817 3
35820 9
35829 5
35834 4
35838 5
35843 7
35850 8
35858 3
35861 7
35868 4
35872 4
35876 7
35883 9
35892 4
35896 3
35899 10
35909 7
35916 7
35923 5
35928 4
35932 5
35937 7
35944 9
35953 7
35960 3
35963 3
35966 5
35971 5
35976 5
35981 6
35987 5
35992 4
35996 5
36001 3
36004 7
36011 10
36021 6
36027 5
36032 2
36034 7
36041 7
36048 3
36051 6
36057 6
36063 5
36068 6
36074 7
36081 7
36088 7
36095 6
36101 6
36107 4
36111 6
36117 5
36122 5
36127 4
36131 7
36138 6
36144 8
36152 7
36159 6
36165 5
36170 9
36179 7
36186 8
36194 6
36200 4
36204 6
36210 5
36215 8
36223 7
36230 6
36236 6
36242 4
36246 4
36250 6
36256 6
36262 7
36269 8
36277 5
36282 8
36290 3
36293 8
36301 4
36305 6
36311 9
36320 6
36326 7
36333 5
36338 6
36344 7
36351 3
36354 5
36359 5
36364 3
36367 6
36373 3
36376 7
36383 7
36390 6
36396 7
36403 8
36411 5
36416 6
36422 4
36426 5
36431 6
36437 7
36444 9
36453 6
36459 7
36466 4
36470 7
36477 3
36480 6
36486 9
36495 7
36502 4
36506 7
36513 6
36519 5
36524 4
36528 8
36536 7
36543 8
36551 8
36559 7
36566 4
36570 8
36578 4
36582 6
36588 6
36594 8
36602 5
36607 4
36611 6
36617 5
36622 4
36626 3
36629 4
36633 6
36639 6
36645 4
36649 9
36658 5
36663 10
36673 5
36678 7
36685 4
36689 6
36695 6
36701 8
36709 5
36714 4
36718 6
36724 2
36726 7
36733 8
36741 5
36746 5
36751 4
36755 5
36760 6
36766 7
36773 10
36783 3
36786 5
36791 5
36796 6
36802 6
36808 7
36815 2
36817 4
36821 5
36826 6
36832 5
36837 4
36841 6
36847 5
36852 5
36857 5
36862 6
36868 6
36874 7
36881 6
36887 4
36891 5
36896 6
36902 3
36905 7
36912 8
36920 10
36930 3
36933 5
36938 5
36943 7
36950 7
36957 4
36961 5
36966 9
36975 6
36981 5
36986 6
36992 7
36999 6
37005 8
37013 5
37018 9
37027 7
37034 7
37041 6
37047 7
37054 7
37061 6
37067 8
37075 5
37080 7
37087 8
37095 3
37098 7
37105 4
37109 4
37113 6
37119 8
37127 5
37132 5
37137 8
37145 4
37149 5
37154 9
37163 7
37170 7
37177 11
37188 5
37193 6
37199 8
37207 4
37211 7
37218 10
37228 7
37235 6
37241 6
37247 6
37253 7
37260 3
37263 5
37268 6
37274 9
37283 4
37287 5
37292 6
37298 6
37304 8
37312 9
37321 10
37331 3
37334 4
37338 9
37347 8
37355 8
37363 5
37368 5
37373 5
37378 6
37384 7
37391 3
37394 5
37399 7
37406 6
37412 8
37420 6
37426 5
37431 7
37438 7
37445 7
37452 3
37455 9
37464 5
37469 6
37475 5
37480 6
37486 4
37490 4
37494 6
37500 8
37508 5
37513 6
37519 9
37528 4
37532 8
37540 9
37549 8
37557 6
37563 8
37571 4
37575 11
37586 6
37592 8
37600 6
37606 7
37613 10
37623 10
37633 5
37638 6
37644 9
37653 3
37656 3
37659 6
37665 7
37672 6
37678 5
37683 13
37696 8
37704 5
37709 6
37715 5
37720 7
37727 6
37733 4
37737 7
37744 8
37752 5
37757 6
37763 7
37770 6
37776 6
37782 5
37787 4
37791 5
37796 6
37802 7
37809 4
37813 2
37815 4
37819 5
37824 10
37834 4
37838 7
37845 5
37850 6
37856 5
37861 4
37865 8
37873 5
37878 6
37884 7
37891 7
37898 11
37909 8
37917 5
37922 6
37928 4
37932 6
37938 6
37944 5
37949 6
37955 5
37960 7
37967 7
37974 7
37981 7
37988 5
37993 5
37998 8
38006 5
38011 4
38015 4
38019 6
38025 6
38031 8
38039 5
38044 6
38050 6
38056 3
38059 5
38064 11
38075 6
38081 8
38089 11
38100 3
38103 8
38111 5
38116 4
38120 6
38126 8
38134 8
38142 3
38145 7
38152 7
38159 4
38163 5
38168 6
38174 6
38180 8
38188 7
38195 6
38201 9
38210 6
38216 7
38223 6
38229 7
38236 10
38246 9
38255 3
38258 7
38265 4
38269 8
38277 8
38285 4
38289 6
38295 7
38302 11
38313 4
38317 5
38322 7
38329 6
38335 6
38341 4
38345 5
38350 7
38357 6
38363 4
38367 6
38373 4
38377 9
38386 3
38389 4
38393 8
38401 2
38403 6
38409 5
38414 4
38418 9
38427 5
38432 7
38439 4
38443 4
38447 9
38456 3
38459 4
38463 6
38469 4
38473 7
38480 3
38483 7
38490 4
38494 4
38498 12
38510 9
38519 6
38525 6
38531 3
38534 4
38538 7
38545 9
38554 4
38558 5
38563 8
38571 9
38580 6
38586 5
38591 8
38599 6
38605 9
38614 4
38618 7
38625 4
38629 5
38634 5
38639 5
38644 6
38650 8
38658 7
38665 4
38669 6
38675 6
38681 8
38689 4
38693 4
38697 8
38705 6
38711 5
38716 3
38719 6
38725 8
38733 6
38739 5
38744 6
38750 6
38756 6
38762 4
38766 5
38771 7
38778 6
38784 5
38789 4
38793 6
38799 6
38805 7
38812 6
38818 9
38827 6
38833 6
38839 6
38845 6
38851 5
38856 7
38863 8
38871 4
38875 3
38878 6
38884 6
38890 5
38895 6
38901 4
38905 6
38911 6
38917 4
38921 5
38926 6
38932 5
38937 8
38945 7
38952 7
38959 4
38963 5
38968 3
38971 3
38974 3
38977 6
38983 4
38987 8
38995 9
39004 6
39010 7
39017 5
39022 10
39032 7
39039 9
39048 8
39056 6
39062 3
39065 4
39069 3
39072 5
39077 2
39079 6
39085 4
39089 5
39094 7
39101 9
39110 5
39115 4
39119 5
39124 7
39131 5
39136 9
39145 4
39149 8
39157 8
39165 5
39170 7
39177 8
39185 6
39191 6
39197 4
39201 7
39208 5
39213 4
39217 7
39224 4
39228 4
39232 6
39238 7
39245 8
39253 7
39260 7
39267 7
39274 9
39283 6
39289 9
39298 8
39306 5
39311 7
39318 7
39325 4
39329 6
39335 3
39338 11
39349 6
39355 7
39362 7
39369 7
39376 6
39382 5
39387 7
39394 5
39399 3
39402 3
39405 7
39412 6
39418 5
39423 4
39427 6
39433 7
39440 9
39449 6
39455 7
39462 9
39471 3
39474 7
39481 6
39487 6
39493 6
39499 7
39506 3
39509 10
39519 5
39524 9
39533 5
39538 6
39544 6
39550 7
39557 10
39567 8
39575 3
39578 8
39586 7
39593 4
39597 4
39601 11
39612 3
39615 9
39624 7
39631 7
39638 7
39645 4
39649 3
39652 5
39657 5
39662 8
39670 2
39672 5
39677 6
39683 7
39690 7
39697 8
39705 5
39710 7
39717 7
39724 6
39730 5
39735 4
39739 5
39744 8
39752 6
39758 7
39765 6
39771 8
39779 5
39784 5
39789 9
39798 3
39801 7
39808 8
39816 5
39821 4
39825 7
39832 6
39838 5
39843 4
39847 4
39851 4
39855 8
39863 6
39869 5
39874 9
39883 5
39888 5
39893 7
39900 9
39909 9
39918 6
39924 6
39930 7
39937 6
39943 9
39952 7
39959 10
39969 7
39976 5
39981 3
39984 5
39989 4
39993 4
39997 8
40005 7
40012 6
40018 6
40024 10
40034 7
40041 4
40045 6
40051 2
40053 6
40059 6
40065 7
40072 7
40079 6
40085 6
40091 5
40096 5
40101 4
40105 7
40112 4
40116 6
40122 5
40127 8
40135 7
40142 5
40147 4
40151 8
40159 4
40163 5
40168 7
40175 10
40185 5
40190 2
40192 5
40197 6
40203 7
40210 5
40215 7
40222 10
40232 6
40238 4
40242 8
40250 7
40257 5
40262 11
40273 4
40277 9
40286 5
40291 4
40295 6
40301 5
40306 9
40315 4
40319 8
40327 7
40334 5
40339 4
40343 5
40348 5
40353 5
40358 5
40363 4
40367 8
40375 4
40379 9
40388 2
40390 9
40399 5
40404 6
40410 8
40418 6
40424 4
40428 8
40436 8
40444 8
40452 5
40457 6
40463 8
40471 4
40475 6
40481 6
40487 5
40492 5
40497 5
40502 6
40508 9
40517 7
40524 6
40530 7
40537 10
40547 5
40552 6
40558 7
40565 7
40572 5
40577 5
40582 4
40586 5
40591 3
40594 9
40603 4
40607 5
40612 8
40620 6
40626 8
40634 4
40638 3
40641 9
40650 4
40654 3
40657 4
40661 5
40666 5
40671 5
40676 6
40682 5
40687 3
40690 6
40696 8
40704 5
40709 2
40711 4
40715 4
40719 3
40722 7
40729 4
40733 3
40736 7
40743 6
40749 9
40758 6
40764 8
40772 5
40777 7
40784 7
40791 7
40798 7
40805 5
40810 9
40819 11
40830 7
40837 7
40844 4
40848 9
40857 8
40865 5
40870 8
40878 5
40883 7
40890 6
40896 4
40900 8
40908 7
40915 3
40918 6
40924 9
40933 6
40939 5
40944 6
40950 5
40955 5
40960 4
40964 7
40971 5
40976 7
40983 7
40990 7
40997 7
41004 3
41007 5
41012 6
41018 4
41022 7
41029 9
41038 8
41046 5
41051 4
41055 9
41064 6
41070 7
41077 3
41080 5
41085 3
41088 6
41094 4
41098 5
41103 5
41108 5
41113 8
41121 9
41130 4
41134 7
41141 8
41149 8
41157 9
41166 4
41170 8
41178 2
41180 6
41186 7
41193 7
41200 9
41209 7
41216 6
41222 6
41228 8
41236 4
41240 4
41244 11
41255 11
41266 6
41272 5
41277 5
41282 7
41289 9
41298 8
41306 4
41310 5
41315 7
41322 8
41330 4
41334 5
41339 3
41342 4
41346 3
41349 5
41354 7
41361 4
41365 6
41371 4
41375 5
41380 9
41389 13
41402 6
41408 8
41416 5
41421 10
41431 5
41436 8
41444 6
41450 3
41453 10
41463 5
41468 6
41474 5
41479 6
41485 7
41492 7
41499 3
41502 6
41508 5
41513 7
41520 12
41532 7
41539 8
41547 3
41550 9
41559 7
41566 9
41575 5
41580 5
41585 6
41591 6
41597 5
41602 9
41611 10
41621 6
41627 8
41635 5
41640 4
41644 6
41650 10
41660 5
41665 6
41671 5
41676 3
41679 6
41685 7
41692 5
41697 3
41700 5
41705 2
41707 2
41709 7
41716 5
41721 5
41726 10
41736 6
41742 4
41746 7
41753 6
41759 6
41765 5
41770 9
41779 6
41785 5
41790 10
41800 5
41805 10
41815 6
41821 5
41826 6
41832 6
41838 4
41842 5
41847 4
41851 9
41860 4
41864 5
41869 5
41874 6
41880 6
41886 8
41894 6
41900 4
41904 7
41911 7
41918 6
41924 7
41931 7
41938 7
41945 11
41956 5
41961 4
41965 5
41970 3
41973 4
41977 8
41985 4
41989 3
41992 3
41995 5
42000 6
42006 7
42013 9
42022 8
42030 5
42035 5
42040 6
42046 13
42059 11
42070 5
42075 8
42083 5
42088 8
42096 6
42102 5
42107 3
42110 5
42115 3
42118 5
42123 3
42126 10
42136 3
42139 4
42143 7
42150 5
42155 7
42162 6
42168 5
42173 8
42181 7
42188 7
42195 7
42202 5
42207 4
42211 5
42216 9
42225 8
42233 6
42239 8
42247 3
42250 6
42256 5
42261 5
42266 5
42271 6
42277 7
42284 9
42293 7
42300 6
42306 5
42311 3
42314 3
42317 7
42324 3
42327 5
42332 9
42341 6
42347 7
42354 6
42360 5
42365 6
42371 7
42378 3
42381 9
42390 7
42397 4
42401 4
42405 6
42411 7
42418 6
42424 9
42433 9
42442 5
42447 6
42453 4
42457 5
42462 6
42468 4
42472 9
42481 5
42486 6
42492 3
42495 4
42499 7
42506 9
42515 7
42522 4
42526 4
42530 5
42535 8
42543 5
42548 5
42553 6
42559 8
42567 8
42575 5
42580 5
42585 7
42592 4
42596 5
42601 5
42606 7
42613 7
42620 4
42624 4
42628 4
42632 7
42639 4
42643 8
42651 7
42658 6
42664 6
42670 7
42677 4
42681 5
42686 7
42693 3
42696 7
42703 6
42709 8
42717 4
42721 8
42729 7
42736 10
42746 6
42752 8
42760 6
42766 11
42777 6
42783 9
42792 5
42797 6
42803 8
42811 11
42822 4
42826 4
42830 5
42835 6
42841 4
42845 4
42849 4
42853 4
42857 11
42868 6
42874 7
42881 4
42885 7
42892 10
42902 6
42908 4
42912 4
42916 3
42919 7
42926 6
42932 4
42936 4
42940 8
42948 9
42957 9
42966 6
42972 3
42975 7
42982 7
42989 7
42996 11
43007 4
43011 5
43016 6
43022 8
43030 6
43036 8
43044 7
43051 4
43055 5
43060 3
43063 6
43069 8
43077 9
43086 8
43094 4
43098 5
43103 6
43109 5
43114 9
43123 6
43129 6
43135 3
43138 4
43142 6
43148 4
43152 9
43161 5
43166 4
43170 7
43177 6
43183 8
43191 4
43195 9
43204 7
43211 7
43218 7
43225 6
43231 6
43237 4
43241 10
43251 8
43259 9
43268 7
43275 5
43280 5
43285 4
43289 8
43297 9
43306 7
43313 7
43320 5
43325 7
43332 2
43334 5
43339 5
43344 5
43349 5
43354 5
43359 5
43364 3
43367 7
43374 7
43381 5
43386 3
43389 8
43397 4
43401 7
43408 9
43417 8
43425 5
43430 5
43435 7
43442 5
43447 5
43452 8
43460 7
43467 4
43471 4
43475 5
43480 9
43489 5
43494 4
43498 6
43504 6
43510 9
43519 5
43524 10
43534 2
43536 2
43538 5
43543 7
43550 4
43554 7
43561 4
43565 4
43569 6
43575 4
43579 7
43586 6
43592 7
43599 6
43605 10
43615 6
43621 9
43630 9
43639 5
43644 7
43651 11
43662 7
43669 5
43674 6
43680 6
43686 4
43690 9
43699 6
43705 8
43713 8
43721 7
43728 8
43736 8
43744 5
43749 6
43755 7
43762 6
43768 8
43776 11
43787 7
43794 6
43800 8
43808 4
43812 4
43816 5
43821 9
43830 4
43834 3
43837 7
43844 4
43848 7
43855 5
43860 3
43863 6
43869 6
43875 5
43880 8
43888 6
43894 7
43901 6
43907 4
43911 5
43916 4
43920 4
43924 5
43929 6
43935 4
43939 3
43942 6
43948 7
43955 6
43961 3
43964 8
43972 5
43977 7
43984 8
43992 4
43996 5
44001 4
44005 4
44009 6
44015 7
44022 7
44029 4
44033 4
44037 8
44045 7
44052 7
44059 5
44064 6
44070 4
44074 5
44079 5
44084 4
44088 10
44098 6
44104 8
44112 7
44119 5
44124 6
44130 6
44136 8
44144 3
44147 5
44152 10
44162 8
44170 6
44176 4
44180 6
44186 9
44195 5
44200 7
44207 6
44213 6
44219 5
44224 9
44233 9
44242 8
44250 9
44259 6
44265 5
44270 6
44276 8
44284 6
44290 5
44295 8
44303 3
44306 8
44314 2
44316 7
44323 5
44328 6
44334 5
44339 2
44341 6
44347 7
44354 4
44358 6
44364 6
44370 5
44375 4
44379 5
44384 9
44393 5
44398 8
44406 3
44409 3
44412 5
44417 6
44423 6
44429 3
44432 4
44436 8
44444 7
44451 10
44461 3
44464 8
44472 7
44479 7
44486 4
44490 7
44497 10
44507 6
44513 7
44520 4
44524 8
44532 5
44537 4
44541 8
44549 2
44551 5
44556 3
44559 8
44567 8
44575 7
44582 4
44586 5
44591 4
44595 9
44604 8
44612 7
44619 4
44623 8
44631 5
44636 9
44645 6
44651 9
44660 6
44666 6
44672 2
44674 7
44681 4
44685 6
44691 5
44696 4
44700 4
44704 9
44713 8
44721 10
44731 7
44738 4
44742 3
44745 4
44749 4
44753 6
44759 3
44762 2
44764 5
44769 6
44775 6
44781 5
44786 8
44794 8
44802 8
44810 5
44815 5
44820 5
44825 5
44830 9
44839 5
44844 7
44851 7
44858 7
44865 6
44871 9
44880 8
44888 4
44892 9
44901 6
44907 5
44912 5
44917 7
44924 7
44931 7
44938 8
44946 3
44949 6
44955 8
44963 8
44971 4
44975 3
44978 6
44984 6
44990 6
44996 7
45003 7
45010 5
45015 5
45020 4
45024 7
45031 8
45039 8
45047 4
45051 4
45055 5
45060 4
45064 5
45069 7
45076 11
45087 4
45091 13
45104 4
45108 8
45116 3
45119 4
45123 5
45128 6
45134 7
45141 6
45147 6
45153 6
45159 5
45164 6
45170 7
45177 5
45182 5
45187 8
45195 7
45202 5
45207 7
45214 11
45225 4
45229 4
45233 12
45245 2
45247 6
45253 4
45257 5
45262 9
45271 8
45279 5
45284 7
45291 3
45294 5
45299 9
45308 6
45314 11
45325 6
45331 5
45336 3
45339 6
45345 7
45352 8
45360 5
45365 6
45371 6
45377 9
45386 8
45394 6
45400 4
45404 7
45411 8
45419 8
45427 7
45434 10
45444 4
45448 5
45453 8
45461 7
45468 5
45473 7
45480 6
45486 6
45492 5
45497 6
45503 7
45510 7
45517 6
45523 5
45528 5
45533 6
45539 7
45546 3
45549 6
45555 4
45559 7
45566 6
45572 5
45577 4
45581 7
45588 5
45593 9
45602 4
45606 6
45612 6
45618 5
45623 7
45630 6
45636 7
45643 3
45646 10
45656 5
45661 9
45670 6
45676 7
45683 8
45691 6
45697 12
45709 3
45712 2
45714 7
45721 4
45725 8
45733 6
45739 6
45745 6
45751 5
45756 8
45764 5
45769 4
45773 5
45778 4
45782 3
45785 3
45788 5
45793 6
45799 7
45806 7
45813 5
45818 5
45823 3
45826 5
45831 7
45838 7
45845 5
45850 7
45857 4
45861 11
45872 5
45877 7
45884 6
45890 4
45894 7
45901 3
45904 4
45908 8
45916 7
45923 8
45931 3
45934 6
45940 3
45943 7
45950 4
45954 8
45962 6
45968 7
45975 8
45983 6
45989 5
45994 5
45999 8
46007 6
46013 4
46017 8
46025 9
46034 5
46039 5
46044 3
46047 4
46051 3
46054 6
46060 10
46070 5
46075 5
46080 4
46084 5
46089 6
46095 5
46100 5
46105 4
46109 4
46113 4
46117 6
46123 5
46128 6
46134 6
46140 7
46147 6
46153 7
46160 4
46164 5
46169 7
46176 8
46184 7
46191 2
46193 9
46202 5
46207 5
46212 5
46217 6
46223 3
46226 4
46230 3
46233 4
46237 6
46243 7
46250 7
46257 4
46261 3
46264 4
46268 8
46276 9
46285 4
46289 5
46294 6
46300 7
46307 5
46312 4
46316 8
46324 6
46330 7
46337 6
46343 5
46348 6
46354 5
46359 3
46362 5
46367 8
46375 5
46380 9
46389 11
46400 9
46409 3
46412 4
46416 6
46422 6
46428 8
46436 4
46440 4
46444 7
46451 9
46460 3
46463 8
46471 5
46476 5
46481 5
46486 3
46489 9
46498 5
46503 12
46515 6
46521 7
46528 9
46537 6
46543 5
46548 5
46553 5
46558 4
46562 9
46571 7
46578 4
46582 6
46588 6
46594 3
46597 6
46603 3
46606 4
46610 9
46619 5
46624 4
46628 7
46635 5
46640 7
46647 6
46653 10
46663 7
46670 5
46675 5
46680 6
46686 7
46693 7
46700 6
46706 6
46712 7
46719 5
46724 5
46729 5
46734 6
46740 3
46743 9
46752 6
46758 3
46761 5
46766 6
46772 4
46776 4
46780 5
46785 7
46792 8
46800 6
46806 3
46809 4
46813 11
46824 5
46829 6
46835 4
46839 7
46846 7
46853 5
46858 4
46862 6
46868 9
46877 5
46882 3
46885 4
46889 5
46894 7
46901 5
46906 6
46912 6
46918 7
46925 5
46930 6
46936 6
46942 5
46947 6
46953 8
46961 6
46967 8
46975 5
46980 7
46987 6
46993 4
46997 5
47002 4
47006 3
47009 6
47015 6
47021 5
47026 6
47032 7
47039 5
47044 9
47053 4
47057 6
47063 7
47070 6
47076 5
47081 4
47085 3
47088 6
47094 4
47098 5
47103 4
47107 5
47112 4
47116 5
47121 8
47129 6
47135 6
47141 9
47150 6
47156 7
47163 6
47169 7
47176 6
47182 4
47186 7
47193 2
47195 12
47207 9
47216 8
47224 6
47230 7
47237 7
47244 7
47251 4
47255 10
47265 8
47273 4
47277 6
47283 6
47289 9
47298 8
47306 7
47313 4
47317 6
47323 3
47326 2
47328 7
47335 7
47342 2
47344 11
47355 6
47361 8
47369 6
47375 6
47381 7
47388 4
47392 8
47400 6
47406 9
47415 6
47421 7
47428 6
47434 8
47442 5
47447 6
47453 4
47457 5
47462 10
47472 4
47476 3
47479 6
47485 7
47492 10
47502 2
47504 8
47512 5
47517 10
47527 9
47536 5
47541 5
47546 10
47556 7
47563 5
47568 10
47578 11
47589 6
47595 5
47600 7
47607 5
47612 7
47619 8
47627 8
47635 9
47644 6
47650 6
47656 6
47662 5
47667 7
47674 3
47677 8
47685 5
47690 4
47694 5
47699 7
47706 7
47713 5
47718 8
47726 2
47728 7
47735 6
47741 3
47744 10
47754 3
47757 4
47761 10
47771 7
47778 6
47784 3
47787 8
47795 4
47799 7
47806 5
47811 7
47818 9
47827 5
47832 4
47836 3
47839 5
47844 7
47851 8
47859 2
47861 6
47867 7
47874 5
47879 4
47883 6
47889 7
47896 5
47901 8
47909 6
47915 4
47919 5
47924 8
47932 5
47937 5
47942 8
47950 6
47956 5
47961 7
47968 8
47976 5
47981 4
47985 7
47992 6
47998 6
48004 6
48010 6
48016 5
48021 4
48025 5
48030 5
48035 6
48041 6
48047 5
48052 4
48056 6
48062 5
48067 3
48070 5
48075 6
48081 5
48086 6
48092 6
48098 4
48102 8
48110 6
48116 7
48123 6
48129 6
48135 3
48138 5
48143 7
48150 4
48154 4
48158 4
48162 6
48168 6
48174 8
48182 5
48187 4
48191 8
48199 6
48205 8
48213 6
48219 4
48223 5
48228 7
48235 4
48239 4
48243 5
48248 3
48251 3
48254 3
48257 3
48260 6
48266 4
48270 4
48274 5
48279 8
48287 7
48294 11
48305 3
48308 7
48315 9
48324 7
48331 8
48339 9
48348 9
48357 5
48362 4
48366 3
48369 7
48376 7
48383 5
48388 5
48393 7
48400 6
48406 5
48411 4
48415 10
48425 6
48431 4
48435 9
48444 4
48448 6
48454 5
48459 5
48464 4
48468 8
48476 9
48485 7
48492 7
48499 6
48505 12
48517 8
48525 5
48530 5
48535 5
48540 10
48550 7
48557 7
48564 7
48571 6
48577 10
48587 3
48590 8
48598 9
48607 6
48613 7
48620 7
48627 6
48633 11
48644 5
48649 6
48655 5
48660 4
48664 2
48666 9
48675 6
48681 4
48685 7
48692 6
48698 6
48704 4
48708 5
48713 7
48720 10
48730 8
48738 3
48741 7
48748 6
48754 7
48761 5
48766 9
48775 3
48778 6
48784 4
48788 5
48793 9
48802 4
48806 6
48812 5
48817 8
48825 7
48832 8
48840 6
48846 6
48852 8
48860 3
48863 5
48868 6
48874 8
48882 5
48887 8
48895 8
48903 6
48909 3
48912 7
48919 8
48927 6
48933 10
48943 10
48953 7
48960 6
48966 9
48975 6
48981 7
48988 7
48995 3
48998 6
49004 7
49011 4
49015 3
49018 4
49022 7
49029 6
49035 5
49040 6
49046 5
49051 3
49054 4
49058 9
49067 8
49075 5
49080 9
49089 4
49093 7
49100 4
49104 7
49111 8
49119 8
49127 6
49133 6
49139 8
49147 6
49153 9
49162 8
49170 6
49176 7
49183 5
49188 6
49194 4
49198 5
49203 4
49207 5
49212 8
49220 7
49227 5
49232 5
49237 4
49241 5

4545

49246
0 5
0 5
1837 10
180 3
640 4
889 5
1600 8
4193 7
4424 4
7184 4
8030 5
1321 9
2203 8
3356 1
300 2
3022 1
5649 8
1451 7
500 2
5510 9
6910 10
5423 5
2813 6
6800 9
182 3
2572 7
4587 6
8098 6
7649 8
3031 3
6850 8
8043 1
711 8
5361 1
3518 7
3840 1
2584 3
7457 1
300 1
4547 6
3501 6
415 4
3445 7
2606 8
242 8
5147 1
7312 4
1346 2
2781 3
3064 4
5890 3
6620 5
6625 2
1855 8
3341 2
5840 5
5288 1
479 2
1665 3
2888 4
6358 2
6357 1
8165 2
7271 9
6605 5
7047 5
139 6
2815 5
761 1
1538 6
3202 9
4346 3
4411 8
5761 2
1350 9
2394 2
3987 5
4433 4
2532 2
1416 10
7692 3
465 2
5432 5
5849 5
7819 5
4288 8
1087 5
140 4
4255 9
6311 4
8062 10
355 9
566 10
3449 5
4179 10
6189 10
7844 4
6569 9
7801 3
3047 10
3621 3
903 9
6079 2
7918 5
876 10
7209 6
3279 5
7458 10
604 9
4980 7
7103 1
4404 5
1477 4
2579 9
4134 6
7000 2
181 8
4300 1
5391 8
7749 4
5316 7
508 4
6675 7
671 7
4261 2
5558 6
5672 7
7143 7
6956 3
2790 1
5445 1
2261 1
7131 3
989 2
995 9
4115 5
488 8
8108 6
293 2
2695 3
3976 9
4170 6
5711 6
5726 7
6183 9
7552 10
1463 10
4050 8
4134 3
610 9
6498 5
5816 8
7081 3
7322 10
5756 8
1875 1
4430 6
6242 10
7314 7
7538 8
8145 2
8059 9
226 9
1054 5
5691 6
1011 5
2929 8
4958 4
4493 4
2464 6
3276 6
7128 8
2685 7
4708 4
5165 9
7567 7
7202 7
1867 8
3466 8
936 5
5025 3
6363 5
1684 2
3398 4
281 10
7440 10
1637 9
4914 2
3805 7
3611 7
6553 4
6698 7
2757 7
5749 6
6108 7
6975 9
7994 5
2705 6
1331 8
483 10
1967 10
3243 7
4189 7
6514 6
3624 3
6680 7
2359 1
5331 3
5678 5
807 2
7794 6
783 4
7732 3
3332 7
5009 6
7566 3
1271 10
3989 6
6879 9
3470 3
4618 1
3553 8
1330 10
3053 7
6025 6
7453 9
7507 6
7822 3
5357 4
1585 5
1724 2
4310 7
2983 5
6096 3
3537 7
4191 2
5007 10
5270 5
6101 5
7394 6
8130 6
2470 1
6468 1
6828 7
8134 9
7540 7
7982 8
493 3
2559 7
543 4
1672 5
1314 3
1977 7
3372 1
6790 10
7484 6
5471 6
7870 3
3001 4
6687 3
2032 10
2263 7
4150 8
1872 1
1245 5
1044 10
8030 7
5971 7
8056 5
3105 8
5962 4
3786 7
4323 2
4793 4
6787 2
7221 5
8163 7
6409 10
1580 7
4252 8
1414 3
3953 3
3434 2
6331 1
2520 6
1364 10
3260 2
5589 10
7066 1
6907 8
6677 6
260 10
2276 10
5006 5
2834 3
4690 7
3948 2
4337 10
6722 5
7540 8
4287 10
601 9
1243 8
2416 2
5109 2
4291 3
813 3
5025 9
7496 7
6784 4
4964 4
3405 3
4657 8
433 8
7237 2
7301 3
3985 2
7995 1
6323 3
7240 10
7372 1
1827 3
1056 8
3602 1
1473 8
374 1
1247 6
4376 7
807 3
3128 5
1742 9
2767 10
2857 6
4363 10
6524 10
473 10
4208 10
2810 4
4878 2
1687 10
2610 4
7659 7
3895 8
4364 10
3875 8
106 8
908 8
555 8
3155 10
3090 7
3739 8
7454 6
7248 6
6778 6
4844 1
232 4
6250 3
7204 7
6790 1
7216 4
851 3
1325 6
2538 2
5873 1
5879 1
6032 9
630 5
4274 3
7925 2
1451 5
2935 7
5549 5
6232 3
3139 4
4537 8
5053 6
6228 8
7382 8
1349 9
5138 9
7062 3
468 1
2285 3
5997 1
8173 7
5389 8
4643 2
2144 6
931 9
2380 7
2612 9
2376 9
6716 2
2909 4
7988 4
465 7
6613 3
1401 1
4926 5
5490 3
6021 5
6811 8
6922 1
8016 3
4239 6
7737 4
3972 10
1635 5
1870 5
5146 8
7215 7
7283 2
3845 7
4460 4
3014 7
1396 2
1749 3
3044 2
3279 10
5766 2
3990 3
6599 9
403 10
2418 10
3909 6
7723 1
251 7
7853 2
2501 7
5826 4
1166 6
2310 4
7303 8
2461 4
2550 5
6427 5
8155 10
2196 4
172 4
5999 3
3555 10
317 6
4576 5
6739 1
4026 8
2449 6
5462 2
617 3
996 6
95 10
7464 7
1281 8
3235 5
1387 7
2590 5
2606 10
2653 1
3281 7
5765 2
5966 1
4390 2
171 1
2408 1
372 3
2306 7
5824 3
2161 4
3024 2
1411 5
3639 3
1160 3
1653 2
1695 1
1831 7
3671 10
3956 9
3249 1
2931 5
4421 8
3338 2
3615 7
1564 8
1444 9
7222 6
4146 1
2368 1
5682 7
8121 5
5753 2
779 1
1615 1
2913 10
5883 7
6233 9
6701 7
6847 2
2994 7
320 2
6333 8
3113 7
4162 10
1921 10
2791 5
3799 2
7799 8
5904 1
6166 10
806 4
6208 8
6021 9
5644 8
7757 9
3292 3
651 10
1215 4
2818 3
322 3
4913 6
5198 2
3691 8
3071 4
4783 8
7727 7
2330 5
4801 3
5344 2
1037 10
805 9
4224 7
3681 6
3133 5
5618 10
7871 4
6586 7
8053 7
257 5
4338 9
4190 1
3093 7
1086 10
7101 1
7921 3
4326 10
523 3
3762 3
5000 5
7728 7
4454 1
971 9
1271 7
1375 3
2251 1
3446 2
5036 8
428 7
5058 1
3259 6
3986 9
4168 10
4509 6
4858 9
3521 5
4447 10
4324 2
212 4
294 4
3217 5
6196 1
6463 4
8038 4
76 10
1608 1
5336 1
717 4
908 2
2590 2
7261 8
1164 1
5179 9
3814 5
5135 9
6750 9
7004 8
7090 3
7193 4
255 8
6419 1
1985 1
3070 1
3832 10
4151 10
5322 3
5747 3
6120 8
7153 9
3443 8
1413 10
3854 4
4054 8
462 7
5571 5
1708 10
2706 4
853 10
1479 9
2926 10
6261 5
3357 4
2043 8
2602 2
561 7
4747 6
5264 6
5851 4
6896 8
7259 6
476 7
260 4
6430 2
464 8
992 9
2504 1
4076 8
5007 8
3041 5
6372 9
5422 8
2421 7
759 10
3506 3
5572 6
7032 3
8007 5
1130 10
1000 6
6071 9
2076 9
4436 4
5748 2
7449 5
2863 5
58 8
7325 10
7091 2
5966 5
5530 2
5804 8
2376 1
2943 1
8141 6
7915 1
2049 6
1455 9
1590 6
3244 6
6328 2
6920 9
6082 1
2398 5
3885 4
6183 3
346 5
5429 5
7747 6
4736 2
3303 4
4903 5
6943 5
7919 1
1911 3
424 8
4940 9
277 4
5370 6
2654 8
5001 6
1647 1
2578 1
5783 7
6886 2
5608 4
3114 10
7730 5
418 7
6503 8
6949 4
2658 2
7970 3
1912 8
2832 2
4006 3
5132 6
8059 1
1922 1
4945 5
2283 6
4909 9
6154 5
497 7
1616 7
3036 9
1584 7
1251 1
6689 4
2684 5
5532 3
2913 4
3402 7
3851 6
6469 6
7446 10
5444 6
3629 6
7204 8
892 6
2287 2
5222 2
8044 7
2845 6
5193 9
568 4
1798 3
2887 8
5998 5
6587 4
8113 10
2237 5
3801 9
5908 10
4915 6
1742 5
7828 3
5338 7
2956 7
6087 9
7980 4
1125 7
6747 8
2819 6
4133 4
5712 10
505 9
4012 4
5552 7
442 7
5156 2
6692 2
2611 5
6297 1
5234 5
4636 8
521 1
4911 2
6567 5
3191 6
5468 4
1867 3
1554 1
5734 3
974 1
3419 7
3691 7
7084 4
1761 8
7898 9
4110 5
7993 7
6318 2
6825 2
7458 10
7496 5
4529 3
944 7
6907 6
578 9
6701 9
3151 3
7731 7
6258 8
4786 6
3444 5
212 8
3251 3
1236 8
4339 9
7552 7
4442 4
2780 3
3631 1
3834 9
4806 7
5947 9
2588 6
1162 7
6310 10
991 1
2378 10
3509 9
3065 3
6292 2
5948 6
7739 6
6906 1
3191 1
412 3
4261 5
3017 7
5421 1
6190 3
7211 1
7708 2
6923 6
6947 4
3544 4
3579 10
541 2
601 2
6159 9
3414 5
4048 4
7697 1
185 10
2619 8
5585 6
7167 3
10 6
3700 4
8022 3
4030 1
1551 5
5776 4
6347 7
7091 1
2206 1
13 4
1701 8
3368 6
6474 2
7410 2
5269 9
7628 7
152 7
981 3
1292 3
2651 3
3529 5
3629 9
3675 4
4402 8
6607 8
7019 7
1172 3
1691 10
1977 1
7044 3
5884 3
165 10
5914 10
4931 10
4297 6
1581 5
773 8
856 4
3880 2
5009 9
8070 7
5422 5
2624 6
7101 4
7153 9
3100 5
539 10
1412 10
4448 7
5832 6
6081 2
5462 2
2918 1
7174 7
882 3
2352 4
2999 7
3172 8
5666 1
7949 10
2240 5
2276 6
2654 9
3561 8
7564 9
3821 3
177 8
482 2
1140 7
1739 2
2311 1
5647 6
6904 9
3708 10
7006 10
4473 3
1522 6
2201 5
2923 5
3966 9
2669 10
6585 7
939 8
3766 4
7087 10
6016 6
284 9
141 7
1607 1
5866 9
7981 2
2069 1
2197 6
5015 6
535 5
1880 5
3734 4
4528 7
1146 9
3585 10
3859 5
4263 3
6318 4
753 9
876 7
2243 8
6828 10
3838 1
4211 8
2224 10
2330 2
4599 4
5920 6
6547 6
5474 7
6122 2
7919 6
1186 10
6553 3
7793 7
1206 3
8188 8
6585 3
6990 2
7295 6
6083 2
271 8
2983 5
2999 4
1961 2
7720 2
1703 2
7821 5
6258 2
248 9
1915 10
3269 10
4046 5
5306 7
6566 6
7332 4
3020 7
4973 9
1601 10
1848 2
1902 7
1218 7
592 8
5323 3
1096 4
3037 8
3405 4
6011 5
6295 8
8163 10
5795 6
1859 5
3435 7
5949 3
698 1
2057 10
6128 4
4237 9
5066 8
3597 1
1206 10
4011 8
4034 4
143 10
4360 10
1226 1
7881 9
3555 3
6164 8
1345 5
3451 5
5286 1
6226 6
7915 6
7280 3
5692 9
1505 3
3432 4
4653 2
6966 4
8037 7
5928 6
4215 3
1786 8
5784 4
625 5
6890 10
7187 10
8176 2
3344 2
6995 1
7016 4
679 8
5438 10
6484 10
7519 1
180 6
2602 10
4200 4
8144 9
1300 1
4895 1
6591 4
77 1
5599 7
4636 9
1916 5
3764 1
4148 2
74 4
7258 7
6422 6
1157 7
2663 1
1771 2
2196 3
2915 9
3360 2
5035 6
4244 6
2263 3
2259 8
7886 2
4851 5
3442 7
382 5
1764 5
3716 10
5114 2
2533 1
988 8
2778 2
2919 7
2749 5
2449 4
149 8
7306 5
3379 2
5965 5
3857 2
7118 7
7664 8
4788 1
3013 8
582 9
1892 8
5870 3
6244 8
1787 6
1394 1
7769 2
2192 8
170 6
2740 7
3749 10
0 3
3283 9
2035 4
2220 7
4470 9
18 8
7430 1
4449 2
1950 7
4991 10
6543 9
3 3
5696 8
7071 1
6885 2
2409 8
3791 4
4565 4
5330 8
4666 2
6692 2
3544 6
1623 8
4394 8
7912 7
138 10
1129 10
1692 2
880 1
1504 7
2033 8
4727 5
3113 10
3261 4
7830 3
5142 8
7237 4
6091 5
8010 4
4282 9
4455 7
3298 3
1022 5
2306 4
4311 4
1099 5
2278 1
3136 7
5633 8
5393 4
3015 7
4204 9
5837 9
7722 9
815 6
5133 6
1203 7
4991 8
387 7
3504 9
928 4
7671 1
310 5
8123 7
2833 2
6083 5
1785 8
6403 3
4402 3
7009 6
562 5
949 4
6087 5
7370 7
5292 2
5340 2
865 1
5221 8
5650 2
822 9
2948 8
2240 2
3530 8
4481 2
7387 4
811 9
608 10
5130 3
4560 1
7420 10
7771 7
5372 5
6004 6
1870 5
221 2
2447 9
6413 1
7849 6
1481 10
4649 3
4943 4
586 7
1365 10
3612 9
4181 2
3751 3
4023 9
3389 6
4196 1
5972 5
6843 2
2127 5
6412 2
6001 1
6834 2
6991 4
7517 3
1556 8
1971 3
5812 6
6855 6
5935 9
7722 3
4429 3
1564 7
3576 2
1564 9
2974 7
7905 1
7548 8
248 6
5484 1
6346 10
8021 8
960 3
618 9
3120 2
402 3
1764 1
2002 3
3107 10
3864 1
6202 6
6367 4
5268 7
5172 10
6068 6
2373 1
4255 4
6134 4
762 2
6540 8
497 2
1579 2
4702 5
2106 6
2119 7
2122 9
477 4
3256 4
3516 8
7070 1
7849 10
6626 9
3301 2
1900 5
455 1
2638 4
4492 6
4691 7
5754 3
7428 5
6328 3
2821 7
3313 2
2361 1
2826 10
94 4
4691 2
5978 2
131 8
5305 6
456 2
932 1
3822 10
4430 2
4837 1
5524 9
4163 1
840 7
6085 8
6149 6
7838 5
3371 7
4791 1
6843 5
3933 8
4622 1
5996 3
4449 6
2238 10
7032 8
3316 4
3712 4
7729 2
7244 8
4953 9
5810 6
267 8
1837 5
5979 10
4801 5
7246 2
4401 6
4013 8
4156 6
4594 6
1659 5
3461 1
1098 6
7987 6
7181 4
5693 5
6143 1
5824 3
1683 9
6063 9
197 2
1563 2
531 8
2427 2
6768 9
7211 6
6161 10
1150 1
2365 5
1972 8
6004 3
2761 5
6716 8
6006 9
5964 6
869 5
4724 10
6360 9
6700 10
7477 6
557 7
4189 5
2133 5
5512 2
2193 10
2710 8
5110 9
5262 2
7041 2
7939 9
831 9
2180 5
2201 3
6498 1
3678 4
3688 7
5654 3
7205 8
862 3
26 9
1824 1
4954 7
6102 3
2039 7
3918 3
5343 10
248 5
1441 3
1937 2
8186 10
4618 8
3936 1
500 1
472 5
682 9
4315 2
2959 2
5538 7
260 10
1673 1
1831 9
5295 2
6055 2
294 5
1282 1
8163 4
630 9
2286 10
3522 4
5207 10
768 6
6456 10
1775 1
5512 7
7639 7
7818 5
370 1
60 4
3836 3
5571 8
1333 2
4179 8
5478 10
6640 7
6106 9
5227 4
7718 5
2728 6
6903 3
4750 10
3604 7
6581 4
5342 6
3310 7
5762 7
2702 1
4478 3
986 7
2354 4
4299 5
4836 7
5955 7
4095 10
6610 4
3159 3
4504 5
717 10
4262 9
6406 5
1771 3
1938 5
3132 5
4851 4
5399 6
6500 9
2200 9
7679 6
2472 10
1269 10
2132 9
2680 7
257 2
2638 8
4539 9
5282 8
5602 1
5797 8
6048 10
7 8
6399 6
1787 8
6860 4
4655 8
5623 10
5203 3
4008 8
7680 10
5826 3
2495 4
7048 3
5518 4
4732 3
2160 2
2414 2
5445 10
7232 9
6163 5
6029 5
430 8
8105 10
4627 1
5356 6
389 3
3461 9
5325 5
5574 3
6685 5
7954 6
6008 2
3262 10
2010 5
3266 6
3759 10
3871 5
4146 4
4184 10
5777 3
205 6
5530 1
227 5
160 9
780 9
6280 1
6609 3
7850 5
2880 4
494 6
5334 9
3772 9
7264 1
5038 8
2839 10
6310 1
72 7
6994 3
5146 4
511 8
1217 2
1610 9
6192 2
7309 7
7355 6
6717 7
7718 7
4442 5
3249 1
4012 4
5502 8
7430 10
7980 5
7785 4
7990 2
2065 1
2387 7
2284 2
7706 3
7770 8
4861 8
97 8
1577 4
3663 9
4558 8
7426 7
411 8
1233 1
3602 9
7160 6
7276 6
4747 6
6357 7
6412 9
1629 4
2425 8
5059 2
5173 4
89 5
2351 7
241 2
3778 5
6197 7
8066 6
952 5
3226 2
702 5
3950 2
7977 7
4069 10
5872 7
7656 7
3966 6
501 5
2992 2
5143 10
5161 4
49 10
102 4
6408 9
7637 9
580 7
229 10
1910 9
7877 4
2920 3
1618 1
7900 1
392 2
7053 8
423 4
1067 4
6605 2
7544 5
2490 7
6275 2
1723 4
2573 8
3948 5
7304 2
3774 8
5861 4
3333 4
6268 8
3624 2
832 3
327 1
950 4
2308 3
2850 4
3664 8
4437 9
6292 2
3420 1
3955 6
4529 9
6269 2
6772 4
7760 10
217 8
4626 9
2822 2
5843 8
7659 5
1789 1
7867 2
1376 10
2218 9
2358 2
2452 6
3008 3
3238 2
3830 5
5279 9
4201 1
6509 9
5120 3
2984 10
3754 7
6982 1
7327 8
4118 4
3353 3
6906 3
3682 6
5011 9
159 8
8008 9
6946 4
1087 3
7251 2
2524 3
3780 3
5911 10
6200 5
6126 8
4867 9
8140 5
1148 10
822 5
3247 6
3798 2
5295 3
5505 1
5132 5
2311 8
5835 8
4350 1
6138 7
7599 8
6276 5
4259 8
6278 8
535 2
2112 3
5372 4
2215 1
4717 1
8083 4
2162 9
1044 2
1397 5
3645 5
7161 7
5797 4
7274 2
2512 4
3558 8
3626 6
3758 6
7202 10
112 4
2107 7
1929 1
5089 6
1836 2
3679 5
4219 5
7182 1
7655 7
7623 9
2772 2
2485 8
1573 7
6129 9
7377 2
2783 5
648 5
496 3
2253 6
2600 2
1958 1
5047 5
3543 4
5717 1
7396 7
32 10
4818 7
6863 4
5087 6
6755 1
3732 7
3751 5
5798 5
2286 3
3857 10
388 2
5145 3
986 5
1276 10
2526 3
7046 5
893 4
2183 7
3373 8
152 9
3985 1
877 5
1018 1
4318 6
1308 4
6347 3
4230 5
7296 1
4426 8
818 1
1369 1
5338 9
1647 2
7762 5
5941 3
7592 6
2948 8
5971 2
1164 10
3431 5
8165 6
4020 6
6576 8
3959 9
6461 8
7107 3
7118 9
6521 3
6171 9
3544 9
4075 9
5176 8
6166 9
6482 10
2568 8
2078 2
7180 10
3414 9
3533 7
2967 3
2657 2
1527 1
5072 5
6356 9
1790 9
6190 5
22 2
3183 7
3888 2
7117 3
230 5
7080 5
94 4
6430 1
6109 6
4543 9
4637 5
4965 7
1665 8
3233 5
5441 3
5948 9
5613 9
1888 7
2045 3
3144 5
8070 4
3609 4
5364 8
3434 9
4478 7
6382 2
2604 4
3285 5
1070 9
3213 7
1385 6
8064 6
7847 9
710 4
2200 10
4709 4
5941 10
6 1
1 2
6067 2
3665 6
8107 6
1632 1
5371 8
5637 4
6096 5
3930 8
6617 3
1545 10
2715 10
5448 2
5499 8
7538 1
6424 10
712 10
8055 5
6844 7
3075 7
4983 9
6145 4
858 2
5877 4
1366 7
7323 8
2971 7
5248 2
1552 3
7763 3
6206 4
704 2
1475 2
7902 4
8141 7
775 8
2069 8
2448 10
2379 3
1050 8
365 10
4765 4
8146 1
5773 2
3716 9
3102 3
6671 8
5860 9
3731 7
3456 4
3854 8
7132 3
8178 9
6365 2
6304 8
500 6
520 7
692 10
4156 7
191 5
5951 6
6335 4
2537 1
4844 6
7595 9
2241 8
1879 6
2214 7
7726 8
499 6
7380 9
689 10
1432 7
3620 9
1960 7
4552 10
4905 2
7470 2
8125 10
1285 4
5219 3
3484 4
2890 1
1338 4
3009 3
8125 5
579 2
4079 8
4547 9
5955 10
7089 4
5467 8
3329 1
6505 2
74 6
4868 5
3688 9
1378 2
1533 1
3622 5
4894 8
5153 8
4756 1
8019 5
1811 8
3250 8
7545 9
4604 2
2587 5
1924 7
6558 10
7086 5
7231 1
83 2
6113 1
3107 3
2338 4
3869 5
4320 1
6229 4
659 4
1205 4
7491 5
3544 4
7626 8
86 3
3484 7
2514 9
3708 8
4513 2
7821 4
6113 2
7795 1
2134 7
3975 8
7422 5
6604 10
1197 7
4231 10
6415 5
5975 10
7435 10
3158 3
4099 8
6801 8
6696 2
4779 4
4868 4
618 3
2046 7
7043 5
265 1
1956 1
6433 7
3207 10
5661 6
6312 10
7438 1
1092 8
7060 7
6466 1
6887 3
6862 8
4654 5
4052 10
5472 10
6091 8
5009 2
5402 7
7722 4
7864 10
7605 1
6359 2
2700 6
4193 2
5188 8
7498 9
906 2
4543 9
6428 7
7376 8
635 8
6576 4
744 7
2920 3
6053 3
6824 6
2849 1
3554 7
713 2
4489 6
7963 4
6908 8
7076 7
7882 4
919 9
7515 6
2893 8
4787 7
4573 4
699 8
2840 8
4560 10
2947 1
2220 3
3022 1
4834 3
7134 7
1292 5
1481 4
2037 3
2864 6
3938 8
7219 7
588 7
1533 4
6476 2
7344 9
7675 5
5806 7
6664 9
1464 7
1272 4
2137 7
2740 9
7592 8
7133 10
686 10
2587 2
7209 2
1392 8
2758 6
733 2
2476 5
6942 3
7998 3
3200 2
1886 5
823 4
6490 10
6548 5
8081 6
7422 7
3527 5
3054 10
8114 5
1908 5
3030 5
3649 3
4950 5
6006 4
6722 3
1323 1
3227 4
1384 2
110 5
3262 8
6999 7
2490 8
2872 6
1200 5
5105 10
1517 6
5660 2
3368 7
2478 10
4997 4
7158 2
8083 10
6495 7
1310 8
5529 5
1023 9
1602 9
5504 5
3207 4
4200 6
3445 4
5867 5
1807 2
3640 7
7471 4
4899 8
8007 4
6900 7
1613 4
2160 7
7395 7
5187 10
1892 1
4067 10
1305 10
3858 8
4381 8
6829 5
5074 10
6667 1
1266 5
3248 1
5064 7
5493 10
7665 1
4324 5
7762 2
3272 9
4785 9
3342 1
4852 3
5071 7
6373 8
7575 3
14 9
6848 1
1193 8
3030 5
5335 8
392 5
3833 3
5519 7
5786 8
855 1
1610 9
5226 3
8121 5
1372 1
4313 3
6063 4
7687 9
1016 8
3308 1
4203 6
1441 6
4290 3
5954 4
6180 2
7465 3
1543 5
997 2
1481 7
2618 3
4488 4
5289 6
5794 9
7495 6
1618 5
4035 1
1026 7
3885 4
979 5
981 7
6380 7
6444 2
1551 10
2772 8
4015 6
4691 3
7294 4
5299 3
5055 10
7701 4
478 10
6941 1
1190 10
1605 1
527 6
5770 1
483 4
3525 1
2660 10
4492 6
5195 10
6990 1
5893 7
2545 4
3710 5
614 9
3382 1
2524 9
306 10
5238 6
6372 3
8151 4
453 7
1103 1
1936 7
6093 9
1703 9
1543 6
1910 2
373 7
2254 4
3220 6
3469 7
6231 8
4840 5
5388 7
4603 2
1221 6
2215 8
2787 1
3306 10
3490 2
4177 1
232 1
1480 8
5375 8
6842 8
3755 1
4076 9
4869 7
7847 9
8126 9
6701 7
7373 8
6212 4
7778 10
547 8
1000 8
3222 1
4488 9
77 3
7694 7
2684 7
1562 1
4753 9
7256 7
7342 2
5953 1
7092 4
367 7
452 3
718 10
55 1
3720 6
2876 5
852 1
1670 9
2848 1
4798 8
5961 10
7355 1
5414 5
5420 6
2885 3
8050 4
945 10
4647 10
6467 2
7984 1
3777 9
6459 4
4793 9
4904 8
6198 5
4869 8
3012 7
4055 10
2781 8
2523 4
2727 4
4499 7
4877 1
2733 6
6633 4
6007 7
1539 8
3807 1
7585 7
5238 5
7889 10
432 6
3552 1
8103 5
5242 3
174 5
7543 8
5468 4
716 1
4440 2
6912 8
1409 3
2360 10
3849 4
3990 2
5956 10
811 6
7595 1
5329 10
2735 8
5551 3
6575 8
8139 3
2881 1
2581 2
4435 3
5020 6
5128 1
7606 8
2453 7
2477 4
8053 5
190 7
1049 7
7256 10
1305 5
2855 6
4347 5
6462 6
282 2
6355 4
6756 8
1833 1
564 9
4349 4
5345 9
5611 3
5874 9
246 3
7727 6
5604 5
4378 2
935 4
1441 7
2905 1
3974 8
5596 8
2724 1
3864 9
5876 9
802 1
2135 2
5930 7
6493 2
6708 2
7564 7
5846 6
7732 1
2790 8
541 8
392 1
4446 6
6005 6
262 2
355 5
5772 10
391 1
1815 3
3944 6
6938 7
7745 2
741 2
2613 10
3262 3
2706 7
7077 2
5862 9
641 6
2292 3
3319 9
3812 10
4843 10
7059 10
6920 5
7736 6
4826 7
7377 2
2013 7
2923 1
4809 2
5292 9
6838 7
6175 3
3690 3
5989 10
501 4
4851 10
7419 6
3269 10
5868 6
3855 4
3544 8
1076 7
1913 9
2365 9
3345 9
6165 5
6392 7
2539 1
2546 5
8162 9
7483 7
7259 1
955 6
5135 3
6394 2
5467 8
1534 10
6481 7
3332 1
2580 3
4309 7
6111 2
1712 10
5207 1
3791 2
4642 5
2568 7
3246 7
3930 5
5471 9
6813 1
5228 9
206 3
71 10
3486 9
5737 8
5896 1
4207 10
6320 10
6506 8
1230 2
4170 9
1566 10
4859 7
4930 10
5838 10
5317 8
1656 9
2361 3
4519 10
4811 6
5574 6
7940 9
2460 8
4092 10
2773 6
5528 6
3454 8
711 8
6569 10
3881 5
3642 1
4591 7
5244 7
3261 1
3950 8
2333 5
4215 6
6760 6
6025 7
1571 6
5295 8
2018 8
2673 5
5779 1
7730 6
1309 4
2438 5
2219 5
7777 5
255 8
4425 4
6643 8
6433 6
3895 8
4109 3
5887 3
6308 3
135 3
5428 8
2191 4
2737 3
3774 5
6008 10
7649 5
3666 10
7310 3
691 10
5197 9
5724 8
6800 4
7047 1
7217 1
7915 1
7743 1
6271 10
2620 10
2973 4
3182 3
4638 9
5160 5
6334 9
2180 2
6 4
6459 4
786 2
4635 7
6667 2
7447 1
1006 6
7388 1
2272 10
7257 7
4090 3
4375 5
1541 3
5936 9
1295 8
114 7
3718 7
3503 7
6528 2
7549 7
3392 5
726 5
2061 10
2355 9
3651 7
6329 4
7582 10
7627 7
4006 6
7088 10
6376 7
2967 10
3402 4
6387 9
2389 2
2399 2
1696 1
5698 4
7534 3
4648 1
1205 8
1610 3
2854 2
2986 6
5411 1
262 4
618 7
2583 1
2355 8
4374 4
112 8
7269 10
6066 9
5114 2
5574 2
6407 8
5494 6
3624 1
522 5
7976 10
583 4
3316 2
4234 3
5833 3
7583 9
1994 5
7272 9
1837 6
2076 10
2233 1
6695 4
1806 6
7275 10
949 6
4864 2
542 8
5962 8
6176 9
93 7
977 1
3566 1
6644 3
1851 1
4772 9
5839 5
4262 6
3041 2
4554 2
3443 9
3264 7
3507 6
4197 10
6374 5
245 8
3343 2
4846 5
6748 1
4779 4
1360 4
2611 3
3707 3
6494 7
7367 4
7641 10
5915 2
3867 1
7889 7
583 8
4072 5
381 6
563 7
1176 9
2171 6
4173 3
6405 4
2373 3
2177 8
53 8
5354 1
1318 2
1874 8
7228 10
8093 8
1554 2
2587 1
4830 2
6577 6
1565 2
3644 7
5868 9
6781 3
7124 2
3221 3
6861 1
7921 5
7770 6
5630 6
6198 10
6554 9
2054 9
4091 1
2401 3
2635 8
3267 9
3775 6
7746 2
1684 2
5362 6
7430 4
6425 10
7746 10
1108 7
4804 8
1825 6
6028 1
3383 6
5887 10
3581 3
7959 4
4138 10
3463 3
4798 8
124 7
1976 7
8142 10
1542 2
2629 3
5454 10
7046 8
7229 5
4643 2
4974 3
3258 4
1841 4
2382 9
3409 1
5515 9
1813 2
6166 4
1884 9
6757 9
8013 7
8170 10
1555 8
6314 9
3423 1
5818 6
5981 8
7339 4
7989 9
6332 7
8142 2
7644 10
4756 7
4092 9
7130 9
2286 5
2949 1
7276 6
6703 8
6271 5
7363 5
6853 1
2544 2
4630 9
7260 4
5929 4
2276 9
1498 5
2886 3
5845 7
7085 7
7516 2
939 9
6592 2
4993 5
6216 7
5787 2
2684 6
5552 4
5554 3
6993 6
373 3
2416 5
1946 3
703 4
1641 5
7000 5
366 7
1471 2
3962 10
8031 1
5618 8
4223 10
7508 1
2340 2
5579 1
6257 7
4940 4
3537 1
7110 3
210 1
3910 5
213 2
4860 9
6538 5
1801 3
3338 1
3722 10
4394 7
5448 10
6235 10
4068 4
1967 10
4796 1
2781 9
5848 5
2122 7
6067 3
7008 2
7603 10
7817 7
1875 7
2738 3
1562 10
7511 5
4002 4
3237 8
4874 9
7066 3
7083 8
1739 2
1015 9
4683 10
5090 3
7693 3
98 7
5999 3
7235 8
764 4
1084 7
1979 2
2120 8
6189 10
4756 9
3505 8
1759 5
3500 9
4170 6
6353 9
102 8
5977 10
2373 5
67 7
3565 3
826 6
12 2
791 3
1098 1
1721 4
7711 9
7917 4
2468 2
5552 6
2663 4
467 3
1807 3
466 3
1944 1
1983 7
1804 6
3922 4
4881 10
7315 3
4840 6
64 1
4119 10
1095 10
1578 3
2117 10
5861 7
6118 2
7352 3
520 10
4213 4
1196 2
3025 4
3712 10
6406 8
3299 9
6655 6
2639 9
3642 3
7540 5
7814 6
1501 8
3840 3
4853 3
6459 3
7018 5
7876 6
228 5
4428 5
6396 5
3749 9
5400 5
7643 8
57 10
1226 4
4697 9
1130 9
3004 1
3544 10
3607 6
2911 9
7608 7
2618 6
4448 1
1557 7
1995 4
6078 6
1600 2
723 6
3875 3
102 7
6185 6
4235 8
3139 2
6449 6
829 6
209 4
780 1
2172 4
2645 5
6683 1
7487 5
1105 9
361 10
4479 8
7544 9
8 2
2568 8
5509 8
1555 7
5172 9
6106 5
4362 4
2735 3
4389 5
2352 4
7524 6
2325 7
6586 6
1403 4
6815 8
1095 6
3097 3
7299 5
149 2
3883 4
901 3
2406 4
1221 7
5910 4
363 4
6926 6
34 10
1753 5
2986 7
4372 3
5003 4
2775 3
704 7
6929 8
686 4
6405 2
3556 2
639 7
6509 4
2315 7
4162 9
7104 1
7751 7
3953 6
5650 4
1203 2
3288 1
2090 5
6495 1
770 4
825 1
2842 4
4854 7
5038 4
6357 1
7241 1
22 8
3006 8
1558 5
6236 10
974 8
3165 3
7702 8
7179 5
1293 1
1046 10
580 4
3227 9
5224 4
6294 3
4660 9
580 6
1147 6
7641 8
6683 6
4973 8
797 9
965 8
1566 6
3066 4
3489 10
4557 1
2236 9
5060 7
5014 8
4343 3
7284 9
42 3
1579 8
6628 5
1354 2
3721 8
583 10
686 2
7180 2
249 6
1937 5
1077 10
7014 5
3651 7
4639 9
7738 4
3172 1
1328 7
3960 7
6215 1
3425 3
279 3
1749 1
1892 3
929 7
6187 5
117 7
208 2
7977 6
8008 7
1219 5
3104 3
4526 2
933 10
5596 10
6466 3
4670 6
6029 7
312 6
914 8
5823 2
3549 8
3777 6
4136 1
2 2
228 1
309 6
4569 6
7336 10
396 4
6175 3
4994 8
259 5
1628 8
2250 6
2925 6
3743 1
3945 8
3977 2
818 1
772 1
7886 5
527 3
2279 3
5501 2
6906 7
5123 6
1986 1
6099 8
2443 9
1237 8
1478 9
4256 7
1080 5
3075 4
5667 2
124 9
2976 6
6171 3
2169 5
5075 7
3146 9
8101 3
7323 9
6460 7
2608 4
4455 7
1283 4
2084 4
4767 6
5529 4
19 4
5021 9
615 2
1621 10
649 9
714 6
4774 9
7934 3
684 10
2037 5
4237 7
2881 10
4067 3
5557 10
3158 7
1260 1
1877 8
2230 1
3014 10
4131 3
4336 2
5724 9
251 8
3670 4
6295 2
3388 10
3975 9
4761 10
6456 7
5550 3
5307 2
4741 1
7279 4
3406 8
4125 7
1725 7
7696 1
4575 6
7056 1
3438 7
4985 8
1001 5
3826 8
6430 9
5370 4
2560 5
4978 7
948 6
1177 10
776 2
1073 4
605 6
1478 5
7665 10
2231 4
5744 1
1164 4
533 7
7862 1
7698 1
469 10
964 10
2472 9
309 7
5217 2
3580 2
5390 2
3579 5
5084 8
125 1
425 5
2172 5
1929 2
2641 8
1800 5
4097 2
6622 4
8185 10
91 3
1234 1
8055 8
3872 2
7956 7
1304 5
3120 6
4412 3
1300 7
2002 1
1210 9
3202 5
4016 3
6282 10
6599 9
762 4
3573 5
1509 7
5288 5
4265 2
6616 9
7985 9
1504 1
845 3
6962 7
1272 3
6181 4
6769 2
7143 5
362 6
2260 1
502 3
3165 5
1074 8
4487 7
7349 3
5389 6
6910 10
1893 1
4801 10
1413 3
7694 6
1802 8
4528 10
5971 6
1672 5
8139 7
900 4
2522 6
3195 7
4993 9
6153 4
221 8
6547 4
1151 6
7061 8
3321 8
6539 4
8053 10
8042 9
5996 3
3018 10
5536 9
5782 3
519 7
7500 7
6564 9
4572 6
5552 5
4383 5
3221 9
7833 10
7194 4
1229 5
2995 2
7053 7
153 5
5797 6
274 2
2449 6
4558 6
7630 9
7476 7
4996 1
709 4
2342 7
7555 4
7812 5
6525 1
2565 8
3281 10
3087 8
3314 7
1162 2
4102 1
3318 2
4966 5
7400 2
146 10
6306 10
3380 1
5224 7
4741 2
1508 1
2550 5
7293 10
2872 9
2830 7
5473 5
5742 7
6861 4
137 2
391 8
3481 8
1095 9
5473 5
2094 6
4882 10
5783 8
7226 6
707 5
6778 2
427 8
5285 6
3323 10
6179 7
42 4
3573 4
2538 8
763 7
1065 8
1500 3
2731 1
5287 4
5653 7
5954 2
7037 4
5698 7
2045 9
7862 4
6676 2
1385 7
5279 7
5918 9
2852 3
2884 6
6881 1
8163 6
3787 5
6649 9
915 10
6358 7
7257 4
7550 2
1610 2
1760 3
371 8
7781 2
3063 3
3875 5
6663 9
7739 1
6648 1
7733 3
4055 5
7268 10
1007 8
5114 7
4136 6
712 5
5013 4
5102 7
5980 10
1512 1
6692 5
6528 7
560 7
916 8
1561 10
2184 10
2295 3
6666 8
6939 10
4838 5
3501 2
5279 9
633 10
4112 4
5981 4
7310 10
864 10
4777 10
6107 5
7902 8
8162 4
5097 8
7805 9
3463 6
7624 4
7190 1
7024 3
685 2
3750 1
5794 6
7973 8
59 8
939 2
4289 6
6225 5
1131 10
5821 8
5837 4
6045 6
7057 2
7185 7
7502 9
7728 1
2201 8
1466 10
895 3
3918 5
7118 6
224 7
1394 9
6258 2
4554 4
2161 5
2952 5
4408 4
2628 6
4204 10
2766 7
782 8
949 1
2851 1
3059 10
4337 6
4892 5
4933 10
5763 9
7251 10
3645 10
1466 7
2853 9
567 9
550 7
7099 1
4980 5
1673 8
2343 2
3830 8
6619 10
101 7
4927 9
7496 3
6673 5
6853 2
2847 7
5584 2
7975 9
5191 7
4216 6
193 5
1077 7
6201 4
7108 6
432 7
7790 7
4993 9
5527 1
820 4
4383 6
5597 3
5893 7
6715 10
6793 7
7173 4
388 9
6465 10
2356 2
3192 10
1702 6
7794 6
3526 6
3167 2
14 10
4395 4
7804 7
1814 2
2157 3
3159 10
559 9
6659 1
5373 7
5918 9
6825 5
120 4
3933 7
7344 5
3710 3
4167 3
5048 7
7453 6
8101 7
2237 8
4050 3
1659 4
1774 4
6247 6
6613 10
3017 8
6308 2
3484 4
6357 10
6368 1
7491 8
7963 6
6789 4
6084 9
4882 5
3245 7
3572 1
7678 7
7711 4
6978 7
938 4
4369 7
1856 1
2405 3
2911 4
1950 1
3577 4
643 2
4454 1
7413 10
8189 8
933 8
6965 10
587 9
2797 9
3089 10
3403 4
7358 1
7056 10
3229 6
2450 5
1979 7
1128 4
4518 5
3078 9
2461 10
895 4
3736 8
3756 5
5427 5
688 2
6254 3
2723 8
5261 1
708 9
922 6
130 9
890 1
2151 9
7221 9
1613 5
8169 3
315 2
5040 7
5952 5
3166 7
260 7
490 6
3013 8
3008 8
489 4
1183 5
5905 1
3212 3
1673 7
5049 10
178 9
962 3
1394 3
1806 10
7288 4
7688 5
425 4
493 10
431 8
3628 2
4703 1
7145 4
2001 8
3315 9
5290 10
6800 1
588 6
6554 9
7017 9
968 4
6005 4
884 9
6203 6
199 7
6739 4
2139 4
5888 1
574 9
5843 5
3817 7
1481 8
1258 7
3201 8
339 7
1604 10
750 8
584 6
1131 3
1567 3
4506 10
4796 10
7141 7
1342 8
682 8
1397 7
2764 2
5906 5
1902 2
1930 3
2060 10
1502 3
1863 3
3128 4
4115 2
6419 9
7169 7
2922 1
6637 8
5246 9
1550 10
2391 3
4537 6
4930 5
5380 4
162 8
840 2
3220 7
4403 6
3240 7
1172 8
1607 9
3274 3
7941 3
6893 9
7911 10
4587 10
7049 1
1687 2
2372 8
4145 5
7368 5
1917 6
1501 7
4532 8
5637 9
5341 10
6797 3
7474 10
2581 7
8075 6
2461 6
3925 8
5891 9
7531 3
2255 6
3745 5
6940 3
8091 10
2320 3
2623 6
5170 8
5412 4
6493 4
7707 9
7411 4
7170 2
766 2
1772 3
3027 6
6260 8
6747 4
1441 3
1149 4
5155 5
890 4
1854 2
3190 7
1453 6
4654 1
1016 4
676 3
833 7
1836 4
2628 4
5189 10
7378 2
7551 7
4071 5
767 6
6278 2
51 9
137 2
7868 5
5496 5
5318 3
4036 9
7500 7
4996 2
5672 3
7294 1
1681 6
4307 2
1076 1
1031 7
833 1
7890 3
7376 7
16 9
877 5
3283 4
2792 10
5004 5
5581 10
5662 3
517 6
4669 9
7598 1
5907 7
2505 2
793 10
1611 4
2398 9
7919 6
3347 2
3724 10
6696 3
4787 4
4906 8
6214 8
7880 5
4076 4
8158 9
1019 10
5965 6
6435 10
196 10
2327 10
2535 4
5488 8
6862 4
3149 6
4912 5
5789 3
3089 3
2002 8
2556 9
5907 8
24 9
7936 5
7866 9
1947 4
1943 7
1836 5
3228 7
3590 6
7204 10
4078 9
3614 4
7760 4
7930 6
1631 5
6846 10
7888 3
2331 8
4621 6
5547 9
1256 4
1001 4
1438 9
2232 8
2614 9
3039 7
7848 6
5627 5
5302 10
5561 4
7725 6
5789 9
364 9
2074 2
681 3
6527 7
508 2
968 9
5113 1
821 2
3398 7
6955 2
8013 5
4447 8
2460 6
2058 1
962 6
1419 4
1669 6
2193 1
2307 3
5613 10
7367 9
75 3
4883 2
7437 7
1801 10
2434 5
3400 9
5083 4
7385 10
206 9
423 7
3225 7
326 3
3378 8
5920 9
7896 5
1548 8
2671 8
6306 1
3176 1
3425 9
5118 6
4442 10
3598 10
754 5
1199 3
1408 6
4799 2
3258 2
5098 10
4102 4
6697 2
3505 9
3528 2
4211 9
3033 5
1638 10
2589 8
3479 4
3866 9
5991 1
6218 7
6739 1
4739 5
8047 2
3187 2
1925 6
7668 9
8056 2
6064 5
168 5
5370 3
4935 7
1180 10
7915 1
5284 5
1525 4
5826 9
1790 3
6325 3
2867 10
4919 2
4948 9
5669 10
6058 3
1013 2
2032 6
1276 10
1211 2
4793 4
3680 8
3519 1
7984 3
889 8
5091 2
62 5
1176 10
230 9
7200 9
6940 9
4987 7
6603 3
2814 1
5024 3
4009 7
7498 2
2343 4
3203 4
5498 10
5640 8
7721 3
6043 9
1019 8
4874 1
7741 10
4572 10
551 10
2370 9
6407 3
6734 5
2949 10
5768 2
3413 3
1580 8
5755 9
6098 8
6888 2
333 8
4081 1
2440 7
3570 7
2607 7
1212 5
4583 5
5549 5
6077 4
2045 6
4895 3
5689 5
7672 9
3132 9
810 4
2324 7
2777 5
5301 8
4614 2
4020 7
840 7
6766 2
485 7
4020 3
6244 10
6441 1
7228 6
1101 8
1467 10
2015 8
3577 2
4181 9
4620 4
7991 10
2135 6
0 4
1369 3
7263 10
7398 3
394 6
4471 5
2426 5
2288 2
3959 1
1184 10
2976 6
3553 7
2998 3
3956 3
2864 1
4985 2
7592 9
5940 3
573 2
2068 1
4017 2
4580 2
6157 1
6845 1
5629 9
7383 4
4907 4
6720 3
6635 4
5760 10
5472 8
6098 4
1199 3
2760 3
4450 2
1714 9
5354 5
5408 6
3705 5
7142 3
5528 10
895 8
4647 9
279 5
2620 4
4555 5
6649 8
7349 6
5200 7
509 9
3523 5
1252 7
7993 3
5857 2
1203 1
1822 8
8009 10
5099 6
1556 3
1487 4
2230 1
2377 2
2829 2
7338 4
86 10
3754 7
7768 9
1253 1
2468 8
7950 8
8031 2
5713 7
3037 4
6778 10
6993 5
894 10
2111 9
3125 2
4235 2
4688 5
6334 1
4393 10
7149 10
4724 3
3535 7
4901 9
2772 8
6722 7
1677 1
3342 2
1987 2
1053 6
2405 3
7812 9
7648 8
5408 1
5776 6
2870 5
4435 6
1364 3
4200 4
5900 1
5900 4
5786 7
7397 9
5974 7
783 9
8055 10
321 4
7042 3
4545 9
1719 7
6556 1
6679 9
5615 3
2151 8
6708 3
4486 2
5426 8
2084 7
1079 5
1550 6
2476 1
6805 1
824 1
3371 5
3931 9
5002 6
5642 4
1747 7
776 2
3261 4
3090 9
3969 7
2038 1
2230 4
4138 8
8113 4
5971 6
3353 5
4092 4
1067 5
1109 4
1353 6
6491 5
7276 4
3983 3
2761 10
3795 2
6594 6
7581 8
7804 1
2079 2
1756 5
2644 6
5302 10
5945 4
1142 2
4639 3
6571 10
4670 2
4014 10
3565 10
4398 2
1945 9
5593 1
5796 8
6249 2
819 3
5409 3
8182 1
2597 4
4006 3
19 7
1449 2
1209 7
2606 10
3272 10
6537 6
3529 6
2184 6
5022 2
7212 1
6902 5
7183 10
6278 2
3804 8
5648 10
2591 8
1202 5
2063 6
2280 6
6346 6
6687 4
7172 2
7885 4
6991 5
6892 7
7953 8
877 2
5419 3
6123 9
7255 2
7576 5
7674 10
705 4
2438 9
897 9
599 3
1314 7
5617 8
4225 6
1902 4
4782 6
1447 5
4080 8
2223 8
6998 4
5932 3
3687 2
7355 9
169 8
6901 6
1529 3
6628 1
6716 10
6805 2
1309 9
4395 2
4817 3
614 3
6688 10
1704 6
6020 1
1923 3
5208 2
6566 10
8188 5
589 8
6910 2
4309 5
228 9
2002 6
3172 9
5851 4
6377 5
6627 8
6743 4
6969 2
5752 7
4733 2
5927 6
509 10
942 6
4591 1
5530 5
6523 6
554 2
2292 3
1329 8
2853 1
4561 2
4701 9
5797 8
493 2
341 10
6052 3
484 4
2460 8
5601 2
8011 3
5179 3
7475 8
5673 3
1067 9
1473 2
577 2
3629 10
2940 9
1759 7
1766 8
5311 2
6663 5
313 10
6417 1
6211 7
811 10
966 9
2175 4
2698 1
7479 7
992 3
1331 10
1591 3
2308 2
2493 7
413 10
1530 9
3219 6
5414 7
6827 4
1051 8
2512 2
309 10
1943 10
3896 9
4398 7
5254 3
6759 3
8147 3
2432 3
5698 1
3230 2
4960 2
5123 3
6349 7
6911 3
4340 2
6531 6
2019 10
4755 4
2703 8
3149 3
4447 6
5287 8
4385 3
8070 4
5755 3
3791 10
7140 4
721 5
2560 3
7344 4
7622 1
1480 2
1386 10
3819 5
163 1
1013 2
3068 6
3110 10
3787 9
4633 10
5120 1
7564 5
8003 5
336 8
7307 6
4896 6
2424 6
6015 1
3548 8
1737 4
1027 3
2756 1
3755 1
4505 1
258 5
4922 7
1628 3
6910 8
3885 7
7343 10
6894 2
452 4
2464 1
304 2
484 7
8075 7
921 8
5691 1
7362 6
676 4
2913 7
6288 9
8151 8
3078 7
4092 3
6207 2
1862 5
1165 8
5645 9
3741 1
919 1
2480 3
3152 1
6072 3
542 5
4642 7
5483 7
7736 8
2089 4
577 9
943 4
4961 7
7443 8
1953 4
3794 4
1899 4
536 4
1874 8
2358 4
6081 1
6794 4
299 4
7145 8
1201 10
4924 3
3071 6
1125 3
1432 2
5 8
407 8
7030 7
5000 1
4062 4
6175 3
302 10
549 5
6039 8
4785 3
3003 2
7868 3
6193 9
334 2
2481 9
3753 5
1424 3
3334 7
5646 3
6266 2
6330 1
7863 3
509 6
2942 8
5672 6
6245 6
5974 6
2137 2
2950 3
5928 4
6205 3
6588 6
6813 3
2854 6
3065 9
6146 2
1246 7
2298 4
2351 9
7677 8
383 1
4270 2
2019 7
5206 1
3339 8
1757 4
239 10
8177 10
5955 9
95 4
2471 10
2726 9
4975 3
5150 7
6951 9
373 10
3673 10
1741 1
2078 8
2626 4
2942 3
4449 4
1640 9
2288 4
4335 4
2047 8
4037 5
6271 5
5182 1
2002 7
3510 6
696 5
7069 10
1239 2
1009 6
7488 6
5273 5
5451 7
3766 7
4025 8
3509 1
3628 3
4872 5
5930 2
6479 10
475 6
3789 8
7406 1
7728 2
1064 9
1378 4
2959 6
6770 1
1270 2
4753 8
5594 6
1832 2
3166 9
2883 9
4769 8
7717 4
7930 10
1493 1
419 5
3588 10
1512 4
1072 9
2525 9
6433 8
3990 6
1207 5
5111 10
6066 7
6231 3
2181 5
6548 1
3582 6
6916 3
1526 9
7056 10
6722 3
7022 8
1112 9
3872 10
4429 10
6070 8
5796 4
3723 5
5487 5
2340 4
6858 8
2939 8
2018 6
2204 8
4387 10
1837 9
2262 6
6081 2
6272 8
3495 7
3671 9
7914 2
6595 2
2633 3
342 2
1804 9
4696 7
4989 6
7916 1
4709 5
5373 6
6540 10
7643 10
835 9
4981 6
976 8
2339 2
7128 8
7908 7
6966 4
2908 6
5648 1
2975 6
3757 9
7909 9
3567 6
3498 5
2215 10
2865 7
2902 1
5562 10
6905 10
5280 9
4974 7
6150 1
1913 8
1784 4
5769 7
6783 7
6781 8
2895 9
2076 2
3494 6
7015 9
393 2
5324 5
6168 10
2189 1
2901 10
4641 2
7853 6
7112 2
3829 5
1264 3
6647 9
5570 8
955 7
7157 5
4513 6
5242 1
5524 1
333 7
7215 9
1126 10
2941 1
4222 6
3618 9
4116 5
1311 5
3841 4
3043 10
4188 4
8122 7
6950 7
7072 5
1401 7
6895 5
7734 2
3054 2
4251 7
7422 8
2786 10
7394 2
6754 7
1645 10
1770 8
1391 2
6638 2
2122 1
3167 6
588 8
7747 6
4232 5
5511 4
5764 2
5617 10
4717 6
4007 4
1172 4
5216 7
1784 10
2752 7
3036 7
155 9
3957 4
5456 3
6380 7
7756 8
3486 1
4227 8
8121 8
620 5
3019 5
6421 4
6615 2
1457 4
4335 10
5951 7
8107 4
4431 7
7417 6
6595 7
2623 5
6542 4
5793 9
1708 8
3733 7
3915 2
4178 9
1965 6
1165 2
6688 4
2096 9
3193 6
4239 1
5805 3
3707 3
4489 4
7498 3
5733 1
3633 3
4439 7
3153 8
104 10
6089 10
1613 2
7949 2
1001 9
7308 1
2271 7
2525 1
2730 3
5121 4
10 1
4110 6
1506 2
2556 7
4115 7
208 2
525 4
3669 4
2969 2
3680 5
543 7
4099 10
4833 9
3125 3
1792 3
2420 10
7241 4
7424 6
7797 6
462 4
2763 7
1282 8
885 6
1086 1
4958 5
7341 2
6955 4
1682 9
4366 4
5065 10
7292 3
597 2
6753 7
2039 4
953 4
2146 1
3475 6
6651 2
600 6
7062 7
5403 2
2277 10
4381 7
6827 3
231 6
5856 6
2904 7
7024 5
5038 6
4615 4
4710 7
7767 6
792 1
4551 6
4344 5
1754 4
2224 3
2486 5
487 4
1822 8
6412 4
8133 6
1720 3
7066 10
7415 6
502 1
2860 1
4026 6
7125 2
1721 1
2828 1
4244 5
144 8
3839 10
2423 4
2609 4
3116 10
3291 8
3982 6
4295 4
3633 3
3551 4
5579 3
6957 2
305 8
7717 9
3096 7
517 2
663 2
3124 6
4183 5
5484 4
6332 2
6517 2
6781 1
1222 9
1586 10
2736 6
6953 3
7666 3
4680 6
2013 1
82 1
2765 8
5892 8
3249 6
3741 9
2954 10
248 9
477 1
3752 10
3251 5
5259 2
7709 10
4603 9
558 8
2627 10
7651 1
3385 3
4516 7
5912 3
658 9
36 4
4391 3
7220 3
3917 8
2747 5
3658 1
4608 4
1430 8
4208 8
857 8
3468 8
6972 3
1591 2
3008 2
415 2
3066 3
6366 8
7088 5
3725 10
897 7
6208 8
1296 5
5695 1
2893 2
4757 6
7583 5
4775 3
6854 8
1356 8
1402 2
5750 7
7432 6
2481 7
3332 2
5559 2
7278 8
5519 9
1344 10
2623 7
5788 5
8046 8
465 3
8099 10
5435 3
6994 1
4359 3
5073 6
769 1
8127 10
5408 1
1664 10
8046 8
7827 5
3133 4
605 10
2482 7
2320 2
2789 7
4673 8
6387 7
6435 4
5511 9
4694 7
6059 10
4379 4
7454 2
6895 2
6024 5
6078 5
5651 1
6396 8
6589 5
4673 2
5412 9
2596 9
2800 10
3504 9
4187 5
1152 1
1923 7
491 9
2105 10
6017 9
3720 1
3302 1
2875 2
4585 5
5779 3
5698 9
7237 7
2006 9
4027 2
4092 6
2689 6
3087 3
2750 9
2848 9
3811 3
3834 4
5249 3
5949 6
7911 6
4643 7
3447 1
6844 10
390 1
8112 10
6117 1
2786 6
3477 2
8068 2
3723 9
7144 2
6206 9
2248 3
5959 4
6053 4
7507 10
2007 6
5957 9
5204 7
3599 7
88 9
7321 9
2521 8
6985 7
7731 2
85 4
2840 7
6413 6
3504 8
6453 9
6324 9
36 2
56 3
2511 8
6255 6
4135 2
5158 8
2619 8
1602 4
5105 6
1172 3
2246 5
4249 4
4513 9
5107 10
7386 2
2342 5
1679 9
1879 6
3672 3
637 4
7959 6
2732 10
4566 9
1911 3
6045 9
6200 6
8072 9
196 9
384 6
4842 10
689 10
3978 5
6475 2
3998 5
3445 7
2580 2
3129 8
6309 2
6818 4
52 3
5260 5
4736 10
6547 10
6665 1
2154 7
4649 8
5415 10
2865 7
1240 10
6223 7
4040 5
4590 10
5461 3
7922 7
190 6
7275 7
5942 4
5722 1
6407 9
7856 2
7995 7
1005 4
2802 7
7630 3
1582 7
2132 1
2738 1
3678 1
5316 7
7616 1
2198 4
1065 9
2051 6
4850 9
5230 6
5911 6
502 1
3589 4
1766 7
286 1
924 7
4776 4
6774 4
670 3
6609 2
5758 8
3973 2
4188 1
3472 8
6495 7
7352 3
563 4
4377 5
859 10
1012 2
1291 4
2469 3
3016 9
4116 2
4226 6
7859 5
1966 7
2832 7
615 2
2271 10
2793 7
6007 3
6432 9
195 9
272 5
4022 8
2025 4
6646 8
1117 4
3892 7
343 4
3537 6
6010 7
6046 8
662 1
4620 4
5961 9
2020 1
4892 8
6599 8
487 1
7555 2
2261 1
4573 1
465 6
5458 7
6478 2
4590 10
5260 7
5696 10
6827 8
5514 6
3617 9
1617 7
1951 8
3241 4
4605 3
4616 10
6852 5
6855 8
5544 6
5172 9
2934 9
2599 7
3108 8
5432 8
5883 9
6755 9
477 6
3040 2
3227 6
938 6
4809 2
5492 6
6499 8
848 7
2585 3
6963 8
7376 6
225 9
2560 6
7976 6
836 10
4102 3
5704 8
265 3
1230 6
4829 4
2706 7
2907 9
5044 6
5691 7
603 1
5060 7
599 7
2960 1
3851 5
1010 1
1891 6
2631 8
4531 2
735 9
6516 8
7898 6
1355 3
6432 3
3479 2
5832 10
831 10
1142 3
842 2
1906 4
3803 1
5456 9
7790 10
1861 4
3010 9
6746 7
4460 4
1052 4
7417 2
7960 9
7491 9
6328 8
4475 3
6578 1
1795 6
8131 9
1312 1
3029 7
5243 10
214 7
592 2
6173 7
5769 6
638 7
6511 7
7860 2
1866 10
7276 3
6648 1
7286 3
836 2
3590 5
6854 7
7666 8
5151 10
2249 6
2733 5
4106 10
4495 2
7303 6
1805 5
2696 4
2081 7
1737 2
3416 5
6879 1
5187 9
923 10
1053 6
5934 4
3882 1
5612 3
526 3
4835 4
6041 9
1084 4
7942 4
1559 1
2567 4
2685 1
7164 9
7254 4
858 7
2393 9
3267 7
1307 8
4668 6
7419 2
6337 7
978 2
830 7
4077 1
3764 3
4844 10
4675 2
4724 9
6829 3
7315 5
5057 1
5727 2
3076 2
8109 3
7186 7
6383 7
2009 1
3233 4
2820 5
61 3
1698 10
1868 8
1953 6
7973 1
6523 6
374 1
6647 5
3556 5
1880 8
6862 4
6989 3
7223 9
2280 5
1111 8
99 10
1043 1
1741 4
5071 1
4989 8
3319 9
4288 6
3100 7
4761 4
7776 7
356 1
5142 7
5673 9
3709 6
5259 10
6928 1
1212 6
144 4
3107 2
864 6
784 8
3847 7
2811 6
5771 8
303 2
846 7
7468 6
2860 10
1810 9
4553 5
6557 1
1734 9
820 10
1880 3
5010 9
2141 5
2277 9
2455 4
3973 4
4430 7
7768 2
7807 5
7993 3
7952 7
4305 4
5658 1
2665 8
5012 10
6444 10
6547 2
6666 3
3191 3
1621 6
1789 6
2814 7
2973 7
3764 5
5453 8
226 3
4962 3
6567 1
7306 8
1176 1
2259 10
1474 5
3204 8
3287 4
3445 5
5728 10
552 10
857 6
6885 9
4463 4
6671 1
3369 2
1414 9
1086 4
4459 8
2890 2
194 1
4946 5
5572 8
5920 3
6935 10
6919 7
6827 2
2473 8
3558 8
7869 6
7906 8
4631 7
2481 1
1010 8
2243 1
3332 1
7302 2
4724 7
3314 9
3862 10
4436 1
2758 6
4334 7
8175 3
223 5
5173 5
5341 3
6384 7
7857 8
8168 9
6520 8
4599 7
7396 9
1806 2
6037 3
5028 10
5262 9
6846 8
1111 3
6888 1
2412 4
4886 2
5957 4
7721 2
5646 9
5961 10
4425 2
6739 9
1705 9
2895 6
6039 8
1209 9
4999 2
2677 6
4629 9
5028 3
4870 7
4881 2
5531 1
4840 5
16 10
155 7
3017 2
2356 10
1628 4
1043 1
4069 8
284 5
604 5
4752 7
2443 10
675 2
5802 4
1212 3
3474 7
5378 2
6498 4
904 2
7680 9
4549 8
3795 7
4243 10
1556 8
2313 5
3057 7
4249 3
8176 2
185 1
1254 5
5292 7
6104 10
6589 7
6279 2
3140 7
980 3
7344 10
8092 5
5415 2
147 3
4796 2
1580 1
3796 1
3842 10
4034 6
3683 3
1321 6
3417 3
4732 9
7510 9
7582 2
585 9
2433 1
6059 3
5003 2
1845 7
3773 1
764 6
2037 8
2658 8
3119 3
5246 9
6045 7
7492 3
5711 10
3256 9
5168 1
1484 7
2612 2
5482 5
6369 7
5704 9
2233 3
1336 3
6011 9
3327 7
4666 10
4979 6
5131 7
6416 7
629 8
0 5
7721 10
578 1
4913 2
5657 3
598 4
4963 3
4830 7
8098 9
3724 7
2858 7
2506 9
2704 5
3920 6
4942 8
119 6
4265 10
2125 1
7459 6
3354 9
5684 1
7808 6
283 4
1380 4
2018 8
2525 9
3949 8
4853 2
5884 5
5725 10
652 10
4066 10
1420 10
4289 3
556 3
647 8
576 4
5808 10
3784 7
2568 8
1643 2
5392 1
6098 2
676 9
786 7
913 8
1407 2
4828 3
4004 3
4479 9
2011 10
2333 7
3542 5
4840 8
1835 8
2560 1
1965 5
2049 5
2912 8
4276 6
7861 6
530 4
2784 9
2428 6
3059 7
6124 1
6720 3
482 3
2725 4
7485 9
3868 2
5203 6
5647 9
5970 1
6030 8
5981 3
7065 9
3358 6
1413 5
6135 10
15 9
6226 7
1734 2
4967 7
878 2
5218 6
2201 10
1251 6
7583 3
7315 6
6206 7
5778 3
2321 3
7633 7
332 2
4785 5
1759 2
2080 5
2998 4
6479 5
7255 4
5029 9
6925 10
2835 7
59 8
95 2
4984 1
6491 2
1795 5
2109 10
2103 7
4882 10
5255 8
5586 2
8000 4
4464 5
2202 7
2901 7
1913 5
2373 7
5020 6
4601 2
3391 1
5390 3
7747 2
6175 8
1557 6
2592 3
5677 4
7570 9
897 8
1608 9
6539 1
1980 8
2724 6
4303 10
4956 9
5266 7
6178 8
7747 3
499 8
1087 3
6512 5
6920 1
4023 4
2363 4
6096 4
546 10
2694 9
3163 5
5801 1
4098 2
4359 8
1875 2
550 8
6296 5
7951 3
1623 7
4514 2
2304 7
3721 1
4036 10
7563 5
8149 7
6215 8
7861 6
2107 5
706 1
335 9
2467 5
5269 10
6691 6
6960 8
5212 9
2805 10
5211 9
704 8
6539 7
3386 5
1790 2
2889 7
4078 10
5181 4
7418 9
7588 3
1756 2
577 6
1976 3
7066 6
3567 7
5050 3
7552 10
844 10
7746 9
6674 8
7967 10
1906 7
2084 4
818 7
8121 8
3777 7
4757 3
3426 10
6018 2
6319 8
3422 8
3135 6
5093 8
5324 2
7589 4
7595 1
1617 8
2085 10
7784 5
7520 4
6127 10
4441 1
3738 3
1570 10
3580 7
4651 1
7310 9
191 4
3101 6
7889 10
2795 2
1493 4
1168 10
7846 4
496 7
3080 8
3490 8
2918 1
4681 1
8119 5
4351 7
4567 7
2539 2
4409 5
3998 1
4101 7
4502 9
7381 1
8007 8
66 9
7465 1
3682 3
5670 10
2169 1
2299 4
3209 7
4136 2
6297 6
213 1
5580 2
1387 3
6959 1
498 10
574 8
1331 9
4954 10
4017 3
3840 1
2933 6
3251 9
4182 5
5334 7
5645 1
7392 8
4976 10
3873 2
5156 1
7619 1
3333 7
389 4
4235 10
3293 3
4294 8
30 5
1608 9
6226 4
4014 9
2128 5
7313 4
1054 3
5468 1
4599 4
4340 9
5340 10
572 4
829 6
1832 8
6092 6
6439 9
7040 2
450 9
555 2
6856 10
1109 8
151 8
4005 4
1471 2
3963 4
2657 1
1615 4
4354 1
6233 5
4182 5
4378 1
4092 9
7334 3
970 7
7325 5
684 6
6730 3
1641 6
2455 3
2951 4
2998 4
3591 7
4475 8
4493 1
2409 1
708 4
6241 3
8088 7
8168 5
4495 9
4430 7
4637 9
129 7
7442 3
7569 1
6954 9
377 10
3973 7
1553 4
2867 1
5703 9
7853 10
1142 10
6908 5
3186 3
5580 8
5706 7
7872 6
5751 1
6740 2
4373 9
7286 6
7805 3
516 6
5301 4
1895 3
7639 4
3547 7
4165 6
5493 10
427 6
970 4
3129 1
558 1
193 4
5186 6
265 4
2538 9
2836 7
953 4
1831 7
2643 9
2788 10
3825 2
4506 4
3486 10
3180 6
1181 10
3065 3
3107 2
258 5
4844 4
3261 6
6831 6
4251 2
3393 4
766 4
950 4
6647 4
1316 4
8001 7
5739 10
3163 9
4718 4
1047 7
6905 3
3020 10
743 7
6158 1
4243 6
399 6
5943 1
3757 6
3280 7
2792 4
1447 10
3372 10
6494 3
7211 2
6179 6
4085 8
1315 3
7012 5
7796 4
4940 3
3287 8
3407 7
5510 2
5660 7
206 3
4824 10
7041 10
2580 9
3616 1
5238 6
6320 6
7410 10
5937 4
3982 6
6087 3
2747 7
5097 10
5916 8
7375 7
7481 6
582 3
7634 5
6172 2
7500 6
616 6
4500 9
6417 4
3613 3
7585 1
7412 1
4044 3
3591 9
520 10
4937 10
7264 6
1212 7
2860 4
3218 6
4963 2
5098 5
5498 8
6948 2
491 8
4942 2
1587 3
6918 2
1529 10
2524 2
3168 4
5218 10
7398 8
5417 6
689 9
1245 7
6780 4
7758 1
7773 2
5739 9
6868 10
585 4
615 9
4765 3
2923 5
7531 9
2256 10
6709 6
8151 7
7872 1
4742 10
2926 6
949 4
941 7
2472 3
7417 8
4827 9
3270 7
3426 9
5425 5
7775 5
3162 10
92 9
6361 4
1162 8
1427 2
1589 4
3169 1
4853 5
6924 3
994 5
4125 8
4253 5
3358 9
3831 3
4651 6
6369 6
7612 10
984 4
1365 3
1757 7
3986 1
6042 2
6094 5
488 8
2778 6
127 1
4104 6
5109 8
6066 10
8116 1
1080 7
4827 6
6270 9
6978 2
2078 9
2821 3
3156 2
3404 7
735 8
4803 4
2980 5
2945 10
4907 4
5967 7
6865 7
428 1
3910 10
2375 7
1116 10
2015 6
6684 1
847 2
5043 1
4162 9
2721 7
359 5
1518 6
6116 5
7254 2
2181 4
4402 3
5946 3
6149 10
881 3
4148 4
7497 8
1662 8
3364 7
3645 5
141 3
359 7
2180 7
3860 3
4122 10
5964 9
6840 2
7737 2
7126 3
7296 3
7150 9
4810 10
5943 8
2463 4
3785 10
6331 4
1440 9
3464 7
7917 10
973 4
4959 5
1569 8
7852 5
4794 8
7517 3
3373 7
2234 4
237 7
1672 9
282 5
6414 5
4917 1
5573 4
7788 6
6149 2
4298 9
7549 7
7770 4
7674 10
3779 2
1276 1
6689 4
175 8
3303 5
3521 6
4002 1
21 2
7814 2
6008 9
6075 7
3947 4
1216 3
1866 8
2962 6
7471 7
2290 9
4082 4
133 1
1886 9
4587 10
6566 1
7878 1
690 3
102 9
6046 4
3718 9
6667 2
2618 10
7074 5
2986 3
972 5
7733 1
3899 8
7197 7
7258 1
4312 6
4370 3
21 9
1392 10
4430 4
1433 9
2028 9
4825 7
4438 9
5734 6
75 6
1005 8
1696 10
3382 6
358 2
5118 4
2957 3
1466 4
2371 4
7897 9
7224 2
1338 10
6184 8
3415 7
5742 9
5779 9
5877 10
6136 9
6826 6
1080 4
4307 6
2627 7
3040 2
6378 7
6468 9
105 6
5677 8
371 8
1557 5
4220 5
7745 7
515 5
760 9
2971 8
612 4
4543 9
2138 9
1061 9
1381 7
2181 1
6636 4
1222 9
3119 1
3728 9
3779 3
4075 5
4702 6
5564 3
4930 2
3611 5
1629 8
4467 8
3507 4
7964 2
1610 3
5131 9
3276 9
7126 3
816 4
996 8
7858 3
1067 4
6192 9
416 6
6475 6
1686 5
3902 10
2380 1
3117 7
5542 3
7388 4
549 8
5122 3
1013 4
4345 3
1137 7
1437 1
3602 9
7673 2
6438 9
4229 4
7614 6
5013 3
6343 9
721 6
1197 3
2577 6
2659 9
4081 3
4702 1
5075 4
8184 9
834 1
1146 6
3430 4
867 8
7480 1
27 5
4637 1
2939 2
3081 3
5921 6
820 2
3121 2
8155 4
628 2
1007 4
4022 4
698 2
1097 2
7054 7
5246 9
4322 3
1501 7
4084 3
5587 9
461 9
7644 1
6464 6
6515 8
357 8
599 4
2043 3
6459 7
2802 4
3737 7
4576 1
6148 5
6391 1
5596 6
5094 7
2724 6
2141 5
2238 3
5205 7
6550 7
284 1
1672 7
5171 4
7879 4
607 10
632 8
7021 6
2479 8
5384 6
5706 10
5963 3
6323 2
5539 8
3710 3
1700 2
7824 8
2108 9
3463 4
1974 2
2026 7
3909 8
6688 2
188 5
1653 10
7154 10
5114 1
5936 6
7259 5
349 9
2170 7
6759 8
7845 4
6476 5
3412 10
1218 5
1421 5
2509 5
3129 9
5963 5
7432 7
5880 7
3637 2
3741 4
3754 3
6165 6
6314 10
359 7
3941 7
7952 10
5532 10
3512 1
7984 3
701 3
7104 7
3265 6
4095 6
2940 7
7622 8
1898 8
6598 5
2121 1
7942 6
2590 9
6564 8
1134 10
4984 7
5169 5
6412 10
1395 1
6682 8
1396 5
2906 7
7471 9
603 7
7272 6
5272 2
1831 5
3851 4
4718 10
5908 8
6474 10
7117 5
5245 8
7681 1
4258 4
7115 6
5827 3
7621 3
1636 6
4774 1
1964 4
3026 9
1517 4
1928 6
2005 1
3249 1
1990 8
3289 2
6248 10
8079 7
7817 5
4963 10
3358 5
4113 7
6992 8
2769 2
3215 4
3854 4
7009 8
88 10
4788 5
2367 6
6645 6
4169 7
2269 2
2876 10
3082 7
5592 8
5714 1
3453 2
7845 6
3732 5
1115 8
3981 7
4155 10
4200 3
5853 8
3252 2
3493 10
4733 9
1284 1
7679 8
1468 8
5395 1
2467 10
5985 5
2983 6
4293 6
4320 6
7441 3
7877 2
4453 5
1329 9
5883 5
2207 6
3262 1
7193 2
8182 8
853 1
2908 6
7728 6
3982 9
876 1
1153 6
2428 1
3305 1
4695 6
6767 5
44 10
4509 5
8016 5
275 2
2008 9
4319 1
5938 10
3810 9
3992 9
5773 5
4887 2
7115 5
489 10
3636 2
7905 7
2512 2
1198 1
1534 2
1930 10
5915 2
954 7
2194 7
5160 9
8098 8
1238 3
3255 3
6973 2
8069 8
6336 8
2554 5
3400 9
4036 1
4988 9
5568 4
387 7
2007 5
6846 6
306 8
4474 9
3763 3
5778 5
1765 10
7383 8
7451 7
7718 3
692 8
4079 6
7213 8
3863 4
5734 10
4930 5
837 4
4250 2
8142 9
4660 2
2797 4
7974 4
844 6
5184 6
655 6
2837 5
5249 9
6181 8
6403 2
6528 3
937 3
6283 3
2622 10
26 5
1900 4
4428 9
5839 10
6376 10
5641 10
6815 8
2053 3
3138 10
4558 8
8187 8
55 8
7543 7
8073 10
6039 8
6550 4
3916 1
3704 7
4377 6
6640 5
1762 6
6739 8
7438 4
3383 1
1992 2
7157 9
1671 3
5277 4
6409 8
4213 5
2304 4
4394 3
6231 3
5060 6
5388 4
6209 10
4572 3
1380 5
1628 1
1742 2
6289 2
6468 5
1001 9
3004 8
2179 2
2001 6
4398 4
6874 5
7922 6
5071 4
7062 8
1614 9
4938 2
4812 1
5479 7
2062 5
8074 1
6918 1
5840 2
723 9
5754 1
5126 7
2553 5
817 9
2653 4
7564 8
543 8
2541 4
2904 10
2969 4
6443 8
7891 2
8111 10
6363 2
5843 10
665 5
262 4
1005 4
687 9
3250 1
4538 4
5513 7
6898 4
2201 7
3499 8
1856 9
3688 6
5478 2
7312 2
3770 2
8155 5
298 9
3317 10
7632 3
1586 10
5423 1
6382 8
5649 5
8082 1
6658 5
1454 3
4391 6
726 9
2714 2
7863 2
4509 1
6848 9
517 4
1937 1
7357 2
2448 7
5503 10
2836 1
3840 6
5951 10
6959 4
4359 5
5266 6
527 8
5050 8
6641 3
7878 9
8117 2
3083 6
2834 2
4819 8
1222 5
4855 5
5273 7
5288 2
603 1
4685 7
2670 6
397 7
4727 8
1964 3
494 10
562 7
1871 10
3859 9
1791 5
6463 5
5888 3
6040 1
4065 2
1205 5
2754 8
6557 5
5736 9
661 5
1359 4
2748 9
5174 8
975 7
999 4
5377 5
504 5
1513 1
3799 7
4848 7
1373 9
3625 7
1153 3
4548 5
3752 8
1442 7
3788 1
5941 9
3209 1
4221 4
5391 10
7521 4
3515 6
6162 7
845 4
6986 4
6888 5
462 7
3707 2
2331 4
3295 9
6470 10
7142 9
7536 4
2686 5
3122 10
2488 7
4467 10
865 4
4260 10
90 10
5924 3
764 1
8010 6
8027 5
8114 8
13 5
271 3
914 3
1781 9
6607 4
5015 5
4581 5
6051 6
1203 2
1163 1
2879 1
4330 5
6215 3
4546 4
1878 5
2722 5
1574 5
1875 7
4064 7
5528 7
6422 3
7420 1
4173 5
7411 6
2910 8
2177 2
7743 5
5684 2
1999 8
4038 10
328 8
3632 8
5362 5
4716 5
3403 3
6940 1
1331 8
6294 5
4159 9
6312 1
6804 3
8047 7
4484 9
1873 2
4567 10
541 9
6973 9
468 10
481 6
3177 10
5433 8
5555 3
162 4
3447 8
2454 9
5074 6
6614 4
7380 2
6490 2
1013 2
1148 10
2873 2
4403 5
6565 5
8179 8
219 6
2101 6
4805 9
465 1
7191 9
5362 4
7395 10
7650 4
4220 10
188 5
1347 2
2084 8
4543 2
4413 4
1803 4
1854 8
4473 4
4974 1
5153 10
639 8
4827 10
6868 10
6669 10
2650 8
2750 6
3690 8
366 1
7148 3
3996 5
4051 9
4481 10
5105 1
5305 3
5490 9
6255 10
6682 1
478 9
3929 1
3213 4
1468 8
3234 2
5447 5
4644 4
2424 10
5728 8
1768 1
6270 2
4015 3
5647 5
6277 6
6670 6
8124 2
439 7
7143 7
5461 4
2935 4
939 8
665 4
5129 4
1357 3
5977 3
5704 4
3697 10
3711 10
6588 1
6785 9
853 8
872 3
4079 3
1901 5
1661 3
4244 3
2219 3
4969 8
7697 9
6979 4
729 9
3989 9
5571 4
8015 5
1133 1
2492 5
4961 2
5106 8
1907 1
4775 10
2954 6
1505 8
7737 7
1038 8
977 10
4700 5
6879 4
4642 6
4772 7
4281 9
7293 8
7853 10
822 4
1186 5
5912 3
6140 5
7253 9
2956 5
7763 7
1182 7
4843 3
6055 8
7963 5
7391 7
3957 9
4905 1
3999 5
2287 8
4876 4
5222 5
5713 2
7811 2
4005 1
6018 5
1602 5
2133 2
3340 1
4041 9
4774 4
5079 4
5361 2
4870 1
2307 10
2796 8
6133 1
1700 7
8038 10
7899 7
7650 4
4344 5
3233 5
123 7
3013 2
710 3
5124 6
3772 7
1641 5
3655 10
3972 7
6261 8
8047 1
744 10
2969 5
2261 10
2117 4
2535 7
5372 8
6200 5
8141 9
4439 8
6599 4
6216 6
7177 7
575 4
7297 10
1895 2
2432 6
185 10
7465 4
6994 5
1335 1
1883 5
1958 9
105 10
7327 3
3375 6
4911 8
473 9
4068 1
4930 5
1336 10
2107 4
555 10
588 3
1802 7
2348 5
3649 8
4423 9
1375 4
5689 8
1278 3
4632 7
8167 9
1113 1
6126 7
4667 9
3714 10
1461 2
3932 4
6473 9
6419 7
3421 9
1029 10
6474 10
1284 5
3450 3
1890 9
2060 1
6204 3
2338 6
5830 2
6034 7
6890 5
6440 10
1173 3
2771 4
6076 4
1007 7
3976 6
4593 3
3756 5
5256 5
6613 8
7120 5
4646 10
7921 2
4483 1
3878 1
2811 9
3265 5
5760 2
6819 7
1995 8
4471 6
6682 4
2866 8
4719 4
6652 6
2179 3
4341 1
149 7
1488 7
2165 10
2567 6
3430 8
5043 1
7908 5
3645 9
6383 7
4669 8
668 2
836 3
946 10
5525 8
6550 10
6155 7
6644 5
7532 5
7888 10
4698 5
1300 1
2572 6
1653 3
3781 10
6131 10
5336 10
6846 1
3559 5
5542 2
3274 5
4539 4
7133 7
7287 7
3694 4
4377 7
5598 1
5766 10
154 9
1010 6
3741 7
6905 9
1377 5
3334 8
3801 4
4393 8
6640 6
7463 4
490 6
3368 5
2411 7
2523 1
2970 2
8047 3
272 10
6789 2
7282 1
1097 10
2440 5
3453 4
7469 2
598 4
5450 8
2446 8
3844 7
4407 6
6870 5
222 1
6497 7
1276 6
6471 7
2360 3
2615 5
2713 6
7432 3
531 6
5196 1
7329 3
7506 3
2374 8
2606 5
7112 8
797 1
8139 3
3144 3
5467 10
3996 9
6676 2
1537 6
1043 6
2692 7
1081 3
1471 8
4293 3
5452 6
6767 8
4186 6
3488 3
1648 10
3057 9
2506 1
2838 7
6525 3
3576 1
3837 5
4689 2
5357 3
7462 3
1613 1
6644 6
1243 4
3886 9
4791 10
5797 7
6071 7
6188 10
172 7
3204 7
6595 3
5247 8
5406 7
6882 8
6022 9
7254 8
5283 4
4592 1
1584 10
7723 9
6298 6
5288 6
7396 10
2428 6
6830 5
8118 5
78 3
4121 5
1298 6
7005 6
3827 10
2473 8
3555 6
4293 8
133 7
538 2
1870 1
971 8
3348 7
2125 3
3042 5
7225 4
1088 1
6945 3
5340 10
4423 1
96 1
288 10
518 4
4974 9
5516 7
7763 2
4983 6
6427 4
6760 7
706 8
757 2
1388 10
1454 5
6399 8
2739 3
6950 7
73 6
6898 5
4968 8
2003 4
2201 2
2987 5
3006 4
5196 10
7414 3
7895 10
6835 2
2348 5
928 10
3109 6
4614 2
1697 10
2538 10
2921 3
3417 3
4332 5
4388 1
3392 8
1781 1
5465 5
1378 2
4886 3
4968 8
6516 3
6681 6
7420 9
5682 3
3069 1
7927 3
6463 8
7119 1
2246 9
2694 1
7290 3
142 3
752 4
808 3
592 8
5282 6
1199 10
1136 3
4517 2
1969 10
2976 8
4963 5
5750 8
5817 10
6513 4
7789 10
1543 1
1951 6
2492 7
3094 8
5344 4
7475 1
7674 7
2820 4
5040 2
432 9
630 10
863 1
6921 5
1347 9
6593 10
6382 8
6573 8
2770 2
516 10
2068 9
5064 7
6369 2
6643 5
4121 3
2706 2
3374 8
2950 7
3672 4
5237 3
5321 10
7242 7
7623 1
4675 10
2544 10
2584 9
3352 4
6633 1
625 10
6601 10
951 10
2427 3
4159 5
1489 7
1600 3
2371 6
3520 9
4341 10
5671 3
6159 7
5058 6
5665 6
5585 2
1118 7
1260 1
1841 6
3605 5
580 5
1244 7
7203 8
1796 4
5785 3
641 10
3767 10
1627 3
2515 6
3434 4
5309 2
7150 8
7342 7
7393 3
7974 8
1378 3
1305 3
1222 1
3033 6
6551 7
157 10
1117 5
2891 5
3297 9
5443 3
7800 5
4651 10
6640 5
6591 8
7724 9
4702 3
4954 10
2774 10
5431 4
4799 5
2791 5
5910 8
362 10
1429 1
5886 9
7142 1
6541 4
3793 4
4856 2
4909 8
6491 1
7035 8
5233 9
3728 4
2773 1
5079 5
7400 1
5083 5
1437 10
1816 7
2164 6
3587 5
3676 10
4190 1
4606 6
355 8
5734 2
3489 3
6038 9
6246 3
1338 3
5926 9
2502 10
1200 4
1374 3
6872 1
2195 7
2441 1
2910 2
7083 8
3322 2
469 2
2171 10
5184 1
4142 3
5463 7
7959 1
8133 7
8136 6
1009 3
5955 7
6239 8
324 7
7320 5
4125 3
1046 1
1211 9
3883 3
6672 10
7614 10
7740 2
646 3
1172 10
2388 4
5643 9
620 3
3271 10
1467 6
3168 2
3246 10
6298 2
7362 1
1195 4
2452 9
7174 2
346 5
3991 1
7867 1
710 10
4580 6
3282 8
1934 3
4425 7
4949 10
2610 4
3316 9
674 5
2496 4
5857 9
7600 3
190 7
1088 2
649 1
4674 2
3549 10
486 2
2245 9
7569 8
1882 2
4598 8
1637 10
4169 10
422 8
1078 5
321 4
4302 1
1715 6
2264 4
158 3
1949 4
2692 1
164 10
3384 9
3808 5
6361 4
727 5
4714 9
3505 10
4161 6
4351 7
4620 6
7642 5
4642 3
7431 2
5331 1
4153 6
5370 5
7176 9
874 9
671 7
2266 8
7937 4
3530 1
5138 4
524 9
5711 8
7455 8
5839 2
4506 10
1198 9
4969 1
628 2
1484 4
2166 4
5083 3
856 6
964 7
1869 9
877 3
635 5
1259 1
6314 2
6523 5
7456 8
1370 5
7885 1
4190 2
5414 1
3022 7
7170 10
4445 8
5847 1
86 4
8130 1
1864 4
6537 6
3416 2
7108 2
4981 6
4029 1
989 3
3504 1
2094 5
2707 5
3164 8
4784 8
251 2
2403 10
4216 3
1508 1
6293 7
162 7
1024 5
3714 4
1626 6
6351 1
2620 5
2868 5
5513 7
497 5
6906 1
7161 5
2358 1
4978 4
7532 7
2172 8
4169 1
6190 10
3745 1
6926 6
369 6
482 7
3814 1
3685 7
5570 5
6685 2
777 9
1002 9
1185 1
1075 5
2675 1
4749 5
4993 2
6133 2
7122 5
5015 10
4756 2
1661 3
3050 4
1435 4
6312 2
3462 8
7604 1
3933 7
5444 2
2081 2
2194 7
3040 1
3583 1
5823 5
7122 5
165 1
473 4
2533 8
4263 4
1260 9
6987 8
7166 5
7234 2
4537 9
6721 9
3359 5
2409 9
1662 3
2801 1
6481 9
7698 5
8145 9
534 5
2676 2
5847 9
7481 7
404 2
832 6
7180 1
3506 1
1651 7
4708 2
7510 3
7703 10
8076 3
6783 3
1274 2
4311 10
3790 9
3770 8
3841 6
3961 1
5981 6
6832 2
3555 2
5139 7
5800 3
6933 1
2702 8
2447 9
255 1
1644 5
4256 4
7675 6
7802 8
523 1
7948 3
4181 10
4097 6
5795 1
7342 2
3717 2
1267 2
6071 4
6121 10
132 8
6903 9
4292 1
4599 5
3847 4
504 8
7143 1
4537 9
1352 3
2111 9
5239 8
6452 5
6754 4
1047 3
7588 3
2385 2
2914 4
721 2
6169 5
8079 3
2955 8
3101 8
3203 1
4944 8
6550 3
7118 3
7592 8
814 10
2932 6
5840 9
2405 4
4084 6
1355 4
7787 5
4330 9
4922 4
4763 6
3860 5
4597 9
4921 3
7693 4
4845 8
5020 2
4676 7
1459 5
2219 7
2668 6
7067 10
7580 2
1156 4
51 8
3952 3
1460 3
2936 1
7092 2
1183 7
7647 10
6982 7
4340 7
4533 9
7156 3
44 5
966 7
2284 10
5186 7
5156 3
3122 10
715 7
3200 4
55 6
1601 3
2894 3
3374 9
5712 2
6122 3
4679 9
5344 9
5759 3
7318 4
7750 10
6390 2
1359 8
7573 5
6274 2
4162 5
6540 5
904 6
117 1
1717 9
6062 8
6262 2
649 7
4062 9
4789 10
4852 3
5500 4
1452 9
6512 10
7141 5
7449 7
651 1
8141 10
7050 1
7742 9
6940 9
7780 4
880 5
7740 5
6431 9
2996 7
3496 4
4750 2
5244 1
5980 6
6946 3
612 4
5802 2
7343 4
3801 6
2854 6
7323 3
7685 3
7766 6
2044 7
2505 8
5944 3
5964 10
2046 3
587 7
7303 1
4763 7
5928 1
7017 7
1212 1
7189 1
7483 4
1226 9
1182 1
6129 4
7049 6
510 1
3733 9
7840 7
7991 9
1363 8
6182 10
7221 3
1906 2
4097 4
4797 4
7916 5
4825 10
2851 10
5232 1
5465 8
5489 10
6051 5
6890 10
7752 3
5063 3
1289 3
2644 8
5233 10
6473 3
6908 7
1983 9
7470 5
742 3
6915 10
7971 4
7488 10
7365 7
1893 10
3465 6
6798 3
7212 10
5759 9
6747 3
353 5
7784 10
1235 2
8045 3
5724 10
3907 2
4678 4
2632 1
4343 1
5602 3
2639 7
8079 3
7708 5
5027 10
5431 2
5648 8
8006 8
240 10
5600 6
6910 2
724 2
1276 6
6798 5
7122 9
92 7
3028 8
37 10
7702 1
3689 5
4085 4
4701 7
6753 4
340 4
8000 5
526 3
5908 6
4824 10
6980 10
6456 7
7412 4
2119 5
3655 1
4973 10
1231 2
1710 2
5814 9
3107 3
6539 3
2089 9
5636 6
628 10
988 1
1150 6
1270 6
282 10
6768 7
4986 8
5617 3
5885 10
6711 3
5043 1
5031 1
7983 3
4624 7
2267 9
4730 7
7705 5
1132 3
5180 9
7468 3
2265 3
1356 3
3799 9
6533 1
2759 10
5250 4
4522 7
5655 9
6660 3
6152 7
2677 4
6401 4
5128 4
5626 9
5916 8
76 8
4369 10
7457 8
5668 10
230 1
764 8
5236 8
6911 7
5559 5
4013 10
1406 9
1708 4
2310 4
2394 3
507 4
6120 6
4714 7
5463 7
3084 3
4085 9
1040 1
1305 7
6370 10
1134 5
5869 4
4756 9
5189 8
6736 2
6743 5
314 4
3009 7
3409 8
6835 6
3880 9
3550 5
6408 9
2748 7
3805 8
3970 2
4616 4
5955 4
2342 7
2442 1
4252 3
5124 8
1263 3
4006 6
3768 10
2403 2
8126 8
3951 3
7532 9
5065 6
7515 6
820 4
3553 5
1817 3
5314 10
4887 8
7821 3
8023 3
6339 7
1943 4
141 3
338 5
5011 5
5636 3
489 1
6534 10
5452 3
2514 4
6650 4
2891 2
1966 3
2085 6
6869 5
1376 7
417 8
5922 9
6146 4
787 5
5640 9
2776 10
4742 4
3158 8
2978 2
6018 1
7225 2
5075 8
4046 6
1808 8
1477 5
1837 3
2597 4
5929 1
4920 2
7040 9
1160 6
6972 4
6357 2
6388 4
6629 6
3627 4
3779 4
4745 7
524 7
1143 1
6974 9
170 1
2696 10
4562 3
7915 3
4215 4
3484 10
2120 6
7464 8
2433 4
3428 1
7354 4
1970 7
5194 9
6942 4
7708 8
3523 10
2446 4
523 5
7269 5
2735 5
2740 10
352 10
1185 3
1284 7
387 5
6534 2
2580 9
1600 3
4416 2
5947 8
7452 9
8110 1
1699 7
2315 10
8139 5
2116 5
846 8
3827 8
1385 6
5996 6
285 4
5735 1
5542 5
4052 4
2231 3
410 4
2779 5
680 9
4574 3
6528 9
7768 4
348 8
5061 10
2611 2
3685 2
4856 1
745 5
2547 7
2220 9
4945 9
8162 5
839 1
8082 9
3756 6
6328 7
1343 9
2118 6
7375 9
1412 3
1363 7
3537 7
4043 7
676 7
42 3
5197 2
6045 2
959 3
2838 3
5374 9
5486 1
8030 2
953 4
6720 10
7874 7
2723 6
2758 7
2018 9
5220 7
5277 4
7527 3
3681 6
8070 1
3209 1
2729 8
5303 5
2450 3
433 2
2480 7
3086 9
4543 10
6076 8
4617 3
1760 7
4926 10
7093 5
5446 8
5828 1
1798 6
2001 6
2172 2
3471 5
1 9
4504 3
2355 9
883 6
3289 7
1974 5
6869 2
5208 3
1404 1
2255 6
3140 7
3370 2
5089 4
345 1
6302 6
5643 1
2846 9
6785 6
7192 10
3849 4
8100 4
6222 8
7143 9
3830 7
6644 5
5272 10
5707 10
61 6
7189 2
2824 5
7266 4
4477 7
3277 3
7017 2
7081 9
2445 1
5919 7
5524 6
1619 2
1634 1
2531 3
6211 5
495 7
4682 10
5684 8
5244 1
3843 8
6282 7
1042 9
7529 6
3540 7
685 8
2994 1
5659 10
6262 3
6705 6
6589 1
2582 3
38 10
2994 6
34 8
690 10
933 9
1093 8
1512 10
3434 7
1460 2
1934 3
1680 2
2176 2
3318 9
5978 6
6997 9
7706 9
7551 6
2514 7
2343 9
232 2
6912 3
8059 6
6391 5
6761 5
2270 10
5047 9
5935 8
6947 9
6970 7
1129 1
5746 7
4979 9
3768 3
4646 10
5258 10
7368 6
1131 10
3463 8
887 3
4221 4
4513 2
5846 4
5181 10
5140 5
4682 6
6785 8
7113 7
7154 2
7308 7
998 10
1194 3
4228 2
314 4
3641 2
4927 5
1430 1
6969 5
2603 3
3401 1
3947 1
4242 9
6726 9
1673 6
5912 7
3028 7
7273 6
4499 1
6930 7
6252 10
4144 9
5418 5
6761 4
589 8
5277 6
2042 3
2725 1
3413 10
4314 2
7779 2
4178 2
1312 9
1404 7
790 10
5320 3
1385 6
7450 1
6281 1
2129 5
3080 5
4744 5
166 5
4431 6
6335 6
4028 10
4609 3
6532 8
7 2
3230 2
4943 7
7023 5
1099 2
1176 9
5033 3
4681 10
4471 5
3479 8
6589 7
8045 1
1938 3
4053 6
7442 1
8185 4
64 9
4636 2
3710 2
3011 7
11 9
4059 5
6567 5
2217 2
2491 10
2517 9
3253 4
4797 4
5217 7
1633 4
2082 10
5285 10
6374 6
6673 10
7686 2
6539 6
4656 2
1237 3
1583 10
5540 4
7089 5
3804 10
665 6
4227 2
1814 1
3154 10
3748 3
5798 3
6962 9
493 2
4937 9
6296 5
2291 1
5689 5
835 3
4652 3
1240 4
2933 3
1818 7
4400 4
5364 5
789 8
6591 9
1278 3
3299 10
7270 1
1109 3
6155 7
5396 5
7379 1
6018 8
8129 1
5219 3
2059 6
4409 6
1079 4
6718 9
1249 8
2007 7
3439 8
5976 4
430 4
2187 8
2514 9
6470 6
5645 6
7634 10
4905 9
1862 7
2130 9
2701 1
6102 8
1792 6
5561 8
1261 8
1313 7
5508 2
6886 9
7250 10
3822 4
4615 2
6366 7
5923 10
657 3
48 10
2069 2
4864 10
199 10
4147 1
2003 6
4948 6
973 3
5995 7
303 7
4970 10
1969 9
2381 8
2123 8
2856 4
3681 1
5936 9
7621 6
5634 5
7728 6
4641 1
5711 10
6482 10
8080 9
1557 4
5699 8
1684 5
1689 8
2394 7
4431 3
286 1
2389 7
3587 2
640 3
6648 3
1213 5
2499 7
5044 1
6307 6
5561 1
2387 10
5463 6
6197 8
6105 5
7366 7
4308 7
356 1
5593 4
2178 1
3157 4
4235 9
6354 4
1081 9
3950 7
4396 6
6699 1
1858 6
7690 10
1195 3
6691 8
1900 3
5813 9
2462 10
5844 1
6132 2
7254 4
1132 4
8095 5
92 3
2397 10
3048 2
5509 7
1295 7
5452 3
4773 4
268 10
2574 9
2097 7
3059 2
1146 5
8035 3
1882 7
1169 2
1185 3
317 2
4475 9
723 4
7462 7
3557 10
3657 6
3659 7
5521 10
6073 4
7334 7
3268 3
893 4
8131 1
4206 6
1060 5
1947 4
3088 7
7680 4
6700 8
7841 3
4463 2
1001 7
2501 7
3099 5
5205 5
4922 1
6727 1
4261 2
5376 3
7174 7
7552 7
2478 6
1831 8
4426 9
2364 2
7528 1
8047 3
345 2
3713 2
1667 10
2101 8
6319 5
299 6
545 7
1344 6
7411 6
1307 6
3768 3
5628 7
1624 2
1861 9
4446 1
8065 4
698 10
3002 9
5770 5
7462 5
5166 3
7280 3
7855 8
932 3
76 7
7894 10
1981 10
7501 6
1165 10
3993 9
8041 4
4160 4
5680 7
1562 3
3080 9
4096 10
4991 2
6765 3
3361 6
6158 7
6745 3
2046 5
3279 10
3344 4
5135 6
6372 2
7520 8
7451 6
7250 8
5633 8
1947 10
1955 8
2912 7
749 2
1581 6
5828 10
7164 10
342 8
995 10
2639 7
4336 7
4894 10
5023 10
5612 7
5128 10
1671 7
7416 3
1491 1
2295 8
2710 1
3784 3
4920 4
179 1
557 9
5568 2
5098 10
6351 4
582 3
1841 10
4100 9
1030 1
6469 5
7717 6
1776 9
1976 5
3652 1
5031 1
7082 1
70 2
1546 5
1030 5
4826 9
7053 7
7790 2
589 7
1704 8
275 5
4282 5
1786 4
2016 1
4734 9
5082 4
5432 5
6600 2
7045 2
7469 5
6439 2
6660 3
7047 2
3631 7
6465 9
6181 2
6845 9
7133 10
3506 8
6104 4
7872 10
5094 8
3639 2
2047 8
6656 5
746 7
5933 1
3016 8
67 1
4183 10
6636 1
789 2
6681 7
5004 7
1552 4
1931 7
2074 1
2835 7
3969 1
6205 1
481 4
2133 2
7953 1
5899 3
6884 1
1322 1
1343 7
4231 10
3130 6
4032 1
8111 5
2554 7
3723 4
4002 1
5605 4
6193 1
3182 4
1282 9
3352 4
2530 2
3076 3
7858 3
897 2
6106 4
2363 8
4323 2
5328 1
621 6
4232 1
3667 1
2781 6
3439 10
5044 3
8066 5
383 3
3934 5
4672 6
6209 9
4198 6
5403 4
3033 6
8006 1
78 5
2721 6
8163 1
7208 7
2309 10
2510 5
3161 8
1313 3
146 10
7884 3
7867 5
98 10
529 3
902 5
2669 5
3111 4
5271 2
5878 3
6965 9
864 9
5011 2
47 3
5297 9
6992 2
6284 3
2903 6
5704 6
7932 6
12 10
3497 9
7074 8
6521 2
1954 8
3734 1
5592 5
2052 9
2283 10
3001 2
7807 10
6804 6
6589 10
4922 7
616 4
4382 10
4749 9
3089 1
894 10
6343 8
6460 5
7632 8
1024 5
5304 10
3015 1
4051 3
8043 1
2557 10
7249 5
3735 5
3087 3
5424 7
3585 3
6275 5
4813 10
5030 1
5471 6
6715 2
6785 8
713 3
4549 2
6223 3
8102 10
2741 2
2844 7
2165 4
6816 4
7924 10
6192 8
3841 6
3217 2
4477 7
5683 2
971 2
7945 2
7832 4
7413 4
2977 9
7668 4
1697 10
3935 10
1644 1
2259 7
1190 1
3963 1
5088 3
2486 10
7617 10
4530 8
784 8
1339 1
5640 7
6274 9
5274 5
8072 2
2748 1
3552 3
2556 4
2485 5
6061 1
7685 2
313 7
4663 7
1975 7
710 2
5287 10
995 9
6814 9
7947 7
2644 10
3440 8
5481 7
3360 1
4812 4
3569 9
4382 4
5067 10
6343 7
7554 8
1224 4
3418 4
3800 8
6655 7
7948 3
4347 6
6877 1
5117 6
7339 6
1658 8
6361 10
1008 1
1192 10
6716 7
3833 8
7262 1
3423 2
5260 10
6739 3
5443 4
1833 7
612 9
2746 8
4103 2
4629 4
5294 10
7535 8
7966 5
1523 7
7145 3
1900 2
5343 7
7546 9
983 9
2289 10
357 6
598 3
7939 9
5384 2
227 3
389 7
1452 2
3917 10
1082 7
6491 3
3643 1
3656 5
3806 8
2234 9
4732 10
5420 9
3302 3
6340 3
1711 8
2329 6
5357 8
80 9
7804 10
2291 1
3288 7
4364 1
6613 4
1629 6
2268 5
5768 1
6844 5
7942 10
6067 2
3480 9
3863 1
6204 4
957 10
5428 8
677 5
2903 3
3711 4
4023 6
5432 9
6463 1
5499 9
5503 5
4680 6
5901 4
8065 2
671 2
3455 3
5112 7
3590 2
4564 2
5761 2
2799 6
5449 2
2 7
62 5
7043 1
3430 10
2492 5
1441 2
4312 8
1252 9
3432 4
7993 7
599 6
7046 6
3287 10
3188 4
3032 10
5908 4
6335 5
1165 5
7038 3
1071 3
7145 3
7394 6
3107 3
4562 9
6693 3
7389 1
4055 7
4837 2
108 9
4417 1
2857 5
2908 6
7429 5
6731 10
6205 6
2448 2
2709 8
5283 8
754 4
1640 7
2830 3
4905 8
6030 4
3233 9
6270 10
7069 4
4561 1
4912 9
5084 1
7138 8
1831 10
1242 5
4004 3
5582 8
1331 2
6988 4
1243 3
6911 4
3312 4
1133 2
3827 9
5787 8
2146 1
6700 4
8181 10
3790 4
7460 7
23 10
4482 8
2323 8
6996 4
4017 10
1575 3
5663 6
340 7
5419 5
2179 7
8143 3
5646 2
7666 3
7842 4
4213 5
5135 10
4232 4
4572 3
8041 2
556 10
559 7
997 4
6668 6
5966 6
2536 3
639 10
1199 6
7520 5
2749 4
7737 8
1040 8
1105 8
7133 10
2314 10
7634 2
4185 3
5063 6
7714 1
8070 2
5774 9
3183 1
2273 10
4955 2
5600 1
6699 3
4433 7
1988 4
4130 10
8182 6
453 2
3984 10
939 2
6123 1
1153 8
1896 6
3223 5
7129 7
1719 10
5290 10
7279 5
55 8
1709 2
7481 10
687 2
3308 9
5213 5
863 5
1502 5
4338 10
1999 10
5112 4
5284 4
7224 7
7467 10
304 2
7063 4
7791 9
6622 1
7549 6
8066 6
6176 3
5360 7
6634 6
1297 5
17 4
5604 3
6218 1
6359 8
7208 4
7574 3
8138 10
504 9
2314 7
517 5
5891 8
5134 2
6456 5
7385 9
5721 5
99 9
3161 4
5519 7
1625 1
3197 7
4340 7
7381 10
370 8
697 2
2094 9
3743 6
2592 4
3818 5
4673 9
6015 8
6246 8
198 10
587 8
338 4
1556 9
6614 7
358 7
3017 4
6390 9
6599 8
7872 3
4268 1
4245 4
3258 1
3359 2
2149 4
2219 10
3699 9
1704 8
4728 5
4804 1
4968 6
886 7
1211 4
1774 5
4007 3
4974 2
1792 3
2769 5
2483 7
8165 6
2661 5
4477 3
2049 4
1600 10
7307 8
3724 2
7449 2
8017 4
3372 3
650 4
8127 10
2709 3
5146 9
2461 7
5126 9
1140 7
4085 5
2734 1
2928 2
1181 7
3015 8
5808 7
3566 1
7755 6
2282 6
3813 9
5064 3
4589 8
1393 1
3129 1
2958 5
4913 2
5888 6
4737 7
1964 1
2437 2
4437 2
4577 2
6895 7
726 1
928 4
4949 7
6893 4
5634 7
3653 4
6118 2
6409 1
3861 10
5029 8
7659 4
2163 10
7342 6
6874 2
3339 7
1771 10
7834 9
2686 10
6891 8
3054 6
1594 8
6352 6
3012 6
7590 4
2381 1
2539 7
3958 9
4277 9
449 5
6955 4
1923 7
8083 8
6783 6
4836 8
6339 7
5903 1
6993 5
4694 5
543 3
4045 9
594 7
1014 7
471 8
5934 2
4273 8
2968 9
8114 6
1474 5
7804 7
3503 7
590 3
6344 8
3799 3
4513 2
3958 6
7325 4
1813 2
1617 6
1969 4
5596 5
6469 2
526 1
2784 4
185 7
2979 7
7500 7
1620 5
2404 7
3953 1
7506 6
1115 8
7362 3
167 3
3253 1
7367 10
6603 8
761 2
6267 7
6461 6
2510 2
4689 3
5131 10
6733 4
1903 10
7050 8
2003 5
2384 2
2722 7
3651 5
5748 1
6602 8
6964 4
7744 2
1217 1
539 1
6394 5
525 7
1731 10
3948 1
5101 10
1970 1
4528 1
5330 7
5379 2
7976 10
8073 3
6566 6
5235 3
5682 4
3418 1
2775 2
3328 2
4448 1
7767 9
7786 6
3441 4
1740 2
7866 2
3936 2
7281 4
550 1
726 4
1331 10
3166 3
5741 4
2985 7
3904 10
5341 9
5809 9
7672 3
8014 5
1080 1
2499 4
6569 10
2577 10
5791 6
7561 7
8134 8
6416 9
3099 6
7625 1
5970 9
7036 7
1959 8
3478 9
3493 7
5836 7
1776 8
7730 2
8143 4
3894 9
6406 6
7750 3
347 6
1033 4
3882 3
2492 7
1858 2
3718 9
5565 6
5737 2
7372 1
979 6
6011 7
4018 1
2996 9
3785 10
6605 3
6457 8
6265 9
4491 10
5949 1
7215 4
5220 9
7814 3
2072 5
5834 6
6099 5
7024 5
5667 9
7768 1
1535 10
2253 9
3955 9
4951 2
4310 8
150 6
5733 2
3354 7
3993 1
5091 3
1439 7
6451 2
3470 1
6272 9
1893 1
2028 1
6538 7
7321 9
7789 2
4565 9
1964 5
626 4
2346 6
7270 6
2063 7
6246 6
729 9
7094 5
7162 8
2048 3
3010 8
4517 7
7850 5
292 1
4001 2
6236 9
6549 6
8027 9
4207 5
3506 3
2473 10
1532 10
5491 7
679 3
965 10
3281 1
3470 8
5054 8
6042 3
691 9
2625 3
3580 1
7288 9
3660 5
6482 4
3258 2
2726 2
4149 8
6494 3
7951 9
3412 4
1528 10
5333 4
3913 9
339 4
3676 2
3614 3
317 1
4923 1
7334 2
400 10
1046 2
4076 5
4740 8
4718 4
1521 10
4602 1
1849 2
4060 7
6365 3
3224 5
5188 8
2572 1
3017 2
3871 1
1153 6
5935 4
2175 3
1669 4
3268 5
10 6
1753 5
5191 9
7093 5
4340 4
380 8
3743 10
5563 5
1890 8
3409 3
6925 9
1711 2
7604 8
6495 9
417 3
5343 2
4032 3
1634 7
7028 6
3902 5
442 2
358 5
367 6
1174 1
4970 2
3220 2
1612 3
4577 6
4827 8
3703 6
3180 1
1909 9
2303 2
7260 10
8083 10
301 10
6906 4
4723 7
4939 5
5238 10
6910 4
1396 5
6005 10
4719 9
1547 5
2413 5
2918 3
3725 5
4657 1
5023 3
6642 9
7027 9
7890 9
1546 5
2280 3
4623 2
2043 10
4722 2
619 8
6075 4
2792 1
3110 9
7778 8
6417 7
6904 10
1574 5
7102 5
2285 10
2399 1
5079 6
5765 1
661 6
591 10
1579 2
8044 6
360 10
5361 3
5837 2
139 5
1889 10
2792 2
304 3
6640 2
1402 4
4017 8
7978 1
5024 5
945 4
8066 5
5565 5
3706 5
4449 9
5919 3
7004 7
7073 1
127 1
434 2
3108 5
5056 9
2926 2
3217 5
4456 8
445 8
479 7
5942 8
6171 6
2911 8
203 8
650 3
879 8
1481 9
4837 1
4757 4
912 6
1000 5
1368 4
7595 5
6743 8
5021 7
474 7
2492 7
488 5
6552 8
2199 1
3458 9
6184 5
4577 10
3421 2
845 1
3069 3
2226 4
4600 10
3502 10
5307 2
7929 3
2918 10
6343 7
1695 3
550 10
4655 6
460 10
372 1
1388 3
6122 6
4057 9
2316 1
2920 10
4918 9
5934 1
221 2
5971 3
6554 6
80 8
204 7
2571 8
7580 1
204 9
4395 10
6090 7
7632 3
8077 9
2175 7
7718 8
434 2
6882 5
3921 9
4802 3
5029 6
404 10
491 6
6638 6
3054 1
3127 9
4902 1
7055 2
588 3
6127 2
3550 2
3905 4
4711 1
7928 7
2271 3
2962 10
5563 7
3643 4
3000 4
3267 5
984 8
6921 7
3536 9
1853 7
2732 7
5274 6
927 10
7590 9
3262 5
4954 8
409 6
6534 4
4794 8
3466 3
1792 4
2275 1
2997 3
5245 7
5414 6
278 7
7465 5
1549 5
7848 3
1089 5
7422 9
7381 1
2165 6
1463 3
3042 9
4624 7
5235 4
6426 6
6975 9
4920 9
2935 5
4838 9
1976 8
4938 8
6843 3
255 4
2907 5
8138 9
2713 10
4240 2
5507 10
468 3
3699 5
7217 5
208 2
493 8
1550 2
7534 5
5248 9
5347 8
1694 8
3514 5
4180 4
4287 10
6682 4
47 7
882 1
6761 10
634 8
5338 1
6151 6
144 5
1391 6
3043 5
4402 10
3892 1
4235 8
816 7
2791 4
2236 9
3160 8
4224 3
7103 8
7719 10
1352 10
7413 9
7556 9
3753 7
6001 5
117 7
1158 10
2872 5
4609 8
5214 3
6606 10
7652 7
39 5
4165 6
4211 8
5884 6
1070 10
4871 8
3148 5
777 10
3440 3
5313 8
7681 10
965 3
7186 1
7898 4
5026 9
2852 9
2601 5
4445 3
5987 10
8144 2
5840 9
4287 2
2693 9
5713 8
971 4
2989 5
5373 4
6795 8
7003 8
6879 2
2451 2
108 6
4975 7
690 3
785 2
6096 3
5372 4
3365 10
1715 2
1734 10
2641 5
6007 6
3225 3
5996 2
7252 1
2475 2
1913 2
2016 3
1497 8
3168 9
4465 6
2214 2
5292 6
7619 4
8110 10
2780 2
2459 7
2109 2
3874 1
4966 4
5900 3
6223 9
3705 6
6533 7
6694 2
3336 6
6874 9
3811 5
5349 1
7639 10
3705 6
5772 7
7555 2
3036 4
7276 7
3792 8
4169 8
475 2
1486 10
7698 6
1305 3
0 8
1181 3
3224 6
6675 6
6835 8
161 10
1247 3
8062 5
5749 10
1859 4
2422 4
7673 4
7911 1
808 4
1120 5
4328 10
7795 1
349 9
4444 5
4596 10
5702 1
6188 9
2141 5
2590 5
5433 5
2198 1
3141 8
588 10
5869 10
7761 1
1789 5
6232 8
4836 8
362 1
7986 2
5218 8
1982 3
4750 10
4804 4
5730 9
6536 9
4410 1
4129 10
4919 6
152 1
592 9
3738 3
5322 1
6220 6
95 1
913 9
936 9
3020 7
6630 4
6869 4
1922 6
2939 10
2987 5
3918 3
1824 9
4242 1
6464 6
8011 10
2131 4
2193 10
4894 4
6900 6
7976 7
356 9
547 2
1004 3
251 9
3226 8
422 3
2539 6
1719 2
4009 7
7349 6
8126 6
6344 8
4623 7
605 4
2236 5
4250 2
4631 3
5201 3
6920 6
7473 4
6489 4
4765 6
1543 3
2816 6
7032 8
760 2
1156 1
8058 6
578 5
351 4
1828 1
2352 4
1062 9
7547 2
2416 4
2055 5
4563 10
940 4
82 1
6045 2
1996 9
3956 7
3066 7
4347 9
117 7
3947 7
7949 7
2582 1
5834 10
7521 7
926 8
1503 6
827 7
7023 6
261 1
359 5
7602 5
6069 9
7266 1
7679 8
4992 1
5111 4
3022 8
1327 2
5733 6
6378 7
4346 3
1504 5
6519 3
6889 3
7513 3
8034 7
861 6
508 10
3078 1
4075 3
6740 10
3738 5
2763 5
2804 8
5974 2
7865 2
184 8
917 7
6347 2
5489 8
1898 9
5844 1
7402 9
1385 2
3945 7
4722 1
7994 10
1479 1
4889 5
7588 8
6539 6
4725 9
1218 6
4481 4
5902 2
2756 1
3916 2
4445 1
1184 3
5490 4
4086 2
876 4
702 3
1060 1
501 8
2975 5
2514 3
4404 1
4460 4
1003 8
256 4
1445 6
2715 6
5246 2
3361 2
2560 10
2565 2
5936 2
6731 3
611 5
5808 10
2997 10
3497 5
6957 9
300 1
3102 2
3284 10
3772 8
4614 3
4873 7
1351 4
6700 8
1953 1
4553 8
7806 6
3403 7
4889 1
5094 7
1541 7
8106 10
1327 1
7019 2
4792 6
5880 7
6372 4
8113 3
69 5
7786 5
2667 8
5443 9
5503 8
1033 6
5183 7
4208 8
6688 3
5338 3
2291 8
3240 9
5013 1
7821 2
1204 10
32 9
5762 8
4357 3
3366 8
7332 10
623 10
4926 2
3085 6
6788 5
1745 4
6168 10
7558 1
6819 4
3970 7
7847 4
7903 9
1457 7
719 9
2349 6
6959 7
2017 1
2405 3
3886 8
7803 3
6782 7
942 6
1125 5
452 5
3210 5
3828 3
7046 6
4968 6
4316 7
4281 3
896 2
1761 2
2460 7
3689 9
2362 5
4322 5
4327 7
6636 8
5568 1
1428 1
1233 5
1978 9
2726 9
7152 4
6632 5
6149 8
748 10
6352 1
3680 5
3121 7
4565 3
3055 5
287 2
113 1
4649 1
4668 3
2994 5
1154 10
3768 10
1784 1
3464 5
1952 7
7882 2
6798 2
2113 4
1664 7
4910 8
5131 9
7359 5
5657 3
7933 6
3501 9
2026 8
2594 4
2768 2
4870 9
8016 4
4216 5
3891 2
1230 7
2515 5
3683 4
3859 6
5046 8
8024 9
4609 2
7687 1
2487 1
3768 10
1022 10
4397 1
1143 3
78 2
3154 9
3656 4
5477 9
5620 2
1778 2
3538 8
5200 6
6038 8
6091 9
1770 3
3709 1
5182 9
2611 4
1785 7
3155 7
4305 8
405 9
3319 5
7914 10
2237 3
4621 8
2437 4
8136 7
2830 10
2585 10
3229 9
1436 8
3580 3
7257 4
2295 5
6912 7
7451 6
219 5
569 4
2156 6
8027 10
7659 3
2610 2
5372 2
6598 8
7927 9
3240 3
2237 10
1907 3
1111 3
7009 5
1223 3
8189 7
3906 10
4024 1
1228 3
4323 3
7079 8
980 8
4110 6
2692 8
6536 3
4857 6
3731 9
2266 3
5404 3
792 10
3746 8
4457 6
1649 7
6985 6
295 8
2452 3
2334 9
8 3
3885 10
5918 9
3786 7
6383 3
3728 7
7477 2
4141 8
3147 7
4859 4
1384 10
2330 2
3096 5
5287 9
6561 10
7077 8
7351 9
6854 10
616 6
1537 4
2617 8
5205 5
6438 7
6530 8
7762 9
7577 3
4608 9
374 9
7240 9
5015 7
5042 6
1058 3
1393 7
6947 7
2605 10
5073 8
5252 3
5889 5
7660 3
7885 10
42 5
530 5
986 9
3852 1
1018 7
3716 7
6590 8
6684 10
7893 5
581 7
1340 6
560 8
4896 9
229 1
5668 5
5523 6
5673 9
4555 4
6512 8
7082 6
8150 9
6228 1
4462 10
1901 4
4350 10
7405 5
5354 4
4437 4
3430 1
7191 3
654 1
7819 2
2103 2
3449 2
5325 7
5919 1
5522 2
2987 3
4427 10
6244 9
809 9
2046 10
3730 9
7055 5
7283 10
1961 7
5269 9
5558 3
3690 3
1331 2
2933 9
5985 10
7937 10
602 6
1689 6
6035 9
5524 7
5424 4
5543 1
765 9
3788 6
4287 7
7602 8
6129 6
6646 4
220 9
7992 2
7446 4
8147 10
438 2
31 2
5459 2
6066 6
1368 5
3111 1
4624 9
5217 7
6294 5
5903 9
3090 9
1006 5
4559 1
3084 10
2560 7
6912 1
57 10
593 2
5074 9
4869 1
3370 10
6349 6
6196 2
1681 6
1368 8
5695 4
1723 7
3644 9
5581 6
6277 3
5476 4
3826 2
3801 4
7037 1
4033 4
5692 10
6495 5
142 10
7853 9
7715 10
3893 2
5590 7
7493 2
185 2
6406 3
2596 3
7804 4
4334 10
7226 5
2097 1
8174 10
7727 8
4274 2
4414 10
4602 5
6900 5
3639 7
1579 8
6497 3
6677 8
6917 1
1561 3
7041 8
2529 9
78 1
7865 10
421 1
2903 9
996 10
1911 5
6729 1
7528 10
1428 10
6254 8
1168 10
7504 6
3928 4
4174 7
3500 4
851 10
4531 7
2511 10
3445 10
1306 7
5898 4
7434 2
3973 3
7835 5
8190 4
1123 7
6575 2
1020 2
4634 9
4973 9
4748 6
140 8
3676 8
7830 5
4530 5
7241 9
1995 2
2917 9
7093 3
7814 5
565 6
5339 3
4870 1
7627 6
4852 10
4419 4
5280 1
5541 8
160 2
367 9
6854 5
3394 7
4902 7
8052 5
1871 10
6486 8
681 6
1397 8
2303 4
1483 8
7459 6
3588 10
7995 5
4502 7
2370 8
873 9
5389 10
3649 7
5770 2
2466 4
3887 7
4710 10
7298 4
7325 2
5828 5
3039 10
2036 10
6388 5
4531 9
5007 4
99 10
756 8
1282 4
6707 5
1990 1
4231 7
1767 10
2808 2
3144 10
5267 1
5972 10
1473 2
5017 8
2266 8
2270 8
7915 3
1929 2
1274 2
3756 4
5586 9
3832 2
2504 8
2730 4
4549 6
1540 2
6368 6
3932 7
1443 8
3021 4
5685 3
7293 2
7669 1
401 10
2153 6
3301 5
2924 6
8057 7
3508 5
4089 5
2359 5
4671 8
7150 7
646 9
4212 10
8055 8
6054 1
6059 3
1205 6
1591 2
3432 8
4258 7
4762 7
4964 9
8130 7
8119 8
2599 10
7156 6
3201 8
5221 1
6473 3
5010 7
6919 3
1251 9
2024 4
2371 9
4023 5
2680 8
7135 7
3634 1
7485 4
659 7
1472 10
5524 6
6698 2
1610 2
7128 5
2451 6
4921 5
7258 4
771 3
6146 7
2716 1
3262 5
465 4
3192 7
1918 3
772 1
3724 4
5638 10
4215 4
3701 10
7294 3
4599 3
5000 3
1689 7
263 4
8067 7
4335 4
4638 5
5047 4
6869 1
6879 3
6837 4
3622 1
39 2
7545 5
7586 2
8004 5
8067 5
513 7
2500 9
7556 6
2472 4
1958 6
7322 1
6917 2
2815 5
5538 6
5579 7
5669 4
7709 8
7538 4
7842 4
3700 3
6182 8
2556 1
5614 9
2723 4
4459 5
3411 6
3643 2
6165 3
7920 9
5441 8
3031 10
5210 4
1509 10
5169 8
5213 6
7156 7
7666 6
2745 2
6118 9
4459 5
3696 6
5374 2
5995 3
6968 6
7307 9
859 9
1591 10
2237 9
903 2
7593 3
3328 8
3526 7
6120 9
4989 5
4786 10
5803 1
2776 8
4776 1
6855 10
8008 1
5383 9
4853 1
1973 4
2073 1
3391 1
701 4
2704 6
843 2
3959 3
2649 10
5541 7
6493 4
7252 6
2915 1
6125 6
2608 7
5436 3
5707 6
7241 9
7999 9
461 2
5419 8
149 2
3376 9
5034 4
1511 2
3910 9
2070 5
6263 9
5802 7
6531 8
718 1
853 4
7983 4
1877 10
2625 1
3928 1
4643 9
4936 8
5444 4
6888 10
121 5
1060 2
6606 3
56 9
6254 6
7613 4
4126 8
1802 8
3580 2
2551 6
3641 7
3002 2
3628 10
4383 10
3754 9
4873 1
7430 8
8134 4
1638 4
3608 6
5190 6
8124 1
8171 9
4699 9
4710 2
4140 2
3312 9
7859 1
663 7
4386 3
7105 9
3471 8
5392 6
6792 2
7456 1
3391 7
3573 2
6800 7
496 1
7144 8
70 3
3725 3
2275 8
2796 2
6451 1
5694 5
7788 2
4298 3
4810 7
5312 7
6311 3
6776 9
4692 6
5398 8
2546 10
2662 8
6458 5
5907 10
6080 9
3450 3
1538 5
6428 1
2278 6
483 5
769 4
5228 4
3613 10
5692 7
2064 6
2840 2
3858 2
5472 10
7595 10
7262 4
6462 5
1823 10
4907 10
4224 4
6146 2
667 5
922 2
2324 3
6806 10
2269 4
6464 1
7972 9
716 4
8035 8
973 7
5288 9
5851 5
7792 8
7357 2
7939 6
906 2
6191 3
463 5
688 7
2105 3
2312 3
2858 10
3636 10
6284 3
6637 7
547 3
1319 7
7861 9
7075 6
128 8
1643 2
4376 1
3946 7
8086 7
2965 7
3969 9
5062 5
5982 4
5524 6
1057 6
7858 10
3698 10
206 1
174 5
2518 6
4561 3
4735 6
6638 2
1050 10
3666 6
5150 1
5440 7
6741 4
818 7
688 8
7078 2
4183 4
2281 9
5881 10
7270 10
7451 1
3711 7
1708 10
3186 6
3438 5
4815 5
1107 1
7406 7
2131 2
4896 2
6241 5
6329 6
7636 9
7895 10
2013 4
6047 1
6210 1
6351 4
1655 3
3093 10
748 8
7540 2
3749 9
4450 5
4457 5
7620 6
1495 10
239 3
172 2
5311 9
4104 2
6546 2
7605 9
2726 6
597 3
1778 8
3941 10
2399 3
2166 8
5687 6
3358 6
1484 5
7437 3
569 4
7683 2
3301 9
4463 3
5126 6
5380 5
7320 2
231 1
2292 10
6791 8
2926 2
1395 9
1516 8
1940 3
3217 2
7208 5
7015 7
5241 4
4671 6
7506 4
7923 6
3423 8
1654 2
1772 8
6672 8
2652 9
7862 7
8114 10
5974 10
7686 3
6950 7
2916 5
3907 10
7475 4
7932 7
1087 9
1169 1
5263 9
7524 2
6230 3
3869 5
4102 1
7464 6
5218 7
2409 6
7943 8
7704 10
3503 7
5763 3
4429 10
7865 8
2009 7
6115 2
4597 3
4741 9
6054 7
8091 8
739 4
1648 1
6438 5
752 10
4478 6
6013 2
7754 1
1655 7
6473 8
192 8
2612 3
168 8
4119 9
2563 10
1397 4
7888 1
3153 9
7561 9
179 6
242 8
2977 2
6056 7
3774 5
3220 10
2629 2
3462 1
5570 1
7035 8
5484 7
5382 4
7276 7
8145 6
268 1
1604 5
861 6
3038 2
293 9
626 3
5345 5
921 2
7515 4
4012 4
6909 9
7672 2
8040 9
1077 5
3861 5
7777 3
8046 5
2211 5
3719 10
4018 4
4147 1
1362 6
1572 4
6318 4
763 3
3571 8
1484 3
6391 5
2604 8
7024 2
5159 2
4114 6
3430 10
3868 5
3735 7
2188 7
3069 5
6116 5
6199 3
6330 2
8005 1
839 6
908 5
4606 7
2439 3
4030 9
4258 5
4414 9
1184 4
8139 1
4968 10
5841 4
3615 6
2763 5
5794 6
5608 8
1839 8
4436 6
1320 6
120 3
5842 4
7905 8
6614 7
6864 4
5733 3
5058 1
7113 1
3557 3
4860 6
522 5
7539 10
4316 9
2131 5
5320 7
6895 2
7046 10
456 3
2018 9
617 10
3529 6
4279 7
5034 8
1743 8
1131 7
529 8
5487 4
3695 3
3617 6
6621 8
7257 6
7609 7
1100 4
7549 4
5400 5
733 9
4891 8
6761 6
467 6
4779 4
5524 2
6980 7
843 5
4786 5
5740 1
6813 10
4641 2
4797 5
6469 4
7767 6
427 6
871 2
6508 1
582 10
5865 2
3804 6
5534 5
350 2
466 3
1297 8
2782 3
7726 3
4259 7
1959 6
2010 3
5434 8
7331 3
5377 5
858 9
5406 7
7568 9
318 8
2735 4
2928 9
4690 5
6464 7
7954 8
2467 3
5098 7
7723 2
7342 1
444 2
1503 2
5305 7
6366 9
2439 6
5804 6
1353 1
4415 1
5789 9
566 2
5300 1
1867 8
3282 2
3653 9
2494 1
392 3
5781 4
7646 5
3290 7
1192 7
4532 1
6451 9
2056 6
4056 3
4483 4
7187 5
1291 3
3938 5
3740 3
6057 8
1873 3
3447 9
6302 1
1355 7
5071 6
7400 3
3630 9
5591 4
6003 4
5435 2
2207 8
2049 3
6903 2
2743 10
4684 5
6911 10
6369 3
6588 2
5397 5
4162 1
5568 4
2513 9
6748 10
6821 3
770 8
649 8
3285 5
4162 9
5416 2
6846 7
1755 10
7033 7
5407 7
3728 1
3010 8
1609 9
226 1
3669 3
5564 10
5061 1
5145 7
5782 3
6806 3
6842 4
7778 3
2920 5
439 6
2339 10
4216 1
7234 9
6656 8
3116 7
2708 5
3427 4
6110 7
55 3
8017 10
3566 4
2339 6
4437 9
7022 9
7487 7
7584 3
4540 1
7002 5
1613 1
2093 5
5925 7
6829 4
2218 8
2244 7
8081 10
3289 2
4529 8
6657 10
7186 2
7945 5
5811 1
2359 4
7275 6
1031 5
1383 8
1459 10
950 7
78 7
229 9
4052 7
724 2
938 8
6270 9
7823 1
7351 2
388 1
1438 7
6519 4
3574 5
2185 4
2220 7
5480 4
5677 1
6422 3
899 8
7436 10
5715 8
6899 5
2186 6
3810 6
7185 6
277 2
610 5
599 4
5970 10
2650 9
0 10
732 9
217 5
1297 3
426 6
4977 2
7064 3
6518 8
2660 8
4874 9
5595 6
6256 7
1797 8
2297 6
4266 10
7226 6
2046 9
4188 9
3057 10
6620 2
3581 1
5040 6
5119 8
8177 3
3383 6
1182 6
443 4
1394 10
3146 6
7311 3
3082 5
2992 7
7798 8
4017 8
6834 7
4647 8
2592 2
1981 2
3630 1
3599 4
5980 6
4799 8
2233 2
884 7
7649 6
6108 1
3377 10
4354 4
5554 8
6093 9
8120 8
4321 9
5994 8
3601 1
2646 10
6572 5
7893 8
7749 8
2381 2
3911 2
4494 5
5649 7
7716 3
8093 1
7266 10
161 2
2784 8
1535 2
2303 7
7046 7
7295 10
2948 9
6515 9
7376 2
4164 6
2291 5
428 1
7279 2
8116 6
4763 10
2753 1
4231 8
4743 4
2304 3
2022 8
1569 7
5224 6
6394 5
6848 4
6452 9
1100 8
598 2
7257 3
2144 2
2939 10
5628 9
6281 1
8 8
2413 3
6164 8
7905 8
3414 10
2483 5
3867 6
1068 9
572 1
4248 5
3310 8
3449 2
7209 7
1373 6
5046 4
2644 1
3503 1
1517 2
3691 8
163 5
6795 6
8147 1
1601 4
3813 1
2217 2
4034 7
4393 3
6229 9
4431 3
5489 9
6407 1
2577 7
5404 10
837 4
1385 9
2791 7
4250 5
2806 2
3525 4
5169 1
5444 5
706 5
6568 7
1361 7
4242 10
2031 5
3921 9
5042 9
5643 10
6118 8
590 3
6258 4
6983 10
1215 4
6509 9
5329 6
2643 10
5820 6
8028 2
3271 8
4748 10
1937 5
5944 10
841 10
989 8
7668 3
5917 9
5989 3
30 8
127 3
6639 1
1814 8
6420 10
6041 9
6529 3
6632 4
2383 10
851 8
4786 8
3190 2
3389 7
4625 7
1212 9
5277 2
6207 6
4842 3
5648 6
2303 7
4056 5
5138 2
197 5
1162 1
2274 1
69 5
4060 8
6848 8
2779 9
4027 4
6241 8
1077 10
1703 10
6538 2
2988 2
4056 2
6906 7
44 1
5114 5
6044 9
7517 7
6878 9
1817 3
6451 10
6038 10
3132 8
1094 2
3577 7
5282 2
7214 9
433 8
5068 9
709 8
2544 3
2835 3
7741 9
25 1
459 7
916 2
2801 9
7959 7
6939 3
1089 7
2369 7
7054 9
3787 10
7022 1
5425 6
3770 10
6745 1
1741 10
510 8
2326 1
2954 4
7267 9
1089 5
2975 3
5980 9
4039 10
6701 2
7844 7
5667 5
311 6
809 6
3653 7
859 3
4613 4
852 8
153 5
5529 3
3598 9
4203 10
5264 2
5928 8
7340 4
3729 8
7418 3
6548 5
2608 7
5286 7
6058 3
1204 2
3892 9
1377 7
6487 9
2363 4
2969 2
4523 7
1129 5
3945 3
3189 6
3177 8
6002 7
444 9
3538 3
5533 3
6068 3
4405 5
3097 4
2284 1
3447 4
2905 8
2948 9
3535 10
5724 1
7297 10
343 5
991 9
8074 10
5254 5
3318 1
4127 7
3563 6
3575 2
6279 9
7114 6
3961 7
7337 2
4847 9
2222 1
4751 1
7188 1
296 7
6115 6
5059 1
2546 6
5092 8
8071 10
8088 9
1551 10
7150 8
2328 4
1135 9
1539 8
7346 3
2496 5
6253 9
6716 5
834 6
5316 7
3152 6
4694 9
352 1
496 3
3862 10
178 8
2729 7
2751 5
4778 8
6116 3
1523 1
5226 4
528 1
2799 2
1265 10
3122 1
4454 9
5335 2
3454 10
6859 10
3513 7
948 3
1128 2
5638 3
7390 1
5529 4
6837 4
5700 8
1471 6
2067 8
6775 10
7594 8
2755 7
1932 9
6869 10
1028 8
1623 9
4231 10
5093 6
3925 7
5017 2
6048 3
6283 7
7399 8
709 4
5834 9
6522 8
4013 5
5573 3
210 5
1374 3
1439 2
3415 4
2650 9
1054 4
6726 4
1111 5
6429 9
1675 4
4945 8
4665 5
5696 1
6726 3
590 2
677 4
161 7
2031 6
6323 9
1507 10
5810 6
5558 8
5948 2
5043 8
4579 10
7014 5
8003 2
4636 7
6083 7
4323 6
2836 6
4378 10
7680 10
7518 3
2118 6
3633 6
6071 4
6072 1
6577 1
923 7
1261 2
836 4
2291 8
2882 9
6177 8
7092 3
1114 1
4852 10
1660 3
4965 3
344 5
4943 8
3181 9
5714 4
1544 9
3021 3
6011 3
2034 2
4705 6
367 2
260 9
3204 9
1940 6
3402 1
6009 8
6638 10
7538 7
112 3
1696 5
1988 4
2828 8
3069 5
810 3
6229 8
8077 9
115 8
4836 9
3710 2
2607 5
5151 4
3762 7
739 8
1593 2
3064 7
2980 2
910 5
397 9
4235 1
5913 5
6571 9
3536 10
7114 6
6854 1
2157 3
4287 10
160 10
6718 6
3224 7
7572 2
171 5
4805 8
6298 10
2741 5
2877 6
2893 5
594 6
2548 10
7698 1
3713 6
7925 2
1721 3
7706 9
3458 9
8143 5
4951 4
6507 3
6273 9
3029 2
6393 9
6093 5
6439 4
5650 10
4444 10
5378 7
2448 10
3852 3
4443 5
6314 3
7740 7
84 10
7561 8
4649 8
5841 6
116 1
1608 6
3490 1
2385 2
3590 6
4840 6
797 7
1498 7
7859 1
681 3
3957 7
6745 7
7110 8
319 7
7749 7
3178 7
624 6
5632 7
7749 7
3496 9
3831 5
4556 1
2303 10
5327 5
3906 7
8044 8
5103 9
8143 6
6184 5
8139 4
1033 6
3432 6
3287 7
277 1
522 2
1709 2
5008 4
2441 6
3248 3
6160 4
6306 3
7670 1
590 3
1046 10
5981 6
3908 10
7359 10
1402 7
5248 5
3015 4
2704 9
1897 9
3470 3
3657 7
5670 6
7446 4
1979 8
5776 10
3466 7
1331 3
1201 3
7245 2
3008 8
7676 7
5587 3
7270 7
6448 10
4936 1
7268 2
366 7
7226 6
494 5
1073 1
1865 5
6256 7
227 2
3548 4
2041 9
5278 4
7114 1
1348 3
239 5
2866 8
6931 4
7806 6
6469 10
2937 10
5229 7
5729 10
1776 3
7080 8
3853 4
1910 6
7674 10
2996 4
4027 8
7283 6
3745 1
4852 5
8039 2
2873 7
4827 8
7285 6
610 7
1292 4
4062 6
692 10
6100 3
7653 6
2751 4
3218 7
467 1
6148 1
5675 9
4224 8
6811 10
3750 7
3914 1
4205 1
4911 3
7262 8
669 9
3008 3
2185 1
4572 4
452 3
7986 5
4601 1
2038 10
2490 4
4995 2
610 4
1380 4
1390 10
7190 1
6872 5
7860 8
2353 10
8087 10
1206 4
6867 8
2550 5
6125 9
4173 7
6974 4
573 1
4184 2
1960 6
181 7
5189 10
3914 2
1174 6
3375 9
4507 4
827 8
6700 1
1649 7
3065 4
7962 9
3668 5
4053 1
5392 5
6087 1
6927 8
6999 6
709 4
1633 1
7253 3
851 6
7934 10
5674 8
2052 9
2785 7
3845 7
1417 8
2273 5
6199 10
2187 2
3320 6
4310 5
1390 8
6981 1
6060 5
3641 4
3761 9
5065 1
327 1
5029 5
7060 2
5045 5
7508 1
8098 4
4759 4
3406 8
1963 2
6117 4
6484 1
7924 7
280 1
1726 6
2440 9
1129 9
2786 3
2678 4
3642 10
4633 6
1515 8
1809 6
5552 2
3699 3
7138 2
2387 4
5054 2
6420 7
7895 4
1950 6
6202 3
313 7
4513 9
3837 4
2137 9
6872 6
7816 6
7330 3
1679 7
159 2
3937 10
7844 6
3731 6
1957 2
7934 6
2704 10
7526 9
3463 7
4398 5
1033 4
1076 3
1524 5
2514 5
1492 1
2562 1
6719 7
757 6
899 5
7034 1
7664 1
7718 7
3591 3
2099 8
5097 8
6281 1
821 7
1294 3
4465 10
5289 6
5295 4
7029 3
457 10
3624 2
34 10
4711 10
7627 4
2020 3
2562 1
7054 8
5151 7
7307 4
1366 9
1173 10
4620 4
1503 4
4563 7
2814 2
4997 10
5926 7
6932 6
1509 1
1303 7
2260 9
2516 2
2995 6
7719 2
203 3
5549 2
4433 1
8074 4
8124 8
6579 2
6970 10
2890 2
222 8
2750 9
1736 4
2115 10
4551 1
7143 6
3196 4
7711 3
1322 5
6967 8
2384 1
1021 2
6769 9
3528 9
1432 7
7831 4
8102 1
7450 3
4529 8
442 7
922 3
1576 8
3424 7
7361 1
1395 5
6281 2
3610 3
7687 4
7765 7
142 1
6611 3
42 7
3208 10
4916 1
7928 3
1644 9
4297 10
3573 8
2483 10
3978 5
575 7
1933 8
462 2
5610 1
2319 6
5873 10
7221 8
913 8
3298 7
4655 10
4856 8
3295 1
1387 10
1843 2
5243 10
5851 5
5143 4
6083 4
6117 7
1605 3
5594 6
5507 7
3032 5
2464 8
3830 4
467 7
1264 9
6133 10
6668 3
3209 8
2800 6
4444 9
7248 5
2073 4
5003 7
6536 9
7010 1
4928 8
5302 3
97 1
3164 6
3367 8
6239 10
503 1
3115 3
2458 9
5453 8
5835 4
6652 2
6897 5
655 2
5954 3
5666 10
4778 3
6447 8
1911 4
1470 4
5880 6
2596 5
2300 7
6313 10
6615 10
2930 6
2138 9
7447 6
1034 8
1708 1
6001 9
4782 7
2617 9
4194 3
6237 7
6572 4
7106 6
2479 3
8189 5
4540 10
3884 8
4744 7
6448 7
7144 4
1058 2
7158 3
2939 2
4466 1
5856 4
6508 3
8072 6
7007 2
6642 1
6002 6
3207 1
426 5
3985 10
2941 8
2245 7
1139 8
5034 7
1701 2
474 4
4736 5
7643 1
1615 9
3736 6
6918 9
4693 3
2322 3
2416 8
5055 2
6269 9
7306 5
3340 9
5628 4
2531 4
4079 2
5123 5
6742 10
7302 2
7308 7
7832 7
7979 5
4440 4
7364 3
4139 10
4547 1
1091 8
4457 2
3540 1
1474 10
5344 6
3194 4
4351 1
5704 5
5008 10
6521 1
7410 9
7768 4
584 8
1061 6
1320 6
4178 5
3771 2
4483 3
524 1
609 8
206 3
682 6
720 7
6152 2
3131 1
5681 10
6142 6
1365 6
2018 4
1166 4
1507 5
3405 7
5957 5
7288 6
2036 1
3360 5
2758 7
2949 1
6577 8
4813 5
1033 1
2040 7
3652 7
3931 7
6435 8
799 9
4871 3
2847 4
4372 5
804 6
1049 5
1359 7
4775 3
7889 5
6637 1
7516 2
1044 9
6639 4
3238 6
5183 8
5520 8
1783 7
850 1
3315 5
7041 4
4248 8
6080 7
1809 3
8050 7
3544 1
247 5
3233 8
2202 3
3279 2
3338 3
4411 2
5638 6
5813 8
6616 3
898 10
6727 3
6319 8
2600 3
2333 7
4442 5
7406 9
4209 10
778 1
1769 4
2608 9
4901 1
395 7
3805 2
5294 7
3166 5
3721 10
2148 9
5407 7
977 6
639 8
7595 3
8005 3
5154 4
5327 8
1397 1
1593 3
3340 2
4381 9
4514 10
6542 7
3985 6
1640 1
3177 1
5137 3
6863 7
7212 5
893 8
1801 9
2003 4
1316 9
409 8
731 6
2041 2
3060 6
7465 7
694 10
716 7
3785 9
2769 10
2624 6
3082 8
4810 1
1968 3
824 1
3542 4
5633 2
4305 1
4900 7
2559 2
3020 7
2983 3
7813 7
2620 8
1852 8
2412 3
6110 5
5428 5
4312 10
5374 3
6217 4
4401 7
6088 6
3479 10
3216 10
2450 6
4290 7
3558 2
1717 4
5652 5
4812 10
6037 1
822 4
4529 9
3549 9
3023 9
3037 8
7691 4
1021 7
1650 8
5767 8
6603 10
4959 1
6780 2
4731 6
5726 4
995 9
8092 8
1523 1
3437 6
5733 3
5938 3
8052 10
2890 5
2968 2
4854 7
7489 2
7980 9
3929 4
2564 4
7924 1
1902 6
4873 6
1862 5
4648 10
4969 1
2570 1
6366 6
6404 2
7394 1
628 6
3898 2
4057 4
2163 10
43 10
3131 3
4054 2
6334 4
185 8
7764 9
1909 2
2481 5
4315 7
2285 2
6289 7
7411 8
6260 4
180 4
2625 1
3538 8
4898 7
1707 10
2004 1
2773 2
3526 1
5867 3
2600 7
2921 8
5644 6
6044 1
6502 1
885 8
6698 8
509 5
7887 2
338 3
2662 10
2707 10
6273 7
664 1
6418 7
3900 7
4251 3
1946 10
2726 9
3731 3
5994 2
6718 7
7900 7
227 7
766 4
6401 6
3193 5
4048 10
3207 8
5097 8
5880 5
2005 7
5062 6
3118 2
7834 3
5459 10
7694 6
2018 2
5530 3
1937 9
2896 3
5027 9
1342 3
6263 3
6857 3
6214 3
6507 9
100 8
1016 3
1547 10
2525 6
2363 6
7200 6
2908 8
1257 7
3713 2
7386 7
3393 7
5705 4
7357 1
7462 2
296 3
544 9
636 6
3916 5
3792 6
4729 8
1258 3
1679 10
1389 5
5121 5
326 7
1839 9
720 8
2341 4
1400 8
4361 3
2788 10
7031 9
8068 3
1526 3
2114 6
2239 5
6666 3
4158 2
5251 2
5433 3
6664 2
6872 1
108 6
899 5
1486 4
3591 7
1819 3
4239 10
7218 2
2531 5
6293 9
3824 5
6457 1
817 6
2389 1
5864 3
6758 8
1417 9
1953 9
3192 2
4254 4
6788 9
1055 3
5067 8
4922 3
436 9
7218 10
4166 7
4698 9
1614 5
3798 6
1816 6
7274 4
4789 3
3748 1
5105 8
7430 4
3177 8
2160 7
163 10
5736 10
6199 5
616 1
2381 10
5315 9
2508 7
6094 8
7558 2
1358 6
5686 9
6211 5
590 10
1135 1
3421 7
7183 5
3546 4
4990 7
4312 9
419 10
2361 10
6762 10
7055 7
1063 5
7431 1
6632 8
6350 3
6697 3
7907 3
674 6
1525 7
6503 7
4828 2
5929 4
6745 6
5797 2
1754 6
6824 7
8061 8
4216 2
7915 3
6188 8
253 1
2334 9
5004 3
5837 1
7326 9
2664 7
3264 2
7363 5
7617 4
7814 9
2166 2
6266 10
5475 4
1896 8
4914 1
6521 5
6833 10
6858 4
7644 7
643 1
7542 2
1177 9
7188 1
2937 3
7335 10
153 1
305 8
1364 2
4771 3
2552 4
6241 10
7985 10
1740 5
3280 4
2235 5
6632 5
2384 5
7233 1
5595 7
5216 8
3309 4
4878 9
5110 7
7078 3
6191 8
5345 8
1520 5
5280 3
6535 2
1984 4
7349 10
1736 1
6905 6
7905 8
8146 4
614 2
1402 1
7698 5
8188 8
7625 10
6878 8
2146 3
740 2
426 10
3956 6
105 9
2980 2
3263 7
5880 2
6119 10
3487 9
5895 2
2575 8
3322 10
3399 9
291 2
2666 10
718 8
975 9
2498 8
667 2
5073 10
6749 1
4688 3
2539 9
906 5
3856 8
3206 2
5502 8
5849 9
6414 3
7437 7
843 7
5839 1
4940 4
1225 2
1351 10
7595 10
2712 3
6271 7
3216 6
4958 7
6003 5
8004 10
2401 4
4574 4
2524 3
2967 7
3097 8
3272 2
7967 2
661 7
507 4
7610 6
1099 8
923 4
4211 4
6467 1
926 10
8177 8
1294 6
4788 7
5485 5
4340 1
6828 8
6475 6
7328 3
6316 6
6989 7
7460 1
7050 4
7529 9
2278 2
2815 4
3031 3
3363 3
5585 2
6115 3
708 4
5931 4
1275 9
4328 3
2927 6
5306 1
5449 7
6466 2
487 5
4208 7
2749 2
7914 6
7403 10
3203 6
6279 5
7015 5
7550 10
4768 7
3541 4
5056 4
2257 6
2630 9
4472 7
7558 6
2745 3
2486 5
3035 5
4605 6
5745 9
1828 5
5050 2
5274 10
1480 9
541 6
1216 5
2510 10
3810 1
5358 7
7192 1
4896 10
5419 6
4552 4
3645 7
5910 1
757 9
6689 2
5960 5
3782 6
4792 8
6414 5
6704 6
7586 4
1693 1
6525 1
1376 7
5809 7
2517 2
2992 2
7286 3
2599 4
5965 6
2340 7
4891 3
5374 3
3633 6
5898 9
1965 8
3436 1
4382 5
5021 6
7633 1
4376 3
3816 5
7386 1
1098 6
1384 8
3039 7
7240 3
6672 1
6248 7
7544 4
2549 5
7511 3
909 7
1677 2
3091 2
6612 6
2549 9
2324 5
5926 9
7301 9
2633 10
5695 4
5438 7
5864 4
7260 9
7983 5
797 10
1759 3
3519 6
2391 8
209 6
6994 8
7746 3
4996 2
2142 4
277 7
1131 4
6021 9
918 5
4485 2
4434 9
3320 7
3460 3
1021 9
8092 2
6057 1
2630 4
6661 10
909 10
7429 10
5791 9
1596 2
7225 2
4658 1
7461 4
652 9
1237 9
6223 7
3571 10
2476 1
7723 7
274 3
7436 3
3939 7
4833 4
4895 10
5114 8
6236 2
6960 2
1649 4
4254 8
2823 4
3691 2
8071 9
2601 8
4396 9
4910 7
2048 6
7128 7
8135 7
4338 8
4457 8
5978 3
1973 10
5135 10
8045 7
1307 5
3601 2
5534 10
3832 9
7828 3
2355 8
2794 8
5830 5
6979 6
7803 9
468 10
1126 4
6886 9
7258 5
1905 6
4455 1
1312 6
3016 8
4326 2
6726 3
209 7
4916 2
1273 5
3006 7
3316 6
5564 2
6526 7
7024 5
463 8
1302 6
7374 1
5844 1
7532 8
2150 1
2201 5
6343 9
6976 1
7021 8
7462 9
5444 9
1028 1
6350 2
209 9
458 7
749 1
2991 1
6608 2
4413 10
4757 9
6223 9
1366 8
4699 6
6346 1
5993 4
5092 1
5052 4
2578 2
892 1
1162 3
3680 4
3000 4
2251 8
3406 6
5204 8
7658 2
5673 6
2761 4
5174 8
2628 7
3552 3
3696 7
6349 10
202 5
2835 3
7877 10
6287 10
8059 10
6932 7
7706 1
6543 10
2394 8
936 5
5640 3
2466 6
3278 1
4754 4
4863 8
5148 6
1344 5
5354 6
3335 8
4119 5
3398 9
4277 3
4994 8
5762 6
8014 8
1361 9
6160 10
3335 7
5971 4
1768 2
1800 5
1609 4
4448 3
2391 10
4480 8
4787 10
241 9
6535 9
3527 10
816 1
4551 2
4846 4
5604 9
224 5
1121 2
1403 2
4423 3
7097 9
5248 3
324 7
4032 3
7621 4
5641 8
6191 10
7339 9
640 6
7777 4
3064 6
390 2
4080 3
3496 4
5553 5
6242 7
6644 7
4274 6
7347 3
7184 8
8134 2
714 2
340 7
1960 9
1001 9
6658 6
1989 9
3862 3
7797 10
586 4
3680 1
3462 1
5398 3
5460 7
6852 10
7528 6
7458 9
5921 2
2972 10
1603 5
859 5
1017 5
4902 10
6005 2
7361 3
7787 5
2106 4
3573 9
2377 8
8134 10
3625 6
4141 3
3038 3
3831 8
6400 6
65 6
2540 6
3100 6
5686 10
1854 2
7196 6
7348 6
4882 7
7923 5
7522 10
2075 3
3961 10
1461 1
4733 4
766 1
3934 9
6496 9
7011 2
4216 9
4101 9
7380 4
2325 6
4168 8
5761 7
2014 9
4300 10
3336 5
8127 1
1483 4
6209 6
6516 1
2386 10
6083 6
2120 1
4662 8
5923 7
7761 9
578 9
660 8
3914 7
3735 3
6620 7
4420 6
4687 5
6074 9
8079 1
2354 8
3940 4
4363 8
6853 1
3605 9
8005 1
1712 6
4305 6
4532 5
6381 7
4141 5
5096 3
6315 4
6928 10
813 7
2802 1
4611 3
7043 5
1659 6
7049 6
6334 2
1914 3
2449 7
5466 8
566 3
6270 7
5889 3
6229 3
7306 2
2261 1
2709 10
2935 4
3351 7
5334 7
5652 8
5258 7
7791 7
4379 3
7147 4
244 2
2057 7
6940 7
351 7
4607 1
4042 4
2730 2
5934 7
6138 4
78 4
5831 5
2435 9
557 5
6550 2
2672 1
4486 2
6862 6
275 9
7709 8
7386 8
2486 1
2032 10
5937 5
1494 10
4438 10
6413 7
1192 6
3327 2
5361 9
1575 6
1140 10
1425 4
4844 6
4906 7
7448 9
1773 8
2067 2
1211 4
8150 5
5810 6
7824 6
8128 6
5904 1
4890 5
4209 5
4460 9
5623 5
8046 10
4621 5
5014 4
7219 4
3302 1
7292 8
931 1
505 5
7033 5
7615 9
7653 4
1023 7
5176 5
2733 8
6543 1
6497 2
5776 4
432 6
1196 10
5055 10
4670 7
2678 7
2509 8
3510 7
7544 3
522 5
1220 8
6783 3
1320 2
2300 9
477 4
5675 7
7197 3
7472 4
5835 8
2517 4
3030 2
3180 6
5470 2
6658 10
2623 10
6446 9
4685 4
7970 3
1537 3
1565 7
3653 8
5204 3
689 4
5659 4
7512 10
1332 2
2504 5
5837 2
6781 8
8191 4
433 8
1090 2
6263 1
8041 7
3510 9
5629 3
7050 5
1372 1
4653 6
7736 3
7919 10
8120 6
1061 2
1140 3
1464 7
7760 9
4827 2
7880 3
2624 9
3480 1
3828 7
7056 9
225 5
415 2
6886 5
6723 3
981 7
728 5
1002 1
6356 7
6762 6
979 4
3622 8
4167 2
5705 2
7071 6
2467 4
5998 1
6145 4
4453 3
4513 5
283 7
6418 5
6921 1
672 6
3749 10
550 10
5067 4
6716 4
7517 3
2509 3
1833 4
1945 1
5650 10
6109 8
7036 7
1835 6
7885 9
4664 2
4842 6
1360 8
5370 4
6403 2
1954 2
3654 2
7139 7
7705 6
6651 2
1794 7
2375 3
4564 9
6919 9
7554 7
4890 9
5372 2
741 1
3663 3
7182 2
3519 6
5759 3
412 4
7997 6
6415 10
4559 4
4725 9
6030 3
7055 5
7783 2
5377 1
2946 9
179 8
4041 1
616 1
1609 10
224 10
7889 3
5442 9
8031 7
1047 7
1225 7
7049 3
3726 4
6470 10
5973 8
6763 10
7989 7
8140 1
1195 7
5842 6
4238 7
7231 6
7556 6
74 4
172 3
4801 9
5856 9
5911 10
7008 7
153 6
4579 8
4129 3
3162 7
3516 1
817 4
6235 2
5415 10
1603 1
5699 2
3385 8
1558 1
3163 10
2642 10
6304 7
6325 8
8045 5
240 9
299 10
6847 7
5413 4
6278 2
2957 4
225 3
556 8
904 10
1068 7
2120 5
7662 5
150 5
1166 2
3455 8
7356 7
8148 8
910 7
5745 1
2010 3
7181 3
4721 5
6638 2
7536 10
1 8
6150 10
7107 3
4380 8
4581 3
5389 6
5561 10
8186 2
3349 9
6607 2
7195 9
731 8
5117 4
6814 5
7423 1
2467 5
2572 5
4581 4
5217 4
7351 3
140 1
3706 7
2308 4
5904 1
4516 7
6632 10
6994 4
1819 8
6108 8
1042 6
5196 2
8065 3
4089 4
8190 10
2525 7
3806 4
3986 4
4297 10
7052 7
7062 10
2804 2
2762 2
3165 5
4609 5
7980 5
3004 4
6996 9
1791 5
4731 10
6483 6
2806 10
3009 3
2569 5
7667 5
3034 5
5385 9
2888 2
4798 10
5738 6
312 7
1595 2
7425 9
6664 6
2810 2
3357 7
4476 5
6850 4
7575 3
7925 6
275 1
369 8
737 10
3194 4
2608 10
3278 6
3765 9
4550 3
7594 10
7845 1
3253 9
4632 1
7157 1
7320 9
7943 2
1350 2
2737 8
1859 2
2788 9
2967 9
1829 8
6099 1
5174 5
268 9
3239 3
4742 3
410 5
1483 10
4661 3
1111 3
3553 9
1242 7
5540 6
7829 8
1311 9
1834 7
180 7
337 3
3460 9
5649 1
6130 2
6192 9
2945 9
4216 6
8175 4
3055 2
3191 10
3360 1
4364 3
7307 3
1887 1
3060 6
3059 7
2446 4
7771 3
5588 3
5728 9
678 8
7999 5
6143 6
2883 5
2507 9
4693 2
156 10
2601 7
4774 5
769 3
3976 8
4223 1
5879 7
7647 7
3118 8
5076 1
7130 7
3138 9
3917 4
5828 8
1560 4
6123 1
4260 1
7399 6
4497 5
2371 6
2844 3
6505 3
6663 6
7940 2
4835 2
2317 3
2633 1
3046 7
3087 6
5455 4
5422 5
8145 6
2620 7
3006 2
6126 10
7798 2
8019 9
7222 6
6418 1
8008 10
664 4
650 1
510 1
6585 1
2387 9
518 4
1308 3
6268 7
3229 6
6593 9
6856 3
5392 7
4262 3
612 8
2376 9
887 3
1845 2
426 1
3772 2
2690 1
3791 2
4421 1
6564 6
985 4
1442 9
4744 6
4656 8
7714 2
2070 5
5669 10
4522 10
3326 7
4406 5
492 9
1611 5
6412 5
7363 4
1582 9
2689 6
4473 8
121 5
569 8
1660 10
1734 9
7080 10
2374 3
5808 1
1656 3
2565 3
7113 8
216 10
2277 3
1017 3
8067 7
4362 5
5643 8
6012 7
6019 2
6517 8
2048 5
4479 9
6442 3
3089 4
7113 8
3691 6
4996 2
5376 5
6158 3
6253 5
8137 5
148 5
3536 2
4034 8
2702 4
195 2
2597 1
3992 4
6368 1
311 8
6136 2
7190 10
2749 2
3667 8
5046 4
6012 5
8061 2
6013 1
4245 8
155 8
867 1
4058 2
4574 6
1829 7
3978 5
5773 5
7367 3
5138 1
5530 1
1994 7
6737 7
8041 9
1203 9
5731 8
1171 9
7708 7
808 5
3966 10
2981 10
5793 1
7851 6
3908 9
7684 5
7045 4
3695 3
4829 5
7816 6
803 3
4000 5
4986 4
7911 1
842 6
6162 8
4904 8
5386 9
7600 7
501 6
3651 4
4899 8
5509 8
7951 2
2125 8
3662 2
7276 3
92 1
5185 8
7129 7
5776 8
5818 4
4831 8
279 6
5810 6
1521 9
3821 3
7694 5
2738 5
367 4
3196 5
6704 8
6889 1
596 6
1322 6
5369 9
6304 9
2402 3
4179 2
7618 9
2748 8
7664 9
968 10
2375 2
3994 3
5718 3
6315 7
2091 6
7560 8
7857 8
7965 2
4382 2
4184 8
5498 10
7914 10
3675 10
6237 8
4259 1
5899 7
6300 4
7133 2
173 8
863 10
7064 1
1428 7
6371 1
527 1
1970 9
7256 4
5014 7
20 1
1126 10
2158 1
825 1
2584 3
5055 5
7784 1
732 6
6009 7
5196 10
8119 10
5249 7
173 3
7992 8
5232 10
6724 5
43 7
2326 4
6690 9
7974 4
1205 4
7193 8
5718 3
3285 8
4881 2
6428 5
6900 9
7648 4
1278 3
5168 1
7398 9
2359 8
7198 1
1209 8
1709 8
1663 3
4547 3
7822 8
1277 9
5298 1
2274 6
3459 5
7710 5
7835 5
1445 5
5860 9
3371 9
4507 5
5172 6
6478 2
1756 4
4925 5
1037 2
6062 7
5942 4
4276 3
1334 10
1709 8
8170 2
5378 3
5393 3
7989 4
1568 3
760 7
821 10
3238 8
4532 8
5191 1
6567 1
5740 2
7230 3
416 10
7295 7
5860 2
6974 3
7769 4
1469 10
1954 5
4416 1
2673 5
6185 9
4267 1
5132 3
5473 5
6996 1
7836 5
1870 1
7071 1
7026 3
2267 6
3822 8
5907 10
8143 7
1572 1
3876 5
4013 5
1749 8
4170 3
2900 8
49 10
449 9
148 6
4153 7
7033 7
2411 9
2238 3
767 10
859 9
6684 6
2489 3
5881 4
1753 6
2088 2
188 1
5418 4
4130 4
6946 3
2861 4
4200 5
5255 6
5337 4
4787 8
502 3
5037 4
2965 10
5833 10
7455 9
853 5
1547 3
5547 5
7595 10
674 6
5834 7
2474 6
3184 2
4546 9
5309 7
1766 9
7332 9
3227 9
3640 10
6726 1
4127 6
7866 10
1490 6
5799 4
2741 8
7778 8
6256 8
3681 2
6466 9
3427 6
6543 6
1417 10
116 6
2319 8
2655 10
7253 7
254 2
1245 10
1885 1
4414 7
6603 10
5914 8
2034 2
6205 1
64 3
1549 10
282 3
447 5
230 10
2791 4
2330 3
2728 1
2889 9
3564 7
4021 7
4320 3
4892 10
5278 8
7225 1
1119 8
119 2
2665 7
5310 4
2520 3
641 2
3569 5
719 4
7103 7
4745 7
4708 5
8116 6
1440 10
7296 10
6409 7
4277 1
5999 5
990 9
6091 4
2770 3
3311 7
3806 6
4512 9
6126 8
6376 9
1444 1
1906 8
1850 5
1636 8
1354 1
3473 2
6254 4
685 3
1775 10
3394 9
5833 7
6890 1
394 3
6947 9
7852 10
3910 2
3845 10
7801 2
8090 2
2926 10
2712 10
2869 2
7677 7
1393 8
1658 5
550 3
4902 9
3034 8
7736 9
5752 6
6349 8
1839 6
7936 8
8058 10
4816 2
4974 10
7151 9
715 4
6772 8
4197 4
4214 4
4563 9
4772 10
6180 1
6990 10
6895 6
931 4
4227 10
4934 9
6421 9
7589 8
1988 7
2172 9
2889 5
2681 6
2313 6
2619 7
4795 5
4246 3
3245 9
3569 7
4554 3
4594 8
5749 10
6765 3
7618 2
4833 9
7974 2
1704 4
1849 7
1926 10
1544 2
1869 7
5689 9
5219 7
4288 5
917 7
1059 4
1852 3
2474 3
4189 6
3110 2
5042 9
6563 1
3737 3
2796 3
2395 8
188 4
77 7
7737 7
4526 2
7379 8
1122 10
616 3
3630 7
5758 9
5182 7
5546 5
2206 4
690 2
265 3
3272 5
3904 5
6172 2
1411 10
2819 10
6981 2
5404 8
3618 4
4140 8
5814 3
6779 5
73 4
1282 4
4169 1
6558 2
4374 8
6961 6
273 8
4244 7
149 1
5184 3
3119 1
3185 8
4256 9
4516 9
7102 8
1759 3
3748 9
7150 7
2742 7
2734 3
6930 10
8184 3
879 5
2300 6
5573 4
3137 7
2462 1
4671 2
3565 2
5159 1
5254 7
1468 10
1478 7
6480 5
3804 4
1306 10
6082 5
4247 2
485 7
7708 5
8040 6
1562 1
4782 7
3707 2
4814 6
5032 3
5527 3
5767 3
2227 3
4993 2
5199 6
2694 9
3835 5
3704 7
3804 6
5578 2
5512 4
2522 6
4249 4
2283 8
6221 2
1979 6
2384 9
7808 8
793 2
3274 1
596 3
6810 2
905 3
2479 4
5200 7
2498 7
4959 10
1996 3
5509 1
5390 7
2327 1
5665 8
7300 8
1463 8
4945 1
4027 5
6784 3
4146 10
7109 8
637 7
1756 3
6927 10
2103 5
3498 9
5036 9
481 7
7816 7
6298 7
2147 6
6564 10
2957 10
4998 8
5809 6
2263 4
1877 1
2869 5
3635 5
6756 3
7333 7
608 10
2322 1
6691 10
5108 9
7263 6
3474 3
1889 4
6061 9
2550 5
5402 4
5913 9
6814 9
2901 7
4708 5
6386 4
1443 6
2846 9
1668 2
2286 3
7596 9
4488 8
87 5
156 2
2566 6
2775 10
4727 6
612 8
3490 1
1084 4
6403 5
3307 2
5615 9
2373 9
3640 4
5606 10
2011 7
408 5
898 7
5497 8
1665 9
2065 9
7960 5
7258 2
7484 4
6200 6
5960 5
3631 2
5311 5
3321 4
8005 2
2996 1
4271 4
4652 10
2646 5
7685 9
6044 3
1135 6
320 4
1827 6
6044 4
1825 10
735 2
3586 7
731 4
2098 7
5736 10
3628 1
454 2
7581 8
6654 6
2047 4
4189 8
6509 5
5845 6
6962 8
2837 6
3907 10
5253 6
6912 2
809 5
4556 7
1288 7
536 7
4983 3
5032 6
6181 5
1333 9
560 2
631 4
3574 2
5761 3
5010 4
6891 2
5478 10
2475 1
2661 3
5949 5
6287 10
6982 6
5743 9
6556 3
6957 2
1525 6
7394 4
5809 6
3406 1
6422 4
5370 7
4557 8
7417 10
6667 9
3158 2
1168 5
5189 5
4570 7
1131 5
2365 4
6608 7
1640 6
5341 3
6561 1
4004 7
2975 4
4166 4
5101 10
5114 9
6034 4
6690 4
257 7
8176 7
3511 2
3845 6
715 9
4530 6
5486 1
7932 7
6257 2
1613 4
147 4
480 4
3196 2
6839 6
6479 5
1948 10
8027 3
5727 2
6487 6
6871 4
2152 8
6761 3
5892 4
237 4
4019 6
1321 9
7311 2
2116 8
419 9
423 8
3586 1
4174 8
6333 7
876 10
564 2
3356 3
3191 3
3364 3
5537 8
2775 10
3409 8
1219 1
5636 4
709 4
268 2
3749 9
3869 2
7248 5
35 1
1713 5
2265 8
1830 4
6116 5
3790 4
4648 1
6321 9
7512 8
1150 3
383 10
8125 1
5657 10
2727 6
7130 6
405 3
5646 9
2061 10
8006 2
211 1
4970 4
3009 5
1643 5
5365 5
1407 8
2043 6
914 4
1882 4
5029 4
2686 3
5218 6
8056 4
7193 5
3560 8
1383 2
5334 4
3225 9
222 5
397 9
2348 4
2563 1
4679 5
7745 5
6398 5
6832 5
5729 2
2481 8
2844 1
6863 8
7028 4
1037 6
5033 6
7827 7
6779 4
3540 5
6678 5
7289 4
81 1
6688 8
2597 3
4063 4
3381 1
6036 9
6297 10
6337 6
7673 5
1875 7
3571 3
4212 6
4785 1
4935 4
1705 8
4354 10
6083 3
633 9
6669 4
2226 6
1181 6
1717 9
997 4
5317 9
5757 8
5989 3
7021 5
7345 10
593 8
4512 10
2981 2
433 3
464 5
2332 9
3866 4
910 7
207 1
4131 6
2237 3
7849 10
1151 8
977 7
2188 3
7724 2
4068 6
2256 2
3079 6
6134 4
2232 9
66 9
4417 3
107 1
3699 7
5531 3
6348 3
2142 8
650 2
5372 9
3836 10
7392 6
3549 4
7915 2
6841 6
7512 6
133 10
4452 3
5422 8
5968 7
7264 4
306 3
4007 10
2597 9
8036 3
4569 2
66 7
5977 6
5739 8
6859 1
1006 1
2883 1
3383 10
4747 5
1366 8
2058 10
6743 10
8138 2
1497 1
1847 2
3243 6
7483 7
7651 7
5019 2
443 9
5818 7
7625 2
8015 2
1868 10
3285 1
6162 6
4457 5
1974 1
1507 2
3606 4
2070 5
2319 9
2500 1
3209 7
3429 8
4257 3
4893 4
1238 2
1922 2
7319 2
6251 5
7552 9
3446 1
4059 5
7183 7
7692 4
2149 10
5335 8
7918 10
7961 3
254 7
1371 10
2230 9
8179 5
1959 4
4670 1
3893 4
5405 1
1199 4
3148 2
8037 1
3067 8
5862 4
3371 3
7826 4
421 2
1369 7
2051 1
7978 6
5178 8
3497 8
4554 8
7683 3
7217 3
6915 8
2131 10
2105 8
591 3
7274 1
2486 7
3194 3
6080 7
6967 1
3015 8
6633 7
6988 9
846 9
2473 3
5958 6
4894 8
8085 2
2128 8
11 2
1282 3
5867 1
1368 7
2898 9
4815 9
2305 8
4490 1
3121 3
2499 10
3468 4
6289 10
8099 1
2834 1
5456 5
6246 6
4421 2
1375 10
6573 9
6950 7
109 5
4917 4
605 9
7907 4
8125 7
421 2
1773 3
1549 1
5895 4
4554 1
3623 9
3456 6
3666 7
4665 8
6559 7
3930 9
2612 7
2925 9
437 3
2083 4
2907 1
6525 7
4175 3
2255 3
6402 9
3565 1
1217 10
5016 1
3960 6
1289 2
6488 3
6686 8
1504 7
7243 5
3781 2
3677 2
5171 6
1240 4
655 3
572 3
1640 3
482 4
3753 9
2737 6
4278 10
5272 6
5925 4
7998 9
7191 8
6375 7
77 1
2497 7
4174 3
3286 4
3553 8
4671 6
5559 10
7366 10
7695 6
183 8
943 1
1228 9
1782 6
8186 5
7118 4
4681 9
6714 2
8161 1
2908 9
6858 2
4806 6
7884 6
1147 7
2276 9
2621 9
2022 3
4899 3
2427 6
872 4
3906 10
5906 8
8180 5
1855 3
1546 5
4749 2
4679 2
7128 10
6593 8
2634 7
244 2
5586 5
4082 7
5893 7
7574 4
3194 7
3261 5
5940 8
5262 3
4098 5
7424 5
452 5
1614 4
51 2
1996 8
7898 1
5724 10
6441 3
7730 2
5568 4
5196 6
5818 2
7032 10
71 10
5004 10
3520 4
4935 5
7163 7
7055 5
6142 9
763 10
2476 4
104 7
2878 6
3094 7
6090 3
4112 1
4123 4
7498 1
2871 3
1601 4
3622 10
3056 3
4773 2
4859 1
6771 7
6816 10
773 4
4335 4
5926 1
6778 10
700 6
1106 10
7428 4
3084 7
8015 5
4752 2
4125 1
256 8
6161 5
5136 2
5122 8
8080 3
641 5
3740 7
6764 10
2935 5
7213 5
7706 1
1181 3
2412 6
6499 8
2493 7
5912 10
221 2
2543 7
900 6
1159 6
1043 1
7790 5
7047 4
6298 7
6986 1
2821 2
4479 10
6702 4
6858 2
6923 5
7230 7
5283 1
7445 6
6845 5
6989 2
4076 7
4777 8
5423 6
7642 4
4446 6
4586 8
4103 5
6271 3
7930 1
7978 8
693 3
6331 10
1128 6
2665 7
4614 3
5418 4
5952 8
7286 1
884 1
1302 4
5853 7
4352 1
4867 1
6542 3
3930 9
617 5
6551 8
4205 9
6028 4
7490 10
2161 9
5139 3
4132 6
8172 4
7465 4
5213 3
3375 1
5243 7
5313 3
5485 1
1657 4
6684 9
1492 2
2816 6
5342 10
410 5
676 9
3659 1
7719 3
3708 10
6085 8
6286 6
6395 9
1795 3
1813 6
3744 9
4082 10
7635 2
635 7
1958 9
2694 6
1148 5
4822 7
6005 6
6411 3
6354 9
1929 6
1195 1
3889 10
4214 1
5387 2
6107 8
5737 8
3763 7
1288 1
2537 1
3637 3
6925 3
504 9
877 10
7873 4
6167 9
2803 3
3305 4
8086 4
2893 3
3060 2
3712 5
7101 8
3049 2
4819 1
4916 8
1327 1
2901 8
2702 3
5019 3
4521 8
1149 8
1304 4
2222 4
7188 6
7846 9
5905 9
3658 10
7044 1
7330 2
1233 9
197 9
4623 8
3042 2
3612 5
1073 7
1456 2
305 10
1920 10
4474 4
75 6
2157 7
176 4
7747 7
2730 10
535 6
6683 1
575 5
1318 3
4013 4
2023 6
3965 9
4790 9
6708 1
1590 2
4293 6
3875 10
6355 9
1719 6
1200 9
1665 3
4983 8
5885 8
3365 10
268 6
3161 9
5181 9
386 7
7923 8
2957 6
5956 1
3456 9
3494 3
5215 6
7664 10
8107 7
1096 9
3173 1
7995 10
6233 6
5760 7
859 4
4969 10
942 3
8048 4
5748 2
6886 9
4735 2
6531 3
5272 9
5489 10
5959 10
7179 6
5909 6
7129 6
3273 10
4784 2
5924 8
7752 10
7916 2
1986 9
3078 2
3259 2
4648 9
1596 7
5716 6
3277 10
3853 6
4142 10
7740 7
406 8
616 6
1643 7
686 8
6072 7
6301 10
2739 4
5416 8
576 10
1488 7
73 4
7178 10
7903 3
595 6
4064 1
4395 5
2313 1
3038 1
1374 10
3610 7
2492 8
3348 1
4548 7
4734 4
6102 6
983 4
4366 4
4705 2
7038 2
7757 2
28 6
4085 3
5057 4
1982 8
703 1
5304 2
7846 9
8070 9
3189 2
4805 4
6340 2
2128 6
4588 3
1706 4
8087 7
3530 7
919 5
1041 10
1812 3
2182 4
7150 3
2205 5
7269 9
466 2
5074 7
651 8
5576 10
3696 4
3889 8
4443 9
820 3
5672 1
3312 2
7978 5
41 1
4323 9
3424 1
3288 5
3677 3
3827 7
717 10
2967 2
4688 9
3240 4
4543 10
5563 6
240 10
520 9
970 3
4188 8
1725 4
6309 10
7921 4
1161 8
1528 10
2393 3
7796 6
866 8
3665 3
7067 4
2304 3
4616 5
2280 6
4422 8
6569 4
1593 2
2344 1
5877 1
5661 5
4377 2
7750 1
662 1
2420 4
342 5
2111 1
2563 3
5878 2
6303 2
386 4
6928 2
5154 6
2930 8
1383 6
5850 5
347 10
7674 4
7146 7
3891 2
5718 8
1991 3
2321 4
4686 5
1019 8
3605 9
1318 7
706 3
2843 4
3307 9
5497 5
6329 6
7997 3
713 9
867 1
2034 5
2366 8
8107 10
7038 3
789 7
5075 9
5591 5
6249 10
793 7
4562 9
4102 4
4570 8
1485 7
2634 9
1978 10
2912 6
1855 5
7521 8
6862 8
278 8
7946 1
6243 6
1431 5
3121 8
1429 10
2092 5
2392 7
769 5
7164 9
2162 1
3111 6
3274 2
4680 7
6125 8
2737 5
1652 1
2520 5
5288 3
7488 1
8167 8
4915 5
1085 7
5383 6
5991 2
7171 10
4785 9
2277 3
2724 1
2975 9
3472 6
4585 2
263 7
346 8
8137 3
3998 2
1946 4
3536 7
4390 8
3294 5
1350 10
3293 4
3670 1
6013 4
1113 5
1517 7
1451 5
1557 7
1174 7
2462 8
2962 7
7094 1
2427 7
4144 6
690 7
4332 7
3895 1
5021 6
5186 8
5226 9
1815 1
4042 4
4762 5
6820 2
2875 3
8087 3
7207 7
5597 6
6806 6
243 4
3929 6
1890 5
1202 4
6845 1
2950 9
3158 7
3785 6
4588 8
2408 7
6499 3
4886 10
3126 9
2509 5
2321 7
6886 7
2078 8
1370 7
1513 4
2395 10
3262 1
2615 5
6421 9
1725 9
8171 10
2384 1
4011 1
7033 5
1381 7
72 7
2863 5
3597 8
1194 10
3934 10
4266 8
2762 6
4495 5
103 1
2176 5
7243 3
1710 8
4197 10
605 2
1257 8
3205 1
5679 10
6373 8
2812 7
4849 10
7813 7
1155 1
891 9
4647 5
3619 10
4141 7
4376 10
4764 6
5817 9
4130 3
2223 9
6535 7
6279 7
6803 7
3283 7
2058 7
7098 7
6998 5
2185 3
2171 8
7420 6
2497 5
1024 5
2682 3
7878 2
8171 8
2094 10
1506 2
3163 1
1411 5
6139 2
807 8
1698 10
3331 5
2999 9
4880 3
5545 6
692 2
1046 2
5867 1
276 4
5614 1
5796 1
6213 3
6907 8
7245 10
1821 9
2875 9
6407 10
3298 8
1293 4
1333 7
1360 9
1964 5
1628 3
4682 2
322 9
5645 2
7242 5
4816 10
1651 5
3089 3
1184 6
3082 10
4876 1
1970 2
6054 9
4525 6
4434 5
5813 10
2173 4
2097 2
4690 7
1350 9
5622 8
3573 8
1764 6
3258 8
2525 5
4330 3
4460 2
7774 10
3596 2
4612 3
4686 5
5795 10
48 6
2487 5
2287 3
4139 1
6523 10
7110 3
7132 4
7150 8
805 8
4447 5
7771 7
2318 6
5172 5
530 6
4145 6
4588 8
5092 6
7041 9
4677 9
1147 1
4726 2
379 4
365 9
2083 3
965 2
3208 10
271 3
3482 6
4296 8
727 9
893 9
2043 6
2208 7
760 1
7474 10
3984 6
2518 5
3231 9
6635 5
2758 1
282 3
6392 10
3801 10
3385 4
3058 1
3418 2
3796 8
4957 5
7196 9
5836 2
5604 1
4666 8
7053 8
7079 2
1695 9
6885 3
4471 6
5407 9
6132 3
7121 7
7138 9
7169 3
1406 2
8060 9
5074 1
5347 6
6337 3
2050 5
1997 4
1327 3
4338 8
5032 6
3331 3
6092 3
8169 4
12 2
4661 3
4101 1
6956 5
7883 4
6709 5
175 1
1226 8
5772 10
2632 2
3099 10
5270 6
6621 3
6891 10
5760 4
6766 8
2633 1
3777 8
3818 1
608 4
1126 7
3856 3
3233 4
3996 8
4657 8
6635 4
1467 3
3352 7
6231 4
5953 3
3809 4
310 1
7141 1
2442 1
4177 6
543 8
950 9
61 2
7279 1
1168 10
2640 9
3176 10
4888 10
4893 4
398 1
930 2
1610 6
2079 9
7356 6
1497 7
2687 2
2144 6
7717 10
3368 1
5881 4
2922 7
3395 10
6122 9
1065 4
4928 2
5369 5
4590 10
4646 4
3304 10
7361 8
8108 3
8118 1
2427 7
3346 7
5312 5
4855 1
8153 7
1874 3
1179 10
5987 8
448 2
364 4
4602 10
2963 2
3011 7
4684 10
7024 3
7758 10
398 5
4520 5
1888 6
1751 10
6478 10
6188 7
6423 7
1311 7
6445 1
5446 1
7986 5
2776 6
6207 9
7012 4
7887 7
8139 10
1917 10
7192 6
4875 10
2565 8
2549 9
4354 9
4566 7
5362 5
8132 10
2103 9
2102 5
2770 9
6388 10
2548 9
3589 4
540 5
1949 5
4341 8
2328 5
73 5
3029 5
4975 8
5682 8
1743 6
7086 5
6776 2
2928 10
4442 2
4089 9
4293 1
2069 4
5703 5
2698 3
3347 1
4613 4
6435 7
6689 1
1064 5
7810 8
7343 2
2766 6
4577 3
4601 9
1405 7
1048 5
3935 6
6929 5
4081 1
7150 1
5589 7
6092 10
1431 4
1728 1
3289 8
609 9
761 7
7423 6
3392 6
1422 10
8170 7
3667 5
3421 6
6667 10
3669 3
3532 9
4015 2
7953 2
2619 8
3026 5
6524 3
7817 6
42 7
2021 2
4660 5
5468 2
3566 5
5636 3
516 5
696 3
831 6
899 1
1630 10
6322 8
6484 9
7338 2
1686 7
5349 4
7776 7
8183 8
5579 6
3923 8
4295 9
7289 9
1968 1
2629 8
1964 1
3464 3
3869 4
3763 5
4006 2
4033 6
5546 5
7851 1
1786 10
2476 3
5923 2
2365 1
3855 8
3430 1
3924 6
6305 7
2030 4
4399 1
537 8
2548 8
3671 5
1630 2
2237 3
5183 7
6788 3
2330 6
3770 5
4224 4
3594 4
845 4
1140 6
6741 6
291 8
479 8
896 8
7399 8
6995 3
401 7
3213 3
7497 10
7644 1
5605 5
2212 5
3609 8
4084 6
5430 10
2031 1
7848 4
1564 8
7185 4
7699 1
3310 9
4316 1
5790 3
6712 5
1143 6
1536 1
2205 5
5091 10
3 7
2856 5
2867 1
263 8
1376 9
6474 1
4337 5
2655 2
4384 5
5315 5
5658 9
7637 7
6549 6
2077 8
4780 4
6987 7
5762 2
4171 3
8046 4
4998 9
2993 10
1860 7
1513 10
1009 6
4793 2
5780 6
7533 1
113 1
5863 6
6303 5
2124 2
7106 8
6074 5
3945 5
17 9
3904 4
5442 5
812 2
960 9
1305 9
5970 1
4746 1
400 3
5036 8
6609 8
595 7
6950 3
385 2
6896 7
7677 6
7843 7
1330 3
1616 1
7924 9
3265 9
7122 2
423 1
4601 2
5067 2
5584 1
3685 3
4274 6
5507 8
2261 3
1179 9
3044 2
6280 1
5 3
830 3
7335 8
1657 10
7933 6
5442 8
7397 5
4037 2
7263 2
2897 8
3003 5
5147 4
6633 6
7114 1
319 5
434 1
341 2
3500 2
3281 7
2660 5
3766 9
133 6
6337 1
7237 3
4680 1
5155 2
2847 3
3005 8
4062 4
6047 8
6304 3
8103 4
623 8
8009 1
6044 3
4830 6
1029 9
1603 5
95 2
5258 6
5918 10
76 5
2741 2
674 8
6315 3
3900 3
5248 9
1843 2
4674 5
3846 1
912 3
1480 4
6589 1
2823 2
2703 7
3501 7
5403 8
6305 2
7987 10
1650 4
7975 6
3702 6
3837 5
6212 2
6790 10
3896 9
7772 6
3803 7
7098 3
8090 9
796 9
1692 3
1988 5
6871 9
3941 10
7565 8
3428 1
5191 4
6026 7
671 4
2368 3
2379 9
3728 4
4367 4
2240 1
1297 4
6710 9
6978 3
5159 8
4442 8
6633 10
6288 6
4363 1
5522 3
1716 10
2098 4
828 7
7957 9
2718 9
3581 5
4005 5
7503 10
2011 3
279 2
2036 7
3085 10
6062 5
6506 4
2224 7
2832 6
2113 8
5084 9
1587 5
3143 9
170 10
7356 6
4898 3
100 2
3753 5
7772 7
1339 3
3026 2
4321 5
4457 4
5765 6
7445 4
8091 1
298 4
1793 8
3065 2
7484 3
6967 6
3951 3
4022 9
7485 7
1671 10
8006 6
4782 6
3396 1
5420 6
3747 1
5269 3
5291 4
7 8
76 10
3003 5
671 10
1151 5
2750 7
635 7
1912 5
4198 8
3358 10
3008 5
7220 7
507 4
1881 7
2013 9
2215 10
1738 7
4337 10
5338 4
4749 3
773 4
4561 6
6444 10
6764 6
1202 4
2751 8
5886 9
57 4
1659 2
4923 9
5367 6
6102 2
6157 8
6439 5
125 5
1310 2
1655 4
4714 8
3314 4
7624 5
430 3
4571 5
4670 3
7538 3
66 9
886 2
7134 10
1785 3
2400 7
393 10
2797 4
6257 4
2885 1
4232 3
7179 6
2654 1
612 9
6674 2
3879 10
7026 2
2499 5
1150 5
8063 1
6622 9
4230 2
4275 4
4426 6
5017 9
5993 8
5519 7
2997 7
4766 4
7766 6
5476 10
1990 9
6517 9
1669 8
3352 2
3690 5
5182 5
8017 1
474 6
993 10
8159 6
358 3
4301 7
4416 1
6190 8
7901 5
138 8
808 8
2558 8
7458 3
2300 7
3569 9
2759 7
5697 5
7597 9
648 4
2228 7
1218 5
414 10
4092 10
2021 8
3962 5
6971 4
2411 9
5001 10
7019 6
3056 7
3699 3
4028 1
4549 1
6516 2
1054 10
6279 8
7496 9
4334 8
5057 5
6678 7
6815 5
756 5
790 7
2174 10
4639 5
5159 10
6912 8
596 6
6326 3
145 6
2019 6
2179 9
3181 1
4905 4
1530 3
2035 1
1741 1
8079 7
4236 10
4805 5
4202 9
718 4
4046 2
2983 7
3426 10
6225 10
6545 10
782 10
999 7
3172 3
4746 6
558 6
2126 7
7892 1
599 4
3823 1
2562 8
1787 2
5738 4
4785 4
442 3
7787 4
2108 4
2091 9
7635 7
6592 2
3985 10
4688 7
7581 6
5814 6
834 8
4487 1
5968 8
2533 2
7095 3
5503 5
1267 1
3378 9
5159 3
7868 4
733 3
2104 10
3160 8
2227 1
2534 1
6235 9
3481 1
5437 8
6345 4
7236 8
8132 10
2414 7
2483 9
8004 4
3420 1
6825 6
3859 6
437 8
5871 3
7881 6
7149 2
3034 7
5532 9
5210 7
2849 6
7373 8
4543 2
7132 1
3234 7
3494 8
6139 2
7489 5
5192 10
210 4
241 8
4275 10
6085 7
7251 10
1268 7
1392 7
4584 2
5846 6
470 9
3233 8
4369 2
3806 2
2538 9
522 8
1592 5
3766 9
5789 1
2199 10
5160 10
3517 4
3677 10
7548 7
1864 10
950 9
3061 9
1858 1
1263 8
1433 10
3611 6
667 6
5324 2
477 5
3089 9
3625 8
7738 2
1846 10
2337 5
3712 8
5777 2
5760 1
7807 2
3154 1
7409 10
5554 8
4875 3
5191 10
3085 10
3691 1
1737 10
2971 4
7023 5
7123 9
1102 8
1900 9
4659 7
1836 9
6552 8
141 3
2932 8
6963 9
6730 4
5229 4
6515 1
5211 10
1778 9
3716 3
1065 4
7755 8
3420 5
76 1
5272 5
113 8
2614 1
148 9
6850 8
2761 4
2899 4
6996 3
3080 2
2574 2
2283 10
5060 1
5644 5
6960 2
5645 9
292 2
940 1
4693 9
5873 9
6033 10
2665 4
3076 10
5058 1
115 2
8118 9
885 8
4458 10
1009 9
5955 10
2685 1
6104 7
4022 10
363 10
1838 8
2587 5
4996 8
2780 8
4278 1
7661 3
2344 3
6753 7
1485 5
6744 9
2037 10
2825 2
1751 8
7549 8
6259 4
172 1
466 4
8060 10
7652 9
3556 8
2066 7
7745 10
6111 3
2818 6
3781 3
4108 10
4503 6
2287 7
2432 7
5366 9
2657 4
860 8
3563 10
7011 5
2078 10
6526 7
7891 7
5336 9
3012 8
5391 1
5403 6
1635 8
4233 9
6105 7
6152 8
6569 6
4889 3
1242 6
7568 2
3794 3
5179 4
5181 5
6597 2
6934 2
151 10
1413 5
6170 4
3905 7
3765 2
3778 2
1076 6
3051 3
5274 8
7291 7
619 8
4074 2
4142 8
3285 4
3498 9
4300 5
2161 1
3277 2
6172 6
2273 5
409 5
7865 9
3974 2
2680 5
3467 5
3947 2
8084 10
8150 9
4523 10
3449 4
4705 1
8092 8
5365 2
5739 2
1222 1
3901 2
4494 7
6069 2
3137 2
4411 3
5727 10
8029 6
1229 2
7359 9
4497 7
3614 8
5394 7
7871 6
1280 4
7225 5
874 6
3017 7
5180 8
2171 7
1958 4
2927 9
5615 10
3273 1
3903 4
2773 4
4331 10
241 7
1718 8
2673 5
7474 8
6508 6
6941 6
2300 6
3368 10
3909 8
3762 9
6892 9
7816 6
2509 3
4855 10
8025 8
3114 5
4934 8
5753 3
5913 2
4587 1
3292 1
3136 1
4308 6
5767 10
6997 9
118 5
372 7
5146 8
6347 2
5945 3
451 6
4344 7
6619 9
8053 7
2659 1
29 7
845 1
4685 5
7418 8
1085 5
1496 10
2363 3
2867 4
7966 6
4200 4
7365 2
2539 2
7260 4
4426 6
3751 5
6402 8
7272 9
5233 1
3480 1
4043 10
3446 5
5129 9
6875 5
800 6
2236 6
5981 10
3609 10
7505 3
2233 1
4655 9
4606 5
4663 8
4777 4
7033 3
7860 7
7870 9
2733 2
3863 1
1153 7
1206 1
5097 7
1662 8
2943 4
5012 4
5043 3
6112 9
7631 5
1588 9
3604 9
6164 4
6326 4
6790 5
3324 6
3397 9
3587 2
4230 10
6987 4
7197 8
915 9
2440 6
1171 1
2317 9
5634 1
4053 4
4143 2
5317 8
6120 5
8142 3
22 3
7906 10
5195 7
5599 8
5677 9
7926 10
8104 4
843 4
3662 8
3966 5
1300 10
4883 6
5159 9
3185 7
4025 9
4165 10
4773 6
5712 1
6634 9
2829 5
6994 6
689 1
2552 3
2924 1
6385 6
3112 2
6535 3
6743 3
3091 4
5967 4
7210 2
7665 10
5265 4
5402 4
331 6
7523 8
7912 8
1361 1
5851 1
2939 7
4511 2
6252 8
1233 8
2240 4
2445 3
3583 8
236 1
3569 4
5959 9
3882 8
2593 7
694 8
4030 5
1737 6
1932 9
1963 10
891 5
4100 6
6110 5
2960 5
3774 8
34 6
6787 8
4260 1
3237 2
7087 4
99 4
394 7
832 7
1178 2
5715 9
4448 3
5042 5
5815 8
1216 5
2037 10
5133 5
5673 7
6065 1
6446 4
1826 5
3576 10
6212 3
6393 8
2957 9
4094 7
5489 2
1487 3
2158 10
1456 8
224 8
1393 1
6121 6
6841 10
2944 8
5359 3
4217 7
7152 5
2082 3
2294 10
4073 1
7534 4
5393 4
4256 6
7168 10
7948 10
7994 2
7265 2
1577 10
1150 6
5235 5
1072 2
4334 10
6204 2
6934 2
7127 2
7202 5
1630 6
5716 2
3945 7
301 10
6337 6
3095 8
4579 9
5131 7
7692 5
1720 1
4635 2
3361 7
4060 4
5033 2
5531 2
6706 3
4263 9
7277 6
4336 1
3182 2
4632 1
7195 7
2599 9
5161 9
3772 2
6700 3
7399 8
7749 6
3339 8
4134 1
6921 2
7261 5
4429 5
4190 8
7523 8
3902 2
8128 9
1411 6
978 7
4219 6
1089 5
7535 6
1507 7
5812 7
6267 9
7412 4
577 8
1316 6
1729 4
2975 7
2830 6
7939 2
4433 8
6121 1
6752 3
390 1
1017 6
2489 1
913 6
901 4
3401 2
1342 1
4747 5
1772 6
717 9
2038 9
1644 9
1531 2
3883 2
2360 6
7544 5
7760 5
3504 7
379 4
3194 2
3901 10
4070 7
5550 7
6282 8
6701 2
234 6
7527 2
2286 1
1892 7
1317 8
4522 1
761 3
2449 10
1710 4
3669 7
2160 2
4856 6
3161 7
3186 3
8180 7
5636 5
5806 6
543 1
2997 1
3120 6
3640 9
4330 7
5648 3
810 10
1569 7
4690 3
7878 9
5865 8
7702 5
8046 8
380 6
2170 8
2691 2
5663 10
7655 9
842 5
5260 6
5612 1
2312 3
1488 1
3437 9
7809 9
480 3
1811 4
7911 6
1304 5
384 8
7332 5
6228 8
3574 7
777 6
7292 8
6141 4
6535 3
412 3
2217 8
2406 6
2487 5
7787 9
6911 6
6330 9
2254 5
3021 1
459 3
3967 2
816 1
4491 2
5224 5
5706 3
7646 6
1165 3
6251 10
2460 4
7261 6
7534 9
180 7
7985 10
4056 9
340 9
1304 10
5769 9
1425 2
2282 8
4095 2
2590 2
1916 5
8043 10
2802 5
2312 7
6645 2
5995 4
4810 10
7481 10
4244 7
6532 3
1820 10
5309 8
2867 7
3253 6
3807 9
6409 2
3852 8
7780 9
2892 2
2958 9
1732 2
2092 3
3309 9
5174 7
4952 6
3282 10
4586 3
7045 3
6234 6
1438 8
6452 5
961 7
783 5
3041 6
3800 1
1431 1
2256 8
1079 9
1286 7
4058 9
3842 5
5886 5
176 5
2090 2
7833 1
6109 8
1467 4
2241 2
3746 5
5637 7
2606 7
800 9
1102 6
1972 9
2610 8
1892 5
6334 9
1943 4
4258 7
7436 10
4353 10
752 7
2794 3
6573 4
7109 9
1851 1
3519 2
2766 4
5124 7
5672 3
6406 2
6984 4
1078 8
6952 9
3082 5
6573 6
5657 6
6273 10
7680 1
1897 7
4396 1
4746 6
4413 10
701 1
6715 9
1626 1
7425 9
7424 7
3486 4
5777 6
6672 3
33 7
3968 7
3572 9
5835 8
7031 6
342 6
1316 7
2004 7
2526 1
7598 1
868 6
4943 7
4160 6
4501 2
4682 10
1279 10
2619 7
6742 8
6537 9
4146 6
4669 4
7988 6
646 3
3758 4
5288 2
5540 7
4231 2
6326 10
6768 4
223 5
666 10
2126 4
4499 6
6915 3
2654 4
4103 5
7958 8
2503 6
6607 7
2209 2
7893 3
7189 9
3164 10
4317 6
8073 10
764 7
1797 5
7510 4
7242 8
1622 5
7163 6
3015 8
5306 2
5407 3
6103 5
7946 8
589 2
5561 3
6488 6
4494 2
7283 6
779 8
4587 9
6323 10
558 7
5659 6
2553 6
3348 9
2753 4
8104 9
2819 7
4622 2
6820 9
56 10
3533 5
3596 2
6244 6
4045 5
7057 5
1650 2
3626 1
2825 6
6308 6
1485 5
2019 10
4040 10
1036 2
6226 10
7751 9
1177 2
2290 3
2549 9
5176 10
3675 8
6018 7
3392 1
1136 4
6442 2
3958 6
4397 4
8075 7
278 2
654 8
360 8
3888 10
3180 10
3220 8
4158 9
5144 2
1191 1
2036 2
2679 4
7559 9
406 6
7937 4
7154 9
1189 10
6465 4
5800 7
3146 1
6431 10
4257 7
5184 4
5288 5
7170 8
484 3
2357 10
2330 10
1510 2
3022 10
5325 8
6894 9
7971 3
1296 10
2547 6
7925 4
1735 8
6613 2
3766 5
6222 9
2928 9
637 5
7512 9
8160 7
974 6
5667 5
175 2
3046 5
6326 10
1309 5
5711 8
1870 9
5469 10
4300 3
6140 8
7518 7
1596 2
4716 8
2660 8
7100 5
132 3
3034 1
4598 1
6224 5
7347 10
7358 4
7975 5
379 8
1408 6
6647 1
457 9
7420 9
7 3
3058 9
4265 10
5469 10
1808 3
6122 1
3719 2
4503 1
279 5
3289 10
5136 7
3352 1
8025 7
900 9
1504 4
4073 7
7886 2
3843 10
1848 8
5642 3
6736 2
7436 10
7518 6
1953 7
6693 3
748 10
1958 3
2879 9
6754 10
802 6
4090 2
5150 9
369 1
5162 2
2047 10
950 10
2217 9
7403 9
6180 2
7006 6
793 7
5761 3
20 1
391 8
7049 6
4027 3
8074 7
3961 4
4441 5
6062 3
6243 1
84 5
1582 4
1861 7
2286 4
1189 5
3503 6
7416 2
957 4
1548 1
604 10
1551 2
4588 4
4692 10
3280 1
6819 6
821 7
6078 8
5792 4
6769 2
7426 9
2752 3
2116 8
4257 7
6029 8
3552 4
4729 6
928 2
6228 10
5869 10
4290 9
3454 2
4675 3
5700 10
2305 3
1122 8
6508 10
1749 2
4813 8
2613 4
2914 4
1052 4
574 9
4908 7
4882 2
4915 1
5401 2
6186 10
6877 6
7795 3
7652 5
5470 3
7591 9
6201 1
1450 6
1893 2
7094 3
3482 1
6916 5
7054 6
5350 4
7599 9
7935 2
1983 6
796 10
6604 2
7386 5
7442 5
7540 4
7597 8
1875 9
3236 2
1228 1
8191 8
4601 10
3758 7
5333 6
816 7
3671 7
2154 1
1016 4
2741 5
3523 4
7601 6
7795 4
2830 1
7946 6
2443 3
5923 6
4801 5
7315 8
2209 2
6346 8
5397 4
1622 8
8176 2
3074 6
6047 3
6528 5
5636 10
920 10
6616 1
3146 6
6565 2
6782 4
2212 10
1861 2
7527 5
3024 1
6623 5
7807 5
4162 4
5533 2
7891 2
7738 5
1708 2
3889 9
3173 9
5425 6
5967 3
6074 1
3739 2
4839 2
5281 3
5419 2
5640 1
7517 7
57 4
2214 2
4885 4
3517 1
4657 5
5558 3
6392 4
857 6
1138 9
7829 2
2505 7
3699 5
3151 1
3558 6
3 6
8005 3
5032 6
3568 7
3737 1
4208 5
631 1
861 7
1969 2
3596 9
7928 4
10 5
2088 4
5788 7
6426 3
1726 5
6890 6
5734 7
1612 6
2437 6
4116 1
4333 7
5587 3
8188 5
5100 6
4239 9
3969 2
7905 7
86 3
2664 6
5234 9
6481 3
4129 5
2309 10
2767 7
123 6
5422 3
6558 2
4322 9
6802 8
851 5
5483 7
1175 4
7996 8
6922 3
3184 3
3808 9
6981 8
211 7
975 3
2429 2
5413 9
267 2
8027 5
4704 2
4049 2
3472 9
5477 9
2113 4
2593 2
3352 4
5169 8
8047 9
1325 5
4674 6
7111 5
3310 5
6471 4
7444 6
2662 2
4300 4
2768 6
5700 2
211 10
7966 10
4655 2
2912 2
1911 8
4311 2
772 1
3842 10
5035 4
7156 7
7462 7
8176 10
2698 5
7753 9
3539 5
650 2
3607 2
1657 10
2723 6
2803 1
540 7
1457 3
4972 10
6494 3
7017 6
6447 3
4830 3
3374 4
7194 8
821 7
2601 6
115 2
3499 10
7579 8
192 2
4020 9
3417 9
8073 9
50 3
1075 2
2396 1
5850 4
3066 8
7748 1
907 7
2127 3
1874 3
1402 7
3814 7
6499 1
7088 3
950 7
1904 6
1073 1
2934 5
1053 5
2341 6
3155 7
7777 5
1155 7
1315 3
6268 1
6535 10
7834 6
5355 5
6449 6
250 10
8187 8
806 7
336 8
1754 2
5141 6
5852 3
4005 1
4415 4
4536 8
3410 6
5568 3
3262 1
4218 6
7521 10
487 4
3241 7
5575 2
6305 5
2480 4
4086 10
5776 10
3299 5
1425 7
2226 3
2366 1
3266 9
7232 9
2926 7
7313 7
120 6
2942 5
5657 3
6654 10
5180 1
6272 3
7920 9
1323 9
7586 1
7882 8
2329 9
7059 2
2006 4
561 7
2588 3
2859 6
3477 8
3623 10
375 1
4212 8
800 9
5949 1
334 1
2636 6
3478 3
3268 4
3702 4
4202 3
4207 4
265 4
5023 2
5198 8
8041 6
2877 2
6271 5
1262 10
8039 7
558 1
4152 2
4753 6
1587 9
7199 1
545 3
2858 10
5223 4
559 9
685 1
5552 10
5092 6
715 6
1256 6
422 2
3647 6
387 6
7809 9
3651 8
6578 7
2572 5
7625 10
3177 8
1366 4
3454 1
4099 7
7058 2
8108 8
56 6
1455 5
3793 10
891 7
1759 10
5155 2
2852 10
7582 6
4917 8
5534 2
4562 6
3685 6
2847 6
772 1
858 10
4230 10
964 4
6748 9
6852 8
2278 4
8080 10
5157 3
6270 10
6169 9
6952 10
6217 4
7434 8
6450 10
6483 7
7786 2
106 5
2501 5
3499 5
3206 1
7563 4
3747 4
5657 4
6718 5
338 6
642 1
4325 4
6586 8
3796 6
6643 7
7163 5
7529 7
814 7
737 7
7581 7
4348 7
3875 7
5154 5
7312 8
1938 8
3934 4
6366 4
1139 8
6038 2
4746 8
4771 2
6232 8
627 10
2573 1
2686 4
2743 7
6039 1
945 1
5995 4
5648 5
4238 4
1218 5
3608 10
4593 6
5125 1
7833 8
7762 5
2326 5
7626 3
2294 2
3229 4
3882 3
5428 7
657 5
4603 7
7108 8
3689 7
2422 3
3604 3
5666 1
346 6
540 9
1584 5
5393 3
6106 4
4068 9
7808 4
5624 9
7384 7
7397 7
1942 7
4534 5
5815 3
1097 2
6596 6
5276 6
6493 9
5874 2
3429 9
7014 8
2513 9
798 2
5408 4
2494 3
7215 8
6442 1
374 5
1037 10
4687 2
3414 1
3533 2
7056 9
2850 2
6260 5
1916 6
2421 6
5336 4
6499 10
3838 6
5183 9
2786 9
6488 4
1088 1
4169 6
3062 8
7654 1
249 4
6077 10
4796 9
385 1
510 10
3608 2
4058 10
4048 9
1906 9
4356 10
7998 8
725 9
2223 5
4922 7
2380 1
3161 9
2975 8
3661 5
5344 10
6864 7
7656 7
8038 4
3045 3
545 6
3703 5
377 3
2613 1
7811 4
3162 9
4811 5
5139 6
7645 5
449 3
4762 2
6610 5
7908 9
4076 6
4519 1
120 8
3238 1
8102 9
2213 2
8 4
6993 9
6482 3
2300 5
921 7
3428 6
4725 8
2286 9
4303 3
4831 10
314 1
865 2
1972 2
2029 5
4345 6
7955 8
4828 9
1186 5
1294 2
3254 10
4746 9
6749 3
7344 2
8002 6
2744 2
7212 5
3941 7
2960 10
336 8
2444 3
3446 8
4094 5
787 2
1916 5
4056 2
5710 4
8061 10
1247 3
5046 1
6536 3
740 9
873 6
7517 10
2972 2
2041 3
4489 9
3507 3
4257 8
5469 1
3247 8
4952 7
2586 8
8006 6
4497 2
4532 4
5290 4
7112 1
2394 9
3655 2
7509 4
4904 9
2654 4
6273 8
2275 8
2936 6
5521 8
6022 7
910 7
2329 7
2445 8
6915 5
741 10
6857 1
8171 1
737 1
6767 5
1415 6
1696 9
7280 8
5884 2
1447 3
3400 1
6872 2
7108 3
768 7
1065 10
7808 7
6623 5
6533 10
3996 7
4718 2
5308 2
6714 8
389 1
1885 8
6960 2
1030 7
5439 8
7011 4
7494 3
1577 5
2401 1
832 9
4693 1
5687 10
5710 1
736 6
1043 6
2410 9
2043 8
1455 6
5094 10
3158 3
3895 10
4652 1
4809 1
6039 7
7997 8
67 4
4907 7
6465 4
4571 4
7016 8
1090 8
4247 9
6212 5
3152 5
1195 2
4947 10
6783 9
474 9
4872 7
572 4
1555 8
4282 10
2483 6
2827 2
5925 2
899 8
1390 7
4486 2
705 7
5975 7
82 10
8133 10
118 4
5311 4
2797 4
5024 10
6962 4
1238 4
5057 2
1738 1
172 9
3079 4
6477 3
4960 10
1780 5
7568 10
5262 7
4383 5
7064 8
5110 10
5434 7
5754 3
6666 1
1701 9
3441 1
3024 7
147 1
1561 10
3346 5
3577 6
929 1
1546 3
3388 6
4223 7
5164 5
7701 2
176 7
4249 5
3567 2
261 3
1825 5
1562 10
3224 8
333 3
4464 7
5240 3
1168 3
2036 8
3071 6
5950 7
591 1
2540 7
3988 1
6388 2
4166 4
968 5
395 1
150 5
3113 9
4300 7
6541 1
4769 7
1712 6
6213 10
2698 1
6793 10
2400 9
501 6
1554 2
2294 10
969 6
1775 2
2844 7
99 10
6216 10
2089 6
2678 9
6086 1
3980 3
3169 4
6662 1
1489 2
2777 9
2551 10
1811 9
7318 2
3478 4
4409 3
5210 10
5876 8
6596 7
7600 4
6242 10
3684 2
27 8
4473 3
4674 10
1989 6
4626 1
2477 8
4740 8
3777 1
3814 2
4319 7
5394 2
6514 9
6738 7
7362 5
7739 4
8044 4
79 5
7633 7
1240 6
2651 8
4740 6
4409 2
3473 2
7930 6
4945 4
7116 8
1355 3
1680 9
933 6
7174 3
6079 3
6089 2
7144 6
7946 8
828 9
6422 4
6406 2
7267 1
2836 5
5638 6
6816 2
1108 4
1576 5
7291 6
62 7
2426 5
2158 4
3071 1
4832 9
4991 8
2900 6
1243 1
4594 9
3986 7
7409 3
7603 10
7987 5
1939 10
5620 2
4316 6
2068 3
3930 4
3028 10
4828 9
7243 9
6646 2
3303 5
8019 10
3831 7
3006 4
3745 10
5077 6
5566 4
731 8
1011 2
1992 2
2701 7
3569 5
1608 10
1854 10
6259 1
4074 7
688 9
1027 7
5579 5
6743 9
5116 1
3958 4
7105 5
7832 9
1994 8
744 1
6643 7
3313 2
5958 10
714 8
719 3
2845 5
5694 5
7013 9
6823 10
3810 7
107 1
6170 9
2692 4
3204 1
3502 8
5226 8
8187 9
2711 8
7043 6
7313 8
7342 6
2979 1
2221 9
4511 2
976 10
6857 8
7679 9
2192 9
5734 7
6618 7
6817 10
6840 3
337 1
5538 7
3438 6
5483 9
6558 1
4171 7
6606 1
7208 8
195 8
288 8
1885 9
1849 9
7814 5
6121 5
4071 3
4928 7
6818 9
447 1
634 10
2004 1
4739 9
4572 3
7819 2
3149 2
4825 5
5010 3
2496 9
714 3
4912 10
1178 7
4219 8
4231 4
8086 4
3866 8
942 4
6821 1
7508 8
557 5
7083 9
6249 2
3119 4
3382 8
3666 9
5299 6
5751 3
7142 10
6584 5
7614 1
6544 6
5459 3
4087 4
780 10
1877 4
1114 6
6316 1
3868 4
5676 8
5223 7
7008 8
1239 8
3993 3
7320 8
7437 8
122 7
1118 5
3211 8
5703 10
997 3
2453 6
3273 1
2200 4
2325 10
2708 9
3767 5
6916 7
1491 5
2744 9
7241 5
229 2
723 6
5201 1
5599 6
4393 5
5289 6
6527 4
7511 3
6706 2
833 1
2704 5
2892 10
3946 9
6257 5
7635 6
6318 10
6680 3
4052 9
3738 5
7651 2
990 6
1568 10
2492 7
6927 4
5894 9
2545 2
5911 4
3643 5
4178 6
5930 9
7147 10
4182 5
5699 8
6772 1
7681 9
1761 7
7070 7
2279 10
5099 3
8181 5
7336 3
7109 1
4625 3
4307 1
5816 7
6257 2
292 3
420 10
2471 2
6919 7
2217 9
2083 7
4408 10
3486 1
7711 3
1501 9
3713 4
2029 2
4811 9
7373 9
7387 4
762 2
1126 5
1882 2
1065 4
3356 7
6121 10
7006 8
1147 2
5336 9
7336 7
7649 8
8110 1
1001 8
2649 4
4825 8
6682 4
303 7
3380 4
4794 4
5595 7
5952 8
6786 1
7711 10
8140 5
2895 2
6127 5
3308 1
2140 10
861 7
414 4
5007 7
7740 9
4451 5
4920 10
7383 5
4585 5
3431 9
204 7
5472 1
6615 10
736 6
1628 5
1878 3
2350 4
2723 7
2883 8
2489 9
7544 5
5777 1
3112 2
7615 4
505 6
1173 8
3319 5
641 6
5610 1
1787 2
6361 9
1427 9
4382 6
4589 6
4347 5
3109 2
1296 2
6919 4
6936 1
1504 7
2944 1
6430 9
3895 4
5568 7
976 5
1913 2
7481 1
2076 2
7411 10
3011 1
5008 5
6551 3
6870 10
6294 4
2372 2
7361 5
2246 10
3024 8
5068 7
6458 1
5091 4
6715 4
4541 7
5873 10
40 5
159 5
1041 6
2021 3
3344 6
4264 3
2626 7
3041 5
5822 3
7469 5
269 10
7044 10
1512 7
7859 3
7643 5
4228 8
5708 9
993 3
3472 10
422 6
483 7
5949 3
4163 5
5354 8
6267 1
6509 7
1678 3
4096 10
1166 5
1608 5
7746 2
3029 4
3844 7
6067 8
1871 2
3445 4
4659 7
4303 1
5039 8
6248 4
6305 6
1589 5
5766 6
4444 1
3265 4
7545 9
8158 3
3085 9
6384 3
7330 6
7568 5
2122 1
5249 3
3486 10
5612 2
5510 2
1842 7
6538 1
2097 2
259 2
7353 2
2576 10
4129 9
7275 1
83 7
1329 1
1330 6
4051 4
1647 5
4841 9
5197 10
5927 5
534 2
1970 6
3056 8
1254 7
1941 4
2336 1
1518 9
6066 3
4530 1
6421 4
2616 7
1631 10
2731 1
1572 3
6016 1
3950 9
642 3
942 4
7018 3
906 4
3748 7
5794 8
8124 4
159 4
7436 2
147 7
2511 9
4758 3
4822 10
5902 7
6173 5
6959 10
2125 4
3848 10
1568 4
4339 7
43 4
1417 2
3194 9
3905 6
7040 5
1386 9
1744 2
4037 9
8124 10
6451 10
7923 5
2606 5
2586 5
6311 8
712 2
6557 5
4309 3
5016 5
6975 6
1061 8
4576 4
2210 4
473 1
6602 4
4384 2
6250 2
4538 1
2588 8
6580 7
488 8
2228 2
1166 4
2938 4
2119 7
3577 1
8179 2
5598 10
4417 7
3534 7
5987 10
580 8
1934 8
1945 3
2607 5
268 3
6158 7
785 2
3489 5
5452 1
6337 3
6496 7
7302 3
1285 7
2212 3
2362 5
314 3
8174 10
7692 8
6422 4
4690 1
5803 9
837 9
5074 9
1823 8
1526 8
5355 10
4353 10
4705 10
7529 6
2545 7
2980 1
6755 9
3070 3
1349 7
4835 3
5068 1
379 7
1497 6
2666 8
7992 5
3542 10
5329 8
178 8
580 8
1125 2
5060 5
4826 1
5053 4
3200 4
3548 6
70 7
510 10
6270 10
6416 3
7516 9
189 7
1421 1
1489 8
1931 4
2392 8
5096 3
2763 8
3163 4
4422 8
6131 2
6576 8
1401 8
5949 5
820 9
3133 5
2118 8
3610 2
7156 1
570 8
876 2
1536 2
1481 4
2677 7
135 7
6852 1
532 10
4203 5
4562 10
3112 10
6149 3
754 5
6327 4
4349 9
7001 4
3507 2
5346 7
5414 9
6278 7
161 7
1608 7
2021 7
5667 6
5350 9
954 10
3184 8
1909 3
2738 1
1711 4
5267 3
4960 7
7179 4
338 1
1214 7
1619 8
2775 10
1 1
7972 10
7980 3
5056 5
5224 10
2025 9
3526 8
5634 1
78 2
2806 1
2917 7
2981 8
7836 8
6562 10
469 4
7456 6
6642 5
3083 10
6037 5
1033 9
2603 2
2558 5
3390 3
6196 4
3551 10
597 6
8104 1
6585 9
3135 2
6003 3
1271 8
2937 10
1340 7
5691 3
1919 2
2550 5
2987 4
7768 3
839 7
3427 4
7275 6
355 5
344 5
2173 2
4670 4
4746 4
4 3
1730 10
5942 5
2088 3
3610 10
3542 7
4775 7
5916 10
6932 9
1982 5
4787 9
5045 9
3303 1
1453 10
3744 6
623 5
1410 6
3387 6
1185 6
6843 10
2213 5
2296 8
2636 7
5130 3
5410 2
2780 1
2092 5
3210 9
4304 9
4781 4
6317 8
117 9
1599 4
7672 6
752 7
4128 3
4175 3
6615 3
6945 7
652 4
3555 4
162 8
5610 3
2025 8
3061 1
4175 1
1789 2
2143 3
2462 1
3478 9
6435 2
6654 8
1707 10
2101 7
612 7
7490 10
6906 3
6722 10
5446 9
7229 4
829 2
999 2
1225 1
6658 10
3742 2
4968 10
5870 2
5983 7
429 2
2747 6
2983 5
5706 7
103 5
3409 4
2447 2
1575 9
6185 6
5087 9
1162 5
5146 8
5517 4
1581 5
6624 8
745 10
3235 2
7363 9
3150 6
6313 10
2584 2
70 2
7586 2
7649 1
2884 3
5489 8
8023 2
3905 4
6714 6
2227 7
2778 5
5434 6
6806 6
6893 6
15 10
6042 8
8172 7
5357 1
3345 8
1375 2
4744 7
4947 1
5939 6
6401 7
2444 2
5113 8
3575 5
7152 9
1223 4
2670 3
4995 9
3625 9
5269 8
3969 6
7217 3
6989 10
6227 5
4791 5
4889 9
8152 1
3203 8
38 7
3239 10
6111 4
6789 10
7692 1
344 10
747 2
1566 1
5535 2
5782 8
1496 6
3974 4
3594 5
5819 1
2221 2
3807 6
1646 5
4692 4
6132 2
7190 9
2995 8
5239 4
2422 3
2621 7
3972 1
1840 10
1154 9
879 7
3964 9
5128 7
2527 1
7656 5
5708 1
2781 9
1377 2
2222 7
6593 10
558 10
900 7
4579 6
4987 10
6501 10
2222 6
2444 2
2018 6
3333 2
6386 3
3266 6
4739 9
5699 3
6941 10
3037 1
2643 9
3160 5
3496 2
5385 6
7414 2
2879 8
5354 5
3414 6
4768 10
5261 8
3981 5
547 3
5089 5
6020 10
1913 7
2135 6
6270 7
4749 2
7 4
4286 10
134 3
715 9
1952 4
2604 2
6783 8
5354 6
7609 6
951 3
6759 4
7927 2
786 3
2834 8
491 4
6868 5
1615 7
5059 1
6305 5
6767 10
2388 8
4610 3
5865 3
3117 3
4019 4
5216 6
7354 8
698 6
4163 3
6461 3
1560 3
1911 5
1794 5
1170 1
3817 1
7781 4
3011 3
5634 8
97 1
7021 3
3118 4
3197 1
3912 3
87 4
710 6
6949 7
3713 4
2921 6
2935 1
6383 5
3201 4
7551 5
7168 10
7631 2
3178 4
5480 7
2804 6
4678 4
3523 3
7051 8
7858 9
6817 2
302 7
504 4
4565 4
7237 6
7763 4
1406 3
849 2
2657 10
3827 3
4859 5
6509 9
7377 6
8009 7
4222 2
6895 7
3481 1
5298 5
576 9
2458 2
5723 5
1621 1
705 7
6620 7
7298 10
2915 4
2375 6
3282 5
3186 5
929 8
2655 2
8087 9
1388 9
1344 5
7162 1
4045 10
1011 3
1842 5
2754 5
1037 7
2019 8
2515 10
5200 9
1075 6
3025 10
4207 7
4945 4
6429 3
1686 10
2424 7
6327 5
6489 9
1283 3
1638 6
2648 10
2990 9
5315 10
3510 1
2600 10
3927 1
5288 4
6291 1
6696 1
7040 3
1319 9
6618 7
7002 4
3571 2
4100 8
537 8
800 3
1422 3
2227 6
3958 6
3457 9
5447 3
6318 8
5741 2
3588 9
1380 7
8167 10
609 3
2239 4
2515 3
2645 9
6802 6
1419 1
574 10
4470 2
7986 10
664 9
1685 9
59 7
6665 8
3126 4
4958 10
2103 2
2699 4
5938 9
7006 9
3385 4
8035 5
3398 3
4025 9
5158 5
90 7
1770 10
3462 9
3448 9
4631 1
5254 4
6490 4
2421 7
1174 8
5853 7
4569 3
6997 4
2715 8
4541 1
5618 5
775 7
1668 5
3806 3
6604 8
4376 1
6065 3
7548 3
1885 4
481 3
2083 8
5908 2
6940 3
7426 6
7846 8
6797 5
6975 10
3958 7
6587 9
1514 6
1381 5
2533 10
6415 9
7218 5
146 5
854 7
2144 6
3805 9
6824 8
7159 10
3673 7
928 6
5788 8
8132 2
1239 8
3938 7
4649 2
7379 9
8003 7
7945 10
1632 2
307 3
6429 5
4408 1
4137 7
7604 10
3881 3
6915 9
7796 2
497 3
4429 9
7776 5
5799 6
5659 3
4124 8
45 8
3235 8
5277 9
6265 4
7374 8
5859 2
5709 9
3411 8
4632 1
6323 8
6399 8
320 3
857 2
1275 3
1454 3
7999 6
206 10
951 2
3981 6
5185 1
6324 6
6744 5
1554 5
828 8
3995 9
5756 7
3232 6
3619 6
4794 10
5317 8
1168 6
2978 2
4590 9
3589 1
4380 6
6689 2
1548 9
698 10
5627 10
4520 8
2304 2
1413 4
2486 6
1684 1
6956 5
4995 3
6248 5
2699 2
7041 8
3018 10
2975 2
3296 5
5435 6
5799 3
6772 10
186 10
2923 9
83 7
5982 10
114 10
4332 9
2682 5
4957 7
7004 7
7503 3
1986 3
6110 10
4601 2
7968 4
1826 7
773 10
4091 1
7698 1
6191 8
3969 5
4865 1
7755 10
4074 6
3067 3
3869 10
1006 7
5426 4
5550 10
6789 2
7071 3
7531 4
7660 9
2040 2
2225 8
3070 4
6716 7
2952 4
2311 1
885 3
1002 1
4458 2
5219 2
6801 5
7564 9
206 2
523 6
2731 6
4319 4
3923 5
7887 7
1012 2
1646 7
2395 3
5112 3
2485 8
7033 4
3780 10
8050 7
1085 10
1246 10
3826 5
1893 1
6334 3
3258 9
6099 4
7552 1
7506 3
4186 6
4725 1
3523 5
5378 7
776 6
4388 8
7273 3
763 3
652 2
7498 6
6165 5
6731 10
2497 9
4947 7
3832 4
3090 4
4950 9
1566 9
3323 10
5754 9
6665 4
4825 8
7038 8
56 5
590 4
4273 7
4492 2
5923 5
949 1
1491 1
1024 9
812 8
8018 5
3534 4
4315 5
5652 6
6128 5
1405 6
6704 8
5688 9
7277 10
8134 9
2002 1
2032 3
3803 1
637 9
1873 8
4448 3
239 5
4718 1
5609 6
3727 8
7632 3
793 4
3016 5
6758 5
88 5
3390 8
5488 4
4283 1
4899 9
3027 2
8074 10
925 6
4311 2
5939 9
7640 1
188 7
3927 9
3588 5
2683 1
3711 8
4203 3
2313 7
2675 2
8187 8
5849 1
4234 7
5004 6
8040 8
1055 10
2225 9
4061 3
5526 6
6146 8
7620 2
63 4
476 2
6022 1
3577 10
3995 2
4622 1
881 7
1322 7
3840 1
6718 2
3464 5
4066 8
7205 7
1603 8
4057 3
5734 6
6344 2
6765 6
3781 9
3307 8
5078 10
7393 7
7609 2
2601 9
4357 10
5155 2
1152 3
296 5
1708 10
3361 2
6367 10
6964 9
5169 6
4865 6
7786 7
3926 5
3990 1
5839 3
6115 4
7119 6
506 9
2774 1
1841 6
2805 6
5118 10
6927 6
5157 5
7039 1
1667 7
8132 10
5035 10
1586 5
2388 2
6855 2
7942 8
5627 4
6053 4
5290 6
5994 8
6691 10
7454 1
7744 4
2949 2
5549 10
608 6
694 3
5891 7
3043 6
5601 8
4269 2
130 3
2812 1
5311 9
5292 10
4478 9
4781 9
7880 3
2910 5
1891 6
6601 6
706 1
5722 10
4994 7
759 8
7031 8
1786 9
5489 6
6259 1
7985 7
1653 9
4659 4
2646 1
1353 10
59 10
2837 7
5835 2
1655 7
7476 9
4113 6
7709 1
975 2
3568 5
5112 2
6039 4
7713 3
1372 4
5301 5
510 7
1296 8
2908 3
325 3
2496 7
4571 3
2347 2
3613 7
6411 10
6531 8
7329 3
238 3
566 10
7556 10
2633 8
1582 8
3061 5
5509 8
1479 4
2883 9
5288 7
1411 8
2452 9
2730 7
6612 9
971 10
2885 9
4125 4
2197 7
5904 7
3283 9
5475 1
5756 3
915 5
2199 10
2510 1
953 9
6863 5
4554 7
3015 4
7064 2
8174 6
1985 6
1216 8
2762 10
3168 5
4336 1
4393 10
527 5
2210 5
488 3
4220 4
5212 6
1512 3
2014 5
579 7
5587 7
7426 10
724 9
565 2
749 6
4052 2
6023 4
1594 9
3164 5
965 4
1199 2
3171 2
5192 6
2927 4
971 1
8085 1
4966 10
7332 10
8135 7
5078 9
7507 8
3404 7
3280 7
4568 3
3168 2
5217 5
6294 2
6074 10
495 1
2627 3
682 9
4013 3
147 8
6054 3
6064 7
6504 2
7246 8
2454 1
2808 9
4711 8
4351 10
6738 10
7774 4
4237 8
4756 7
7119 8
4873 1
3335 10
5704 10
7706 2
6461 4
6746 5
6104 9
5575 7
6663 10
619 1
3675 8
2538 10
5649 10
5108 8
5328 3
6968 1
8164 7
2057 8
2856 8
7973 7
1883 8
1095 10
2017 1
5835 3
1925 7
3073 4
6300 5
8052 3
3874 3
3889 9
3543 10
3304 4
4712 9
5206 3
6707 2
6893 2
951 6
1544 1
2772 10
2173 6
3209 1
2624 1
1908 9
6452 10
1406 4
414 3
5883 1
2717 2
4268 2
1469 1
293 7
4748 3
3266 1
5506 7
6264 1
7806 3
3020 8
2820 3
2280 2
3518 7
6477 4
6847 1
2697 7
2311 8
3629 5
4526 2
3609 9
5061 7
1767 6
3079 5
2730 3
946 3
6282 2
3922 5
3545 4
6659 4
624 2
3794 10
6665 6
7751 6
3774 3
1453 4
6206 6
3291 3
4640 7
5609 6
3553 7
5903 4
7371 7
1883 6
2465 2
7862 1
3365 8
6803 3
4224 8
4686 7
7438 5
599 7
7559 6
4162 5
1868 2
7519 3
4918 3
5705 4
126 6
135 1
861 3
6186 5
2221 10
2356 3
5533 4
4589 4
4681 1
5200 5
565 10
1721 7
2052 2
4725 4
5463 3
4905 3
8092 1
2039 5
757 6
7901 7
3782 4
7652 6
7741 8
2215 4
2392 3
2415 7
3001 9
2727 2
1999 4
4304 1
7870 2
530 7
7187 10
7849 7
4880 7
7525 2
1973 4
2254 5
2352 2
7619 3
3070 1
3451 8
4860 5
1479 7
6677 2
5448 8
4700 9
6839 1
3713 5
6136 1
7496 8
4270 6
7493 9
7688 6
7793 5
8177 2
343 2
1247 4
7794 4
5628 1
7735 10
3013 4
4204 5
4591 1
6016 2
3072 4
587 8
1716 8
3342 10
4177 1
4612 7
524 5
5902 2
6445 8
10 9
4377 9
4674 5
4837 5
5527 1
6575 9
7542 1
3053 8
7360 7
631 4
2090 6
1239 1
1157 7
1910 9
2943 1
863 8
5473 6
5537 8
4431 3
5394 4
2505 1
4438 4
4894 1
6438 3
2863 1
2080 2
7834 4
6248 1
3691 2
6687 9
7197 1
350 4
2039 8
1993 1
6663 5
4327 9
327 10
2524 10
5329 7
1977 10
1317 1
1983 8
3180 1
2384 7
1082 1
931 7
4944 1
3035 9
1641 5
6855 3
4618 3
2956 8
7034 2
6068 5
3279 10
5259 1
7479 4
581 3
7350 2
7071 2
7081 4
3326 2
1105 4
2568 3
298 7
4005 2
6725 10
4040 5
7978 4
5532 5
1036 4
6140 7
4672 2
7421 3
2023 10
2082 6
4348 9
5531 5
5567 2
7176 2
1426 2
1776 2
94 5
1554 5
5151 10
5355 7
4245 4
5599 2
964 6
4368 1
1943 7
3640 7
5499 3
5658 6
5671 2
6372 3
691 6
3947 4
4643 6
4957 6
592 7
1543 2
1787 10
367 6
2772 8
3486 8
4948 4
5571 5
435 3
534 9
5368 1
4329 1
3510 2
4748 7
4291 5
4259 4
371 1
6453 10
3305 3
4273 6
1471 5
4287 1
8026 7
4256 5
4471 4
5030 5
2920 8
1535 5
1600 6
1915 7
3878 7
4432 1
618 7
1592 3
2364 9
5392 6
4675 5
6866 7
258 2
1610 8
4971 2
3289 9
6937 9
345 4
829 6
2281 9
489 9
6406 4
5273 9
5994 7
6877 10
3936 3
610 7
6311 1
6650 10
7014 10
575 6
2869 4
2231 6
1657 9
693 2
1346 2
3752 5
4246 1
7234 1
3483 1
4252 8
7916 1
2525 9
3537 9
4698 3
7658 2
6709 8
3108 6
5733 7
4630 1
5120 3
295 5
1458 9
2010 8
2535 4
2639 8
1124 5
850 4
4472 7
5018 1
2637 7
7015 3
1105 2
6297 7
3540 6
8023 10
76 5
3043 2
6370 10
3568 3
3105 8
6073 2
3700 1
5738 6
2801 2
7293 8
4232 7
7323 5
3428 10
460 8
2705 2
5613 4
6070 8
6326 10
2008 6
2271 8
5523 3
268 2
2887 1
3053 10
2218 3
5334 10
5559 6
592 7
1660 3
2471 4
1636 9
4210 6
5272 6
7571 6
7910 6
827 4
5319 3
2842 7
3834 1
5798 3
6643 5
7911 7
8184 10
4788 7
5194 4
6255 2
7117 8
34 7
5950 10
2381 6
6852 3
3391 9
7890 2
5604 1
108 6
2301 9
6890 2
5452 5
571 7
4017 9
4505 3
5695 2
401 7
1199 10
8109 3
272 6
2896 8
7593 6
3889 1
5029 6
7947 10
1929 3
5725 4
353 1
5488 9
79 1
252 1
1034 1
779 6
6639 7
4346 7
7121 6
3251 10
7735 3
1067 1
3279 4
4709 5
318 8
5993 1
8041 8
8091 7
781 5
131 3
933 9
5878 2
3249 10
6663 2
7342 3
1039 2
3396 3
6944 4
3353 10
3836 7
6306 3
2216 9
1505 1
1350 4
2743 6
4632 8
5179 10
7443 5
2891 10
6465 9
7976 3
7032 3
4823 10
5053 7
6154 6
1047 3
5644 10
5908 9
7336 9
3406 7
6549 8
886 9
5268 6
209 4
4979 8
5929 10
4078 10
4575 7
5786 3
443 4
1531 2
2518 8
1482 1
7894 2
3122 9
621 2
2458 2
93 6
8187 3
48 2
7984 4
186 4
408 1
952 6
2415 5
663 4
3275 5
4878 10
5686 2
247 10
346 8
393 3
2499 1
2842 1
1042 1
1570 5
4596 6
1720 5
3369 1
3651 4
3997 10
4004 3
8151 9
4849 9
2076 7
4273 1
6223 6
2066 2
429 7
5932 8
1027 6
2582 9
1138 5
6788 1
2989 4
7276 6
3518 4
2844 9
3060 6
3183 1
247 6
6585 3
4149 2
846 7
437 9
1568 5
5793 1
1379 3
2849 4
6250 10
6985 7
1537 5
6967 3
397 10
160 10
4517 10
5711 3
6227 8
6424 9
7286 2
3966 6
5053 2
970 7
6964 8
1199 10
1865 8
5665 10
7737 5
3435 10
4360 8
6657 3
354 9
2308 5
2083 2
6577 4
671 10
4747 6
2457 10
2957 1
6598 5
2678 1
6680 4
1145 5
2320 1
6375 7
592 3
2486 2
5077 8
7142 9
3261 5
6268 5
5653 5
3738 6
5500 2
6880 4
6927 7
29 6
1004 9
6966 3
7332 10
1326 3
2459 10
2672 2
5378 4
6427 1
4678 10
2215 6
2128 1
4065 5
7208 10
16 5
3250 4
70 10
3211 10
1389 10
2010 2
2070 4
2793 1
3170 7
5212 3
4424 6
4128 1
956 7
6904 2
7316 10
537 10
2587 7
76 7
1529 1
6458 1
6926 3
1201 8
3079 5
6475 1
2745 10
5503 10
1814 2
7207 6
180 9
604 4
2508 7
4752 6
3162 9
5348 4
7962 1
3448 8
8180 7
5295 3
1632 10
298 5
1822 5
2383 1
7262 10
7202 7
2264 8
2671 4
3464 10
4639 9
5239 2
7384 5
2408 4
8176 9
7962 3
3325 10
4931 6
1453 10
1928 7
959 8
863 4
4165 2
4390 3
5450 8
5793 6
1444 7
7592 6
486 1
7755 6
2470 5
4134 3
4617 10
4696 6
7663 3
1034 2
1829 2
2556 8
2783 10
3226 9
4855 10
1321 7
7076 10
4452 8
5070 2
1816 7
6622 10
4186 7
5791 9
3188 3
773 8
7898 6
3424 4
7555 7
86 3
2683 1
5174 4
7590 6
7637 7
6869 10
7606 4
2491 4
7937 1
935 3
7913 1
5369 7
2491 5
6558 10
4382 8
7833 3
5586 3
1084 9
7101 4
1980 1
4058 3
3112 5
6925 10
4733 9
4574 5
4616 9
4129 1
1186 9
3605 6
5340 7
5176 4
6243 10
6993 8
188 3
1980 7
2513 8
3699 4
4219 2
470 9
2843 5
1356 10
5503 10
5206 8
6330 3
4971 9
5993 1
4781 3
210 2
1712 5
1774 9
5809 8
5312 7
7023 9
5305 3
8140 3
798 1
1443 3
2169 1
7144 9
3980 4
5206 1
8050 2
111 4
2938 5
3032 1
6887 4
988 5
3924 9
5136 10
2542 10
6391 6
3179 4
3998 6
6048 4
2443 4
1043 1
3222 3
7576 1
369 10
5252 8
6698 1
4988 4
7526 2
3142 8
2480 9
4183 6
4493 9
2331 2
4379 5
4540 10
7498 3
357 1
2972 1
1473 9
4203 9
4938 2
3761 5
2071 4
2745 9
7372 7
7112 2
3428 3
4914 3
7713 1
236 7
1857 8
2824 5
5957 3
2571 9
4420 3
6562 2
7390 1
8053 5
2290 7
3823 7
3974 4
5163 8
7020 1
2469 2
1460 4
1746 9
6322 1
7280 7
7868 1
211 2
2941 2
4270 5
8107 3
5625 10
538 7
868 9
2611 4
3379 4
7311 1
6339 3
3412 7
6913 8
584 9
2009 5
7479 8
6480 6
4739 2
4035 10
4267 6
4289 1
7088 1
7841 5
1202 9
2119 6
425 2
216 4
1070 10
7096 8
5650 8
5700 8
7288 5
6843 3
7201 7
538 2
1332 9
1886 1
5564 2
5283 3
7070 1
7329 8
854 9
1656 5
2976 5
394 9
3661 1
8120 7
6616 2
5212 4
7400 6
1954 6
2107 7
7991 6
2336 4
531 8
3957 8
7117 5
1196 2
2077 10
7272 2
6252 3
4074 1
4455 1
6532 1
3127 10
542 10
5897 2
4683 4
5002 2
5974 5
2693 6
8126 7
6892 3
4435 1
5172 8
5671 10
8090 6
3286 10
4262 4
7539 10
5470 9
3583 3
3628 1
3822 8
5684 8
2235 7
3212 2
6163 1
5564 2
5594 6
7577 5
888 7
7017 2
2164 2
7276 5
6805 5
6831 10
7607 10
1734 8
1510 2
7908 1
6080 8
7701 4
3338 2
316 1
4047 3
5237 8
5526 4
5729 2
4894 7
6029 3
3527 5
5627 9
5984 2
6723 7
2511 5
4504 6
5916 5
2531 3
37 7
400 1
789 2
867 1
4352 3
6374 6
935 7
3060 2
264 4
4981 5
8054 3
4194 7
713 7
7466 9
1146 8
3515 5
2129 8
3174 10
3804 5
6900 3
2130 7
4841 9
6763 9
1597 6
2148 5
5879 5
4895 6
5249 5
5640 1
6436 10
4150 7
4829 6
6882 8
7864 4
80 2
3329 2
7598 7
2010 3
456 1
4197 8
6901 9
716 8
1495 7
2719 8
5712 9
3384 5
6386 4
7970 1
1121 1
1997 9
2016 2
7923 6
5265 3
5450 9
5602 10
5990 7
6735 8
7287 1
8 2
4769 9
4532 1
7704 4
6216 3
4510 2
655 2
4758 1
5261 2
354 1
3201 10
6245 1
7331 7
430 2
6044 8
5471 2
4881 4
6844 8
7861 4
169 2
2983 6
1389 4
3726 7
4245 5
4295 4
3048 8
7144 3
5754 5
5241 4
397 9
4110 8
7630 5
2543 7
2918 5
6802 8
7781 1
7718 6
4598 8
5527 6
6140 10
606 2
6094 10
7730 1
2552 1
6883 10
4363 4
6376 2
1162 7
2766 9
2462 1
5195 3
4730 1
6501 3
2204 9
5618 4
7495 3
7369 5
4548 10
5593 1
6294 9
7490 4
7882 10
4404 3
5716 8
4894 5
4606 6
2158 7
3689 9
5921 2
7010 2
7852 9
1406 4
2536 7
2823 4
1179 4
2783 1
2617 2
3744 3
3863 9
5127 5
270 3
665 5
3252 10
5751 6
6843 8
3702 6
3839 3
892 9
1522 7
4484 3
5273 6
5100 7
5912 3
7399 6
1 1
2356 3
2969 7
4417 5
5441 6
4820 3
7809 10
100 4
2214 7
3555 8
5116 9
902 6
972 9
1036 5
2607 10
6789 2
4548 3
1773 6
7155 8
4399 4
1227 5
1482 2
3899 6
3988 10
1434 1
2004 5
2221 1
172 2
5086 8
4504 4
5431 6
1389 6
1630 2
2716 7
7206 6
5171 1
3144 2
3853 6
6977 1
8116 2
4379 9
3375 1
4836 1
5820 4
4667 9
2088 3
4239 10
4511 5
5167 7
980 7
2356 3
5700 8
3570 8
3657 6
4464 1
5141 2
1591 10
2452 10
3189 8
7478 6
3814 9
6303 10
5509 10
6868 9
1637 8
5652 6
5154 8
3422 2
6794 9
7429 10
1986 8
3733 8
5788 3
7870 9
4501 10
4683 6
5446 8
7244 3
347 7
1147 5
2540 1
2681 10
3786 7
140 6
5951 1
6126 2
864 2
7235 7
3262 1
6613 1
4770 8
8099 8
1688 10
5678 9
1322 2
4602 7
6160 9
7756 8
215 7
2268 9
2388 3
662 5
4886 1
1487 3
957 10
42 1
4667 3
985 7
6159 8
5107 10
6197 7
283 8
1178 8
2831 4
5641 6
1247 9
4614 6
1130 6
1951 9
3362 1
4306 5
2436 1
5960 9
5887 3
7420 2
1739 9
5639 4
6037 10
3764 4
1845 10
7475 1
6846 9
4852 3
618 8
2632 9
4034 1
5822 7
5055 10
5789 3
177 2
3314 4
6993 3
4684 1
3627 4
539 1
2971 4
3955 1
3891 7
4857 7
8020 1
4055 3
2368 1
4473 6
4035 1
997 6
7589 8
364 1
5044 8
2952 8
440 6
1058 1
1841 6
2380 10
4852 6
8049 2
7887 1
3339 5
1206 9
6993 4
4233 8
782 3
2527 4
2198 8
3091 4
5326 8
4617 6
4781 4
921 5
4990 3
7116 6
6243 9
7633 9
3033 6
4159 3
4875 10
4107 5
4209 6
4568 5
6999 4
2918 6
4126 2
5765 2
511 10
4871 6
5766 9
201 6
1868 7
7614 10
5193 1
4734 4
4891 8
6515 6
3026 3
5468 9
3133 8
6856 3
8165 1
3892 9
5296 6
911 1
3244 9
1748 7
4886 1
1736 1
419 5
1169 8
4781 9
2770 1
4082 5
2556 6
7233 5
2044 7
5667 9
952 4
3815 10
5975 9
8017 10
1703 7
2292 9
4700 8
4405 6
4786 4
7404 7
4460 9
2540 10
7455 8
2605 1
3252 3
7699 1
6781 7
5204 2
5478 8
6559 6
7562 10
2693 9
3842 8
3503 6
4246 3
4686 1
3092 3
615 7
2129 9
31 4
5379 2
7569 7
2077 9
6187 8
3818 10
2903 1
7268 1
1048 9
617 9
3922 1
7841 4
2725 2
3983 5
6792 7
1339 1
6413 5
3743 7
6850 10
5339 9
420 4
118 7
1910 1
3979 7
6110 9
1093 3
1633 7
7470 8
574 4
3688 8
5247 7
3170 7
6397 6
975 7
4957 8
7310 6
53 3
162 4
3995 6
2003 7
5935 9
513 8
1957 8
2346 1
2125 6
3255 7
3884 2
959 7
5883 2
8141 4
4279 8
5799 5
6315 1
4927 8
7560 10
1285 8
2357 8
3041 4
1539 3
443 1
2841 6
3747 8
5132 9
4664 4
6928 2
1729 6
3106 8
4616 4
6084 3
1024 10
1532 4
3314 7
6592 2
5740 5
6481 1
4246 4
7969 7
634 3
1342 10
7421 2
3476 6
5448 6
6570 6
6853 7
7110 1
7631 5
1855 10
3062 6
137 5
2876 1
291 9
4304 10
1900 4
7459 3
7835 5
998 7
4300 4
6527 9
8024 9
1215 2
843 5
4273 2
5861 2
6569 4
7610 2
2833 9
7333 6
883 3
1168 3
8157 2
1435 4
1510 1
2527 2
3472 3
127 7
3697 10
5108 2
2634 1
2653 5
4013 4
7984 2
266 1
4461 9
5693 6
6259 8
6809 1
1134 9
1559 2
2060 7
2557 6
3799 5
4361 8
4418 2
5914 7
6290 2
7268 4
925 8
3366 2
4968 8
4012 3
4293 2
5160 6
6748 10
1778 8
4182 8
1437 2
445 1
3669 1
5631 9
6013 2
7716 4
1976 7
2470 1
5662 8
3291 4
4760 2
3554 6
496 3
619 9
6337 6
4811 10
5608 6
6694 5
6799 1
925 10
970 9
4847 7
2626 10
7369 9
5136 3
6642 7
7791 6
2283 6
3752 9
6212 2
3029 4
1826 4
4226 7
4716 8
1303 1
2596 1
2889 6
3309 3
3761 6
4485 9
7183 1
3236 10
5521 7
7027 4
2874 9
2384 8
6855 5
4917 4
7162 6
1010 4
1451 10
1794 10
2563 1
1676 1
1140 8
4146 10
4338 9
2974 9
6950 1
288 5
3937 3
4346 1
4854 9
5026 5
1928 6
167 4
1715 8
1452 4
6124 9
6211 9
6330 8
7250 2
7718 9
7830 5
8080 5
4395 5
4758 8
5250 6
5912 1
48 2
1331 7
3472 5
297 9
1184 4
4709 1
5183 4
6398 5
163 7
3271 10
8106 4
6770 9
3792 1
4540 10
5018 4
5102 3
2099 1
7871 10
7156 2
4697 2
4776 5
2734 9
7087 3
2028 6
5990 3
6700 1
7898 2
2947 6
4593 5
1767 5
3538 2
514 7
3843 9
1359 8
1408 10
5351 3
1586 3
1433 8
5825 4
3942 10
5528 2
1511 4
2917 1
4946 4
5373 9
174 7
5657 4
5773 4
5252 3
5904 10
8073 6
98 8
429 9
3810 8
3445 3
5898 9
6077 3
131 5
3677 2
7558 2
4983 4
6081 3
350 4
812 7
2988 4
3443 3
4914 3
863 5
1698 10
6 7
7039 4
2893 8
8147 9
2385 1
2688 5
92 2
801 1
1096 8
1885 4
6566 6
1817 9
6510 9
5866 3
3093 9
3284 8
4519 4
4736 9
5537 5
6978 10
14 5
2674 4
1677 2
1857 2
1752 3
1134 3
7143 6
7579 3
7068 2
7534 2
3197 8
5971 5
166 5
5282 1
5988 6
6913 3
6105 8
3659 7
6355 6
8156 1
1038 2
4828 5
5518 10
5989 9
1148 4
407 8
1894 10
2856 1
2795 2
6731 8
7291 7
3895 5
6156 3
7821 2
1449 3
3814 7
3828 4
6847 4
2201 8
6270 9
308 4
6994 9
2399 6
2453 9
3680 9
3087 9
7138 7
3476 1
4283 3
5875 8
6399 6
6558 4
7575 3
1918 9
6090 6
1558 9
4717 8
5238 10
4124 10
2267 5
3667 7
5505 10
7732 4
4486 3
2220 9
2107 3
219 1
246 9
5631 2
5198 10
8148 5
4323 6
2139 1
3093 9
1224 8
7215 3
1787 1
5124 8
5752 6
7543 1
8080 9
1021 4
1336 8
1963 7
553 6
441 3
6937 4
7759 8
1648 5
2562 3
3803 7
3285 10
3140 5
983 7
6447 6
3571 1
5120 1
1265 6
30 8
1571 3
1933 7
5460 6
4220 3
7391 10
2673 5
7588 9
5573 10
3949 3
6201 9
785 8
4718 7
2395 4
7584 3
4357 1
5077 5
5752 6
5851 2
4924 4
367 7
38 3
1523 1
1932 3
3539 10
1529 8
6819 10
8154 10
1747 8
5819 5
1320 5
6127 4
6213 1
7168 4
2986 10
3418 3
3434 5
2489 6
819 8
2822 9
4866 6
3511 4
4241 1
5997 8
7171 7
2932 2
5019 9
2291 2
7662 9
3907 7
5273 2
7548 7
2328 3
7313 7
7871 4
877 7
4089 3
4173 9
4682 3
7186 2
6316 2
766 6
5316 1
4977 9
6657 1
3413 6
3963 6
3457 1
2847 8
802 2
3914 5
2849 3
2928 4
3038 9
7316 10
1515 9
8108 9
1347 8
2023 10
623 4
835 2
4879 1
4925 1
5496 4
6086 6
6403 1
2688 1
2179 1
1446 9
3885 8
5203 9
5872 7
6378 6
541 8
3077 1
4035 10
3784 8
2633 1
2799 1
2524 6
5489 7
5825 9
7816 1
6763 2
6533 4
3230 1
4830 7
3598 2
314 4
322 7
3881 7
570 4
1301 10
3571 3
3930 3
4291 7
7453 8
4720 10
6425 1
4921 5
7206 9
7686 10
403 9
951 10
2991 10
3220 8
4324 9
2967 1
753 1
2756 4
3930 8
4908 9
5820 1
6831 4
2077 9
6816 1
6320 2
7770 4
1154 3
6622 1
6352 8
3782 8
5525 10
1193 3
3008 5
491 10
7907 5
3530 8
4267 2
5228 6
929 8
1922 1
2331 1
3923 6
5874 2
369 2
6820 1
5460 4
3571 8
3662 8
8157 4
4489 4
5230 8
1039 10
5058 3
6987 3
1515 7
5954 7
6534 9
6793 5
740 6
2453 3
2637 8
4766 6
5008 2
7944 4
4770 5
7222 10
732 7
1255 4
1926 9
3061 2
7555 9
2135 4
6182 2
6185 5
7570 5
8070 4
1416 9
2389 8
6793 2
1631 5
737 5
2671 9
4942 6
2324 9
7479 4
6154 7
6819 8
7699 9
1068 8
2832 10
2863 5
5473 6
6278 2
3563 3
3635 8
6359 3
8110 10
1698 4
2587 2
463 9
5758 5
4859 2
8129 9
6 6
551 2
1650 9
6152 7
4180 8
2593 7
3853 1
4253 5
5225 7
1560 10
2943 8
5450 9
1502 7
1858 1
2791 6
418 7
3397 6
1782 7
4010 10
4688 2
7780 9
806 8
1216 1
2727 7
190 9
796 9
6518 9
463 8
622 9
3718 2
1207 10
4403 3
6035 1
1230 1
1528 3
1399 8
3669 1
104 3
7294 6
7705 10
2896 3
429 6
1003 4
3019 2
6744 6
1713 5
7396 1
6918 3
3899 4
4929 3
133 9
722 1
8011 5
2177 9
3085 1
3221 2
5679 2
2171 7
720 6
2351 2
7960 5
3472 4
7103 4
7084 1
3512 6
4564 9
5209 8
6656 1
7954 8
4670 5
1026 1
3511 6
6920 3
6279 5
8054 7
1894 7
7029 1
4117 6
5634 7
6200 8
4798 6
3641 2
1579 5
3911 10
4096 2
1083 6
3334 5
3892 1
4520 8
2197 1
209 8
2642 4
7746 7
2810 1
5665 1
5 7
3184 7
3265 4
5494 9
4634 3
629 1
2105 6
2190 6
2753 2
6178 8
5658 2
6549 5
6347 7
4633 5
7423 5
3746 5
2418 4
4347 10
1181 9
7441 1
8135 4
94 5
7391 7
4841 1
988 6
4963 6
3706 2
3916 9
3806 10
7857 7
230 4
6553 7
649 5
1304 10
3074 3
3123 5
6232 3
2802 4
4354 9
5930 2
6170 10
4516 4
3609 9
4586 7
363 1
1861 4
8011 3
3681 9
4507 2
5671 7
8130 2
565 6
2036 1
3023 8
1734 7
4495 1
5559 5
344 5
2132 10
3330 5
4765 5
3701 1
6069 7
5543 8
6230 9
3791 4
622 2
7456 10
1974 9
6805 8
672 6
8148 1
141 5
1801 6
6756 3
7198 7
7851 5
195 8
3489 8
2466 7
1209 1
5988 3
7163 9
3793 3
6938 6
6087 5
2558 9
7051 5
5895 3
292 7
2767 5
8112 8
2876 2
8095 1
3129 4
4246 4
3007 7
7367 5
5372 9
7554 1
653 7
1885 10
3813 2
7893 8
1569 9
1914 10
2240 2
2490 7
6424 4
3605 8
455 1
40 7
1313 7
3231 9
823 6
5594 5
7497 7
1884 3
3438 2
2035 8
1654 8
6347 3
2829 5
3470 10
7914 2
4276 3
6303 8
1329 7
1999 1
2367 5
5062 8
3234 6
7735 8
5874 1
2091 4
7199 5
6802 1
5751 5
4292 2
4382 10
4536 8
4593 3
2020 4
3012 10
3031 7
6198 3
898 5
5606 3
6169 9
6363 7
3179 10
5847 5
8003 3
280 4
4021 2
4399 9
136 4
184 6
290 9
322 4
397 8
2010 1
5489 1
473 10
3186 4
4974 8
6301 4
8178 9
2060 4
4039 3
3606 4
6755 4
7239 7
6849 1
7515 10
948 7
701 8
1937 4
5767 5
3013 6
5589 1
6316 4
6531 3
7149 4
1203 10
2025 9
6684 5
5240 6
2377 4
499 8
1286 5
1567 2
3834 3
5124 6
4676 5
774 4
3026 10
6671 9
6060 1
6551 5
1431 3
2794 4
3690 8
381 1
7058 7
2126 3
5410 7
5549 2
38 8
1291 5
2219 9
2408 8
6993 4
3188 7
641 7
6753 9
334 7
3424 6
3830 9
5078 8
7559 2
5681 7
74 10
166 3
3037 4
3357 8
1232 2
7698 9
1161 6
4712 3
4187 5
485 2
852 5
8145 2
2663 8
5182 4
7180 1
1799 3
1378 10
3893 8
2024 2
2812 6
6151 7
866 8
7594 9
276 8
3738 6
1144 5
4955 7
5152 1
2364 8
7661 2
4693 9
6998 8
7460 8
4664 2
3676 7
148 8
6840 1
5843 7
7958 1
6447 5
5480 2
7923 1
4185 2
6009 10
6065 8
2665 10
3499 3
1886 6
4471 3
8043 5
2286 7
4177 1
465 3
669 10
5433 10
2313 2
2402 1
3904 4
7612 6
7863 5
428 1
1490 1
1827 4
2559 5
3681 2
6947 1
3872 2
3995 10
5542 10
737 6
2919 2
7505 1
922 7
4616 1
6316 7
7753 4
2813 7
3156 5
3235 3
6279 10
7555 10
2288 5
2301 7
2619 9
2939 5
1434 9
2702 4
4945 9
5337 6
5577 2
5932 10
7233 10
635 7
4450 5
3990 3
3364 8
4284 7
5814 8
1792 8
2111 10
3465 1
3491 8
3484 3
3086 2
2369 3
571 1
2757 9
6668 3
525 5
543 4
1978 8
2142 9
2518 8
1748 2
5640 10
7467 1
1833 5
2343 2
2736 7
6174 4
7503 10
4250 10
7797 1
7990 3
3050 5
5385 4
4971 10
1886 2
7043 3
204 2
1155 1
2708 10
6734 5
5169 4
4344 8
6925 1
573 4
2918 6
639 2
3006 1
1873 7
3139 10
4011 4
4628 6
5730 9
6216 8
7378 3
3960 3
5912 4
3909 8
4490 3
6816 7
7021 3
7029 9
521 5
136 10
4310 6
5976 7
5468 6
7928 8
1530 1
1658 3
1743 2
6583 10
7635 7
520 2
927 7
5937 8
8045 5
4447 2
2599 5
440 3
1840 1
5077 3
7815 8
728 6
4603 2
6855 2
2702 8
6360 10
6746 4
1225 1
3325 3
7191 7
7378 7
7730 8
4324 9
5335 6
5956 5
7844 6
1423 3
6966 7
5797 7
4541 10
154 10
2339 7
2355 1
7483 5
3937 1
4280 8
6141 9
1369 2
2693 2
1192 5
4101 4
6949 5
7533 8
726 10
1704 10
3088 9
3136 5
6443 3
3891 3
6293 10
4131 6
3782 8
4010 6
7159 9
7460 4
818 4
3109 1
2549 4
4165 8
6843 10
842 5
1449 2
1922 6
610 6
4397 1
6564 5
7715 6
1965 3
2049 7
963 9
942 7
7693 6
6812 4
5340 7
7552 4
7715 8
4587 4
6302 10
8012 4
4790 5
4615 10
6563 6
2567 4
4163 10
3054 5
8148 6
5234 6
6684 4
7295 8
5746 2
6190 8
6240 7
6977 3
2519 2
2814 9
2767 2
7848 4
164 1
2501 8
6248 2
5591 10
6358 10
7214 1
7904 5
620 10
5503 3
3483 2
4339 2
1880 9
3693 9
1844 4
4502 3
804 7
3648 8
4168 5
7936 4
5196 3
5794 9
7976 8
1846 1
2116 2
3617 8
4974 8
4296 8
5510 9
55 1
1008 9
5295 4
255 9
3991 5
5117 1
6579 4
4712 8
6907 6
3786 10
5656 4
6206 5
7234 6
235 7
2693 9
2871 3
5810 7
6339 10
5986 4
7973 4
2480 9
3297 6
3536 8
2152 9
1182 5
4931 4
7274 5
2384 4
3846 8
6391 7
4347 9
3546 4
5340 8
6624 4
7219 5
2829 2
6560 10
473 6
4056 9
4297 3
1745 6
2881 2
2868 10
4158 7
7453 8
297 4
2569 8
2689 10
3185 9
3524 9
5370 3
7689 10
5575 5
3836 2
2462 7
3031 10
3610 9
3610 9
3016 2
7763 4
1976 3
33 7
1003 5
2644 6
8046 9
4818 2
5431 9
2447 5
199 9
8055 10
8093 5
963 3
1754 10
7113 8
3158 7
7746 1
5222 7
6649 2
611 4
1533 3
2676 8
5415 9
4065 5
5711 9
7341 8
7405 5
80 7
4945 6
1796 6
4020 4
4301 2
5301 5
960 1
7198 3
7460 5
3898 4
4362 1
4888 4
6014 10
6426 9
827 9
3601 8
3748 2
6800 9
1802 6
4649 6
8040 4
8115 6
745 9
2309 4
4507 8
2506 10
3108 6
4616 9
313 9
4255 10
7595 6
6976 9
6074 8
7507 8
15 3
6089 2
5237 8
3865 10
4105 1
4181 7
5222 8
1724 1
2181 8
2422 10
317 5
5938 4
2399 9
7953 3
2847 10
4652 9
7509 2
4212 7
5050 3
6582 10
35 3
265 2
425 1
1967 2
6037 5
5702 2
7271 5
8187 5
1081 7
2645 8
3051 9
6513 9
2142 6
6437 1
7169 10
7626 3
2768 1
5601 8
7319 1
276 6
7907 5
3707 9
4533 7
5737 6
7529 10
3379 4
1299 4
4599 10
5819 2
1744 10
2340 1
3325 1
4985 1
583 2
722 3
4792 6
119 6
688 10
3185 5
4708 7
141 9
8156 5
2307 7
1818 9
1843 1
5198 9
1398 7
6017 3
2335 2
132 1
3797 8
4914 4
6448 7
1092 8
7765 1
3892 2
8175 9
774 3
1905 6
2099 6
758 3
4842 1
6607 3
7547 6
7310 1
1718 1
3881 2
4069 5
2326 5
3499 8
3983 3
4424 1
6377 6
1046 2
5481 10
1759 10
4430 4
6670 1
7269 5
1025 2
2442 3
4627 2
3910 10
4469 3
4920 2
7311 5
7875 6
3763 5
6543 1
5644 10
78 3
1400 2
1694 7
7709 8
6882 8
6182 5
4474 8
2281 10
3218 7
8017 5
2731 9
2332 4
350 7
4001 3
7202 9
1338 2
3514 2
1743 7
7813 8
1955 4
6904 9
4258 7
6279 5
7753 6
5057 10
407 1
470 3
1958 10
4656 8
1442 1
1568 4
2963 5
1729 2
7056 6
7739 7
4730 5
5106 6
6026 2
7230 4
434 7
1689 9
4155 4
559 10
981 5
1141 9
275 5
2095 7
4329 9
7476 4
4330 6
6813 10
2854 6
4625 6
7297 3
7139 4
3941 9
4847 7
6408 6
6462 10
3599 8
4938 10
7148 9
4592 3
1706 7
1131 8
7922 9
344 3
5998 9
3663 10
8048 4
7278 6
6653 4
5774 10
6191 9
494 7
2250 4
2855 8
3262 4
419 7
7219 7
1507 5
6023 4
6958 6
7556 3
2005 7
1395 1
6786 8
4792 8
4229 8
2175 8
5671 2
1493 4
1879 7
1814 9
7653 1
5976 10
2187 2
7192 6
7737 1
2898 2
1273 1
4790 6
1125 10
4380 3
7284 6
7467 2
1442 5
7504 4
1653 4
1378 6
1932 7
3364 6
2446 10
8003 7
783 1
5606 7
6546 3
6578 6
7464 8
2438 1
7114 6
1378 7
3452 7
5118 4
4386 6
1530 5
4343 1
4412 4
3319 1
6835 8
4068 4
2883 5
4993 8
4070 6
2251 2
2696 8
3491 8
7415 6
6006 10
255 9
2189 3
3649 10
4208 3
5609 1
5811 7
266 8
7601 4
6618 2
3726 5
4088 10
6926 9
300 6
2473 3
3830 9
7759 2
6178 6
7960 3
413 10
1765 6
2952 9
2399 7
4779 3
3687 4
5445 9
7304 4
1408 1
2557 5
3459 7
7999 2
2241 8
5859 4
5718 10
3917 1
1952 5
5462 3
762 4
1824 3
2558 3
2730 7
3506 1
3423 1
5758 5
6778 3
511 4
6253 7
4873 9
2491 1
7974 8
2565 5
2802 7
78 10
5909 7
732 9
6396 10
809 3
1178 4
5236 10
718 10
5560 2
5933 2
6507 4
3100 7
3900 3
7406 7
8016 8
6510 3
7360 3
5081 2
2258 10
2770 8
3176 8
141 4
4351 6
7848 10
3747 1
5660 8
1533 2
1701 8
3561 7
1192 10
7533 8
4771 5
2643 10
3444 2
2470 3
2404 2
5875 4
6402 10
816 1
225 4
7390 8
6505 7
4738 10
6693 10
8165 6
5473 7
277 5
5794 10
629 8
2125 4
2139 1
3456 9
4384 2
1645 5
762 5
5722 5
88 6
1317 6
3566 2
2282 2
3525 9
1366 1
5066 3
4984 9
6347 4
931 3
270 6
8145 2
7893 4
7105 9
883 3
1651 4
4607 1
5939 4
4428 7
4537 9
4989 10
5974 1
2929 2
6639 3
5350 7
7535 7
7690 5
2859 6
7326 5
1310 2
1221 7
2583 3
7471 5
4980 1
6443 1
6469 7
3666 4
678 2
7134 9
7391 8
317 9
1069 6
7603 5
3403 8
225 7
7725 3
1643 9
3351 9
2870 7
1271 5
5128 1
396 3
1103 8
1680 3
3552 8
5957 2
2617 5
4501 5
6131 4
6342 10
7771 10
87 8
2113 2
2648 1
3206 2
127 7
1858 8
2239 6
7695 10
4661 4
6600 4
7795 9
6364 10
4420 8
5485 4
8011 1
3598 9
6194 10
4980 8
6817 10
7870 7
1145 4
5154 10
4217 5
8042 6
1802 3
7859 10
2247 3
1733 6
2468 4
6129 10
2126 7
3419 10
7493 8
7719 3
4176 4
1110 10
1763 10
7480 8
6885 4
4490 7
4173 3
1483 9
1578 5
1959 3
2376 7
2812 5
3298 4
5850 3
5348 2
2621 3
7563 9
139 4
1728 3
3235 1
6594 10
7095 2
4009 6
4313 1
1722 10
3527 1
7545 2
7590 5
7288 5
4621 2
5084 7
6308 3
6429 3
2849 4
4223 3
3353 6
2594 6
6442 4
1544 6
3875 10
2884 5
8123 10
7105 9
7154 10
1057 7
2318 7
6393 3
4485 3
3819 5
647 5
1597 6
1598 6
5689 2
7373 4
2206 7
3521 2
1553 5
758 3
1084 2
430 3
3626 9
2316 2
5318 2
6077 8
7923 6
150 10
322 8
6017 5
2438 10
4564 9
7018 10
7127 8
1655 1
855 6
6645 4
364 5
568 3
1020 3
1349 2
1912 2
6218 5
5507 9
5027 7
4145 2
4660 1
1767 7
1447 4
1110 10
5088 1
3136 8
5357 7
2444 5
2646 8
469 10
5332 1
7292 4
216 4
5844 10
7628 6
1384 2
2044 2
2968 4
3071 4
3892 9
3198 5
1917 6
7332 1
3932 5
7589 9
1133 10
1218 4
7300 10
4012 5
5552 9
3943 3
7636 5
4418 8
5435 8
7056 3
5497 8
6999 6
307 9
1672 7
2652 3
4280 9
174 10
1235 2
7525 7
7518 6
4144 2
4586 6
6436 3
7881 4
418 7
992 9
3505 2
6095 1
4157 6
1517 9
6668 1
2782 2
6427 7
5708 10
7903 1
1791 10
4883 7
5442 1
7116 4
7891 9
374 6
798 1
4998 8
7703 10
6867 1
7012 5
4411 5
7424 8
493 8
2014 10
917 1
4066 4
4146 9
6549 6
7755 7
456 10
7963 8
4195 10
6637 2
803 9
1405 4
730 5
6942 6
8185 4
606 10
891 7
1486 2
1721 4
7641 7
7611 5
7730 8
786 10
1749 3
5292 2
1546 5
4224 1
6385 3
2194 4
3344 7
3664 5
6095 10
7346 7
7887 8
3924 2
3132 8
1191 4
1823 1
2597 4
1002 9
1666 7
8100 9
1881 8
6914 3
8173 1
4436 1
4870 10
6806 5
1679 9
5998 9
7044 9
4394 5
5487 5
3840 10
5319 2
5615 3
5675 10
6178 9
308 7
1663 9
1962 6
4852 4
6027 10
2038 3
4833 4
1038 5
5732 7
281 7
7918 1
3367 8
3808 3
756 7
7950 5
1260 9
4443 5
6309 5
7652 2
1417 1
6918 5
153 4
7020 8
1422 5
1794 7
2151 3
7082 1
6455 10
6640 1
8000 1
1996 6
576 8
6975 10
6808 10
4950 5
2305 3
2813 1
7347 5
1016 7
7507 7
4855 3
6630 10
927 3
1622 5
3559 6
2961 5
1607 3
4219 9
3275 6
4226 1
5066 2
6099 8
2809 2
59 8
6908 10
5434 4
5336 6
7720 3
1817 3
2426 7
7014 8
4390 1
3865 3
3999 4
4743 8
706 1
1146 7
1025 4
779 9
4623 9
3040 2
6542 8
4467 1
5787 9
1480 6
1539 10
501 1
3401 7
2439 9
3352 3
3032 6
6322 4
6969 9
596 5
5187 5
2938 10
1941 1
1220 1
1664 8
3520 5
2749 5
5779 3
7523 4
3410 8
3675 1
5393 1
7926 1
2605 1
2863 4
2056 1
2312 9
3617 2
2998 7
1353 3
6295 7
7793 6
180 10
1770 9
2184 10
8140 10
472 9
2358 9
1944 7
554 1
4710 7
5144 7
8094 5
200 3
2687 5
281 5
4888 5
4537 10
3843 3
4185 1
1082 8
3230 5
3427 9
780 10
5896 2
5032 9
5580 6
6695 7
713 5
2406 9
5645 7
2602 5
1583 7
7009 5
651 7
1744 9
4457 6
269 7
1025 3
7066 9
4312 4
5326 10
370 1
7922 5
5652 7
701 1
4363 5
7220 7
1312 6
1710 4
576 5
4760 10
1137 5
4430 3
4679 6
956 6
7850 1
736 9
4956 5
5852 8
7075 10
7389 2
7812 1
8081 5
2760 4
4555 5
276 6
7196 1
2801 7
3873 8
4996 4
5212 8
5775 3
6823 7
6741 2
247 10
7901 10
3974 3
5453 6
7041 1
5781 9
7669 7
3428 6
1955 9
3308 5
4694 8
6511 3
7498 9
7598 6
7840 8
8159 8
1912 7
2681 9
91 3
5796 4
6327 5
6733 4
1050 3
2442 7
3638 5
2562 5
7150 4
5573 8
5215 9
4270 1
848 3
4653 3
171 1
3376 4
861 5
6399 3
2215 9
2669 2
5406 4
6275 4
722 7
2641 9
2777 5
2587 9
6515 10
151 4
6631 8
1184 10
7128 9
6017 8
2957 5
4982 9
8096 1
1289 10
1385 3
1648 10
1652 10
1335 3
5399 5
6012 9
7110 8
4341 10
7261 6
6196 6
5657 5
7258 6
7345 5
2566 5
1876 10
1231 8
1069 2
6542 6
6944 8
2001 2
6360 7
6678 2
4111 6
4807 2
250 9
1125 7
2233 2
2718 2
1632 8
5623 8
884 1
3799 9
7533 2
5713 8
264 8
1787 5
2704 8
412 5
3187 3
4983 4
7113 4
7796 7
437 6
6269 3
4207 4
4592 2
5308 10
5655 1
5531 1
378 9
924 7
2534 8
499 6
2930 1
6183 9
6237 5
6309 7
2669 2
7759 4
257 5
4443 5
5218 4
988 2
4459 6
4677 8
1299 4
1002 3
3121 10
4000 6
4429 4
271 3
5613 9
2404 2
3142 9
2664 3
7504 9
1143 10
6040 3
2096 6
6358 2
3588 8
3488 8
3193 4
7679 6
7550 10
6107 6
8142 2
6423 1
7294 2
896 7
3481 8
6239 4
1393 3
6282 7
5925 3
983 10
2019 9
2496 6
1518 10
5407 5
4047 1
7423 4
46 7
1666 7
3368 7
3603 10
4158 8
7724 6
546 5
1876 10
6354 4
698 9
7683 10
5365 4
5470 6
6077 6
1082 1
1682 6
5461 3
7220 5
3859 4
5250 5
723 8
7356 3
7472 7
4881 10
1231 9
1462 4
5481 4
2359 4
6793 9
6848 1
183 4
401 2
3528 4
695 10
2233 2
6890 8
3802 10
3839 5
3435 1
2045 6
1599 8
5271 5
5621 1
7869 2
2857 10
3531 3
5519 8
1190 4
7057 2
7105 3
5560 7
5825 2
6101 3
7684 7
7771 7
709 4
3187 10
6309 6
2668 3
5583 9
666 2
878 7
5571 1
7395 9
6269 10
882 1
2527 8
4925 7
2864 6
6880 10
3631 8
4310 8
4355 10
5013 5
6549 8
2055 6
6150 9
272 2
6952 4
7015 2
84 2
3421 5
3773 9
1502 3
1080 7
7206 8
1278 9
7062 10
7563 10
1435 8
7442 5
4341 1
2747 1
4970 9
5860 10
121 9
1256 6
1690 4
2527 10
1146 4
8013 4
6448 10
5780 3
8087 8
6429 6
3791 10
5386 5
7040 8
3131 1
3464 7
5136 8
836 1
2595 7
4312 4
7695 3
674 8
1353 10
2314 4
2318 6
3335 5
1806 6
6493 10
3984 5
7680 10
33 7
1287 8
3100 9
8122 5
2013 2
5608 10
7340 10
1442 8
2208 4
2640 2
3096 3
3522 10
2290 6
4621 7
7790 3
7653 10
3055 6
380 1
5695 9
2743 9
3733 3
2820 9
6191 9
1206 5
6952 7
2536 4
5041 8
4885 9
7553 10
7960 9
1045 9
3443 8
6391 7
2942 7
2094 1
1835 6
5868 3
1598 5
800 3
4692 2
394 10
3856 4
3993 3
4596 7
1490 9
1859 1
5802 5
4109 7
5157 10
3535 2
6148 4
7065 8
96 5
1221 1
3365 9
3455 7
2930 2
4383 2
2835 7
6031 4
5719 10
7079 5
6705 1
3393 10
5988 8
4880 5
4078 9
4849 9
2100 5
5214 7
7612 10
587 7
7687 10
3069 1
4173 8
3888 3
5080 5
5176 4
5266 7
2534 1
1480 5
3399 10
4313 8
5925 5
698 5
4653 5
3704 5
6780 4
7154 10
7498 3
7130 1
6120 1
149 3
6259 2
7057 3
4860 2
2253 3
4119 2
7623 2
7883 7
7920 6
213 10
3325 8
1363 4
4524 6
2274 8
6162 6
7085 4
7417 7
3311 7
2628 1
8162 2
4924 4
4247 7
5049 5
5824 8
5264 6
2050 5
5945 3
6729 10
5161 9
950 2
7811 3
5267 7
7471 9
1690 2
3122 5
6211 10
515 8
5144 5
7840 5
1161 10
1307 8
1461 9
6439 6
3076 3
2470 7
5517 2
6247 5
6894 9
7621 9
7879 5
3455 4
1641 3
2179 7
6181 7
4524 8
742 5
5525 2
3894 9
4241 7
7549 2
3554 9
3665 9
268 5
1982 4
1324 7
560 8
6541 5
1926 5
2938 7
2143 8
972 3
4818 2
7376 3
1710 2
2116 9
3126 4
7332 6
6065 7
97 10
1437 8
6187 8
355 3
4515 6
3550 3
3241 1
800 4
6808 1
132 9
4557 1
2317 5
7528 7
5175 10
5258 1
232 3
2377 10
3252 7
6840 8
6482 4
3609 2
4350 5
1960 4
6696 3
2594 5
1155 5
156 1
5070 8
6235 1
6517 9
2878 6
5854 3
6101 1
7364 3
773 10
3856 1
3353 3
3791 5
8039 7
5 1
933 1
3140 1
471 3
3730 10
1073 6
3846 7
4096 2
4706 8
745 4
1232 6
1426 6
4599 6
5235 2
4534 9
6324 8
2748 5
3397 8
6276 6
2828 10
882 10
7921 3
2784 10
3438 9
1328 8
4137 8
3751 3
6922 1
7996 1
2987 7
1149 7
4694 2
5304 5
70 7
2351 6
1953 7
2293 10
5946 10
2592 1
3606 8
3840 7
5173 6
3939 2
7182 7
4885 9
857 7
4174 8
5356 1
1236 4
3000 10
6476 9
4600 9
3974 5
4953 5
1324 4
5948 10
383 4
5066 8
5743 1
6396 2
5078 5
5159 2
7830 9
4356 6
5249 8
834 5
118 6
6233 3
1031 4
4226 5
5087 6
6318 5
1672 1
2744 8
4795 7
1920 3
4850 9
7065 7
7297 9
7817 2
8191 9
1940 4
3501 1
3361 6
2459 6
5700 9
6420 9
7413 4
98 4
1036 4
308 8
4202 8
5376 7
5549 4
7820 7
397 4
2563 8
5394 6
4309 2
5680 2
2080 8
2535 3
3812 4
3839 1
6983 10
7017 2
8052 5
7724 5
4777 7
282 10
7082 5
5388 9
177 2
4416 6
6304 3
6398 2
7647 9
6300 2
1754 2
4982 3
352 8
5026 2
1077 9
2635 6
6809 8
3788 4
1651 6
154 5
5988 3
7200 6
5770 2
1241 5
981 3
6659 8
1494 10
1791 5
7620 9
4450 1
6112 8
6006 6
5823 6
6523 9
868 10
1892 10
4629 10
6448 10
6440 5
2138 3
3944 10
5569 4
6761 2
1051 4
2691 1
7347 1
4810 3
1446 1
3352 9
4360 9
7070 10
7712 1
390 9
3934 1
206 1
4568 5
7979 5
3621 10
6352 4
3740 3
5251 10
5871 3
2373 4
2951 8
8186 1
623 9
6342 3
6432 5
431 1
1855 6
3979 10
7769 6
7600 10
3985 5
1794 5
2954 4
7087 6
901 2
3997 6
6466 3
1781 5
2562 4
3117 10
2358 2
320 5
6083 4
6925 3
5220 1
6617 1
5061 1
1536 1
247 5
523 2
3566 2
729 10
6730 7
7301 5
934 2
3758 8
1596 1
3178 3
4132 9
5091 7
58 8
2451 10
3703 10
2865 7
475 3
547 5
7983 8
2275 5
5983 7
5042 5
7013 9
4972 3
7328 1
6540 1
1138 1
4215 4
3224 7
7296 10
5409 8
2614 10
7894 7
1285 9
144 2
4908 1
6947 7
7139 6
407 5
3484 7
3103 3
3634 2
5431 7
4062 10
7058 1
1517 3
2703 8
844 1
2869 3
482 4
1198 3
2726 2
6260 6
6507 6
3406 2
8174 7
1991 8
5595 1
7669 10
359 4
703 7
1665 10
109 4
3480 8
5113 7
7675 10
8191 2
1640 8
1156 9
4570 8
7607 2
5448 3
1706 7
2772 10
3817 3
293 2
6791 6
4542 9
6263 10
2808 9
3179 9
3247 1
2468 8
2441 10
5875 4
5021 7
6626 9
4582 2
5890 5
6989 2
7053 8
4050 5
5119 10
6375 8
1651 2
3588 3
3380 7
5923 5
2478 2
6305 2
7898 3
823 7
1882 9
3515 1
3632 2
3713 9
5848 9
3390 9
4974 5
1581 1
6826 9
3557 8
2387 4
1691 2
6653 6
3829 9
7148 4
5121 1
1516 9
3938 1
6442 4
58 8
2493 1
2979 4
3454 5
7340 2
2908 10
411 8
2595 9
692 9
4376 1
4144 3
5121 4
8177 1
5987 5
7650 9
2032 2
4208 8
3616 4
4127 4
4423 5
4648 7
8003 4
994 8
3508 4
3359 6
5269 2
6793 2
2038 7
2591 3
4505 8
3673 3
8128 3
5391 10
2675 2
2727 10
4000 7
5052 9
1006 10
1542 5
7183 2
2720 2
4037 6
7474 9
2678 4
5679 6
7619 5
3565 4
2308 5
1512 10
2579 4
3980 2
6868 2
7345 5
2669 7
3001 6
3045 4
5737 2
1567 4
7552 9
8121 7
1927 7
2412 10
6564 5
1661 10
6983 2
1267 2
3473 7
2341 10
5815 1
1780 10
5464 1
1930 10
2247 9
5528 1
7800 4
2681 8
3578 8
71 6
1021 8
7577 9
7671 1
8049 7
977 10
1740 9
2293 2
4964 9
3637 10
5511 10
455 5
5639 2
5569 10
3514 10
1847 2
3070 3
6574 6
6137 6
1532 9
4133 9
7059 10
7497 3
2151 7
5131 10
1944 1
3477 5
1950 2
6918 2
756 2
4692 10
2045 5
3522 9
1056 1
1626 2
6455 4
7272 1
783 8
3668 1
4038 8
1441 10
2225 4
5806 8
7239 4
8183 6
227 3
556 5
6926 4
4874 4
5036 5
1608 3
5465 4
7171 8
8136 4
6046 8
891 6
4247 10
7032 4
1862 9
6582 10
1565 9
4180 4
6299 3
7129 10
7709 1
3186 5
3400 1
467 4
7953 4
4998 4
5272 3
7352 9
2561 8
3120 5
3490 6
6353 7
6360 5
5087 1
7688 10
3727 2
3303 9
2563 6
7537 7
595 8
1898 7
4605 1
7047 10
8082 3
3145 5
8022 5
3136 9
3085 1
5009 2
5471 4
4149 4
6061 3
6224 3
7805 2
8084 2
1697 4
1741 1
7452 7
4665 4
3935 6
4067 7
6344 4
1105 1
2030 4
4345 3
6378 10
2495 6
5801 3
301 8
2400 9
2434 9
2937 4
3486 8
401 5
3484 3
4040 2
6742 1
2005 7
662 9
5357 7
6726 6
5309 3
5466 8
8077 8
1711 7
3713 5
1133 4
5260 6
6758 1
8189 4
568 7
1225 7
7633 3
7355 8
215 8
7752 3
1409 5
2502 10
2866 4
3864 1
4276 1
2146 9
1428 10
3928 6
7377 9
7184 3
7590 7
2554 6
6571 1
228 1
3228 3
7996 6
1511 2
4876 9
4612 7
5408 7
8089 3
3586 1
3431 3
1961 10
6633 8
6771 5
1817 5
3894 1
338 8
3101 7
4547 2
4621 4
6035 3
2112 7
3846 2
7451 9
7030 1
5663 4
2152 4
5213 4
7396 4
5790 1
4783 6
5203 1
1026 7
2596 10
2892 7
7292 1
8025 9
1772 10
3647 9
3987 9
7276 9
3440 10
4994 3
4425 8
5667 9
6838 7
7356 8
3714 3
6812 5
5290 9
4545 5
6370 7
7874 7
392 6
3862 10
7899 9
1624 7
1883 3
2579 5
2715 7
501 8
4233 4
5352 10
5854 8
1761 7
2960 9
6249 7
7683 1
8041 7
4342 1
989 4
1616 7
3219 4
1339 1
2673 2
7588 5
5129 1
6958 9
1509 1
50 2
263 5
4680 10
4803 5
893 8
3467 3
408 8
1373 7
258 2
2997 9
7015 8
1290 3
5817 2
2604 3
6343 6
7161 2
1243 3
5217 1
7556 3
7273 4
4675 7
4779 4
4976 2
5934 10
486 6
47 3
1504 1
4415 9
5565 3
5712 9
6359 5
3380 1
266 6
1521 9
4404 4
5189 4
79 9
642 3
1615 7
2076 6
5847 2
7468 8
753 4
1119 9
3321 8
6245 6
1923 7
4513 2
6227 1
6647 9
7028 2
7052 10
8070 10
1503 6
3087 6
3098 7
4880 6
2940 4
2771 6
1497 9
7585 3
641 1
1737 3
4925 6
4084 1
289 9
5212 10
2403 6
3578 3
7963 3
5014 1
495 7
4667 7
6867 9
1232 1
1887 7
2146 10
2790 4
4103 1
4196 2
5518 10
6185 3
7787 5
453 10
2620 5
6355 3
1429 1
3476 6
4730 1
5075 3
6213 9
939 4
5006 2
5931 7
7023 2
7968 1
3057 9
6189 10
4660 9
5156 3
5465 3
4038 7
5224 8
2450 9
4052 3
4851 9
7601 7
7756 10
151 9
259 6
2246 10
2696 5
3270 6
4967 4
8158 5
6498 5
7983 6
2738 2
7306 8
4869 10
8170 2
7827 6
8141 9
2757 7
5697 8
5037 7
664 7
3051 6
1402 1
2817 2
1761 9
3116 5
6920 10
1287 2
6229 7
1639 7
4121 4
4762 3
4665 6
5375 1
8071 3
6422 6
6732 10
7968 10
69 10
3056 1
5398 10
7334 3
1125 7
6063 3
7802 9
819 2
945 7
1699 3
859 4
5396 3
4286 6
2673 2
3054 4
3311 4
3760 3
389 8
3848 5
5483 6
7496 9
6976 3
324 8
8016 3
511 9
4021 5
7726 4
1137 6
22 9
2224 8
4275 9
502 2
7446 3
4706 8
6090 1
2244 5
1978 5
811 5
3867 10
3402 7
4018 2
4755 2
7719 5
2927 3
3302 4
6625 10
3904 2
4974 8
5300 5
5787 5
7653 1
3063 5
3107 6
4389 1
1038 7
7847 10
961 6
1043 9
4666 3
773 6
4811 9
5506 1
666 3
3401 5
3635 3
4457 7
7028 7
4759 3
6108 7
6931 5
7270 3
1471 10
2525 6
3804 5
7147 3
4774 5
5785 7
6363 4
54 2
284 1
1994 10
2017 6
3867 5
2630 10
6401 8
5651 3
2208 4
2936 7
973 1
93 9
7610 4
8020 4
3942 9
5943 2
11 5
5717 4
7350 10
2922 1
7299 4
5077 4
6708 6
3359 10
3989 8
4428 4
7864 8
1112 9
37 6
3988 8
6068 5
7350 3
71 3
727 6
3570 3
4506 10
7075 5
383 2
3145 1
4743 2
8127 1
1200 1
8054 7
3602 5
7270 1
7728 9
1045 9
4078 9
2240 4
5177 2
4708 10
1388 9
2955 3
1522 1
3812 3
8074 2
7094 1
2256 3
4331 6
4518 8
5206 1
3108 9
3405 6
3139 2
3566 10
6609 5
1103 5
2904 7
4042 5
1152 9
2535 8
7044 8
4521 4
7806 5
3262 10
3868 6
4077 2
812 5
2490 2
930 1
3304 6
4116 9
4198 7
6957 2
1119 5
3740 4
4171 5
4835 7
6338 10
2248 5
3780 6
3901 7
6951 2
6153 10
3640 3
1527 2
5125 2
5700 2
6875 2
460 4
5758 5
988 1
1405 1
5160 10
6860 2
6866 2
4506 2
6420 9
6528 4
5615 10
4862 8
898 3
1459 3
3262 3
2349 7
5004 1
7461 8
939 4
1120 1
2841 1
3213 2
8110 3
5340 10
2599 5
5182 7
420 6
671 3
1289 6
6560 2
2562 2
6366 4
115 3
4252 1
6902 8
752 4
1484 3
2379 10
5278 10
5413 2
4137 8
5168 9
243 8
4132 2
6951 10
4530 3
5897 2
6373 6
6752 4
631 7
3700 6
4475 10
1610 7
6947 5
7195 7
3503 10
3588 6
4682 5
5536 8
7878 4
2500 1
3577 4
164 8
7266 7
124 4
1790 4
3422 3
3714 5
5999 10
6940 8
5047 4
252 4
6756 7
1282 10
1899 5
2275 5
2450 4
3172 3
3420 4
7843 9
218 8
5874 2
669 10
936 9
7766 10
7262 3
5264 3
4346 7
4791 6
2558 2
1107 3
360 6
5318 10
7953 10
524 3
7230 7
4379 6
5393 6
5944 4
933 3
1463 10
1842 8
643 2
1552 8
3245 9
4926 6
1518 1
3979 2
1791 4
7863 1
3067 4
2354 6
4146 9
4325 3
289 6
638 7
639 3
2833 9
4718 5
5864 9
3615 4
5074 8
4959 2
6327 7
7199 9
3975 5
3543 2
2286 7
822 8
1013 4
7412 3
2659 10
4512 9
2604 9
201 9
914 4
6631 4
1717 5
1447 6
5678 10
1661 1
6724 9
7767 7
722 8
2697 9
3092 9
5554 10
6771 7
75 8
772 6
6123 3
7567 9
6321 2
5998 1
7893 6
1941 8
2323 5
2790 3
1870 4
799 2
4684 5
1345 10
7156 10
2621 1
4991 10
6522 5
6827 7
7823 8
1216 1
7790 4
6228 6
6746 7
7987 7
139 1
7907 9
2703 5
8079 2
1795 9
6339 8
6525 10
6816 5
5318 5
7551 6
4311 7
8063 4
1405 1
1541 3
2134 3
4202 6
6692 7
8123 6
4539 5
5352 2
1690 4
2562 6
883 6
2240 8
3378 1
164 4
1859 7
4255 4
8164 1
359 1
3481 10
3315 10
3381 1
4155 7
6521 3
601 9
917 10
1048 1
720 5
2586 2
3002 9
7749 6
6183 7
3902 6
7131 9
4486 4
8076 4
3917 8
3965 7
7568 2
1091 10
4844 10
3546 3
4071 2
4383 4
1878 10
4497 5
6108 10
6250 3
7224 7
7285 10
2769 10
3214 5
3930 2
814 5
4866 8
5056 1
5103 5
7368 7
7379 7
1121 9
2192 1
5985 10
6554 2
7016 7
7480 10
2160 4
2494 4
3996 5
5990 8
7928 2
4685 6
5019 3
5924 8
2688 10
1313 7
5775 1
5740 8
5869 2
6856 8
963 3
7138 1
5664 9
5181 6
1500 9
2768 5
3081 10
7085 6
6645 4
5139 7
1297 6
2626 2
6723 2
7712 3
160 5
6925 2
3329 3
3785 1
5416 8
6943 6
4717 10
6555 4
7662 2
2039 10
2881 9
137 4
4728 7
2822 2
5894 3
7947 7
7510 10
4451 7
23 8
569 3
5349 8
3890 5
4731 3
4364 10
7352 10
2994 4
1421 3
1103 9
6799 1
330 10
1308 4
1831 7
2961 9
3167 2
3965 3
7254 7
4850 1
5676 5
5960 6
7189 10
7704 5
1348 6
1952 1
2694 4
4186 4
98 8
7266 8
4548 7
2032 2
6150 1
5163 9
7364 3
379 10
1455 7
3381 3
5521 5
548 5
4215 4
7763 4
4289 8
2740 9
3607 9
1871 2
2893 2
1869 5
1816 3
6749 10
7077 6
1562 9
2032 4
3141 3
4326 4
2748 9
2881 10
3295 3
2243 2
6304 8
6166 5
6922 4
7010 4
7571 3
1350 5
4282 2
4336 2
6901 3
2385 5
4736 6
5573 4
1535 7
1870 8
7462 1
7885 7
2716 4
5132 4
5146 6
4139 4
3138 3
6623 4
4493 2
4777 7
6222 8
7139 9
711 4
1252 9
1943 6
2588 4
6289 10
3881 10
4532 10
5574 7
6460 1
7322 3
2368 4
7628 3
6906 1
5482 9
6899 6
7059 8
6075 6
1089 7
5848 3
2461 1
1078 2
3614 5
6348 8
6753 1
7814 4
3278 5
894 10
3721 4
4592 7
3140 8
5550 7
4246 1
6742 6
8142 10
352 10
510 3
3928 7
5672 10
457 4
2375 6
2872 9
3661 4
7469 3
1130 1
4171 10
7348 5
6517 6
7051 2
259 10
7085 5
876 8
3634 5
5515 4
4142 5
6298 6
6968 9
2727 7
3661 6
7072 1
600 5
4039 2
6460 2
7479 4
5597 1
2948 3
5348 1
4837 8
431 5
6286 9
5410 4
7605 3
8182 8
2712 1
2784 7
6378 10
5664 6
2671 2
3117 6
3322 1
4649 8
6102 8
7403 7
2939 7
1621 3
290 9
6629 10
1002 5
4975 2
5366 3
7151 9
103 8
607 4
1534 5
2887 6
2430 7
370 9
848 1
3997 2
6572 5
7567 3
611 9
3257 10
3816 9
3992 9
921 10
4683 10
7061 9
4337 4
6802 2
7265 10
1051 6
1111 3
5771 4
1997 2
315 8
6533 7
6044 10
2135 3
6246 2
677 8
7436 5
6627 3
635 1
2555 1
1009 3
4150 8
3392 5
2439 10
990 4
2414 7
4929 8
5424 4
7104 8
4683 5
7446 10
7781 4
5451 2
7546 10
1240 6
3959 1
2569 6
1014 3
8099 2
5252 7
4964 6
7416 2
1488 5
2464 3
1271 4
1283 9
958 8
5153 9
5518 5
2843 10
1627 2
4202 1
4389 6
8049 9
5366 9
7806 10
2953 4
5413 2
6556 6
6965 10
3664 10
5376 3
5592 9
5693 5
7373 4
7963 1
1713 5
2552 9
4735 9
3474 3
4804 10
2207 4
417 3
4458 10
2786 2
437 1
3116 1
7593 9
4190 5
406 10
665 4
941 9
2620 10
7226 7
446 9
799 6
705 3
6831 10
6798 3
4717 5
6513 2
4951 10
6393 5
7670 8
2893 5
7227 5
2708 7
7758 4
5730 6
238 10
1027 6
2741 2
6302 6
4263 2
4857 9
6411 7
6416 6
7401 10
7406 5
8085 9
2987 10
1388 10
3514 2
3840 2
522 2
1234 6
1261 4
8098 9
8056 8
915 2
2415 5
4459 8
6113 7
7480 5
763 10
325 8
6591 6
2856 7
4292 2
2704 6
6198 6
6572 5
3086 8
1394 9
2147 9
2532 1
6975 5
930 7
3587 4
538 1
622 4
831 3
2482 4
1781 1
4299 1
4108 3
4524 5
3961 1
7326 4
1438 2
2761 5
2431 5
974 6
1771 2
5263 9
6602 2
7813 8
3621 1
7771 10
4751 6
6738 6
5905 2
6111 7
842 10
4626 1
5702 1
6399 3
6673 5
6290 6
6692 4
3387 5
6771 10
2664 10
4102 3
5142 4
4952 7
3813 7
6057 7
411 3
5049 3
6481 5
128 5
761 6
1662 6
3345 8
5824 3
5104 7
4245 1
6589 8
6867 8
3771 6
5611 2
4194 6
2421 1
551 4
6020 3
4262 7
6492 4
1036 7
3155 6
6258 5
6581 9
5503 4
6066 10
1793 6
4988 2
21 5
590 2
761 7
7728 2
8135 2
745 5
3998 9
2816 1
4305 6
820 2
8178 9
5642 10
5499 8
3513 6
270 4
7054 6
8074 7
4172 1
6684 1
8036 2
468 10
1786 9
2129 5
5460 3
3821 2
4305 2
7468 9
6317 4
5161 7
5266 8
1160 5
1178 3
7883 2
8127 8
4935 2
3970 4
5350 10
981 10
5210 6
8167 6
4210 5
2421 4
7397 7
7704 3
5347 7
7073 4
3105 8
3459 10
4923 4
7115 7
7097 1
7200 1
7446 3
513 7
972 8
3162 4
1197 3
4472 6
2424 1
4166 7
1743 8
3388 2
7421 2
8001 7
4404 9
6834 6
1886 7
2281 6
5813 10
4661 10
3898 4
5689 3
6739 2
3280 1
7638 6
3036 3
4890 1
1607 10
2197 3
2993 9
3296 1
2818 5
4475 3
2278 4
2507 3
5228 4
1470 10
7343 2
3588 6
2373 6
5741 5
510 3
7338 5
2435 6
4008 2
7067 10
7600 6
3874 9
3913 9
7476 1
123 4
5155 5
6950 8
6173 7
7969 8
2719 1
5142 4
17 6
23 3
3288 3
4802 10
4837 6
6221 6
8051 8
807 2
7613 10
549 6
499 1
5016 1
931 2
5070 6
7830 2
3103 7
3843 8
4007 8
5081 3
6154 3
441 10
6375 2
664 8
6727 9
5621 3
8172 10
4061 4
1998 10
2520 1
5775 6
7279 2
1746 2
2309 8
6842 9
5508 7
6833 2
1667 8
2143 3
2153 5
7273 10
7108 2
4581 7
2506 7
7864 3
2671 8
2459 10
7642 2
1196 3
4069 5
4989 2
5185 5
7313 6
6353 10
2694 2
6546 2
2493 6
1341 9
7188 3
3717 2
3896 3
7678 1
2522 6
593 5
3710 2
4694 7
81 1
3721 9
4019 9
3430 10
2759 6
247 4
2323 10
1365 1
1791 1
5483 10
5840 7
7833 9
980 4
6289 10
171 2
6907 2
1531 8
3927 4
3266 2
4081 8
43 8
4767 6
5413 9
3337 7
6671 3
7258 1
7741 10
97 10
4498 7
5669 3
5066 7
6777 2
6723 9
2851 2
4899 3
5037 4
6160 6
2276 7
6213 5
1208 6
4464 1
7294 7
6677 5
5109 10
5668 2
6141 3
7990 6
3644 4
1038 10
4035 7
6705 1
7750 2
7236 2
218 6
309 7
4421 7
3718 6
6356 9
5274 1
5176 10
6161 1
6735 10
3608 7
3786 8
2048 2
7528 1
7722 1
2772 9
7212 4
1181 5
3387 3
6320 9
1093 9
5578 10
1388 4
2758 6
6707 2
8169 5
1207 6
4830 5
6676 3
7850 4
978 9
1250 5
1821 1
2807 4
3190 5
83 10
485 9
1822 9
5531 7
214 1
3594 10
6735 8
2986 5
3068 3
6059 1
7187 5
7485 10
8051 7
1850 6
6336 1
7357 3
5633 7
7064 1
2697 10
3287 2
3589 8
4467 3
5142 2
948 6
1585 6
7319 7
7583 4
2054 7
2350 4
4125 7
2922 4
4605 6
5968 6
6725 5
568 3
6193 8
2181 2
5323 4
6319 4
7387 1
7822 1
3599 5
2147 8
93 10
7081 8
5339 6
1037 7
1220 1
2310 1
2879 6
1204 10
1599 8
7576 10
404 9
2275 3
22 6
463 6
7616 7
5429 4
7695 5
7700 10
2576 3
3999 5
4068 10
5892 10
2947 7
4502 8
7947 8
5661 3
4118 1
432 3
1090 5
3817 8
1949 7
5800 2
3474 9
3698 3
7244 6
1698 7
2408 3
3847 8
6409 7
2355 8
5615 3
7075 1
3037 1
4682 2
2401 3
3036 3
7917 6
3697 4
4600 7
5015 2
4426 7
7177 2
3564 1
3201 1
2537 6
369 1
1343 2
2001 5
2963 6
5044 3
756 9
6334 9
233 8
2255 2
14 10
3501 8
1579 4
3921 4
4729 6
5411 9
6073 3
200 2
1234 10
3621 7
639 9
6545 5
4982 10
2964 5
3423 8
933 5
4751 2
6951 7
940 5
776 5
1766 4
3307 6
6678 9
8084 9
1401 10
4900 8
7720 9
1950 2
247 10
2257 8
4433 10
4808 8
6014 3
7906 7
3562 2
1468 3
7111 4
3751 1
1154 6
3123 6
3290 7
4053 4
5399 10
5744 2
7981 6
796 5
3555 5
4221 4
4527 2
5222 2
819 1
1840 9
2472 8
7149 10
745 4
4780 10
7227 2
224 5
2304 6
2341 8
5557 9
7289 2
34 7
4535 3
90 1
2720 8
4091 5
8063 8
1192 1
1213 2
6168 4
7418 10
7761 9
40 2
5918 1
4364 8
5396 9
4302 10
7435 2
7062 9
7079 2
331 2
0 7
5250 2
7596 9
3334 7
1990 3
5624 7
4111 6
5896 2
3722 10
4713 6
5782 4
4784 10
3961 2
201 1
2504 10
429 10
2298 4
3338 8
7950 6
1410 6
2607 8
7565 9
3998 7
4484 3
5113 7
5231 5
6076 8
7291 6
7582 8
5588 10
5066 10
4233 10
170 4
350 6
1039 3
2686 4
6056 10
657 4
2278 5
7800 6
269 1
5948 7
7594 6
2626 9
4032 6
4086 1
2849 3
6684 9
6143 8
3854 8
4358 3
5151 4
5750 9
8166 9
357 6
3018 5
3308 9
3136 3
1880 10
5015 7
7428 1
558 10
3200 5
189 9
4931 6
1944 1
2434 9
5319 6
6628 9
8007 9
1380 6
5877 4
5238 8
7146 9
403 10
1528 5
3083 7
3775 4
2849 4
57 10
784 8
1636 8
2090 7
3898 8
3663 3
2813 5
6581 4
4421 7
5743 2
2167 5
6880 10
2012 10
3387 6
7233 1
7434 1
7785 10
3240 6
4122 5
5764 10
156 8
2084 4
622 9
1585 8
4424 1
6449 9
1714 10
2848 8
6472 9
3623 7
2369 6
5913 2
7175 2
469 4
1059 5
1465 5
4904 4
7394 3
5633 9
4403 2
5654 9
2298 4
2441 1
7825 10
168 3
1301 4
1722 4
3878 4
4055 4
408 6
6235 6
5883 10
6069 9
562 6
1217 3
1651 5
2065 2
2147 9
2221 6
1825 1
4718 1
2711 7
7926 2
7605 3
3694 5
6158 8
4765 1
2842 6
5432 4
6545 9
5425 7
2721 6
3738 9
5197 4
2950 8
3298 2
277 5
6575 2
1099 10
3165 4
4434 10
5176 2
1000 5
3466 3
4187 4
7518 4
1082 4
1336 4
4270 3
5491 1
3077 2
744 6
5577 3
4759 6
4266 7
4306 1
6052 6
6916 1
454 10
3702 3
2224 1
2918 7
5344 2
7338 10
88 7
1944 8
2567 4
3725 1
1755 4
1582 3
7920 5
3189 8
4971 3
677 6
5436 4
5315 3
7969 10
3851 5
3427 7
820 6
6659 10
3738 1
4263 6
1353 2
753 8
2299 10
4796 5
1338 2
2985 8
6515 3
7042 3
4515 5
4618 10
4783 4
5297 6
3652 8
6506 5
1008 4
6909 7
7638 1
2860 10
2693 10
6021 9
285 5
2615 2
7236 2
7958 4
1405 10
1708 7
1898 10
1851 8
2950 4
324 10
2760 2
5486 8
5795 3
7035 9
750 5
1408 1
3236 7
7700 9
1465 4
6885 2
2613 3
6751 6
7164 7
2667 9
3945 4
3384 8
5757 9
4199 10
425 3
3137 7
4816 2
6300 3
6768 5
6861 8
476 8
935 10
1581 8
1372 9
652 2
1913 1
5608 1
4253 6
2625 10
4488 1
7836 10
164 9
509 7
4254 8
3173 8
4754 6
2868 4
5927 5
2195 7
4497 4
6361 3
68 6
2049 10
2817 9
3363 10
5704 6
6049 9
757 1
6287 2
7403 9
4303 4
7634 2
6280 7
1577 2
8071 4
3829 7
6290 3
3472 1
1609 1
1862 10
1339 9
5306 10
4815 6
5001 2
6140 10
955 6
878 10
4438 3
6197 9
5479 5
4736 10
7825 9
8057 6
8180 8
173 6
773 5
1111 3
2311 7
5561 6
5019 4
2742 7
5419 8
6768 8
1482 4
2242 8
3344 5
4110 1
3217 4
6023 7
6284 1
2301 3
3230 1
3534 4
4066 1
7945 5
3412 4
7931 5
3397 3
5072 10
7470 6
2315 2
2910 9
3920 10
5265 9
3823 7
5621 6
1857 5
2009 8
6059 10
4338 9
5383 7
6009 7
6792 1
2319 4
2919 5
808 4
6720 2
879 3
1052 2
1861 5
3574 10
1611 2
7954 5
4911 5
7557 5
952 2
2038 3
8187 1
747 7
4578 9
6509 8
47 8
3230 8
7511 2
4006 1
1288 3
972 5
4236 6
6260 4
7399 6
4562 9
3501 5
5500 10
6073 10
2052 4
2113 8
4237 8
6576 3
5352 10
7237 2
4432 6
4695 3
3620 10
6470 10
4034 4
207 4
13 9
504 7
2712 6
3223 5
1233 4
2311 9
7450 8
2794 7
2896 8
2774 7
8162 5
2384 3
5531 8
5629 9
7719 6
8141 9
1032 4
1715 7
3641 7
1795 5
2751 7
7182 8
274 8
3222 4
1808 7
2258 1
5774 7
1086 10
2226 1
2705 1
5274 7
4382 1
135 5
1382 2
6856 8
19 2
5924 4
5342 2
239 9
429 6
2232 3
3325 4
4337 4
4112 7
4694 8
5188 7
7296 7
7691 7
1226 4
2717 9
4095 2
6591 1
154 3
4226 6
6252 1
7860 6
2983 3
4825 3
8038 6
5871 3
892 10
2781 10
525 2
6944 7
1839 10
2502 8
4222 7
6999 8
4984 6
4800 6
6727 8
6963 2
2273 1
3315 6
3489 2
4401 3
6192 2
7408 10
1482 1
3182 2
5841 8
6195 3
7219 5
6901 8
7608 9
3150 2
5582 10
7931 8
7969 3
716 2
3199 6
3313 5
6518 4
4221 3
6803 8
3763 1
6842 9
7959 5
8165 4
2336 4
5680 8
6262 6
7330 2
7728 9
6952 10
6928 8
4690 1
1501 8
3128 7
3223 6
3416 2
3263 1
4562 9
6346 9
6350 4
6747 8
7710 5
62 3
1693 2
2136 6
2583 6
5383 6
6562 1
6943 1
3976 9
2615 4
5542 9
2638 10
3539 3
3934 1
899 6
6028 5
2269 3
5033 2
4623 3
5168 5
2289 1
2129 3
1497 9
7089 2
7603 3
2406 10
5210 1
2660 1
3407 8
1801 7
7496 6
4665 9
6699 9
3716 9
3586 8
6821 3
4339 7
5749 6
6025 5
1117 9
6739 8
5584 2
1642 3
4489 8
1397 5
4059 2
187 9
2911 10
6052 2
5955 2
3134 1
5378 9
3457 3
5326 1
4947 4
5093 4
5882 8
3570 7
6370 3
7549 8
7770 10
6761 5
6167 5
4811 3
6630 7
6646 10
7013 7
6575 5
3064 10
6897 1
3973 6
6618 10
51 10
1588 2
1682 7
3223 1
1579 10
5921 3
1914 10
5349 5
6235 2
13 8
854 6
5512 7
5242 8
4928 4
2303 5
555 6
4055 8
894 3
3315 1
2024 7
2795 9
6749 4
357 3
5465 6
5017 6
6718 5
52 3
6115 1
3221 5
3484 7
6721 3
7527 10
1236 1
4099 2
7419 9
3541 2
4788 6
1041 6
2451 6
2552 1
3422 2
1153 3
7584 3
1161 8
5336 10
7164 7
935 8
4781 4
4582 6
2561 9
773 4
3344 4
7195 9
3601 8
6552 3
2524 8
5942 8
7567 1
144 6
1978 10
3607 3
7070 5
2208 10
8018 6
7955 1
987 9
1750 3
4790 10
4102 1
5838 1
7489 4
6084 10
237 5
4471 8
6568 5
6962 2
7084 2
7379 3
7946 2
18 1
2148 10
2825 4
3415 4
2923 7
2671 5
2779 3
6646 4
7025 9
7091 6
2618 7
3615 2
4798 9
4819 9
5111 3
5899 6
6724 3
1205 1
4192 10
5837 5
5301 1
4480 6
5589 8
2988 1
4240 4
913 10
7064 6
7875 6
2889 3
3414 10
8107 3
3194 1
4594 3
3035 9
860 4
2020 1
2153 6
4116 6
4119 2
1655 8
7157 3
5539 5
7463 4
3375 5
4222 1
5885 5
5153 10
4314 5
4587 9
999 6
2966 1
602 2
5864 9
1372 7
5117 5
2683 6
5723 4
4309 3
5727 9
6498 5
682 5
3855 2
4308 3
400 7
3003 3
1522 8
3579 6
3797 8
39 7
1954 5
5030 10
6212 1
188 4
1231 10
2828 2
4031 7
3135 2
5546 4
6219 2
4380 6
4757 2
1452 8
2022 10
2061 9
5561 5
3754 4
994 6
3803 4
7034 4
7248 2
356 3
3700 1
3818 8
6175 10
1342 2
6806 8
4306 5
4704 9
7624 2
2034 7
228 2
6255 3
3129 5
5766 3
6676 5
1642 7
1800 9
2937 6
4773 7
2571 1
8135 9
4809 7
5817 6
4369 5
2762 6
7233 10
284 6
5827 1
7548 2
3120 4
1044 1
2930 7
6662 4
321 1
1041 6
5592 4
2286 3
5417 2
6447 8
6669 4
7148 2
7173 1
1846 9
5715 5
2603 5
7143 8
1014 3
6317 2
2819 9
1643 5
6881 3
7123 5
46 2
1662 3
1904 6
2470 9
7306 5
3461 6
1407 2
94 2
354 5
3486 9
3584 9
6731 10
7752 9
5575 5
4855 2
2864 4
7573 1
7275 10
4019 3
5544 8
7934 8
91 10
4057 4
2118 2
7351 8
6155 1
5343 7
5504 1
5685 3
3207 9
1643 7
6647 6
4850 5
1602 10
2089 3
5164 10
7423 10
5371 9
7099 6
3221 1
3646 9
8132 7
5158 2
7215 5
1241 9
2731 7
3646 6
1088 5
2518 3
5696 1
2679 10
4589 8
6771 2
7253 3
3994 6
6368 10
2493 7
3114 9
1168 5
4541 5
6571 6
2816 7
5768 8
8002 2
1692 10
2714 10
868 7
2622 8
5246 9
1723 4
719 4
2423 4
754 10
7819 9
6256 8
1392 7
2717 1
3164 1
4059 2
510 2
4918 7
7392 8
6142 6
2574 5
2608 10
4262 4
50 10
4078 4
558 6
6960 6
6442 3
1474 10
2531 8
2114 8
89 9
3430 9
4248 9
132 9
3598 2
4280 7
3000 7
6346 9
694 2
937 9
2086 1
1479 7
1244 7
5446 9
1538 4
1140 1
2550 8
3769 10
3800 1
7147 7
4345 4
1181 10
6672 3
4355 5
3946 1
5393 1
5314 2
4791 9
7380 2
3660 1
5455 10
1267 1
492 3
7224 3
769 5
1124 5
3576 8
2684 7
4907 8
6212 6
1007 3
2890 6
3929 3
4341 4
5505 6
4564 8
5970 5
1620 3
3249 7
4014 7
4471 8
3431 1
10 3
5757 3
1436 6
3520 10
3606 9
1615 9
2977 5
6905 2
387 5
7096 9
2865 7
3216 9
4445 6
6620 10
6971 2
3019 9
8142 1
388 4
8040 6
3836 5
273 1
7859 6
1675 10
7101 5
930 7
3173 10
3675 6
1999 1
1207 7
6353 6
6023 3
7223 9
7400 4
7901 7
3332 3
6527 7
2433 1
5954 4
2752 10
5638 9
3010 10
7249 3
7504 7
940 1
2370 10
3523 9
1845 4
2548 9
7105 7
3797 10
8088 4
4341 5
2882 10
8123 5
3850 6
4476 5
5845 3
6696 5
1637 3
3143 10
4730 5
3468 1
6181 4
5020 4
7327 3
8063 6
4202 3
6351 9
916 8
1074 5
791 3
6197 5
4670 8
7303 8
165 10
3271 8
7035 4
7163 10
5934 7
3863 9
6383 10
8000 8
2047 3
3421 8
5533 3
4977 6
480 4
2238 5
4528 1
7498 5
3616 1
4635 6
7764 1
2152 8
56 10
3755 5
2598 1
3347 4
5080 5
5888 10
58 10
1445 1
4191 8
4050 10
5506 2
2221 3
5944 2
6008 5
6577 8
8115 7
4903 3
2463 4
6895 10
4499 2
765 4
5050 1
5838 4
6851 9
7385 7
2597 4
4399 6
5353 9
3218 1
6760 2
6859 7
5177 8
7704 2
572 7
1281 10
4317 5
2639 2
7888 9
994 3
6992 2
6853 1
6430 5
4789 10
5569 2
6128 7
2006 5
483 3
5701 5
7142 3
8104 5
947 9
423 4
4473 6
2310 8
5331 8
6939 3
417 5
6457 9
5588 1
8058 1
4534 4
5494 1
8103 1
1761 1
2100 3
3096 1
3896 1
2506 10
5937 8
55 7
5449 7
6905 1
820 5
1057 6
2475 2
3202 9
1145 7
389 2
940 1
1904 10
2159 3
3362 9
4016 6
7218 7
3307 5
794 4
5273 5
5356 6
7061 9
3109 6
4311 6
3655 3
2203 8
5681 8
6809 5
2016 9
5509 4
767 7
352 8
5250 6
1419 10
2257 2
2977 6
3294 8
4260 1
3541 10
2099 5
6563 2
1434 4
5081 5
534 5
1744 10
2916 5
3814 2
4039 4
4664 4
563 6
6577 7
3680 2
3004 2
2574 5
695 3
7392 8
6379 4
5905 7
1747 3
3659 6
6007 5
6294 6
7107 8
4477 4
731 10
7799 4
3124 8
1168 1
6466 4
7573 1
6664 1
7843 10
480 5
3981 1
7860 5
4086 6
7077 9
8098 4
5501 1
6355 8
77 2
3740 1
2490 8
6958 8
3287 3
783 3
7288 2
1071 6
6862 8
5083 4
5405 7
6964 9
7777 5
7408 9
7744 9
653 10
2959 5
1146 8
6354 8
3164 10
1859 3
5368 4
7850 10
3730 5
456 7
184 8
1059 3
6458 1
566 4
3433 5
1564 10
6360 6
680 2
2461 5
4585 10
6184 5
1373 6
2755 1
4781 5
2113 9
4518 3
7785 3
1653 1
2771 4
5652 3
3590 1
7198 8
669 2
1061 4
1963 5
5968 5
692 7
4858 10
2564 1
4367 6
3543 9
3358 4
6150 10
4908 6
5336 5
7829 4
1355 4
5176 1
4485 7
6706 1
218 6
2023 7
4438 2
4267 3
193 3
1581 10
979 3
141 8
4449 3
7296 4
592 6
3505 3
4213 2
5623 7
1097 5
7857 10
4543 8
17 5
3350 3
4126 9
3955 4
1628 1
7840 9
1885 5
3394 6
5387 8
6459 2
6103 1
6698 2
5916 7
2235 5
7707 9
7790 3
5764 9
7810 6
6176 7
1149 6
2967 10
3103 1
557 4
7702 1
5743 9
6568 9
930 5
2932 2
1358 6
2928 3
5195 6
5426 3
1606 1
5405 8
6679 7
7737 9
5494 6
5061 9
11 8
3720 5
2010 2
2675 3
4539 4
4984 7
4954 1
7147 8
523 3
3660 4
7436 5
1100 4
2755 10
7719 6
4913 7
2122 10
4468 5
2284 7
7599 1
5201 10
1795 9
1693 10
7107 5
7942 1
1814 1
2841 4
3954 9
5604 4
7605 9
2273 1
6783 6
1305 2
3857 6
2618 1
5242 5
7050 6
1455 1
2376 3
3007 7
3356 5
4422 5
5032 9
4929 9
6680 3
7964 3
3715 8
5138 2
3421 2
4668 10
6668 10
1702 4
6892 6
5454 6
6502 4
3692 8
2151 6
3310 3
2397 2
2233 1
79 8
4156 7
4208 7
6665 6
4417 5
7267 3
3015 8
2474 8
7534 5
1163 1
2133 3
1131 9
3898 5
7880 6
3280 6
4211 1
5753 7
0 4
3635 1
7230 2
411 4
873 2
3942 8
1201 7
4858 7
7845 1
286 8
1383 9
2687 6
4176 7
2615 6
7142 8
5913 5
5572 10
1678 10
7735 7
7203 4
472 5
3988 4
3683 7
1054 9
5282 4
5440 9
7191 10
204 3
730 10
1783 10
2720 5
3104 9
3780 4
5921 5
7648 7
6011 9
6651 6
25 6
944 7
995 4
3756 3
5910 7
3636 4
213 2
859 7
755 7
1345 6
1860 3
7093 6
3204 3
7211 1
1368 3
7754 7
4254 6
3224 1
7946 6
7747 8
1470 7
1971 1
2723 8
4184 10
11 4
5193 3
8033 1
2107 9
4220 10
2516 5
8165 4
5034 8
5689 6
6730 3
657 6
7710 6
7322 6
3324 1
385 3
4610 9
5664 5
868 1
105 4
3729 1
1797 6
4866 1
8105 9
266 9
1676 4
5390 5
1492 2
1827 9
5255 4
6391 1
996 9
3205 4
4243 3
4401 2
2163 10
5728 2
4550 1
1127 8
758 7
5107 6
7020 10
383 2
1998 4
6472 1
5355 3
5164 2
7007 2
7964 3
927 1
6797 7
2790 5
5420 10
6810 8
132 4
252 5
620 10
2012 5
2598 8
2551 2
5806 10
6582 7
3778 5
1920 5
2468 9
3733 5
4901 2
1920 10
2989 1
7417 1
1983 9
5629 8
1602 5
1214 8
4348 6
1587 3
1626 1
5329 6
5569 6
8159 4
2431 6
391 6
1385 1
8143 10
4644 1
5574 2
7648 2
7660 4
94 10
616 8
2521 5
3581 2
6274 2
8144 2
694 6
4672 6
5715 6
6540 6
474 1
2131 3
2706 3
3132 3
146 7
5356 6
1510 1
8043 6
181 2
216 6
719 4
1553 9
5695 9
7339 6
4402 3
6027 4
6536 9
7533 1
646 2
3570 5
3861 1
6408 6
6689 1
1770 5
8072 8
2973 5
4049 7
4857 7
5242 10
7673 3
3289 8
5920 6
2378 3
5090 7
1042 5
5996 10
2182 3
7762 2
92 1
1894 9
8132 6
573 1
7627 10
7377 5
7907 2
507 7
2118 1
5592 4
5812 5
187 7
3322 1
5592 1
6791 3
7083 2
6237 8
4771 2
6254 3
1554 8
1664 6
1999 2
3754 6
3983 7
1770 5
2114 8
2603 4
2383 5
5128 10
4090 10
2658 10
3119 2
7661 1
6675 6
8084 8
865 8
1729 5
1733 5
3779 6
5211 7
4098 8
8178 3
5306 10
7358 7
70 4
837 4
2167 9
3395 9
2518 2
1628 4
7338 6
8181 7
3420 9
7942 6
7928 3
5557 6
6158 1
7946 7
1675 10
4640 9
6178 4
8156 8
864 4
1381 2
6010 3
1774 3
7138 9
7590 8
910 5
2920 7
3364 1
7255 1
4153 1
8026 4
1594 6
1966 10
6260 5
4507 8
5468 2
1992 1
6354 5
4729 1
5119 10
8112 8
1003 8
4165 3
3742 1
1085 10
5699 2
4557 4
5784 3
5922 1
4787 3
4413 5
7473 4
6998 2
3637 3
180 9
3089 2
4854 9
641 5
1139 6
1347 5
2529 6
3563 3
4346 8
3223 4
4633 3
4299 8
6884 7
4125 6
2091 7
6023 4
6158 9
3233 7
5253 4
5617 10
7326 7
150 3
3381 6
4374 6
2236 8
2929 3
1100 4
1050 9
3639 8
2448 4
5981 6
1378 9
4009 10
4129 3
838 3
942 8
2214 5
4356 5
5965 4
6674 1
4922 9
1326 7
4387 4
1426 7
1485 3
237 3
3151 9
297 7
1784 6
898 9
2239 9
2429 10
478 8
4787 8
7078 10
2131 8
6236 4
4302 6
1104 10
1626 4
6048 3
195 2
7742 3
1463 8
4597 5
5163 5
1138 1
2001 3
5520 10
1816 4
6016 3
1094 9
3354 3
6367 3
4198 3
6697 8
6705 5
2107 2
3428 9
3704 3
4400 7
7098 8
8145 2
661 2
3460 3
2912 2
4037 4
7940 4
2161 2
5287 7
5319 7
7515 2
7620 7
2631 1
527 7
7270 1
6413 6
2330 8
371 9
4236 1
358 4
4855 5
5611 4
6559 8
758 4
2896 9
3492 4
4501 8
4281 8
334 6
7078 6
7920 1
2395 1
3698 7
6364 5
3578 3
4710 5
5815 2
7468 8
2738 2
1519 10
5334 10
6982 4
363 6
3128 2
5632 4
210 6
5812 8
7760 6
28 4
3307 9
942 1
6901 7
4061 2
2675 7
2764 2
1847 5
6733 2
944 9
2503 5
3526 1
842 2
6346 2
4743 10
5840 7
6024 6
4771 10
7369 2
5614 6
2226 5
2676 7
4238 4
7813 1
4039 5
2897 2
5388 9
4151 7
4885 9
7152 4
5960 4
1341 1
2761 6
4366 2
379 7
8093 7
5184 4
962 9
5590 5
6617 5
4489 8
2758 2
3367 10
3690 5
7278 5
6762 5
1705 7
3599 3
4171 8
6661 2
930 9
6185 3
5863 5
6059 2
2782 1
5252 1
2664 6
1321 3
3331 6
3360 4
6359 4
238 5
3900 8
7882 1
701 1
3245 3
4715 1
7874 9
1210 10
3990 10
4003 2
950 4
588 10
6641 6
5440 8
5617 10
1951 4
3618 8
4465 8
3525 2
5188 5
2268 5
5168 3
6001 5
7466 9
7482 4
1044 5
93 6
1072 1
3341 2
6307 8
7521 3
6142 6
7048 1
2945 2
3363 5
7491 7
4600 6
7380 1
2701 2
6288 9
6814 8
2372 10
4022 9
7075 4
7601 9
2290 9
743 6
1503 2
1960 9
2183 5
3957 2
808 9
5504 3
1336 2
322 2
917 2
5960 9
2016 10
7080 8
7092 9
7277 3
4228 5
3833 6
8157 2
2206 7
3524 4
2311 9
782 7
1173 2
3269 10
6436 7
7891 9
1526 7
6836 3
4396 3
3994 8
6855 2
575 5
7209 6
2887 1
3448 4
405 10
7858 6
6050 5
7957 3
2546 5
3110 8
3516 8
5071 8
4546 10
4647 8
4874 9
5721 4
6049 2
2445 8
3997 4
6423 6
6741 8
7412 1
1279 7
2235 10
2729 1
4617 1
6565 3
4760 7
8146 2
5475 8
7780 9
2674 10
7286 2
1882 7
3822 6
3828 8
5189 10
4102 5
6827 10
5345 10
2516 6
6446 3
6783 9
4579 8
5956 5
6221 10
2306 2
3185 2
6345 10
497 2
4904 9
5956 9
4187 2
7218 5
154 7
4362 1
529 10
1509 1
6505 2
129 3
2025 9
266 9
5257 9
1829 8
1975 8
5217 5
7363 2
1701 5
2996 1
2351 6
1429 8
4008 3
4637 4
1698 7
1707 9
834 2
4978 2
594 8
1816 1
2153 5
3341 1
2271 8
4062 10
6028 7
2897 4
4826 4
3626 7
1244 9
2873 5
4375 4
3841 9
4710 10
6572 5
7192 9
4189 3
5521 9
6301 6
2841 8
6404 8
3541 8
7052 7
7123 3
63 8
1227 9
1237 9
3751 10
3683 9
591 6
7540 10
4609 6
3005 1
5625 7
1067 4
6287 7
1145 4
4799 1
4411 4
241 9
4032 5
1828 1
1991 10
3435 10
3307 10
7140 3
5198 8
7207 2
7767 3
3095 1
3585 10
4332 5
7153 1
2982 7
3888 9
6071 9
4643 3
5158 1
4766 6
5708 3
7486 5
1001 9
1100 2
1319 10
2637 2
4403 8
332 9
2471 10
294 9
6608 8
6779 1
8078 4
659 9
3943 5
6119 3
5457 1
1089 4
4520 10
5300 1
5348 9
2280 9
6 6
2266 3
315 9
3938 2
1998 1
3358 3
4054 7
2462 7
5960 10
3349 10
1081 5
7730 2
878 8
1424 2
1710 6
2621 1
4857 2
6735 7
6810 7
2215 3
4438 1
6790 1
769 6
1973 1
2132 2
6698 1
6420 1
5005 1
7857 3
2095 4
313 10
7670 10
4744 3
1633 8
4566 6
858 5
6263 10
429 2
557 4
2399 1
3163 7
2389 8
2301 3
8108 9
4743 5
7742 2
648 5
3758 5
1674 4
4634 2
4563 2
5716 6
1926 1
2342 7
4984 1
6647 8
6729 9
7171 10
4579 4
2347 8
3834 1
7681 8
4467 4
491 1
5227 9
255 8
1055 8
5205 3
535 6
7620 3
1686 1
6254 5
6522 8
5597 1
2191 4
6636 1
337 10
5787 5
196 1
6211 5
6710 2
2609 6
1764 3
685 2
4628 4
1458 1
7410 8
8021 4
2482 9
2859 6
3018 10
4253 9
4273 9
1454 9
1300 3
5514 10
1969 7
2298 9
4555 2
5261 9
1614 10
5897 5
7732 8
1449 2
4345 8
3708 9
2188 9
3511 9
1524 9
1646 3
3075 4
183 4
7169 7
4864 8
7103 9
7936 3
810 9
4553 6
7052 2
7701 8
2548 7
930 7
1094 10
5479 2
5107 1
3171 3
3864 5
3387 5
5645 1
8015 6
500 6
2379 2
3094 3
4944 7
5359 7
2348 7
2482 8
3886 8
4740 6
5842 2
3158 3
6024 5
2909 4
2611 5
6478 2
633 10
1060 3
2949 3
533 6
7303 10
1465 3
1945 4
5552 2
336 4
825 1
5287 10
2083 4
3296 5
5302 5
1309 3
2243 6
5341 3
7648 8
514 6
4877 5
3257 7
5292 2
5253 1
5435 9
6940 3
3004 4
1016 1
74 5
6285 6
5279 8
7304 8
1559 10
1492 2
2553 3
1543 6
8113 10
4251 9
8079 9
4724 5
7950 7
2197 8
3059 6
4525 8
4556 4
1903 10
2715 9
1201 6
643 2
5037 3
7758 5
5145 9
6016 9
1087 5
4141 7
2205 4
2203 3
4771 5
6017 4
6194 5
3890 2
4294 6
7903 8
5135 8
635 5
7904 7
2639 2
4895 10
4632 5
5237 2
5765 5
2974 5
2489 2
4395 10
5881 9
798 5
4671 3
5454 2
2431 8
3524 7
2745 3
3717 6
7268 8
593 10
991 10
2683 1
2765 9
3593 4
3 6
4306 9
5773 5
5241 5
5557 7
6747 3
8022 10
2466 3
2792 4
2496 8
6970 9
2522 8
1491 8
2977 6
4331 8
3191 4
6413 1
7674 5
5809 2
6295 7
6791 3
7234 1
826 10
3109 9
2541 10
814 10
7525 8
7727 1
684 1
407 7
3200 1
1158 1
4066 7
3648 3
3775 2
5625 3
6618 1
1137 3
3438 5
3541 3
2868 6
5548 5
2302 8
2936 9
4304 3
5299 10
7004 10
218 6
7935 5
7865 9
5664 4
5856 1
8068 2
6194 6
7478 3
3262 6
1602 10
6023 10
3812 7
6804 7
6930 5
7469 9
4482 5
1783 3
1241 9
7613 10
6240 3
1204 8
3346 8
5409 8
2780 1
5795 10
4698 4
7609 7
871 7
937 4
1236 5
3627 10
3841 6
1722 3
4989 9
156 4
5244 6
6054 8
1560 10
3848 9
4176 7
4511 6
7224 7
6640 8
911 2
1946 1
2554 9
2583 2
2801 10
3115 2
5066 5
7198 10
7080 6
5118 4
1535 1
2545 10
3370 7
1693 5
6015 2
7809 1
5759 3
7317 2
781 9
2870 7
368 2
3582 2
5096 3
319 2
8135 2
5643 3
7527 5
7861 7
6178 3
7673 1
4166 6
827 3
2092 6
3925 1
6100 10
6290 5
1795 7
3351 6
1192 6
7588 1
2690 5
5021 6
5269 5
6210 1
2160 1
3683 1
7343 1
4840 10
8057 1
1670 9
5004 3
5332 7
783 4
6163 8
6498 3
1652 2
2210 5
4537 6
1345 3
8138 3
5765 3
1584 8
7502 1
7852 8
8147 5
3067 3
5618 4
4435 9
5419 4
2155 3
5703 8
5403 2
4876 7
8154 5
3201 7
2519 3
3936 7
4876 3
6798 3
1880 4
7838 2
2552 4
5550 8
4642 6
5078 5
638 2
1168 2
2432 3
3374 6
1632 3
7258 8
5832 6
6390 10
768 4
3593 10
1363 2
6084 9
1288 4
2474 5
3296 9
3567 1
3619 9
5529 6
3411 4
6254 2
827 10
1319 3
4522 1
3288 10
3385 6
38 1
228 8
4228 10
4904 3
3210 3
7960 6
7087 9
6654 9
7967 8
5123 8
6002 2
824 4
1969 4
639 4
1207 6
7949 2
6015 9
612 6
1657 8
2168 5
3806 7
3938 4
3701 2
5558 6
5356 2
5624 2
5949 7
2767 2
215 1
3139 1
5469 5
1547 2
1611 7
2447 8
3742 9
6350 4
6010 2
4276 3
1277 7
1575 7
7620 8
5405 5
1684 9
4878 3
2966 3
3647 6
1868 7
7226 4
6082 2
6313 7
267 9
2930 1
4106 1
6255 6
6987 8
6808 5
5572 2
3637 2
4804 5
245 1
7852 10
5625 3
7119 6
4561 4
6312 7
5729 3
3577 6
5732 2
7139 3
3862 10
7410 1
874 9
1438 4
5380 5
7833 9
3232 1
448 9
867 7
3093 1
7443 3
5510 2
1611 3
4820 1
7507 8
2216 1
3253 8
4584 5
1132 7
2717 1
3106 1
5721 10
7839 1
4471 3
1958 6
8125 3
698 10
3519 5
6812 2
1700 9
4555 2
3518 3
5048 6
2716 2
4362 6
415 7
5293 2
125 8
171 9
1349 2
1904 7
6532 4
5241 9
7896 6
944 9
1011 1
294 5
4530 4
7699 1
4749 9
4862 10
5480 4
6509 10
414 9
1723 5
5554 2
5856 4
668 3
2623 5
494 9
3285 9
5110 6
3188 7
4462 9
6807 10
6002 3
5493 10
5986 8
5359 2
8119 3
1367 1
741 2
1805 2
5133 5
6218 8
401 5
707 7
1208 3
1116 6
7640 2
4613 6
6547 3
6883 9
65 2
443 2
801 7
4542 3
3219 6
6778 3
1741 9
4880 2
7929 4
1106 4
5062 9
4446 1
5632 4
6285 7
6963 9
5615 8
6734 1
1138 10
6508 4
1335 10
2541 4
6570 5
7919 7
1843 8
2506 5
4520 8
8101 5
647 9
377 10
4983 5
422 1
2031 10
2359 1
3898 7
2458 9
6081 1
6859 10
198 3
1647 1
1921 8
3617 6
4074 8
6799 2
3101 2
6564 4
813 8
4844 9
4685 3
6742 4
7172 7
973 6
1187 10
927 1
7476 1
7650 3
1355 3
2337 10
3623 9
2908 1
6950 9
8062 9
4726 5
2178 6
3764 3
3819 5
4778 8
167 2
4786 10
5744 5
599 1
329 5
7942 4
6626 10
8081 6
6930 6
1980 10
2690 9
2827 2
8183 7
242 8
1561 6
4844 7
5416 7
7782 3
1352 2
7534 8
3642 8
2234 8
8148 2
53 8
2810 5
2535 8
1546 1
5300 6
6222 2
7137 6
2110 1
5219 10
5723 3
5687 10
2650 7
2988 7
3154 4
5073 3
5927 3
490 9
1052 2
2559 5
3964 9
6024 3
3710 1
7494 1
6153 3
2219 3
2532 3
4127 10
3691 4
5801 10
6770 1
2150 8
8167 6
7750 10
6276 5
1432 7
2690 8
6863 3
4383 4
3410 4
7010 10
3560 2
2186 2
5002 3
3928 4
3971 6
5673 5
2399 8
4279 9
1901 5
5252 4
7863 4
184 2
3982 3
888 10
2528 8
5812 7
6781 4
6060 7
6071 7
6094 2
1133 9
3960 7
5376 6
3372 3
3362 9
5311 4
8125 5
1647 3
5648 6
4418 10
846 6
7969 6
6034 6
605 9
1141 8
4855 10
2759 4
6416 7
5613 2
5841 6
669 2
2171 7
2387 1
3512 5
4359 8
498 6
2611 3
3030 4
5788 2
6088 3
6807 6
1713 8
2313 2
1777 6
2408 6
4585 3
5397 2
6849 10
4447 6
5784 8
3215 2
1409 6
8051 7
796 2
793 8
1480 9
7392 8
5175 4
5460 7
5989 5
1203 2
2592 5
2824 6
3202 5
2929 10
7142 6
7739 10
5706 4
6078 7
7456 10
1179 10
3952 7
3225 5
4974 7
2795 3
848 2
5567 6
7199 6
7926 1
7993 6
1242 7
3550 5
6059 4
7425 7
5108 1
5777 5
6725 6
2523 9
3779 8
8155 6
7570 2
6302 5
7237 3
1267 4
3074 4
3277 10
5915 1
7118 2
7086 3
7363 7
7972 8
1248 9
5253 6
2365 5
3756 6
2413 2
6753 4
7586 2
778 6
1448 6
2588 1
3948 10
7181 7
2486 7
7390 10
7324 6
1347 10
7451 9
929 1
3191 1
2409 9
4784 9
6491 9
7421 3
7813 1
1328 10
2514 2
4010 5
4175 2
2758 10
1337 6
3474 3
461 10
4078 10
4083 5
7973 10
3367 6
3323 4
7108 3
6336 3
7291 9
1820 5
3379 1
6988 6
2545 10
4027 5
7109 2
6169 6
6529 2
1076 7
2174 4
4650 3
6444 8
2685 5
4042 6
6868 2
7414 10
2479 5
3397 1
3189 7
2519 5
7589 5
2876 2
5126 5
7786 6
2151 5
5116 1
2079 3
2471 9
2630 7
3503 2
652 5
1506 3
1155 2
6654 8
50 7
2517 7
2732 3
3009 1
4272 1
4864 4
1811 5
6434 10
212 2
210 7
4743 2
8038 5
360 3
1751 6
3811 2
3055 4
3915 10
2792 10
1996 3
2657 9
2907 1
3560 9
6533 2
2223 2
5495 8
794 7
1500 5
3844 2
4145 7
4262 8
3761 8
1891 9
5950 3
6078 4
4254 3
1043 6
4697 2
5418 4
5750 7
6379 8
733 7
3288 6
8180 5
7580 9
4763 8
473 9
4695 2
7440 1
3436 2
5132 9
5100 6
5206 3
5691 10
7348 7
1143 5
5076 6
3231 3
4598 4
2054 9
1746 9
2123 6
7639 4
5386 7
1116 5
3198 9
3394 8
7511 6
6495 6
5811 8
6005 10
685 9
1271 7
7659 2
7733 8
209 5
6981 7
1002 6
1188 3
1009 1
6224 2
7057 5
7320 4
6393 6
5685 2
5181 9
583 1
2822 2
6250 8
6124 9
4314 9
2463 2
2674 1
8131 7
7914 6
1909 6
3010 10
6535 5
3977 8
6118 6
3840 8
6095 5
7627 2
5979 5
7710 2
5664 7
5818 5
2329 5
3629 7
1230 2
2288 5
29 4
3992 10
7897 6
734 5
3250 5
3434 1
6788 4
299 4
5515 10
7094 1
8035 1
1746 2
3750 7
4490 5
4534 10
6885 10
768 7
1706 10
6513 9
1967 10
3173 8
7133 3
7630 9
1567 1
6475 5
3555 3
3603 8
8147 9
3179 9
6301 8
7623 6
6676 7
6518 2
4195 6
5635 5
7324 7
1207 9
1283 7
2611 8
5359 3
6538 5
4770 3
4505 1
7569 9
6041 7
5886 5
7134 1
2780 8
3427 8
5466 8
1092 5
6419 1
7337 9
275 1
751 6
4093 5
6729 4
3458 8
4047 10
5072 10
5331 3
3132 1
3468 7
4020 5
4216 1
2904 2
953 4
1031 10
1534 4
1546 9
6627 8
6371 2
1139 4
3485 10
8172 10
7200 2
4956 7
8064 8
2202 5
5237 9
5370 3
5281 2
1624 1
1547 2
8005 7
4987 7
5313 5
1545 7
6464 6
653 3
868 7
4578 5
5424 1
848 9
223 10
6157 9
2889 8
3123 1
3192 4
6262 9
1625 9
2191 9
2523 2
7846 3
7718 8
4652 5
1076 8
5057 5
2330 6
185 5
6815 2
7488 6
7917 3
4048 7
7715 7
7354 6
1483 5
5234 8
6980 1
4180 6
4466 1
2794 6
2045 8
8158 6
3963 1
4357 5
3348 1
6937 5
3643 5
1277 7
7030 6
7518 6
2027 6
4050 3
8141 1
2211 10
5834 5
7891 1
244 3
1442 10
883 9
4769 7
5863 1
684 2
1040 9
2146 4
3296 9
6460 10
6267 7
2462 4
5244 6
1397 9
3389 4
7683 5
2456 2
4089 9
1764 6
7848 10
6459 7
111 2
813 10
3448 9
1995 5
4059 6
4243 10
6597 9
1492 7
7747 7
8092 8
5277 8
3678 10
6305 5
624 5
2949 9
3315 2
3060 9
5065 7
5909 8
5927 5
6560 5
7739 1
1534 8
2930 8
2932 6
4570 6
6269 8
5844 10
6661 8
539 2
512 1
1783 9
969 10
1296 4
7021 5
2218 3
6984 2
1852 4
4495 10
4691 2
4554 5
3740 8
3990 2
6026 2
7274 2
7892 5
2234 6
4552 3
1991 7
5980 4
3048 7
1344 5
2288 7
7840 7
1299 7
6162 1
6805 10
2580 1
2627 6
2755 6
2891 9
3030 4
6705 7
2866 8
6089 5
8019 3
101 6
256 6
2725 5
8092 5
3272 6
5973 7
2380 5
7689 8
1865 10
3183 3
3221 7
1700 6
6517 4
5694 2
6356 1
6450 4
6615 4
7592 10
1419 9
2413 2
3064 2
4637 9
2608 3
6954 5
1222 5
7248 8
235 10
1255 2
6207 4
1605 10
5439 8
6424 6
8005 4
4182 2
4105 6
5151 4
6185 2
1887 1
877 7
2424 2
3283 6
5191 8
7058 7
6113 8
7480 9
724 8
372 9
2851 6
5926 2
6401 1
4237 6
2128 4
5740 9
694 4
3979 2
7680 1
5513 10
5579 4
7668 5
318 1
446 7
463 9
1223 2
3173 7
8106 6
1284 9
924 3
1556 4
2123 9
787 6
7259 9
4311 2
8044 2
2999 3
3342 1
6427 3
3433 8
5810 7
6954 2
1957 4
4222 6
5741 2
3983 3
4806 7
6617 2
6625 3
6759 4
3424 2
3756 10
4522 7
5300 7
6743 7
5099 10
4918 8
854 4
511 10
5597 8
5799 7
6424 9
2494 5
2886 2
6603 1
3970 3
1715 7
4875 8
1241 6
1851 10
4696 8
6955 3
1258 7
6555 1
7176 5
2506 6
5006 6
6069 7
6994 3
968 3
1612 6
3527 5
4217 1
306 4
7725 6
5568 8
5631 5
7839 6
2616 4
3494 6
4542 6
7979 8
7212 10
4150 6
7600 2
7769 6
507 6
6186 1
2091 7
7822 6
3062 10
725 8
2924 7
3341 9
7115 3
4732 7
4955 9
5547 3
7541 1
3369 8
3495 5
4714 3
6127 4
7080 9
2069 3
4456 2
4496 10
4581 5
2866 2
3676 5
1116 7
2298 10
428 9
5068 9
7194 3
7890 1
1376 4
2697 6
4316 7
2422 2
7006 4
509 9
1033 1
2224 5
3984 5
6672 2
6210 5
1121 4
5975 9
788 3
1114 10
2007 3
5895 5
3031 7
6263 10
5388 5
818 4
3436 5
1735 1
552 10
4061 7
3856 7
2430 8
2690 4
7135 7
4653 8
1987 3
1892 8
7354 8
326 4
430 4
3666 3
1804 4
6296 1
3952 4
5739 5
6808 8
4188 10
2575 4
5654 1
6284 2
3151 9
3392 9
4294 4
4396 5
3300 3
6213 4
3035 4
3385 4
4993 8
7686 10
677 6
1990 7
2316 7
2605 6
4901 7
5438 6
6540 4
6842 2
87 8
4228 4
6091 6
3940 6
5944 7
6122 3
2457 2
4196 10
5036 6
1216 8
4681 9
5892 5
354 9
712 3
906 5
2489 9
2629 4
7545 2
5982 5
5205 1
2369 1
7910 9
131 6
1735 10
1805 5
1868 8
4653 10
6643 6
3394 4
336 7
2279 8
3032 9
4468 3
2131 10
4479 8
606 4
7165 5
7844 9
178 1
1037 5
2086 7
3242 7
4292 6
5255 10
7319 5
1252 10
2056 3
4371 10
6417 2
5846 10
5065 3
5246 3
3593 5
3655 6
4298 10
2450 9
6115 3
215 1
3052 5
4014 6
1156 10
4342 9
5292 3
5927 9
6314 8
7057 8
3652 8
3628 6
1634 6
2096 8
7461 8
2577 2
628 4
378 9
7908 6
46 4
1571 8
984 8
3108 10
2971 4
7166 2
5532 3
7395 3
7686 10
3852 7
5911 3
2300 5
7810 5
457 1
882 2
2880 9
7667 2
4227 5
588 10
1350 4
1805 5
1261 4
4837 1
375 8
3514 6
441 8
4301 9
2213 10
5013 4
6569 7
621 2
1189 5
4539 1
1844 8
5816 5
8130 4
4266 6
5040 9
5924 5
7470 6
218 5
2196 9
87 3
5614 3
2803 5
528 10
4134 10
1565 3
976 4
3949 5
6589 4
6450 7
6435 8
7522 6
439 8
4089 10
4627 5
1483 1
1605 4
5778 10
6612 5
7838 1
1098 9
1916 8
2465 4
2625 5
6622 9
5103 10
4759 7
132 7
4882 9
2410 6
6753 10
4971 6
3771 2
6045 9
7993 2
5475 9
4184 8
5808 10
6211 8
4316 7
2908 1
395 2
829 2
7119 3
2742 10
3863 3
2019 1
1750 7
982 10
4958 5
6570 1
2885 5
3982 9
2968 9
3425 10
405 6
4285 3
4961 6
7125 5
1434 4
2024 10
1062 1
5374 6
7664 7
2005 5
2796 8
6826 9
1423 10
7913 6
7956 10
2316 6
6566 5
4996 3
4242 6
1767 5
2394 9
4983 1
6454 4
2515 10
2297 2
4234 2
8076 9
680 3
5338 4
281 7
3611 2
7031 5
3831 2
6877 5
1075 8
2444 1
5671 7
4301 9
4944 10
7562 2
4631 1
3356 3
6270 4
5737 6
5902 3
5155 4
7965 2
2440 7
2999 10
4848 10
7163 4
6348 4
3254 10
5682 3
960 10
5792 9
7191 9
7613 10
1272 10
1262 10
2971 8
4264 3
995 7
6680 4
2949 5
3127 8
5929 10
7854 5
7885 1
7949 6
8161 5
395 7
3013 1
4533 4
6739 6
6795 8
1396 9
970 9
975 6
1101 10
1544 8
1942 8
2179 2
6413 7
6756 1
2890 9
3453 5
2937 9
897 3
6952 1
2063 2
6317 8
832 4
2247 5
3337 6
6004 4
7805 1
434 2
2831 3
3483 7
4161 5
2589 6
890 7
6265 3
2253 8
2889 10
5915 6
7175 6
5701 1
6036 4
5326 7
2935 9
763 9
2112 4
3731 4
2302 9
338 3
6334 3
4843 7
845 4
2227 2
3011 3
4881 1
3999 7
7988 5
1499 8
1912 9
3362 1
1604 8
237 7
6524 2
1455 2
1556 1
4072 8
4797 1
213 1
4134 6
3202 5
5369 5
551 5
1576 9
7635 3
5122 1
5150 2
8012 6
7903 3
2809 2
7865 9
7943 10
8096 1
368 5
468 6
4607 10
898 8
7533 1
875 5
1922 6
6327 10
6377 3
3521 1
2994 9
3335 9
4942 4
811 10
1869 3
3633 1
6550 2
6470 6
2186 6
6810 2
5471 9
4834 7
6654 6
394 10
1118 3
60 1
848 10
952 4
4650 9
310 6
4038 10
4655 7
2165 6
5115 2
5227 10
6758 1
7945 6
1242 8
5084 4
6238 3
6455 2
7176 4
7553 9
7815 4
430 5
7526 6
2132 4
4923 2
1887 9
3426 7
7897 7
5414 3
3647 7
5342 1
7853 5
4822 10
1080 7
6267 1
7137 9
7623 7
3263 9
3816 9
4886 2
2505 10
8018 6
3852 9
817 9
4327 5
4052 1
174 5
6196 2
396 10
239 4
3965 9
5100 3
7441 5
1252 3
1702 10
1907 10
3383 6
3731 4
3377 3
1941 5
354 3
7518 1
1736 1
971 5
893 2
5982 3
471 3
7149 9
4470 9
3431 9
487 7
2029 7
5051 8
5758 7
2682 10
3289 10
4324 2
4669 10
1075 5
4488 5
2543 1
3737 3
6256 4
1980 8
2730 6
1310 1
1190 2
6273 7
4986 8
1663 6
4451 7
4549 2
3380 7
4095 9
94 9
4398 10
6046 7
4425 7
7402 4
5085 1
6613 7
7049 10
404 7
1667 4
3500 2
5640 9
3076 5
2422 1
7580 6
456 9
3197 5
3821 2
1799 6
6015 3
6580 8
7648 4
254 8
4637 10
4003 8
7098 7
2128 8
427 2
4690 4
5114 4
4565 8
6820 10
1364 10
3145 6
3116 1
7475 9
7799 7
3472 6
7433 1
4040 8
4436 1
272 9
7681 2
2433 1
317 5
326 4
5669 8
7216 1
5195 3
5620 3
5858 9
379 8
1687 1
3967 10
8105 6
7614 2
370 7
5569 10
5736 10
875 7
1122 1
1702 1
1650 9
3729 10
4940 5
6884 9
7760 1
1586 8
2006 3
7416 6
5596 4
3388 6
6020 9
8056 10
8060 8
2911 7
722 5
6615 10
4919 3
5904 2
6797 9
7096 3
2031 6
3174 1
3670 9
1744 1
1632 7
5338 9
5928 10
6425 4
6952 4
3918 4
4520 9
632 1
1838 9
460 9
2548 10
2647 3
3387 10
4762 8
7269 2
2516 1
3936 9
4611 7
4612 3
4899 6
7310 1
1119 4
4575 5
6206 5
379 1
7644 2
5729 2
6019 6
7503 1
57 2
2071 9
3261 10
4624 3
3479 1
7863 8
4926 8
6216 8
3816 5
3958 6
4643 2
3195 7
2511 3
5010 8
7942 5
875 2
4835 1
467 10
2264 2
3343 4
3789 10
6407 4
7743 7
571 5
2145 7
4806 9
2797 2
541 10
5242 3
909 10
6146 8
7505 5
617 2
2696 6
3719 7
7022 4
6592 1
8052 8
5542 2
5951 6
2810 4
3809 9
4498 9
8089 2
3846 9
2497 10
3391 1
4849 2
872 2
3371 1
1169 3
5352 5
1291 8
7339 10
1045 2
5041 7
3751 5
3616 4
2538 10
6965 3
8144 3
1625 5
2668 3
1633 1
3052 9
5079 5
2167 5
2189 9
4128 1
7006 9
7883 7
6048 10
7359 5
1804 8
2098 3
3389 8
824 8
5367 6
558 5
2286 10
2384 4
7518 3
2538 4
1392 10
3205 1
3330 7
3350 5
1609 4
2393 8
317 8
5566 10
3336 6
4584 10
2112 10
170 1
7626 2
636 3
7072 5
1673 9
2095 10
699 6
6058 5
6320 1
1768 2
4999 3
5726 8
6106 1
7105 1
6707 10
5958 10
6726 9
7238 4
2602 3
5802 3
6203 2
5764 8
2035 7
6810 6
7444 1
351 8
2250 8
2412 3
3134 9
4876 6
4152 3
7461 3
4183 8
2020 7
6069 5
8044 4
654 9
2013 1
4782 7
4443 2
6608 1
7119 7
5173 5
1703 7
1566 1
2141 10
2295 9
5698 5
7269 10
111 5
4365 3
6380 3
5818 3
2249 8
2898 9
4213 4
4618 3
378 8
4526 9
7932 7
1119 1
1361 9
313 2
1457 8
2624 4
3192 3
606 8
2165 7
644 4
1755 10
2909 7
4344 8
976 4
7973 9
2797 7
3880 1
4399 6
3486 9
7215 1
6379 6
1190 8
116 9
6362 2
6756 10
1649 8
2113 7
6562 3
126 2
1130 8
7050 9
4250 5
1944 3
6440 8
6669 8
7911 10
2950 10
1458 9
608 5
6793 1
7758 2
890 2
4413 7
7628 8
1491 2
86 6
6831 2
7111 4
3445 3
3631 4
3309 3
2067 1
32 2
6371 10
121 6
2488 5
6167 7
2797 1
8041 6
5826 5
5906 5
2119 2
5233 1
6873 4
1977 1
2444 8
7309 7
2398 4
3429 4
2858 8
7495 10
986 1
4336 7
4761 8
1562 9
8128 9
5683 1
3190 3
7474 10
1607 6
4872 3
7355 2
7404 10
627 2
7185 8
1298 2
1576 9
6827 5
1393 4
3637 2
2973 10
1719 5
6782 2
3485 5
1241 3
6831 4
702 7
1241 4
1382 1
1419 7
2883 7
2053 3
4476 9
6235 2
5755 1
4124 4
1533 1
4846 2
2610 9
8157 4
710 3
3469 4
3823 4
6395 1
5442 10
2269 5
3796 7
3959 6
3479 1
6973 10
5208 10
1638 2
4879 8
4017 6
5969 1
1319 10
67 5
7773 2
561 9
3408 8
6871 9
1338 5
2541 2
4288 4
5945 4
2948 7
1984 8
5370 2
3508 3
4417 9
4082 8
5095 5
1003 2
404 10
591 5
1130 5
1051 5
6275 9
6946 4
7578 7
143 10
3286 6
4204 6
5771 6
5127 5
3605 4
6746 3
7778 4
5951 2
7333 9
5358 4
558 10
7909 8
5536 1
5859 7
2299 9
5501 4
2682 8
5085 6
6670 8
7868 4
8012 7
625 7
4121 2
8114 8
2418 5
7313 3
2369 4
6148 3
1935 1
5281 3
1741 8
5941 7
964 10
1354 9
6551 10
7521 2
5283 3
6307 7
7935 10
8142 1
1062 2
3308 2
3648 10
1576 8
5491 8
5024 5
6103 7
6578 6
1545 5
5924 10
5393 3
6863 9
7360 4
112 9
455 4
959 3
2081 4
5657 5
4870 5
5936 5
7192 10
6195 3
965 2
3498 6
4841 4
6079 4
5419 6
891 8
5055 7
5332 6
5867 1
7452 8
1346 7
1908 8
2758 7
6260 6
198 4
6992 1
4569 7
1239 8
4819 10
3209 1
7652 3
6097 9
7510 2
116 5
1311 9
1901 8
2323 1
3569 9
3615 6
3083 4
2932 4
5802 10
6639 3
7390 9
7572 7
3441 4
5898 7
865 5
5570 10
6929 5
3126 7
4283 4
3048 1
2910 10
6420 10
7777 1
1365 6
627 9
3220 4
5949 7
5265 1
1493 7
1201 10
4962 6
7972 6
5265 3
7818 1
3736 5
3126 9
344 5
1522 2
7466 3
1918 4
4093 10
6573 2
2745 6
2897 7
6267 2
5851 10
4108 7
5981 1
217 9
6389 10
3848 5
933 10
4412 1
1570 8
1188 10
6758 10
226 7
1469 2
4769 9
6483 1
3559 7
5810 7
6385 10
4720 7
913 9
8084 5
3757 5
2528 5
3404 8
7651 2
3114 7
6619 7
3219 6
5504 7
5539 7
6084 8
7447 5
28 4
765 5
4810 5
7190 4
7353 7
3090 10
2082 7
5341 3
7157 4
7485 8
984 5
2027 1
2322 10
7367 3
4020 2
5025 1
3021 7
693 2
2915 10
5740 4
1113 2
708 7
4811 6
6784 1
6899 5
7602 6
862 3
4949 6
6283 7
5708 9
5539 7
890 3
1035 10
3521 6
5041 10
1173 5
964 2
7937 7
53 4
3910 9
1715 9
4084 6
6658 4
5642 2
295 7
1907 3
8119 7
6888 1
7283 1
538 5
3169 10
1596 4
7434 6
3966 4
6757 4
903 7
7307 7
7734 5
1166 8
1642 6
1796 10
3422 8
1169 8
1483 6
3040 10
7243 5
1211 1
2031 1
2455 10
4978 2
1111 8
8061 1
7670 9
1366 10
1543 2
3800 9
2361 4
5404 9
6656 10
6945 6
7965 7
3226 2
3300 9
3575 10
4807 6
4224 3
7419 3
5315 7
5017 3
5402 7
5901 6
2830 10
3876 3
6882 4
7136 10
161 9
491 8
1700 9
5791 4
8185 8
1273 10
5149 2
5665 10
443 3
738 7
1101 1
1164 9
1484 2
3545 8
3601 8
3892 5
4675 7
6881 7
3980 8
2297 10
6049 2
6934 1
8101 9
717 3
2550 8
1590 7
4075 2
934 10
7708 8
3952 2
5059 7
7552 5
4361 6
6466 8
3475 9
1837 2
5865 4
5544 10
516 7
4969 2
1219 4
4531 2
1335 9
3256 8
888 6
6430 7
17 7
560 5
3686 1
3693 8
7728 1
8026 3
7989 5
735 6
1216 6
3333 5
6254 2
7799 10
7030 4
3858 3
4181 10
3767 9
5619 5
6134 8
1164 6
2342 3
2452 8
4647 5
4815 1
3774 4
3444 4
302 9
4999 4
908 1
4266 6
4556 1
6419 9
4411 7
3681 9
1029 7
515 8
3628 1
642 2
8024 5
6262 1
5145 10
5187 8
8171 2
1276 8
4856 8
2248 4
7034 9
4723 7
3059 10
630 7
4114 2
3306 4
1048 9
734 6
854 8
1735 5
4599 9
3683 10
7546 1
5902 10
4142 2
6097 6
3386 3
7454 10
2060 7
7635 4
7263 5
190 8
4028 10
181 10
7177 3
1388 2
2935 8
7587 1
7588 4
7450 2
6594 5
1618 1
5094 6
5223 1
7436 1
451 5
563 9
2317 2
3661 8
530 9
1222 2
4781 8
501 8
3942 3
7915 7
3152 7
6603 8
2129 8
6405 9
3051 9
5127 6
1946 2
6703 3
3111 3
5130 2
5470 6
7385 10
7787 5
536 1
602 2
2106 2
2660 8
4814 3
5684 5
2239 2
3758 4
8094 3
347 4
1969 10
2576 9
3720 8
2325 8
5570 10
3922 4
7047 9
874 2
4983 4
7719 10
4896 3
6231 2
6674 8
7818 5
711 1
91 5
1722 3
5016 5
7337 9
113 6
2621 10
4242 2
7968 2
7155 1
7740 10
5289 10
3323 2
4664 3
662 6
884 2
1984 7
483 4
6640 9
5186 1
7715 10
1402 7
2418 10
3138 6
4004 1
4608 3
5153 6
2065 3
604 5
4551 1
5223 8
5483 3
6194 5
6220 6
4764 6
3963 2
49 5
7384 1
103 8
2973 7
1707 4
40 10
5719 2
7698 10
1929 4
2000 10
2980 5
3494 2
5609 3
7437 5
37 6
330 2
3927 2
144 9
7893 7
859 9
1717 7
2949 3
7279 8
4880 8
2343 4
7267 4
1414 2
7094 10
6004 10
270 9
1292 5
6866 8
860 10
7937 2
2692 4
6418 4
5058 7
1009 3
549 4
1636 1
4798 4
3797 5
7375 10
492 8
2260 7
3960 1
2168 4
7373 1
5113 10
6680 3
5493 8
153 6
1087 5
1223 10
4176 2
4203 7
1670 7
2403 1
4136 1
3003 5
5000 5
6551 2
6428 1
1709 8
4290 6
1898 2
2615 9
4971 3
6214 5
3233 1
3435 4
6169 5
7966 10
2382 2
2445 3
3473 9
4244 4
5533 7
4042 3
6646 7
911 6
1242 2
6642 1
385 6
7250 7
4357 4
5225 5
6740 4
6885 2
8029 1
508 9
1557 7
2100 6
7887 9
3889 7
4606 6
2493 6
5363 6
672 2
7534 9
5158 7
2850 2
1392 10
6540 3
1546 3
631 3
1553 5
2914 10
4938 5
5494 10
5713 7
7808 1
5256 8
7296 7
31 3
52 9
4959 1
5713 10
5713 5
6152 8
7086 1
7886 1
1587 9
3431 5
3858 2
3710 7
2041 9
1268 10
874 3
871 10
6757 2
7571 5
907 9
1494 8
1956 5
2363 4
5070 9
1565 6
3247 6
4310 10
7213 2
1423 1
3223 5
5261 9
1277 1
1395 1
7935 3
6041 1
5387 10
2531 6
2813 6
3752 9
4417 9
2342 6
2316 3
5921 7
1347 3
2367 6
4276 2
6252 7
2716 2
6266 3
7355 6
1995 7
1739 4
4434 8
1801 8
3147 10
2828 4
6208 6
172 6
6434 3
5803 10
5935 2
7658 6
2580 8
3918 5
4784 6
92 8
2324 9
8002 6
2279 4
3968 7
4580 3
7996 3
4152 4
250 8
768 6
487 4
6690 6
6365 6
6311 8
7476 4
7756 2
8174 8
6342 9
2988 8
7910 2
579 7
4800 9
6582 3
1840 6
1175 2
7121 7
3809 8
4963 10
4887 7
5441 6
5445 7
2706 5
3876 5
1862 9
1670 6
2304 9
6134 1
978 1
1277 1
1903 8
1140 1
7255 7
2692 3
6445 2
1370 1
3382 8
4178 3
832 6
5710 10
1408 3
7258 6
6533 2
3032 9
7010 8
1956 5
1858 4
2894 1
6690 6
6753 10
1651 8
2241 4
6740 8
280 5
4012 4
1334 9
1723 4
4634 6
6361 5
568 7
581 10
4109 3
3823 5
6266 8
6374 10
2093 2
922 3
3623 3
1074 8
4366 1
4854 8
6510 7
6139 4
6754 2
2124 4
3901 9
7573 3
6343 5
7785 3
8092 7
5718 4
7928 9
63 6
3013 4
3270 2
7083 6
7997 7
3254 7
6237 4
7600 4
7956 9
1959 2
1529 8
6061 2
6384 2
6797 1
6990 4
361 10
2171 10
2261 5
4942 7
6873 7
1996 2
3378 10
8095 1
5314 5
5909 10
1554 9
2091 4
3022 5
7740 8
7935 5
4040 1
5365 8
6719 4
849 1
2464 4
2914 2
3642 10
4727 5
5252 7
2622 5
5469 8
5924 7
6871 1
93 1
1182 6
1799 1
3493 3
6798 4
5012 7
5895 8
2657 1
5234 7
1888 1
4976 7
3066 1
6938 5
256 2
7845 3
5116 3
6776 6
492 7
833 7
1060 6
3013 5
2655 1
5954 8
1310 10
4410 9
3870 1
1824 1
3185 7
6109 3
2040 6
3540 8
4644 9
1761 5
5477 3
5922 1
6368 6
7569 7
1263 3
1468 6
5397 5
1490 3
7954 9
1177 7
353 7
5193 7
5346 4
5456 3
1290 6
4739 7
1955 1
4789 3
6741 8
765 10
6822 5
164 8
3681 3
3849 8
4199 10
4601 5
5800 1
4151 7
3738 2
5066 7
5066 7
6153 3
6417 1
7401 4
7914 7
2053 8
2583 2
2184 4
1434 10
8044 10
6199 3
5430 7
1874 9
4772 9
6321 5
3011 1
2981 7
6566 8
6591 5
6360 1
3838 8
5029 9
3289 2
4136 6
7923 10
6114 5
1062 4
1818 6
4520 8
7557 4
354 7
6592 1
853 1
6581 8
4717 10
292 5
4246 10
1671 8
2079 10
4659 3
791 6
5196 2
6711 8
5925 7
5663 5
5838 9
353 10
1096 6
1687 9
2468 7
2530 1
3010 9
4020 8
5922 7
5261 10
1297 8
3963 3
505 7
1009 4
2481 9
5983 3
7439 4
2225 1
4698 6
5931 8
6889 9
5296 7
3988 4
3274 8
2938 6
3581 3
3468 5
7794 8
3170 9
3554 8
3850 5
3142 10
4613 5
6187 3
4889 5
1121 4
7401 3
1191 5
1549 6
6933 9
3817 5
4363 5
7573 4
4137 3
3674 2
7816 10
4382 5
5248 1
1397 4
1192 5
4391 4
617 4
1211 3
6664 4
6086 5
6243 8
521 8
2601 9
4845 4
3701 7
1458 1
4858 1
4934 6
7276 1
7683 10
3360 8
6781 1
5612 2
5112 2
281 6
3042 9
3851 6
7083 6
3923 1
7190 3
1429 3
3711 1
6720 10
8119 10
7718 3
277 6
1322 4
3063 5
5386 3
6220 8
6497 10
461 3
6772 7
4452 7
5875 8
7273 8
2572 10
2982 4
3874 7
1522 3
629 2
5413 7
7201 4
7283 6
2124 1
1888 8
2522 6
2853 6
6491 8
1898 6
4283 4
925 8
6035 5
5654 4
7341 2
1017 7
1400 8
2908 10
1633 7
4992 6
5418 8
4929 5
6697 3
6456 1
7465 1
3015 3
4603 3
7252 3
2153 3
5467 6
553 8
2692 7
2039 8
1965 8
7353 1
961 10
1394 10
1812 7
7865 7
6472 9
621 10
964 5
6711 9
650 6
2965 3
6032 7
4760 10
7758 10
2817 6
3355 7
4697 6
4851 3
7237 4
1509 10
2350 10
5620 9
6559 8
3436 3
6635 6
6943 6
7184 10
549 7
6091 9
7980 6
4805 10
4040 5
1927 9
7002 6
4110 7
7550 8
6693 8
808 6
1104 1
2056 8
346 10
3643 6
1113 8
3373 10
4439 6
4567 1
808 10
7456 6
3419 2
2327 9
4676 1
3176 8
8002 3
6371 9
51 2
974 8
6930 8
4154 10
2071 7
4639 6
2916 10
224 9
6641 2
6811 5
727 10
4301 3
1618 4
5865 5
6237 1
6906 8
7577 9
1449 7
3121 3
5934 2
3156 2
1474 4
5086 2
5762 1
7205 3
615 1
3049 8
3885 7
5014 10
7514 10
4198 7
6895 10
175 2
549 7
1872 5
4864 4
2350 9
1022 1
424 2
2112 8
5224 7
7251 1
4844 2
7717 9
2940 1
4687 1
5059 3
3357 9
7428 8
5213 9
7401 3
1436 6
4308 5
6030 5
2204 4
3602 1
5617 7
7992 3
620 6
997 4
3146 10
3659 4
4601 4
5211 6
6986 6
3890 10
4466 10
1840 8
7375 8
269 3
3465 1
6972 4
698 1
3232 3
5853 4
6784 8
761 4
2046 5
3894 1
5826 7
3896 4
6043 6
1007 3
4838 1
2425 8
5911 4
503 6
1997 5
4619 8
693 3
6978 3
8155 3
1125 6
3550 6
1288 8
2753 7
3462 8
7323 5
5892 8
4001 2
2868 1
1064 7
1488 9
4687 5
6585 8
1774 6
8122 7
4931 5
4995 6
6099 5
7732 2
3352 5
386 1
1280 4
1393 10
3689 1
6787 1
3057 7
4457 10
5743 10
1109 4
3947 1
6431 4
2688 9
6232 10
196 3
3034 3
4995 2
7031 6
7264 9
6457 3
6168 6
1004 9
1507 10
3914 10
888 7
2715 7
1649 9
6307 4
7136 5
7888 9
273 5
3410 9
4060 4
4697 9
7980 3
115 6
2273 3
6029 3
7967 1
8100 8
190 6
5387 8
2707 5
5379 5
4641 5
5582 8
6488 5
7204 1
1478 2
5274 10
6340 10
1465 10
2115 10
4583 8
96 9
1389 6
399 3
5297 7
5241 1
2425 2
2783 7
3803 8
3426 3
6833 10
3303 10
7106 3
5257 5
2017 3
7705 9
7006 6
64 9
4418 2
8176 7
2244 1
1869 2
1209 4
6043 4
2435 3
4045 7
6563 7
2885 6
1232 7
7011 5
7187 8
8092 2
1337 5
7625 10
5910 6
2840 6
3364 2
855 7
4108 4
4134 4
4165 2
186 8
6011 3
5380 5
5445 2
1981 4
7405 10
259 10
8021 4
3750 7
2772 2
3826 5
7314 2
8087 4
282 3
1824 7
4985 10
4580 9
5677 6
6031 2
7324 2
251 4
2684 8
4060 6
3042 8
69 8
1487 9
6130 2
6275 1
7785 3
7 1
6027 6
2586 4
6147 6
5963 5
7898 3
2128 6
8081 3
6191 1
5865 1
5690 3
6823 7
7248 6
7408 1
7931 5
4973 2
5594 5
5312 10
6240 7
4838 2
717 7
2786 9
1765 1
5992 1
842 10
1912 4
1968 7
3217 10
4751 4
4202 4
7466 4
5934 6
3559 1
5840 1
5538 4
7230 7
1101 10
4306 10
5004 6
4085 9
317 8
5621 3
2477 6
3366 8
3694 10
2015 4
2865 5
5281 9
6397 4
598 5
2588 2
2858 2
4133 5
3143 2
4821 4
7482 5
7213 9
1246 3
3964 3
124 2
934 1
5533 3
5827 5
3813 10
2861 3
3146 5
4329 2
4542 1
5022 7
807 8
3092 5
1793 2
2598 8
2623 10
3850 2
2313 1
2632 3
2696 9
5430 7
6727 2
7305 10
1047 9
2642 10
3422 6
4002 10
414 5
7542 4
7137 4
2718 9
3825 9
4120 7
7918 4
259 4
6621 8
2787 2
7416 1
7387 3
5801 1
4482 5
6555 3
3311 8
4054 9
7003 4
4328 10
4440 2
2918 5
6401 4
29 9
5298 8
1386 3
6150 3
5195 3
7281 8
3363 7
7836 5
5705 9
6897 10
7361 10
886 1
2265 1
4507 3
4276 5
4007 9
1731 8
2823 8
3145 6
3576 4
1029 5
1861 1
596 8
5909 6
6635 3
5322 3
6405 1
7232 9
7571 1
3361 1
6693 4
1018 4
2404 6
7811 2
7861 1
207 10
828 9
2522 5
2268 6
6085 3
479 9
3324 8
7639 1
8083 6
869 5
3846 6
5417 3
4901 5
256 4
7866 2
5984 8
2126 8
2218 5
2745 7
3292 4
1079 8
5817 4
5770 2
7839 7
3835 10
5793 9
4673 4
2170 5
2770 10
4157 10
4220 2
4400 1
3817 4
290 8
6729 8
3297 4
6328 5
6946 4
8068 5
3992 2
8065 4
4368 8
2389 8
6000 9
6191 3
7346 6
5355 5
6021 4
7857 3
96 9
687 3
7988 10
5392 10
2668 4
3253 10
5577 9
1278 9
2677 8
7882 4
2845 1
1337 10
4044 6
4703 9
921 4
2452 9
2668 5
7289 1
720 1
1655 9
4005 7
3556 4
2307 7
2617 5
1636 7
2008 8
7264 5
2878 9
2565 7
3434 4
5639 3
6014 5
1053 6
1196 1
2311 3
4499 4
5828 9
7644 3
2774 4
2251 8
5472 8
3107 1
4142 5
5266 3
7202 9
1245 7
5003 1
2493 8
949 6
5562 5
5922 8
352 10
844 9
3745 5
4985 8
7560 1
6657 9
4507 5
331 8
4262 7
1535 8
5199 8
1950 10
2348 5
4524 10
7016 4
3955 4
1284 8
599 10
6466 7
1745 6
5431 10
5944 9
562 7
1538 9
4752 8
7352 5
2647 10
2596 4
2271 1
5362 3
7494 5
8009 1
2638 10
3168 6
6075 6
120 9
3389 1
4433 3
5064 7
6757 3
7424 2
5657 10
1303 9
3242 4
5828 4
8022 6
3348 3
4868 3
5166 3
363 10
5907 1
2695 7
4409 6
5271 4
7873 9
1151 1
2207 2
2262 10
2417 6
3600 3
5073 2
1166 10
6939 1
4219 4
413 9
2994 10
1314 2
5292 7
8071 7
2850 8
3461 10
4540 8
86 2
5668 2
3630 9
6233 10
7426 6
7863 6
2317 6
7422 4
5188 8
6400 8
7652 9
8174 2
2321 7
3082 9
1654 6
3191 5
648 7
7831 6
2959 1
4414 10
5288 8
1611 3
5307 9
6391 9
5460 9
7602 8
7307 8
6950 1
243 3
3940 1
901 6
5565 5
3480 9
804 7
2175 3
5511 7
3396 2
2125 8
4558 3
4785 1
6379 6
1669 5
1381 5
1017 7
7406 1
7435 7
716 1
3300 8
3302 1
3179 3
5206 2
5206 2
3994 1
4697 3
7530 6
401 1
7915 1
8186 8
230 10
7342 8
1322 3
4925 10
681 2
3511 8
7692 10
6434 6
2636 7
4122 6
4278 1
2928 10
1730 4
2652 10
4459 7
5118 6
5485 10
5780 1
920 9
5669 5
920 9
3280 3
3758 8
3165 6
3959 10
3319 4
6251 10
6444 2
1731 6
2436 3
3940 4
5116 9
7181 1
1473 5
1584 3
3816 7
3763 9
2453 6
5557 7
6261 7
752 7
2071 8
7135 3
5498 4
7715 5
3067 6
7323 1
520 2
1351 7
3171 5
3952 1
2205 4
4529 5
1684 7
5853 3
7129 10
8099 7
904 6
1605 8
1782 7
2363 6
965 10
3778 4
314 3
1358 3
2303 7
4658 10
3119 2
7211 2
5462 2
6110 8
7235 3
1520 9
3870 1
7523 10
5661 3
1316 7
6699 9
1716 1
194 8
5225 3
3613 7
119 2
4187 2
1119 5
3621 8
2955 7
5005 8
4992 1
8107 6
7193 1
2852 4
7637 2
490 4
539 7
1853 6
3023 10
3965 8
5114 7
2738 5
7225 6
7842 3
7936 7
5221 3
3501 7
6645 1
5020 5
356 3
1893 4
2493 9
2943 8
234 4
4844 10
4557 9
7207 5
6991 3
402 9
1754 4
4130 4
3489 6
6377 5
7198 5
2651 4
1939 7
6081 2
7694 6
3492 8
817 6
5358 10
5993 1
4198 5
2263 10
5580 3
1262 1
5759 2
1191 9
2688 1
4916 1
1263 10
7254 6
7257 8
125 5
2818 9
4728 8
3594 6
5058 7
6355 7
7060 1
7336 8
1510 3
3841 2
1575 4
2713 5
6406 6
1282 8
7330 5
3672 10
7775 8
6170 10
6280 4
7856 7
3621 8
4584 2
4721 9
3329 8
5662 2
6355 8
1178 3
6283 9
381 5
4206 8
960 6
3458 10
365 6
1545 10
5873 3
6217 9
3056 4
1237 8
7445 6
6626 5
3285 2
6459 3
6851 4
3549 6
2920 3
7190 1
6113 4
6411 7
7641 5
1777 4
3345 4
4587 5
4636 9
5135 1
6862 1
5618 4
6856 10
382 3
4288 8
4882 3
4451 10
4416 5
743 1
5954 4
6070 4
6560 5
1981 10
2436 7
839 10
1255 1
1328 1
4599 6
4734 6
6773 4
7459 2
407 7
5764 9
6088 7
7942 2
1032 8
6202 3
7287 2
1572 7
6531 4
7056 5
7508 8
591 9
1014 9
1630 2
4789 3
885 9
6173 8
4334 9
1157 8
5798 9
7447 7
3403 7
5610 8
1579 9
1931 5
2133 3
2591 9
5082 1
6635 2
8047 3
7193 2
303 2
5485 10
1053 9
2991 3
3337 5
800 3
7634 7
2262 7
3850 8
5455 5
1279 4
4193 2
3788 5
3433 6
6758 7
4381 6
6383 9
3865 10
2048 2
7961 6
1671 3
3306 8
4084 7
4503 1
5057 7
3442 3
8096 6
4665 4
8002 2
4679 6
4472 4
4575 1
6744 8
2341 6
5701 2
6252 4
1886 5
3093 4
7541 2
692 3
2313 7
7646 7
4437 4
4788 10
2278 6
909 8
5307 7
5425 5
6900 2
7536 6
5024 8
1137 5
6365 2
6470 9
4529 9
5137 5
5781 7
6599 2
7416 6
5421 4
2159 7
2590 6
1335 10
3835 1
781 2
855 10
5304 3
3211 1
813 5
3932 6
1437 10
2733 6
826 7
577 1
3342 2
4563 9
5074 10
5030 9
3062 8
7841 2
2415 3
2916 7
6439 4
871 9
224 2
7584 5
6501 8
7537 10
1781 9
4104 9
8186 9
6880 3
7550 1
3824 6
4014 3
101 6
1880 2
6125 2
2700 4
4247 9
4949 3
8103 10
4948 1
5426 4
3340 3
5369 5
6580 4
6989 6
7246 3
8117 5
1074 6
4120 8
913 7
5185 3
3817 7
6240 6
7192 6
7696 4
3021 3
3825 7
7115 4
1708 1
207 7
3256 6
6333 7
7170 10
5374 6
6773 3
7824 3
141 9
919 10
3051 8
3899 2
2605 3
1679 9
4606 5
6103 10
6886 1
8043 10
2533 6
40 5
6705 5
5195 4
3792 5
8156 9
1413 2
7920 1
1031 2
1325 10
2653 5
3240 6
2406 6
3922 3
2456 9
6728 1
5435 9
6886 7
722 5
3227 9
3355 6
7271 7
1075 7
3473 2
4379 5
5685 5
2093 10
2670 8
4157 1
4260 7
5134 10
1430 5
1569 6
7471 1
5298 7
7159 8
6848 1
2874 6
7016 7
6482 4
5522 5
7290 8
8014 3
1342 6
1869 2
4737 8
1316 4
1058 4
3105 9
5364 3
5788 3
6262 1
4007 10
2286 8
1937 4
269 9
545 7
551 9
4576 8
6136 7
6352 3
5737 3
5807 7
738 9
1702 1
2072 3
4936 3
5154 9
4721 2
5832 8
2809 3
1172 6
1873 2
241 8
3451 1
4428 4
1158 4
2430 1
3318 3
4937 3
6710 8
1456 8
626 5
7153 2
1474 4
7475 6
7693 6
542 6
1351 10
7342 6
6997 5
7676 5
1881 7
166 1
6220 10
7341 1
8190 2
1432 10
4573 10
694 8
543 4
1668 9
4486 7
6903 1
8 1
525 5
1159 6
1757 9
2760 2
3161 7
5201 8
2487 3
2774 5
1075 2
3085 4
1966 6
5002 10
2959 6
358 6
5502 9
6462 3
7086 1
584 10
3943 9
2897 4
3148 6
1472 10
6254 2
7509 9
2605 4
7477 9
6823 9
194 2
880 7
1595 6
3151 10
3725 2
4575 2
5197 7
4791 3
395 9
5472 8
5482 7
4635 2
6228 6
6171 10
6360 1
6796 8
7572 7
1438 10
2013 7
6049 8
6336 9
409 8
3284 3
3602 4
8092 3
1966 4
229 2
272 3
5076 7
3390 6
5551 2
8028 8
4229 6
5135 7
6839 10
1414 9
8071 4
2267 1
5165 8
5275 7
3077 5
6406 6
5679 7
361 3
4594 10
5923 10
8177 2
2952 6
6485 8
6883 1
1814 1
4546 1
4760 7
7737 5
4657 6
3980 5
6873 6
7303 7
8153 6
948 4
3157 5
4302 1
637 8
3615 5
5453 3
6574 10
6594 2
1985 3
4574 5
6518 1
667 10
613 10
5896 9
1317 5
7235 4
6910 1
5368 2
5993 3
6891 8
1421 10
5259 3
3844 5
7395 7
2464 2
1813 7
212 6
3301 3
7703 2
1104 3
6948 4
4242 10
4459 10
2763 2
2089 1
160 7
512 2
5255 7
1560 2
5201 9
6156 1
3775 10
5900 5
2904 2
2743 8
2280 7
3931 3
1184 2
2287 4
7424 3
5331 8
1771 9
3151 9
2335 5
4667 4
2913 4
688 2
7000 6
2543 5
3301 7
5149 10
1750 7
8077 9
7100 2
4723 5
1586 8
2436 3
7523 8
1291 10
4342 2
7930 9
5055 5
5589 9
6570 7
6875 8
2058 9
3085 10
4225 3
4971 7
2574 5
5584 9
6150 5
7414 5
19 7
1891 7
3475 1
816 7
6605 7
6666 2
7255 5
7370 10
405 8
3108 8
7375 1
2694 8
2371 9
6553 8
601 3
4031 5
3707 2
4015 10
7628 2
3241 3
4205 6
4486 7
3730 2
5707 4
7520 2
1344 3
6950 3
1800 7
5865 9
1178 10
5769 4
5546 1
97 3
1607 1
7332 7
5170 3
5745 10
162 3
7247 3
4167 4
7162 6
741 5
2644 2
925 2
5622 2
246 5
2775 8
7803 9
6545 9
1677 7
5566 5
3385 8
4283 1
4832 7
6337 8
3754 10
6665 9
6460 3
7494 1
6138 6
7825 8
1926 5
2015 8
5819 1
7939 6
1407 1
6036 3
3176 3
5442 4
384 10
1864 6
3012 8
3208 7
4445 6
6201 5
7569 4
1509 7
183 8
1208 1
5310 8
35 3
4717 3
4374 8
3712 1
4608 7
7243 7
4942 6
1532 4
8075 7
6949 7
7187 1
2801 6
5739 8
6561 6
8131 7
250 9
2364 4
3239 10
4491 10
933 7
2158 7
355 8
1894 2
2386 8
3584 6
6422 4
7916 1
95 1
1144 10
2666 9
2878 4
2970 9
3739 6
4293 10
4399 5
7918 2
7956 6
3569 6
7930 5
2278 4
8139 3
7870 4
122 7
1580 1
1636 3
2608 4
4817 4
286 9
4873 9
7270 10
6895 1
8166 6
1702 3
3402 9
6413 1
8030 5
4168 6
5350 6
194 2
1163 10
3297 7
3592 7
4005 10
5887 2
3606 8
7333 7
937 10
2349 3
4574 3
4958 3
869 3
594 10
1512 9
4847 1
235 6
5994 4
4261 2
2437 10
5481 9
6610 1
227 10
1541 2
4326 7
7755 5
1439 7
6136 5
8102 4
1248 9
1999 6
4223 2
7360 2
87 2
2883 10
1174 4
5474 7
5868 6
6941 2
7056 5
8037 9
1790 5
2072 8
4524 10
6462 4
388 9
5548 3
5742 4
7318 1
5064 4
6547 8
8089 10
3019 7
7390 9
1579 8
2530 6
5991 6
4123 7
3283 4
3699 2
4546 9
4071 1
6850 6
5602 5
1598 1
4050 8
4287 5
7496 2
2560 4
8133 5
6064 3
5857 5
3020 9
3684 7
5339 6
2799 4
4121 10
7255 8
3439 3
8009 1
5530 9
3945 10
4254 10
4032 2
6318 4
4886 5
5633 4
5552 9
6218 2
6267 1
4367 9
6917 3
7808 6
433 1
1676 4
2129 6
3062 5
3065 6
2986 8
646 5
5629 6
3010 10
3217 7
4440 3
5178 5
5404 4
2838 5
7100 10
7654 2
3847 1
4448 6
4379 6
4621 2
7820 10
245 6
6614 6
39 4
3047 1
3931 7
1155 3
7295 2
1443 8
3711 7
5370 1
4933 4
5231 10
2094 7
5589 8
5690 10
6110 1
2711 3
4569 7
4714 3
4640 2
5764 4
7766 6
7746 8
1476 7
5698 1
7990 8
5 1
1122 2
1551 3
5738 4
5422 8
2164 9
438 6
1092 5
2548 5
5191 3
1098 4
5652 1
6381 10
6801 6
5021 6
297 8
1355 5
5277 3
6288 1
6615 1
6627 4
7343 4
2362 5
5056 8
3787 4
2674 2
6896 8
2665 9
4087 9
4075 3
5623 3
6116 2
6033 5
6921 7
4892 6
2610 6
7480 3
3221 1
5303 2
8113 3
4393 4
6166 5
7733 3
2255 9
2541 5
5265 5
4837 5
6645 7
3293 7
113 6
516 4
625 3
2187 4
3609 3
4721 3
2346 7
5357 1
1208 5
4928 2
4328 9
7882 9
6822 5
7079 9
300 8
6225 1
6388 7
197 5
1591 4
2189 2
2377 9
3535 9
1126 8
274 4
1659 2
7662 1
567 7
3441 9
734 6
1589 4
6916 4
6909 4
5424 4
1315 9
1733 2
2099 3
4812 6
5268 6
2022 3
6495 1
6864 4
370 8
3971 1
7367 10
7106 1
7967 6
5992 5
6174 4
7525 8
7859 10
1382 3
4088 3
4667 6
3854 7
7500 4
2239 5
1080 5
1810 5
2192 1
6381 7
7111 9
7012 6
1920 7
2270 3
3277 4
4283 9
3123 7
877 2
7652 5
5133 5
3398 2
1509 2
6206 9
5142 5
1774 5
591 4
4629 5
6605 6
6908 7
7107 7
6678 10
5902 5
6060 6
7916 10
5440 4
7076 8
7399 6
1788 4
1736 9
4274 6
4248 7
2488 6
6638 6
7625 2
7536 3
1441 2
7181 1
1019 6
5604 10
7287 6
7909 4
2213 9
3575 4
5703 7
3061 6
8165 6
5743 3
5089 3
3802 5
4699 7
2249 9
4405 8
5133 8
5932 1
2441 2
5031 10
7835 8
368 7
1060 4
3857 9
4775 5
6191 6
4497 9
65 8
528 6
1705 10
2203 6
5564 2
6583 7
5590 8
6808 4
2322 7
4437 5
7518 8
520 2
911 3
6193 4
18 8
3900 10
1082 10
2666 1
7665 4
8021 2
1747 6
2232 7
3225 6
5179 10
1952 5
896 1
7166 5
189 4
2712 4
2872 3
3747 1
4342 1
2270 3
4016 6
4939 3
7351 8
3855 6
2930 2
3204 4
2676 7
8100 5
7267 6
1040 1
6092 2
1357 5
3973 3
4192 9
7544 9
6231 4
6828 8
5855 2
1821 5
2804 4
5063 5
4671 2
5440 2
1751 8
3972 10
6872 6
6583 4
7527 7
2139 3
5694 7
4186 10
239 6
5803 5
3768 5
5695 6
7273 10
7584 7
1803 5
472 5
5421 5
6413 9
6677 1
7458 4
2797 2
2700 4
4971 7
330 7
2328 4
5516 2
767 2
1410 4
4611 2
2593 8
2666 6
6335 5
6443 8
6480 1
2309 8
4970 9
5355 4
1663 3
7289 6
1860 10
4410 8
4624 5
4391 7
2387 1
6306 2
1157 7
3765 4
1810 7
1823 7
2529 9
3785 5
8150 10
2763 3
2014 7
6720 5
792 1
2875 4
3936 7
656 1
646 6
6073 2
3879 8
4598 8
670 3
7680 9
3034 2
5888 9
5796 8
3552 7
4072 4
4180 9
6259 6
422 1
796 9
5442 9
6326 8
596 4
2200 4
4007 2
4087 2
4150 9
5091 7
7495 6
7161 6
2821 9
5519 8
376 5
1573 6
4847 3
1213 1
691 7
3019 9
882 2
2198 10
3614 9
813 10
5778 5
6779 7
7320 2
7781 8
4047 8
2460 8
4655 7
1822 2
6060 5
966 6
5173 3
4320 2
5675 4
6554 9
7496 9
2278 4
4695 4
1341 5
5094 8
2432 4
1464 5
1739 8
2095 6
4942 6
4244 8
2809 2
675 3
4610 4
376 6
2605 6
4441 10
1442 9
6322 8
7021 4
7945 2
5400 5
135 1
6042 6
5257 4
7179 7
104 8
145 5
2228 5
2819 3
5361 8
5660 5
7176 8
2378 8
5956 2
5979 6
3 5
2430 6
1070 1
7967 1
1423 7
4724 1
1681 4
8181 2
4082 4
5373 4
6431 9
1876 6
2808 6
4218 7
970 5
5255 5
7902 9
661 8
5265 4
4409 3
5517 2
3117 4
6604 4
6813 5
576 5
6602 3
7282 4
412 8
1447 8
2022 5
6632 5
8056 2
5565 2
2869 7
5516 10
110 5
6478 6
5543 8
4170 4
5590 2
2570 10
5159 7
7257 8
7857 3
5067 7
8171 1
1189 4
3881 7
3360 6
3611 9
1268 2
5190 10
7459 5
4218 4
1447 9
828 8
1397 5
12 5
7612 10
7794 8
8052 10
1603 5
3565 10
7099 9
5486 6
2048 3
1095 8
7402 4
3739 4
2916 7
3046 6
1809 8
7353 10
791 3
1819 2
3715 8
5272 9
3112 6
4575 9
4225 4
1738 3
6219 4
5458 1
5897 10
6051 6
6817 10
5481 5
2633 8
7986 2
2104 7
4782 6
169 10
6635 8
2906 8
6232 1
4750 8
5382 4
5397 2
4428 9
7737 4
1765 7
4506 8
7815 9
1730 8
3356 6
5041 6
7097 2
295 3
8177 6
2585 8
4924 10
5412 9
2579 5
3719 1
2193 9
5328 4
1438 4
7094 7
1635 9
6052 1
1186 3
119 6
1225 2
2121 9
1741 4
1861 5
5704 3
7625 8
20 1
5041 7
3666 9
5142 2
6676 5
244 10
1320 8
2547 1
4340 9
3367 8
7151 3
3039 9
6480 10
6622 9
3087 3
1105 5
6732 3
6969 2
3198 8
3887 3
301 2
6242 9
456 10
3413 6
6339 5
7513 8
1450 2
2089 7
4376 7
6859 10
1149 8
3340 9
3287 8
3502 9
6106 10
7450 5
722 7
7088 10
4083 2
6547 5
1293 3
1376 3
3245 5
6179 6
7933 6
3008 1
1153 6
7282 8
3760 6
5301 3
7482 7
861 8
1986 8
442 10
5901 7
4419 6
4585 2
4343 10
2227 4
5249 5
753 3
2396 5
5064 3
7970 1
7771 2
836 9
5932 2
7755 6
4545 1
7350 1
826 7
5436 1
7929 8
6322 9
5681 5
1684 2
2953 3
6294 10
2040 10
3466 6
3491 4
4119 3
5202 9
4673 7
2139 7
6746 4
7489 6
7996 5
1108 4
3788 3
814 3
5881 3
6866 4
75 2
147 2
5219 2
3668 3
6532 10
5994 4
6259 6
7905 5
1283 7
1371 6
3192 3
6083 1
1196 7
7273 4
8175 10
3907 1
6074 10
1169 5
4290 6
3964 3
3918 4
1262 8
2157 8
4716 8
7489 3
3931 8
316 8
400 8
1152 10
6943 3
5096 6
8014 2
937 1
2559 2
3390 9
4465 2
5884 3
3579 6
126 4
382 4
2779 10
2896 1
7091 1
2781 10
5057 8
4622 5
2798 3
3325 9
2173 2
3787 6
4995 6
5530 2
43 6
3343 2
3927 4
7199 6
1423 6
4842 9
401 9
6455 6
330 10
5185 8
645 8
5292 8
1754 10
2974 1
541 5
3204 6
3499 6
3679 7
2273 5
540 5
6819 5
157 7
5344 7
8143 1
7370 2
2067 4
4808 9
3162 1
7069 6
4522 8
1690 4
6509 7
2616 10
7095 5
7321 4
1654 9
5062 3
2822 9
5892 7
6312 3
7098 9
7639 1
233 10
1069 2
2344 10
7243 6
6974 9
3396 8
6867 5
7871 2
4243 5
4567 2
1062 7
7539 6
1834 4
3074 7
3562 2
4637 4
7532 4
3636 10
3790 4
5437 5
1433 7
8145 1
5342 9
6327 10
886 5
4063 9
6742 10
5292 7
7826 10
707 7
2820 7
2947 9
3974 6
4147 10
7561 10
5005 3
7100 4
7321 1
1788 7
205 1
776 4
8073 10
2086 5
3692 4
5211 10
2436 1
5248 10
6789 3
7551 8
7640 6
5433 6
4231 8
1315 1
6775 1
2351 1
6291 3
6792 9
7556 7
7560 9
1802 4
3730 5
6714 9
730 5
5891 10
608 8
3133 4
3248 9
1623 8
1860 9
3045 8
3482 7
3544 1
3153 6
2456 10
2708 2
1262 10
1627 4
67 3
1104 9
5778 9
4938 8
7324 2
4221 1
1528 7
6418 3
6798 4
6904 1
5721 2
7360 9
829 6
4640 10
353 10
948 10
5014 8
6150 3
6474 6
425 6
3518 9
4410 6
5024 10
4375 1
5592 8
7906 9
4693 8
6845 4
601 5
6026 1
3479 4
6698 9
2333 8
3715 8
2480 5
7562 4
5216 4
2257 10
6519 4
631 10
964 8
1448 9
4117 8
3218 3
301 8
5697 2
7979 6
1252 4
3275 2
4253 10
5739 4
6100 8
4934 4
502 2
6344 7
4389 1
6818 1
5895 4
252 8
2080 8
5289 9
1073 10
1448 5
2632 5
3282 10
3299 10
3598 3
4113 4
1635 8
8048 10
7069 5
6835 4
7120 3
7582 10
4513 3
349 5
5876 8
4957 7
4326 1
4345 6
272 1
3459 10
4364 2
3183 7
6810 1
3982 1
6721 3
6890 5
1982 7
3710 9
1577 10
2583 8
1363 2
6144 1
4140 7
8163 5
479 8
2250 8
2322 1
4381 4
3160 8
1375 7
3365 10
5952 4
7265 1
7781 9
2 9
4631 2
3601 9
2991 2
959 2
5715 4
7764 6
750 4
794 9
3910 10
5204 7
8069 1
7579 8
7060 4
224 2
2318 4
4288 7
7042 5
231 7
7401 7
6497 8
6612 2
4755 10
1218 7
1067 7
7762 6
5640 10
827 6
4562 10
7432 10
5974 7
444 9
4069 4
5610 1
4709 10
1164 7
5402 2
7515 6
5428 10
6366 2
7406 3
5426 2
3827 2
6039 1
3042 4
244 4
3453 10
3961 10
4085 5
7661 7
790 9
1479 7
2616 7
3793 8
5413 8
355 7
7398 9
4483 10
2008 8
6461 3
5634 1
7802 6
4055 5
4535 9
3428 7
1378 10
2900 8
7209 9
7826 3
1678 2
5276 5
7472 9
6102 7
2598 3
6027 1
6155 6
1674 6
3238 3
6117 8
5862 2
8078 10
1327 6
1681 7
1719 6
1762 6
743 1
1804 2
213 9
5634 9
1142 8
3829 2
6692 3
6196 9
3488 10
8179 3
6892 7
3329 4
3138 6
6477 7
563 1
2316 3
6193 4
3346 6
3202 1
8170 6
647 10
3908 1
3440 2
1089 7
406 6
349 5
1880 3
4616 6
507 4
1895 4
8084 8
6758 10
8071 8
107 2
248 1
2041 3
2244 1
684 5
5351 9
5470 2
875 1
3776 1
4162 7
4257 8
2716 2
3216 5
2376 3
7798 3
118 3
1026 10
2636 9
3215 5
5632 7
4794 3
1884 3
3191 4
4361 3
5019 7
5156 3
2807 2
6919 5
6656 4
7124 8
7172 7
2116 10
1806 5
2858 2
6911 2
6182 10
3054 2
5883 7
5873 10
7133 10
5688 10
4010 8
4933 1
532 9
7063 1
3204 8
3448 5
7119 8
2356 8
229 7
2947 7
5152 4
1726 6
1020 8
4305 5
6443 8
4962 7
4957 7
6135 10
7317 10
2760 7
2219 6
1352 4
8060 4
6677 1
1737 7
1702 8
1308 5
4275 9
1006 3
3566 10
4884 2
1144 2
6032 3
8118 3
5429 8
3527 8
1681 1
6198 3
828 6
7053 8
4977 10
6334 10
4325 8
7973 2
2511 6
7164 8
5677 4
4311 4
2307 5
5321 1
2562 5
7259 7
5982 3
612 9
2280 5
5975 3
4769 3
5345 3
6007 10
6119 8
4593 5
6287 6
6564 9
636 5
1971 2
3149 10
3854 4
3552 2
62 5
512 3
4066 7
4613 8
6123 3
2727 7
3117 10
7790 6
384 3
5296 2
5924 5
6341 5
124 7
466 6
1959 2
2853 10
3714 9
4572 2
533 5
451 4
5352 9
7743 5
6343 2
2135 5
2647 8
4025 10
1845 8
6353 1
4638 2
451 3
8086 2
7119 2
1095 3
7903 8
7353 9
510 10
4189 9
4461 6
5215 7
6846 5
4587 7
5975 1
8039 2
1903 8
4621 6
1679 3
19 6
2810 3
1282 5
3526 5
2408 10
3239 6
6276 3
789 2
6489 5
3673 2
3793 7
7627 7
6188 10
2764 3
4244 6
4312 5
2203 10
1362 8
613 4
1370 1
6154 1
5186 5
6386 4
737 10
7798 6
1539 5
1568 7
2471 6
6980 3
1824 10
3318 2
5389 2
1002 3
6852 3
3326 2
2119 2
7349 4
1553 5
3954 3
5203 5
5428 2
7088 8
1517 6
6597 5
2938 4
4894 10
6492 8
5325 5
3216 2
4675 6
1394 2
1644 1
1821 4
2417 4
2979 7
4765 8
1048 4
2841 3
6722 4
6887 8
3911 10
4371 2
3862 4
4445 6
4869 10
6075 3
6853 7
743 8
4998 10
4946 10
1221 5
7830 10
1787 1
232 8
3795 1
1112 4
98 5
3220 5
4426 10
4626 2
104 6
865 8
2313 4
3467 10
3763 8
4059 4
1899 3
986 4
6345 2
406 6
424 2
4446 2
246 3
4062 7
3175 7
3609 5
4324 5
7455 1
2842 2
7181 4
7418 6
2468 10
5720 4
5821 4
4222 3
5596 7
5179 9
3569 2
6821 9
2318 2
6202 7
4159 10
5926 1
7365 10
5628 6
2561 6
2940 5
1726 7
4755 4
454 1
774 3
932 2
5232 3
5832 7
946 8
3752 6
1689 6
604 10
6447 3
4269 10
1459 8
5133 8
5607 3
5635 3
3794 9
7148 10
2583 1
4281 2
5315 9
561 2
5690 2
6800 1
1182 2
2088 2
138 6
1710 9
2414 5
3294 3
6975 2
909 2
6420 2
6496 6
6609 9
3166 7
2816 3
1934 3
7502 9
1014 9
6239 7
6934 7
4199 10
4375 1
6154 2
2222 3
7228 9
2555 7
3548 1
5358 8
4302 8
48 10
5314 9
7038 2
7627 9
4500 5
1691 7
5389 8
5429 2
7227 3
1819 4
3597 10
6175 7
6875 9
8154 10
2481 5
1417 5
4320 4
4455 4
5494 8
4088 9
1037 8
4455 1
7482 5
6191 6
6888 7
1372 4
6259 6
3349 1
669 1
7866 2
724 6
1982 6
5149 5
3326 6
3537 5
6782 8
2071 7
3884 1
2971 7
1838 6
7026 2
7581 8
498 10
1017 6
4871 4
5577 7
389 8
6800 3
1503 5
7017 7
7677 6
2495 6
4071 1
4559 1
4761 8
563 3
6242 3
6550 6
6908 1
3007 10
1145 1
6798 4
7487 6
171 7
2959 6
3217 2
2695 8
1269 6
1469 1
5670 6
6116 1
3150 8
3626 8
686 2
6718 2
7777 1
7061 1
1268 3
5348 5
6507 2
3340 10
241 1
5826 6
7111 6
6465 6
5722 7
389 5
1477 3
2528 1
3244 1
4415 4
7084 3
6948 6
5384 10
2132 9
2569 5
7588 4
6886 3
1405 4
3658 7
6660 10
3542 3
2332 10
7735 8
5582 3
6247 1
114 4
1797 8
4236 1
7727 10
3425 6
3805 10
6711 2
3132 6
3188 6
5008 3
7658 8
3663 1
1979 1
2976 1
3037 3
5515 1
5247 8
7186 5
6660 2
7527 9
4111 2
4488 4
7049 4
388 3
1393 7
2991 2
5086 2
844 3
2733 1
296 9
3780 9
3237 4
616 10
4669 2
4801 3
5867 1
4496 6
2512 1
1728 9
7906 9
660 3
2332 9
2678 10
4003 10
4645 8
4174 3
6653 7
3730 3
5679 3
7333 1
7676 6
7437 6
6317 10
6639 8
677 8
751 10
5117 7
1276 3
4472 10
4506 10
454 8
3349 4
4610 4
5241 4
8108 7
88 10
3095 5
7069 2
6134 3
4982 5
5875 5
5877 3
5879 8
8074 7
1654 2
2937 2
5101 9
4868 3
6602 3
7717 3
4138 3
4247 6
3792 1
5153 3
7007 7
5324 2
5808 2
2517 8
4403 7
5366 3
242 10
6520 2
3772 8
2167 5
5869 5
8121 7
4194 7
2872 9
4621 2
5986 4
4538 7
3313 10
4592 3
4627 3
5670 4
7395 5
8086 5
5657 3
1280 9
6677 2
7278 10
613 5
3110 10
3148 4
6785 5
7942 6
7081 4
3330 9
6057 9
1385 7
1997 4
3200 1
5578 6
1854 9
644 9
4444 8
7818 3
4257 9
2177 3
5354 6
435 6
7767 4
3461 2
6082 5
4765 5
3423 9
5906 4
4492 4
5532 7
4644 4
1925 7
7552 2
6017 6
6000 6
1390 8
2020 2
4213 9
5352 4
4164 7
188 8
6730 6
6924 8
7659 8
1367 5
1493 7
2694 1
3070 8
3023 1
5524 9
5520 1
3513 7
5772 9
5953 1
7489 8
7399 4
4713 5
5582 3
5725 1
6766 4
2358 4
2731 5
2805 10
1292 3
2559 3
1275 6
594 9
5844 1
2749 7
300 4
1895 3
4353 9
2010 6
1721 10
6966 2
2934 6
3376 4
6972 5
3910 2
5183 3
6713 7
1296 9
1430 7
2128 3
3337 1
3573 10
4859 9
631 8
2809 1
5513 10
5977 1
7682 10
1055 10
3374 6
6832 1
2134 8
7346 3
7921 8
4117 10
4964 2
2784 3
7792 8
662 4
6552 1
1199 9
1323 1
4604 3
2238 8
1862 10
5964 2
85 8
3255 10
3638 10
6530 2
2655 5
2036 6
706 9
1361 6
2656 9
3753 7
2514 2
4568 1
933 1
873 9
2361 9
1464 2
713 3
6169 8
6665 1
5948 1
901 9
149 6
1107 5
6625 2
674 10
736 1
1869 6
4668 6
2867 5
1268 8
2731 3
5783 2
6510 1
6513 1
8162 2
1071 5
3176 10
1 8
6104 10
2220 1
1847 7
5804 8
7428 4
486 4
1920 10
3317 8
5824 10
194 2
2185 10
6031 1
7973 1
795 1
3985 3
7463 3
2024 5
2159 8
3366 6
3755 7
4397 3
5362 1
5783 8
3129 6
7001 4
3275 5
7191 8
543 7
6845 7
5093 4
4213 9
4780 1
225 3
7927 4
3776 1
1279 9
7488 1
6263 7
7944 2
7898 4
3603 4
6634 5
890 3
1650 3
2360 10
2845 3
3442 4
4940 5
5194 10
5626 3
2863 4
3769 5
2754 6
6514 1
7626 8
860 1
3519 2
2574 9
3218 6
5675 4
7994 1
2766 6
1329 10
2175 4
3104 3
7415 7
347 2
5422 5
3675 8
8162 8
959 7
2475 5
4172 3
5220 3
327 6
7765 6
3424 8
5237 2
604 3
7669 6
7591 3
2733 10
5073 5
1463 6
3939 4
7577 4
4044 9
4073 6
4595 4
4707 7
5703 5
4435 5
1182 6
3271 10
2322 8
4973 10
7225 7
3517 1
7425 7
7801 9
148 1
1987 10
2871 1
6168 4
6641 2
6310 5
1521 9
1879 5
2778 5
3020 6
3393 9
3942 9
504 2
1281 10
5198 2
1673 5
8039 5
7592 6
4154 2
7110 5
8048 3
1727 4
2235 10
4151 3
4868 8
5211 5
6731 7
6361 10
627 10
7996 2
931 10
5600 6
5625 4
1932 6
3219 2
3653 2
4819 7
3324 10
1181 3
3525 7
5736 4
602 3
714 6
2469 1
4067 10
19 7
2753 3
687 3
855 9
1674 9
2126 6
4665 5
2707 7
7223 3
7222 6
7281 9
6138 6
6603 7
1953 8
6022 9
8138 1
1944 9
5417 4
3730 10
5658 4
2172 7
2954 8
4052 5
1000 8
1834 1
5145 6
912 4
2695 9
5545 4
8122 3
6197 9
3370 9
4024 10
35 5
5875 8
5919 5
2505 10
3510 2
3903 6
5298 7
6931 10
6316 6
5615 3
7559 4
1388 7
3855 2
4271 8
7988 2
7716 6
6445 10
3554 7
5458 5
2002 10
4380 8
6683 10
1170 3
1510 4
4823 3
81 7
2550 8
5730 1
4918 1
1426 2
6695 8
1091 2
1328 8
4996 5
3325 8
892 1
6967 3
4703 2
4326 3
5273 5
1711 3
7666 5
2144 10
3261 2
2059 9
1773 6
4658 10
2907 10
3130 9
5536 10
6251 3
6870 10
1132 8
2303 9
3705 2
4434 6
636 5
4127 3
1354 5
7643 5
5358 10
5584 2
6520 2
6233 2
5148 3
5696 6
6848 2
8052 3
27 6
4697 10
3028 3
832 7
704 1
167 9
1754 7
6772 1
1690 10
220 5
3420 6
4088 5
1750 5
2942 5
6659 10
4748 2
5398 7
7894 3
787 1
1689 4
2104 4
3807 9
4449 9
7119 8
5399 6
3245 2
182 8
826 10
1901 1
4330 1
5690 6
3968 8
2619 5
5499 2
7400 6
544 7
693 1
799 9
5360 1
4902 5
7436 10
6210 4
421 4
1368 8
2198 2
2964 8
4467 2
6007 2
6417 6
7143 3
3060 3
7392 8
1896 8
2826 2
3317 8
3364 8
4001 2
2795 10
3853 9
4372 5
4831 1
5253 2
7205 5
6380 5
7162 1
3624 2
1602 1
6443 3
4106 1
2552 5
2956 10
4611 8
5385 7
5664 5
6728 2
6379 3
5961 2
945 9
887 9
1110 4
1415 6
4239 6
5444 3
831 8
3174 10
1999 5
6623 7
7574 4
2044 4
3190 4
2181 2
5167 9
3041 7
2738 3
4674 4
1019 10
946 7
7595 2
1325 10
5319 4
1738 6
7325 9
6090 8
6451 10
2985 9
3058 1
3719 10
4962 9
7880 6
4542 3
3106 9
6919 8
6256 3
7425 7
7532 2
5044 10
6023 8
2893 4
8164 2
2907 1
886 10
1210 8
2779 8
3614 9
3269 3
1367 10
22 6
5901 4
3339 9
3954 9
1247 2
123 10
2697 1
652 7
5024 7
5025 10
1588 8
3773 8
5025 5
1119 2
5895 8
7204 3
1038 1
7301 4
1908 4
1835 8
2706 9
4321 5
7271 9
5510 4
4447 6
2459 6
2715 2
3350 8
4555 6
6235 4
6692 9
280 1
3987 4
8098 4
2264 3
3668 10
5052 4
2478 8
2256 3
3814 10
5007 2
5576 4
6859 5
6294 9
5965 4
1479 5
5492 2
4520 4
4632 10
7820 4
6764 9
7313 10
7633 2
3152 10
5603 7
815 1
3680 5
5849 6
7521 2
8123 2
3078 5
4308 4
4658 3
6513 8
7574 10
6054 2
1267 10
413 8
2416 10
510 9
1885 1
6165 3
7357 6
894 10
3248 4
5635 1
6544 9
8061 5
5829 5
2027 4
7872 4
4896 8
22 7
8020 2
849 2
2353 2
7103 5
4308 9
2675 10
1107 8
4438 2
6639 3
2222 9
863 10
2366 2
3330 2
4628 3
7599 8
1939 10
4877 2
8021 5
6965 5
4094 6
3577 9
7032 5
1605 9
5682 1
2245 8
7926 1
6471 1
3732 7
4628 2
6698 1
7420 9
7756 2
758 1
1522 2
1799 3
3232 7
1619 6
7399 4
7529 3
2028 3
6189 4
7104 4
127 3
996 6
1051 10
1193 2
2946 7
2815 7
3141 6
6306 7
7611 5
1308 1
6176 6
6725 6
7488 10
1079 9
2340 10
2057 10
5671 4
4869 10
8173 5
403 8
2442 8
3905 2
4821 6
5279 3
1517 2
3626 6
2629 4
5361 4
2213 6
3235 6
7459 6
7547 1
7895 3
953 10
967 9
2380 8
5500 4
5333 8
4779 5
2674 2
5889 4
6588 9
6612 8
6944 6
7174 6
7726 6
1805 1
2272 2
3412 5
4043 8
6443 8
4960 4
4754 9
6828 8
1512 4
3088 2
4131 5
4759 2
7406 3
7937 10
5858 3
6675 10
540 7
998 9
6202 10
5345 4
6800 7
2345 9
3849 1
5128 10
5385 3
4408 9
4208 2
518 1
4186 2
4653 5
8018 4
7210 7
2202 1
8070 2
2092 9
5322 10
1335 7
3595 2
8007 8
6153 6
6257 9
6751 3
7679 7
97 3
7991 2
5812 3
6718 9
2455 2
105 2
1507 1
7780 2
7782 2
1601 10
2302 10
4280 6
7325 10
7884 4
33 6
789 7
4202 9
4695 7
6868 5
1173 8
7359 6
7389 10
947 1
3353 6
3541 5
2952 3
6221 9
3462 6
683 7
2296 6
3468 6
6792 8
6940 7
7792 6
82 2
4424 7
2682 3
6400 3
6135 4
6554 8
6654 6
1064 1
3127 9
3345 5
210 3
2916 3
6536 7
7282 7
695 3
4922 1
634 9
6916 7
25 8
3108 7
3162 3
6049 2
6272 7
4233 9
2371 8
4346 3
7766 1
819 8
2307 9
3500 5
3669 5
4002 5
7390 3
4854 7
1266 9
2190 3
5232 2
1248 3
4602 3
6404 1
645 10
2534 4
2646 1
7543 3
2454 7
1138 2
11 2
2343 3
2789 3
1449 2
2147 7
236 7
1637 8
2576 2
2129 6
5112 1
8023 8
7372 3
558 9
1782 3
751 2
4210 10
4898 8
5359 4
5244 9
4406 9
5972 1
6410 10
1550 1
3388 2
4609 3
6001 2
76 2
4584 5
2603 6
2989 6
3388 9
70 2
4315 3
1145 10
6304 4
6723 9
8026 9
8129 4
2026 8
3548 5
5790 7
2316 3
8114 10
2683 10
5781 8
6757 10
7603 10
7941 9
634 2
4333 8
1445 1
7435 10
6032 2
7638 2
840 6
5321 4
6173 10
739 7
2740 9
7158 4
1386 5
1706 2
3860 2
5174 2
7546 4
8089 4
362 1
6242 7
4079 4
4931 6
857 8
8088 1
392 10
2533 10
6635 5
6026 2
1598 7
5634 9
307 2
1045 5
2244 5
3442 4
4587 5
6503 6
6804 9
8150 9
1469 9
4259 7
3650 10
6515 1
7354 5
8184 6
6182 4
4043 1
6336 4
6988 7
3758 3
4139 6
8016 9
1933 10
2252 8
2843 10
2170 4
139 4
656 6
6251 10
7763 4
2646 2
2975 1
247 3
6901 8
4676 5
2756 6
7585 5
7931 5
905 3
1050 5
5415 5
4804 10
7109 5
5490 9
6695 7
799 3
3746 3
7463 3
7390 5
998 9
409 1
6785 1
2577 6
5211 1
8111 8
3801 3
1815 4
3760 9
5257 7
5767 8
6164 7
6342 7
7249 8
3054 8
1824 3
532 3
4195 4
5652 8
5943 1
113 7
5648 2
541 8
6856 2
8076 6
168 4
4672 8
6199 6
6766 6
7356 2
4467 3
8179 7
1184 3
6691 3
3984 7
7659 9
658 7
6619 9
355 8
6794 6
3257 3
6111 6
7958 1
451 2
1461 8
4560 5
3742 9
3980 5
6396 8
7347 9
7714 4
2815 7
3101 8
3367 3
5277 3
790 5
4670 2
614 9
1814 9
2641 1
3378 3
7870 5
608 3
6125 5
6963 10
8026 6
3940 1
5767 7
7762 8
2571 3
5840 8
7958 6
7245 9
8144 4
2109 9
3290 9
4973 4
1513 6
8114 3
4824 9
6695 3
2793 4
7887 5
756 9
5175 9
3287 6
3267 1
2246 1
1797 6
3679 10
2998 8
3600 9
358 9
554 6
163 6
4598 10
4231 3
2519 10
1234 1
6842 8
730 4
5410 8
3762 4
2512 1
7097 2
669 8
6598 9
276 4
535 6
2064 2
3585 7
1156 7
685 8
241 8
5247 9
1353 3
281 5
3241 3
7329 5
2282 4
3104 6
4761 7
3407 5
3112 3
6431 4
2774 7
4173 2
5066 1
7283 2
6809 1
1232 3
7176 3
6681 5
915 1
3929 3
4661 10
7825 1
5162 1
7402 6
7029 3
877 4
1256 2
3813 5
4898 3
7675 9
4945 10
1740 7
1735 1
5399 5
3009 9
5035 10
7286 1
6502 9
107 8
7489 10
1813 6
5649 8
6685 5
6655 5
757 3
7982 9
340 7
2731 6
3917 8
4442 10
7167 1
6331 6
6795 10
6410 6
7470 10
7498 3
5279 7
6543 2
895 10
1489 7
1631 10
2237 1
5622 2
4808 10
7711 6
7107 6
7910 1
2097 7
2346 6
3301 8
4589 2
2325 6
7136 8
1512 9
217 6
1903 6
2253 6
3604 7
4955 7
4758 7
2166 6
1830 1
3663 7
4700 8
7029 9
7838 7
203 6
2722 7
4455 5
4666 7
4492 8
7022 6
5747 3
1374 9
4127 10
2516 10
2010 8
6285 7
7458 5
1274 9
2631 6
2309 3
6805 3
3570 8
6282 9
2873 3
3907 1
4490 2
2706 8
6047 1
4799 5
24 8
2966 7
8094 2
8041 1
3951 2
5174 4
1173 10
2506 9
4316 6
2382 7
2417 2
445 6
4707 5
2252 4
4903 3
6617 5
7163 9
3471 5
3627 2
3054 1
7534 7
5327 1
3362 4
3486 1
1864 6
7314 10
7323 10
5576 4
555 8
6634 4
5957 10
3378 7
6532 2
2983 3
6575 8
6832 2
499 2
3861 6
1225 5
7095 4
220 3
4110 3
5650 10
77 3
3823 8
6652 7
3440 4
3793 2
6488 6
3482 9
6350 10
243 3
626 9
5121 7
72 4
4915 5
5602 6
6364 2
7126 2
4318 1
5156 5
6875 10
6294 6
1032 3
1320 1
1391 10
1707 5
5184 9
7282 1
5194 4
6720 8
2225 8
8138 3
6814 6
5725 5
2116 5
1135 2
7869 2
7354 3
2161 5
7154 5
6623 4
7773 3
5940 7
6809 4
4614 6
5281 8
5580 7
146 6
6593 6
835 10
6567 6
7557 7
2292 7
425 3
2279 10
7940 7
1899 9
2280 7
1616 10
7085 5
4731 5
1520 6
6356 7
7699 6
273 8
2173 8
3155 2
6952 4
2757 8
1986 4
3177 3
6953 9
2528 2
1515 7
8087 5
6700 3
1551 2
2176 2
4302 5
2065 1
189 9
555 4
4299 1
404 10
6123 10
5073 9
4366 4
1210 2
2081 1
428 5
1054 10
3145 3
7135 6
7691 8
8 5
1240 9
1588 9
5152 1
5790 8
4147 7
4495 7
1063 2
1796 4
4268 8
1921 6
4669 6
7947 6
1798 4
2195 6
7659 6
4570 2
7591 7
587 5
1066 10
7165 4
3561 7
267 8
7846 10
2120 1
4740 10
5637 1
1374 1
3712 10
1623 1
5957 8
2341 6
4356 3
449 7
6149 9
391 6
1337 4
2639 6
4789 10
6708 5
7463 4
3543 5
3956 2
1229 9
6310 3
6695 9
1214 1
6070 3
3892 9
4064 3
457 5
5921 2
6970 3
3137 1
5722 6
2080 9
7693 1
12 5
2478 5
2834 4
3699 3
6189 2
7435 5
7170 5
1981 5
2701 1
4952 10
101 4
3468 2
1757 5
682 4
6537 9
7700 2
3757 8
2840 3
7959 6
1039 8
2433 7
3094 7
5120 4
5217 3
6861 3
3945 8
6773 10
6370 9
3838 3
6177 3
6454 5
8079 1
5396 2
6642 4
768 6
2196 9
4595 1
4638 4
6605 6
1992 4
7834 7
649 2
7219 4
6523 7
5349 5
1202 9
8161 1
5741 3
4868 9
7760 6
3106 2
3667 4
4933 7
7510 1
6812 8
308 9
2268 9
3800 10
2272 2
264 4
3416 2
7096 5
468 7
6735 7
7115 5
7566 9
394 9
2388 4
5523 2
7774 4
7912 5
7011 7
6139 4
6280 5
7422 7
2578 6
7514 8
7240 6
4732 1
4502 5
6675 10
2051 3
4020 9
4307 9
7231 5
2104 4
1806 2
2732 8
3067 3
4977 4
5148 1
5320 9
5111 5
8177 4
5909 5
7207 9
7500 10
152 9
3447 3
7177 8
350 5
2036 3
2394 1
2512 1
5614 1
4942 1
8061 2
6284 7
397 6
5967 3
3810 3
5344 6
434 9
1284 4
1604 10
2795 10
4043 2
5623 5
7284 8
8140 7
3040 2
5952 1
178 3
7165 2
7535 1
2635 3
4264 3
7310 8
3865 3
5953 2
7097 1
7861 1
259 7
7667 2
3480 7
8063 9
2657 9
5535 10
1979 10
5238 3
61 1
2982 10
2874 2
3490 2
3540 1
4013 2
388 9
7925 2
7566 2
7579 10
3677 4
3889 4
5678 8
3457 8
5619 5
5090 8
6500 6
7184 8
7253 2
390 9
5504 8
7489 1
2928 8
6197 9
6987 3
303 4
2475 1
4206 4
6648 3
5619 3
998 10
3251 2
1413 3
2476 2
5946 7
7109 9
7641 2
3336 5
2224 7
5619 8
61 1
6357 9
7699 1
1025 7
1988 6
2039 5
2076 2
1634 7
5974 1
2540 4
4585 9
5461 3
2277 4
1766 10
6961 5
4283 8
7731 3
1042 5
3182 1
3407 2
5535 7
4215 10
82 7
7917 3
828 9
143 3
2903 2
5468 3
893 5
1585 6
7955 7
7990 9
2452 8
4306 5
7018 10
1276 10
1190 9
2610 9
4715 5
8149 9
2748 5
6282 4
440 10
5340 2
411 3
3375 3
1078 3
1492 6
5410 9
586 1
4363 10
2158 3
1671 5
5739 4
3890 5
7 3
7617 10
7020 4
1478 8
3149 7
5487 10
595 9
7835 4
779 8
2354 4
4171 10
4784 5
5477 7
5124 8
6084 8
364 7
563 7
7088 4
2414 7
2962 9
4049 3
7630 3
7044 6
6250 9
2077 2
2399 4
3532 3
4775 5
5058 8
5501 4
8106 1
5713 8
6344 6
403 1
3752 2
4195 2
5302 9
7772 3
7824 2
3323 2
5436 10
4563 5
6365 10
4008 2
1699 4
2099 9
3443 9
4946 7
8002 10
6213 6
1403 3
2258 7
4301 6
5912 3
5308 5
7109 7
657 1
1596 3
657 4
5454 7
5711 4
1448 4
7424 1
4971 6
6250 3
1626 2
3202 2
4821 3
4989 10
5381 5
6750 9
2999 7
6260 9
7074 3
1685 9
3188 4
6047 7
6521 9
1499 1
7434 4
2167 1
2206 1
3162 7
4872 2
3442 10
6730 8
84 1
6565 1
7316 10
2446 9
4106 2
4385 7
580 1
6938 6
2412 8
4915 5
5631 4
589 5
8119 2
605 7
1752 10
5195 1
2274 10
609 8
7072 7
7539 8
121 10
1272 6
3097 2
3255 9
1453 4
1031 8
7550 7
2457 6
3671 7
5170 6
5865 5
4739 8
5055 10
7254 1
4430 7
5140 6
482 4
2095 1
1189 8
2963 4
4795 3
5122 4
6785 9
271 10
817 6
2196 10
1340 7
2427 10
3355 3
3578 4
1117 3
782 3
5899 3
3433 1
2683 2
4426 5
4212 2
6490 9
2328 9
1913 5
7951 10
143 10
2284 8
3421 7
6970 6
431 2
4678 1
4831 6
8053 3
1046 2
6619 1
7132 9
3331 5
4406 7
6887 6
1280 8
961 8
3031 10
1866 9
6335 10
545 9
2590 10
4191 1
567 9
1665 9
6082 2
6184 10
6410 7
1327 7
5678 5
1677 1
6432 10
7526 2
1553 3
4452 6
7279 5
618 9
156 6
865 3
6519 8
6608 2
2140 2
4287 3
4429 5
5848 2
3351 2
5032 7
1011 6
5074 7
4467 1
5186 8
1295 9
5062 1
6004 8
1364 10
2563 2
2803 6
3891 5
5299 10
3128 5
7252 6
2150 7
1086 3
4261 4
4939 10
5551 5
4042 8
2457 8
4800 5
5057 7
7578 1
2407 4
2912 2
5073 7
3784 3
1828 7
6887 4
3818 5
6870 1
1194 9
5578 1
1969 7
2103 9
4753 2
2423 1
6797 2
684 6
2995 5
4238 5
4659 3
4791 9
4739 5
8036 4
8075 3
168 6
4873 10
714 4
1258 1
1880 8
6811 5
449 4
3257 10
1297 1
7472 6
2063 4
4825 10
8022 9
3524 2
722 2
390 7
2963 9
6206 9
7229 3
2089 4
5076 8
7880 3
6249 5
3963 7
6285 5
6406 9
7222 6
678 3
3264 8
5387 1
5456 2
3569 10
7514 5
7910 8
1401 1
3673 2
7337 9
7213 10
6614 8
844 4
1501 2
4360 7
5112 2
1562 1
2160 7
3952 10
5151 6
6627 10
1537 4
203 9
3405 9
5035 2
1334 8
6162 3
417 9
4941 5
1630 2
1022 6
1366 9
6421 9
6639 5
961 4
2163 5
4376 8
6772 8
7456 10
6827 8
3580 8
3091 9
3622 4
2028 3
1044 10
3683 4
7872 1
3048 6
3135 9
643 3
2415 8
5831 7
6713 9
1082 9
4936 7
299 10
287 3
6014 4
6942 3
815 4
1555 8
2269 4
3031 5
6833 1
4296 8
7022 4
956 1
3987 2
5783 1
982 8
7795 5
6438 9
7543 8
8186 3
1865 10
4783 7
1257 3
5190 9
4016 4
4364 2
6666 6
668 4
2684 3
4928 4
7712 3
3824 3
5878 7
3845 10
979 3
6095 6
132 9
1305 8
7382 6
1903 2
3849 10
4201 7
5647 1
8036 4
134 6
295 9
7505 1
6275 2
7178 9
7687 7
163 3
2344 5
2848 1
2986 3
3016 5
4948 7
1519 1
4621 7
7622 5
800 6
3243 10
4694 3
2921 7
6703 5
7517 4
5960 8
310 6
755 7
3368 1
4932 2
1073 10
4884 6
6986 1
579 5
5509 4
5870 1
2432 8
6141 9
2971 8
6351 9
373 1
2536 3
7504 3
6020 1
5634 1
5871 2
6006 9
7206 9
358 4
1987 3
4352 4
5060 8
3493 7
543 2
6605 2
5242 4
717 9
1197 7
1288 4
2659 10
315 10
4282 2
237 7
6803 8
2453 1
4527 9
4525 5
3584 5
5422 2
383 10
804 9
3310 3
3690 2
5844 8
872 4
5821 10
2003 5
7048 7
2393 6
2941 10
4897 10
6795 5
2703 9
2456 10
803 4
2096 5
2335 5
3375 9
4514 9
4548 10
5950 8
4498 4
4052 6
7145 8
824 9
873 10
5703 2
7144 5
375 10
427 8
45 4
6796 2
6365 2
1024 5
5147 5
1019 3
6818 4
8001 2
223 6
981 9
1257 10
5643 2
7090 2
7768 6
7971 6
177 5
2098 6
4476 4
607 6
6149 10
5720 4
7113 6
6809 1
76 1
106 5
1466 6
5868 3
7536 3
976 7
2808 3
2699 4
7319 1
7718 1
4398 5
2631 8
4166 6
2378 7
4926 1
6579 6
6868 5
6623 9
1836 10
2580 1
6128 9
901 1
1514 9
4345 5
6713 4
45 7
288 2
530 6
665 6
1563 3
3451 5
6164 9
2130 4
7616 8
202 5
5764 1
7000 5
1708 10
4747 7
2194 8
6352 5
658 7
714 6
1779 10
3324 5
3683 1
5880 1
1622 2
5514 7
7011 7
7328 6
325 10
2913 7
5547 3
3393 9
4774 9
6390 9
5557 1
3579 7
3654 10
1359 4
7495 7
6679 2
6955 7
6981 5
464 10
1110 3
2380 6
6848 1
5640 1
212 2
1332 6
6819 1
2114 3
4706 5
5422 6
217 10
6370 10
6592 4
1255 6
1844 6
1878 9
4744 4
549 10
6407 5
7358 7
902 3
1232 6
1930 6
2689 10
4474 6
4952 1
7616 4
551 4
445 8
3113 10
4785 5
4853 3
1761 4
7051 9
5546 3
6727 9
3876 7
5075 3
3040 7
7521 3
3330 2
5173 8
1041 5
4041 10
6077 2
1680 10
6161 2
4640 8
3604 4
8183 3
5624 4
7398 9
2544 8
3897 5
1587 10
7897 4
3007 10
3531 3
3859 3
3451 6
3815 8
8132 6
7458 9
396 10
3453 9
2371 3
1866 3
4673 5
4042 8
3437 3
3340 7
7487 5
5347 6
6190 1
623 1
2488 2
6651 2
6704 2
5150 1
5375 5
2124 4
3300 1
5231 1
3250 1
2615 8
7123 8
5303 3
1846 8
3227 7
5342 4
7057 7
2038 2
5462 4
3148 8
7236 8
7629 3
8158 4
2742 4
2867 4
1365 7
1733 3
6329 10
6582 9
532 3
4453 10
1592 2
215 3
1307 6
64 1
3472 8
2182 1
3649 9
3730 9
120 5
4026 1
7799 4
7218 4
74 3
462 3
4012 10
2289 5
7545 9
6785 10
7179 5
5178 9
5632 6
6953 7
1990 9
4508 5
5765 2
1583 5
6259 9
202 1
1993 6
4640 3
4619 2
1883 7
6526 3
7526 10
1819 4
2082 5
7441 5
3027 3
7985 8
197 6
5011 10
5922 8
4829 4
6955 10
222 3
585 4
1546 10
4700 10
2141 2
2440 6
391 6
6352 5
223 9
3662 10
3861 6
6012 2
344 4
5953 9
8060 10
380 7
1592 6
4386 5
5548 10
5699 2
7354 3
821 3
247 2
989 9
412 10
4364 5
6301 3
6341 5
2262 7
3562 10
1910 8
4248 7
8146 4
7071 8
4463 3
4623 2
823 7
6520 10
888 9
1518 7
1909 3
5142 3
4429 9
162 5
6006 2
2241 5
8161 5
3768 9
2238 7
2242 1
3423 2
7534 3
1784 2
2491 4
5183 5
5941 4
4184 3
3616 10
700 1
4602 2
4860 3
1480 8
4620 9
6534 8
7712 2
152 6
2997 1
3200 2
4483 3
4580 9
7992 7
3631 3
3708 5
3767 8
5632 6
797 9
7098 2
4581 4
7783 5
925 2
1120 5
2770 7
1296 1
7521 5
1357 8
7388 2
6972 9
2238 2
6913 7
4877 6
6741 5
7808 10
681 1
4112 3
5953 1
4871 9
3063 10
85 9
2107 9
4230 9
5178 4
8086 3
67 5
6412 3
7450 4
8136 2
1158 9
3139 1
5674 9
2900 7
6370 6
6525 4
6702 7
4245 7
4472 4
4596 10
5710 8
3167 4
3651 4
4351 3
7302 7
795 5
4571 5
4660 3
4495 6
7657 1
7297 7
409 7
38 6
4280 5
7347 7
5496 1
5772 2
4743 2
2596 7
3643 2
7647 8
3731 10
5147 6
4449 4
5522 1
6195 9
440 1
4276 5
4532 7
6491 7
7643 7
2434 4
6786 8
7079 8
245 5
2794 8
3330 3
6623 7
7104 3
498 7
5132 3
5117 5
2191 3
6606 10
1457 4
901 8
7660 9
3814 4
7514 7
5145 2
5650 1
6129 6
7587 3
5099 7
5768 2
61 9
5542 3
2657 10
5366 5
6976 7
7246 1
1136 7
4668 6
6239 2
2350 4
6833 9
7590 9
1681 9
5093 5
6231 2
3938 3
7878 8
3505 1
4832 4
5328 3
7312 5
2368 9
6102 2
6817 10
6981 1
871 3
3376 10
3624 5
2024 1
6188 1
3025 5
6344 4
7038 6
1193 9
1873 10
2866 2
1654 8
7591 1
712 8
1056 8
2867 1
5517 1
2908 7
3156 4
873 8
6286 2
1078 1
7707 3
3781 3
845 9
4715 7
5031 1
7405 9
1867 9
6322 1
8008 6
6823 2
3047 8
5421 6
1529 3
973 2
632 9
5121 6
8076 4
5138 4
6293 3
7225 10
1872 9
2338 3
2339 4
2589 3
3343 8
2036 1
4079 10
6505 4
7022 2
1615 2
4807 9
810 9
1314 2
885 7
555 6
992 4
4858 7
6363 9
8123 5
3919 8
823 8
7845 2
1769 1
5903 7
5815 1
2588 8
2804 3
3305 4
4481 3
4890 10
7338 3
1898 3
241 10
4239 9
4974 2
5756 2
7117 9
6374 6
5294 8
4520 2
7723 5
4519 5
7333 10
1088 6
7901 1
1262 5
5436 6
6971 9
686 3
4282 2
5443 1
4222 6
6081 7
3148 4
333 3
803 4
2516 9
5723 2
1783 7
3172 3
1714 1
4599 8
1118 8
229 2
6756 8
1787 7
4200 10
6162 7
6102 4
6137 2
6734 7
7348 1
1817 8
2108 1
4109 7
7090 6
5627 9
6260 2
6635 8
4896 5
6360 8
1881 3
7870 4
627 3
8118 10
794 10
884 3
4163 1
4248 10
4676 4
4502 2
1714 3
1955 5
3551 1
5416 5
4666 7
6589 1
7506 1
5381 6
7913 7
2328 9
5054 2
3927 3
1431 1
6104 8
2269 7
2790 3
7699 8
1251 8
2600 5
8111 3
220 9
356 4
3972 3
6105 5
625 5
5349 3
6077 10
8169 3
3172 7
3096 3
3832 7
2707 1
7814 2
3562 8
7253 3
424 9
1684 6
2996 3
4114 10
7532 10
974 10
727 7
300 2
458 3
1446 2
2987 8
6253 9
6547 5
6299 10
7197 3
7558 9
207 6
3211 5
1884 3
7090 7
3989 5
6286 8
1618 9
2675 2
3527 7
4900 5
7369 8
4764 7
4215 9
730 8
5242 4
5847 3
3237 8
105 9
4542 9
4666 7
1905 4
1235 4
1156 7
8067 5
2460 7
706 3
1905 1
3235 2
1378 4
4253 10
5408 2
4180 3
6716 10
2579 5
2809 1
5464 10
3171 10
3620 8
2151 9
6381 6
7675 10
7797 1
989 7
1548 4
4064 6
5192 6
7555 4
5569 3
7068 10
1319 8
7969 3
4198 8
1136 4
636 4
2880 10
5985 2
6064 10
3787 6
3443 3
3707 8
795 5
2793 8
4674 7
7598 7
474 6
4694 4
4942 4
8069 1
15 2
6684 8
2933 3
1752 9
2392 7
2009 7
3328 8
732 2
4648 1
6052 7
709 1
3444 3
146 2
5229 2
7591 1
109 1
2315 5
5631 5
5918 2
4625 2
6661 8
6884 10
159 2
192 5
1904 7
2150 6
2370 3
5463 1
3869 4
1981 4
571 9
4299 10
5892 8
3411 3
8024 7
4957 8
4615 9
6208 3
214 8
5172 3
2438 8
2638 7
7621 8
6954 6
7855 5
2927 1
6698 1
3479 6
5083 5
961 3
3531 5
122 9
193 5
1952 1
6293 7
6711 10
6876 6
2023 6
5244 7
4670 3
6284 9
3621 2
759 10
4746 5
2933 2
7945 1
6306 1
2421 3
3458 6
5707 8
1564 7
3977 1
7212 3
187 5
330 8
2290 4
4783 6
5102 9
1654 9
7981 4
7518 7
938 6
5395 2
2555 10
2531 3
7539 6
1919 5
366 9
6638 1
1845 9
2059 8
3347 10
973 5
4666 2
6359 10
7738 4
3718 1
3726 10
4706 5
5946 6
7845 2
40 3
1591 3
914 4
300 5
4989 6
4944 9
7918 2
634 8
6513 6
896 2
645 4
2218 1
5127 5
503 8
1520 5
3738 8
3122 4
1943 3
7964 9
5500 8
4605 10
7155 7
7311 3
7268 8
3838 1
40 5
3793 3
1362 8
4074 8
5522 7
6056 4
2462 6
2610 2
6036 2
226 3
6197 1
4405 1
5269 10
2763 5
4938 7
6940 4
880 10
2659 7
3175 9
5649 10
6061 8
6172 8
6966 4
7714 10
1399 4
7235 3
3452 8
6063 5
2667 7
7449 6
1371 5
234 9
1407 4
2872 4
479 5
4896 1
8075 3
5450 10
3783 6
8128 2
2441 8
552 5
1845 1
2207 8
33 7
3983 7
6582 3
4039 10
294 6
2749 8
2185 8
5061 3
7563 7
7912 6
2022 5
2704 5
3115 10
5219 8
5358 1
3402 9
1826 7
7132 7
2664 3
4106 7
400 2
5786 6
3053 4
3861 8
7858 4
2692 9
7938 6
320 1
323 2
4752 8
5240 4
4098 7
6647 6
6512 10
5070 5
1783 2
1888 6
4291 1
4790 3
2088 3
3145 4
8074 6
979 5
2359 5
5366 2
5600 1
6938 10
1892 3
1794 5
7959 2
802 1
5523 8
1981 7
6515 2
1957 4
1732 9
1863 8
4706 6
1493 2
468 2
4545 3
5548 8
6958 2
2076 10
1283 6
3820 1
2694 5
97 8
1734 9
2948 5
2723 1
1235 10
2710 6
2969 10
8082 2
157 2
1248 3
1562 6
2782 1
4783 3
2540 9
7858 3
1471 1
2226 1
4026 3
5550 3
5838 10
6212 3
675 9
7952 5
6431 9
7099 7
4704 9
900 1
3432 9
1738 6
1949 9
5264 2
2486 8
5789 5
272 8
1133 7
3368 2
2290 8
2228 10
1567 2
2972 5
3471 4
4770 4
8048 1
926 10
164 4
5970 9
7593 5
4371 7
3129 5
6164 3
1260 4
1683 6
3696 10
8154 9
6031 6
278 9
8019 8
2220 2
5146 2
3690 4
7484 10
1143 10
3015 2
1374 2
3055 2
2529 3
6193 2
8089 9
1983 10
6831 5
1222 2
1122 1
6586 9
7561 9
5619 3
207 4
4982 8
5042 1
2375 4
7715 2
5539 10
5753 4
902 10
2241 2
5279 7
5343 5
998 9
3198 1
7337 10
3912 6
6056 2
6613 10
7236 10
7775 4
5327 6
2160 4
273 7
5673 6
8148 9
5862 4
6993 1
2637 2
5051 4
2510 2
1118 5
3215 7
4242 10
7237 9
2779 8
3346 10
5952 9
4154 3
3586 9
2736 4
6727 7
7211 10
4510 6
6864 6
2002 6
4336 6
2419 9
6585 1
6952 1
220 1
2223 6
4202 8
6506 1
6960 6
6536 6
5508 1
6217 3
7431 1
7380 1
2182 4
7966 7
302 4
6543 3
7598 4
715 2
1720 7
1295 4
3138 8
1755 2
4882 8
5147 6
7107 6
6225 4
1944 1
3813 4
4935 3
1016 5
7122 7
6801 6
7226 1
987 2
1645 8
5845 9
5965 10
3018 3
979 10
214 6
7198 5
2203 10
3798 9
4054 1
4399 10
5166 3
5315 5
5493 3
738 1
7884 2
7803 7
3558 7
6805 8
1580 6
1280 7
2002 2
3501 7
2667 8
5025 8
4000 10
5746 6
530 4
5066 3
4660 3
4137 3
5588 2
5561 1
116 5
3498 7
3254 6
8054 1
1357 7
4326 1
7027 2
6575 10
1142 7
5522 6
7799 3
3454 3
7857 3
5307 1
7977 9
2610 8
643 1
4724 9
7579 6
7952 7
955 1
1389 7
3008 7
4217 8
4472 9
2239 3
6369 2
7955 4
4461 1
137 9
3373 8
6210 10
6860 8
1181 7
7790 7
2130 10
1929 4
3370 9
4152 6
7401 10
222 10
2425 5
4157 1
5985 2
7731 3
8032 2
1083 7
2249 8
2383 6
4745 1
6056 7
3822 6
5935 3
245 5
3326 1
4608 8
6579 9
6973 1
8145 5
166 8
1855 8
2693 4
5781 7
5971 9
6128 3
6512 3
6889 6
3125 5
1729 3
1025 6
5724 3
397 5
444 4
5368 5
4058 5
84 10
290 9
7881 8
6205 5
6364 9
7598 8
2443 9
4285 5
4915 7
7703 8
8159 10
6626 4
7516 1
741 10
5666 4
5130 6
1638 10
4190 4
7449 3
8191 9
1239 5
2862 9
5018 5
5646 8
3542 9
4684 6
2669 4
2943 9
3524 10
7762 4
5236 10
8105 3
8111 3
290 9
505 3
1555 6
7913 3
5293 10
7451 6
7723 10
962 2
6104 8
2672 6
2308 2
7884 5
6307 10
840 7
5246 8
5769 10
4133 7
2999 5
7164 5
6375 1
7623 1
3574 4
5375 4
6534 9
7070 6
7327 5
396 3
501 3
912 8
5591 7
711 3
4313 10
6848 5
1476 3
4407 7
5735 6
427 9
6456 9
6281 5
6593 2
6712 10
1906 8
5854 3
7907 3
3519 8
3665 6
4462 4
3730 9
4604 3
913 8
7867 8
958 6
5452 6
6537 2
542 7
358 2
2788 2
7235 6
2298 1
1399 2
3828 7
4357 4
2342 5
1053 8
526 4
1261 10
1728 8
3496 2
3639 5
5534 10
7070 10
7838 7
5774 4
3777 9
4037 7
109 3
6481 6
22 9
998 8
1928 5
4395 5
5918 10
1558 5
476 6
2273 9
3042 6
4502 3
4751 2
3496 5
3961 3
6906 2
3191 5
8090 4
2797 10
4767 1
3399 8
3833 8
5078 3
496 5
6296 6
1603 9
2065 8
6037 1
7865 10
5560 10
1156 10
2546 7
6582 10
7593 8
463 10
3964 10
5850 2
7551 7
14 10
5733 4
6342 9
293 5
1220 10
5991 1
2618 8
3595 8
7862 10
135 3
1759 3
2072 8
3116 8
3808 9
5148 1
5178 3
5388 6
3650 9
2134 10
5592 6
7292 8
1426 8
1005 9
4267 2
2220 9
251 2
713 9
4167 8
5527 4
6132 2
5390 4
1405 1
3693 10
4595 6
5005 5
6720 4
4581 5
6229 3
6583 3
7184 9
4268 3
4941 3
8045 2
6027 9
3026 4
3769 6
4851 2
5525 9
94 1
1688 2
6973 5
1371 8
3373 7
4243 9
4359 5
5876 9
6102 1
5677 9
257 7
7258 10
8095 3
3542 3
4100 6
378 5
435 10
5543 3
6995 1
7893 8
1954 10
5067 3
5784 6
6996 5
1794 3
2057 5
2335 6
3514 8
810 6
271 5
1126 5
6791 9
5329 5
6971 7
3467 9
562 4
2798 1
6777 1
1960 3
5245 3
5578 7
5742 10
6674 9
6708 6
206 6
4898 2
585 6
7360 7
1135 3
2714 2
7934 7
6496 8
1446 4
1456 6
2285 1
6166 5
7109 6
714 3
1402 1
304 4
803 9
905 7
3188 6
4877 5
5930 9
7151 5
3603 5
5379 9
1869 6
4750 4
2547 9
705 2
85 8
5035 6
6084 3
786 8
7710 1
1060 10
2149 6
1409 9
6988 8
6537 2
6968 4
4774 5
5698 4
6159 10
4606 1
1769 1
6256 8
689 7
3826 10
4560 5
4808 8
3432 9
2059 5
1327 5
6837 6
371 4
2708 3
2910 5
3427 2
6123 3
7676 2
2594 2
4344 6
4310 1
2924 10
3963 9
4153 5
4781 4
5898 6
2512 3
7708 3
3471 1
7905 8
6933 10
2042 3
5017 5
606 8
918 8
1088 3
495 1
7759 7
451 7
3341 3
4879 8
3577 8
2926 10
1127 6
7584 5
7735 8
7850 2
2862 4
6144 3
7541 7
2022 4
5238 9
7130 8
7251 7
7433 5
3710 5
1477 1
4641 8
623 7
5352 2
6490 5
6935 10
7250 2
4311 2
5436 4
6406 3
7219 4
7888 3
5286 10
5005 6
8166 1
5089 8
1607 6
2319 2
4135 6
5751 9
4525 10
7460 8
1324 8
2777 9
4061 8
8063 2
4657 2
6428 7
814 7
2111 7
2123 9
3263 6
1424 3
1596 9
6617 9
4702 2
2780 5
3927 3
555 5
6147 4
2626 10
6306 3
5371 1
167 6
903 7
936 4
2769 10
7177 9
7759 3
6597 1
3052 5
6386 3
3269 8
3957 1
8063 1
7092 10
1675 1
2736 8
2795 10
4029 6
5293 6
63 8
6702 6
6914 1
321 4
2158 3
3970 7
1859 9
6194 3
1911 8
1781 3
7355 6
3527 9
6289 3
6534 5
728 3
2536 4
5396 4
6035 2
1059 3
4999 2
367 8
63 3
1604 8
3523 3
5439 1
2866 8
5129 10
8152 7
940 5
2454 6
3851 3
5690 2
6897 2
82 9
5198 10
2746 6
6863 8
6766 3
2198 2
2633 9
3838 1
4215 6
4922 2
5716 4
456 10
4287 2
6648 9
488 10
4480 4
2112 2
1527 9
8072 7
2258 8
4456 8
3777 5
1990 7
5111 1
5053 4
4845 3
7940 6
8054 5
7479 1
7793 4
1197 8
1986 10
3784 4
6034 2
6407 9
5587 7
5266 6
4597 3
5149 7
3595 7
943 3
1870 8
2069 10
1768 5
2929 10
5448 9
5597 3
5770 7
2135 7
25 10
2485 6
3386 9
5083 8
2790 1
3297 10
6689 4
6949 6
7096 2
179 8
639 10
1678 9
8158 8
2767 6
714 6
3957 6
6685 9
7434 2
3342 1
7676 10
1193 3
2396 6
4080 2
1525 6
1480 8
6639 6
6355 2
7758 9
7898 2
5607 1
3827 5
569 6
6751 10
2102 7
3206 1
3597 2
3111 5
1034 10
7725 6
2988 4
7633 4
670 2
2952 2
3946 7
5931 5
2481 10
7022 2
8087 2
7365 9
8115 4
61 3
3268 10
4704 8
3004 2
5894 9
4039 3
5901 3
6591 8
2385 5
2739 10
5688 3
5212 10
5776 10
6836 8
1341 10
3322 3
5033 7
2701 8
4263 1
7241 6
5253 4
7604 5
3670 7
6067 9
2239 5
1890 9
577 3
1697 8
4456 3
4559 5
4616 2
4981 2
2291 4
5290 2
1742 6
6330 2
8112 1
807 6
4315 3
4626 6
6948 10
3242 2
1104 10
1937 7
2282 8
5709 3
6210 8
4335 8
4855 4
1838 7
6956 3
2352 2
2613 4
5746 9
2960 5
454 7
2966 2
160 2
557 2
4113 5
130 8
1863 4
6548 9
8089 8
2939 1
3821 2
5411 6
5593 6
6001 9
5462 6
2662 4
3420 8
3153 1
6389 2
2035 4
2877 5
4253 4
4465 5
4943 6
6057 2
7945 10
5902 9
3883 6
597 8
100 5
7754 7
5215 7
1125 8
7860 9
4725 9
4985 1
1251 2
4271 6
5277 1
1329 3
1740 9
2042 3
2177 1
4775 10
5655 7
4553 10
3888 10
7513 1
6790 5
3183 1
6826 7
7195 6
1519 9
3105 4
4830 3
2067 10
5033 3
5049 8
713 2
6654 9
7168 4
1506 7
2722 9
4733 7
4848 1
4952 2
5352 1
2986 1
2231 7
2838 1
3275 5
6537 3
6391 3
264 8
3775 3
4740 8
3795 10
266 2
1996 9
975 9
1107 2
1458 10
1832 9
3014 10
3064 7
4820 4
2861 10
7231 10
3455 9
2157 7
7240 5
7873 9
414 10
448 5
720 5
2082 7
2431 3
6591 4
7574 10
2850 5
732 8
1523 9
5756 7
7450 5
2845 3
1919 9
2899 8
4856 7
2754 10
2037 7
7503 1
1250 2
1430 9
4447 2
7057 7
7460 10
263 2
1423 5
4930 9
5146 1
5948 2
3765 4
6319 6
274 5
3842 6
4662 5
5559 3
7124 1
7403 6
7469 4
1107 6
7587 9
1689 3
274 8
674 2
2200 2
3499 2
3019 7
600 2
7026 10
881 2
2507 7
2622 8
3568 10
1886 9
2090 5
3641 5
3512 5
2584 1
4240 7
5236 4
248 1
5862 5
1344 1
1976 2
6176 5
1965 1
1854 1
6423 8
3186 2
3784 7
5814 9
1328 7
524 10
5886 4
2727 8
1054 3
4962 7
1898 7
6789 1
7194 6
5237 9
1415 3
4245 1
5867 7
6088 9
4780 2
1759 3
4576 6
5931 5
5813 7
4644 7
7356 7
4072 9
6068 8
6039 2
2438 6
2127 10
4538 7
2344 10
5548 6
4239 2
705 9
2598 6
5364 1
7103 10
4511 9
6634 1
2034 7
4062 10
4148 10
6230 3
1060 2
2395 10
7775 4
4107 6
4241 3
3421 2
4605 5
5486 3
3085 1
134 2
266 2
6793 9
7921 9
2050 9
3588 10
1217 7
6043 3
6087 7
490 3
1093 5
2981 4
3171 2
4387 6
5459 10
5720 9
5827 6
3349 9
1684 5
511 2
162 8
4589 7
3748 7
1354 5
4779 1
916 5
6620 7
7064 9
6187 6
7279 4
125 1
3234 7
2368 10
931 6
7298 1
1159 6
1916 10
2325 7
2429 7
1199 2
4069 6
3921 3
6067 10
6850 5
6350 10
6481 5
3178 5
3858 2
4234 3
2258 4
2460 10
4535 6
4712 8
6008 3
7130 9
3545 4
7472 5
8144 7
1323 6
3593 10
4095 6
1817 1
4677 5
2578 5
3365 10
2476 2
6471 2
3539 8
6941 8
309 8
2255 9
4058 8
3857 3
5766 4
2199 7
2588 3
2564 7
2594 2
4738 5
2842 5
3891 2
2988 6
3066 5
539 10
619 1
5405 2
6225 3
6089 1
3252 3
5734 7
1929 3
6606 5
6956 9
7899 7
1370 6
4510 8
6172 10
5131 4
4937 7
7622 3
6545 6
8190 9
570 2
7197 9
411 3
3701 3
2768 6
3794 6
3733 5
2472 10
812 2
3777 7
7470 10
133 10
5847 3
250 1
5666 5
3003 8
3228 1
13 4
1750 3
5038 8
6395 4
1224 2
4628 7
1093 1
327 10
5477 3
7264 5
3043 10
4625 7
1988 10
6630 2
7334 9
445 9
4791 8
1920 3
1025 10
1212 2
6724 10
2591 3
3407 1
2153 4
2256 7
7004 3
2954 1
3475 2
5679 6
3548 4
6880 2
3567 7
2087 6
4120 4
4322 2
5616 10
4828 8
3035 8
6837 10
6991 2
1792 4
2961 10
5352 4
3851 5
128 2
3087 8
154 4
925 8
2011 8
6275 6
1384 5
4167 4
7271 8
7572 4
3487 2
4159 9
4896 1
403 10
960 6
4026 2
5068 5
7115 9
2359 9
6869 9
2560 8
5420 8
5458 9
6041 1
3744 4
3312 1
7559 4
8080 6
1020 2
2765 10
3106 8
54 3
1902 9
3841 8
7511 5
806 9
3107 6
627 3
2199 8
7547 6
7541 9
2693 4
5412 8
2623 3
2760 10
3237 10
2778 10
3019 4
3084 5
3762 5
4020 7
5481 10
4840 10
211 3
838 8
1312 7
6393 9
5176 5
108 2
7697 9
7991 8
5995 10
1768 6
2480 6
419 4
7788 4
2737 9
3300 3
1794 2
713 1
3432 8
6254 2
48 1
983 4
2432 10
5806 6
7434 7
7951 8
446 7
776 2
7422 9
83 8
5268 7
2355 7
6448 10
6734 9
653 1
2156 2
2751 9
3122 3
4834 3
5544 10
414 9
4178 9
2032 4
7842 5
7188 1
310 4
1345 6
5917 10
1453 5
5403 5
7871 3
1048 8
4164 1
5775 4
6971 3
5294 9
7706 6
4683 3
7353 9
847 7
2588 1
2715 6
3425 6
5326 8
3008 3
7265 7
2530 3
2368 6
7167 10
7643 3
3999 10
6728 8
8001 10
1292 7
1499 7
3314 3
3604 10
4030 8
5448 5
6905 4
7018 1
1443 3
2465 2
7581 6
5134 10
6522 7
6008 5
7445 8
6975 10
5551 5
5039 9
5781 7
6189 9
3866 3
3690 10
7987 8
1009 9
1420 8
1561 7
5052 5
5553 2
1434 7
3951 6
2120 9
1502 8
1611 8
5501 7
6037 4
5895 6
6960 4
3928 4
3141 2
4526 10
5573 2
2633 4
2804 8
4273 9
4339 9
4495 2
205 10
674 6
2123 1
285 3
1623 2
2684 2
3519 7
3538 3
139 7
3681 4
4065 8
4823 4
7104 2
2376 3
1688 6
2296 8
2126 10
693 7
8020 4
2062 3
4623 4
5825 10
6299 10
2121 2
4273 4
1218 1
1394 4
5952 9
1769 4
4358 9
7724 4
1497 6
1645 1
3488 8
3865 4
5279 3
5973 5
7629 4
6005 5
3923 7
4143 10
4351 6
5554 1
6542 5
463 9
7703 7
2441 9
3787 4
4393 8
4466 5
1372 4
7205 9
388 4
2451 9
3962 3
5237 8
6246 2
4389 8
3452 6
5234 7
7063 4
2181 7
4157 9
292 9
4748 1
7483 3
5834 7
9 1
256 7
1299 2
5879 9
487 1
6446 2
570 10
3782 2
546 7
3597 10
8 2
6970 10
6519 7
331 2
4504 4
6094 10
3954 5
1477 8
3499 3
8062 3
3583 10
3771 7
3923 5
4395 6
5069 1
6058 8
5293 1
223 9
6586 10
7334 3
971 4
2977 9
5048 5
5669 10
1436 10
1206 4
4238 3
8151 8
7792 10
4909 2
7545 3
6599 3
31 5
1066 2
6046 9
3542 7
3984 4
6937 7
6586 6
3692 10
4490 5
5826 2
6166 9
309 2
1535 3
5038 6
5897 10
5256 2
5962 2
7902 1
7277 5
786 8
1813 9
2866 4
4006 4
5516 2
2031 6
1363 7
7571 7
4484 3
3144 10
206 4
6590 4
1711 6
570 1
5062 6
2240 1
4331 10
7337 10
973 6
6158 2
886 7
1177 2
1820 3
7979 1
8168 7
1284 10
3235 10
4284 3
5854 9
5979 10
6022 6
7583 4
3943 7
6995 3
7757 7
7823 9
4719 2
4914 10
5108 9
2259 1
366 3
3219 3
103 9
1389 2
1634 4
2505 8
6417 4
354 8
7016 7
4008 6
6459 9
7133 8
3332 6
6049 6
429 5
1351 6
7690 7
5049 10
3274 7
4138 2
6173 1
2407 7
3890 8
6721 3
420 7
3347 2
2290 9
1054 10
5228 5
3635 6
4840 3
682 5
7656 7
3929 10
4073 10
1619 7
3480 6
7025 9
999 7
7516 6
4385 4
4908 6
5205 6
5703 3
4695 8
6567 10
753 7
4903 3
359 7
5701 5
2153 7
5377 7
6074 6
5362 10
6526 6
7925 9
1177 8
1070 8
297 2
7902 7
850 7
1141 7
1666 3
3072 5
4360 10
5250 9
6596 1
6960 10
7957 9
2990 3
5054 2
869 7
3725 3
2698 6
4955 10
6605 8
2329 4
3060 3
5562 4
6227 3
3339 4
7672 6
7769 2
7830 9
420 9
793 7
1299 4
1707 5
2549 10
2922 2
5371 7
7294 4
4953 10
7417 9
6259 2
6576 4
6755 1
1249 2
5975 9
4614 10
1481 9
1334 5
3304 6
3606 7
3810 7
6268 3
1792 5
1016 1
4437 1
5201 9
2526 10
397 7
2810 4
6487 1
7807 1
1919 9
2708 8
3704 3
4703 6
6328 9
7518 5
4093 5
1508 5
1853 5
399 2
8094 4
4924 1
6311 4
7615 2
2438 9
472 5
3850 2
3671 10
5787 8
795 8
6961 7
7074 4
7369 8
8128 7
3404 6
5154 4
6808 3
2366 5
3857 2
3434 5
6707 9
242 6
1165 8
3764 3
4106 3
3457 6
3106 8
5753 3
5199 8
2143 6
7617 4
1280 4
2039 6
3985 8
3048 7
5164 4
4753 1
6652 7
2402 9
3677 10
2687 8
2187 2
2331 5
3479 1
192 3
1053 2
7310 9
7382 10
4536 8
5759 1
2031 2
7873 3
4994 9
5170 1
484 2
432 4
239 5
1692 3
2934 2
3227 4
5235 6
5298 6
6219 3
2753 2
469 8
5931 9
1516 6
7934 8
1860 1
2513 10
5980 5
6239 9
4881 4
633 3
815 9
424 8
6878 6
260 9
1286 9
4450 6
3647 6
7651 6
7133 4
47 10
2289 7
2744 2
4174 7
1493 1
1058 8
5764 10
5918 7
5806 6
3158 10
5240 7
4095 7
2440 3
202 2
256 9
770 4
2236 5
1029 10
6021 3
7524 1
806 6
2164 7
3401 5
4589 1
4827 7
5339 1
5401 9
197 1
4487 6
986 5
2096 5
2080 3
8173 9
2191 10
6843 2
324 5
3099 9
6922 1
1514 9
4669 7
3014 3
888 7
4095 6
6504 8
6620 10
8058 10
689 1
1549 7
4789 2
5699 6
6373 4
6786 4
962 4
5066 1
7586 3
2038 7
5012 4
5491 3
7360 10
2229 1
2183 5
97 1
1134 7
4984 9
590 9
4716 1
1867 10
4003 9
4551 1
4947 10
3853 9
5586 2
1959 7
7706 2
754 4
2996 4
5936 9
2499 9
2299 9
7436 2
172 6
1834 3
2346 4
2934 4
3009 4
3971 6
5335 4
7411 2
1089 3
4521 6
6281 8
2546 7
3783 1
302 10
3536 4
4761 9
4750 6
3269 9
7217 10
7191 5
439 10
3485 1
7527 4
4873 4
2815 3
1575 6
6695 8
3616 9
7452 4
3277 1
3719 7
4758 3
73 5
1164 4
1753 1
5016 1
6222 7
2264 5
332 7
1901 9
3802 6
3083 3
3102 5
3701 3
8042 7
102 2
294 1
2979 9
4370 5
515 9
4979 7
7761 4
6438 5
1254 9
2774 10
5129 4
5424 9
6123 9
5799 4
7398 7
835 3
5919 10
821 9
3866 5
327 7
411 6
727 8
6524 4
7971 10
7346 1
5035 3
5209 6
7607 9
8135 9
4690 10
7509 3
794 4
3038 2
4803 8
7935 8
2552 7
607 10
2005 8
6902 9
3337 10
4517 7
7685 8
3717 3
3625 1
6912 5
6768 7
7913 5
1008 9
1784 5
5943 9
3205 3
1669 7
6430 5
6829 7
7471 1
1398 2
3827 6
5262 4
1919 4
2610 5
938 9
1136 10
3862 5
4911 8
7828 8
7252 4
639 1
6724 10
2416 3
2239 3
2771 2
2875 1
3702 4
3894 4
4337 3
3588 3
5539 8
5702 3
5740 8
3686 1
7785 9
1065 8
5403 8
360 2
4685 8
6738 6
860 10
5212 2
2609 10
2547 1
3202 8
5043 2
5680 10
7173 7
2174 9
4525 3
6357 2
7278 1
2707 4
7799 5
2831 3
3562 5
5581 3
3464 6
4320 8
1987 8
1935 10
3801 10
3862 10
6333 10
3631 7
1991 7
2839 6
476 6
4211 9
7115 5
4803 7
4748 4
2862 10
6717 5
7664 9
1523 2
1816 9
1873 10
3002 10
1749 1
5707 10
7486 10
2747 5
3181 10
7681 7
1853 9
1237 5
7134 8
806 9
3222 10
6862 10
6601 6
7221 6
4815 4
5854 5
7403 2
7618 4
3735 10
4845 2
3916 4
6683 10
5471 6
7563 6
231 10
1273 7
5095 1
6176 9
511 7
1478 5
1519 8
4375 9
5130 3
7015 5
2050 1
8083 5
7523 4
2981 1
3281 1
4394 1
1751 5
6623 5
7365 4
378 4
415 4
1016 7
4405 2
5239 3
4735 7
6373 9
471 3
7578 2
1420 5
4071 2
4733 10
506 7
4062 1
5326 3
1506 6
3175 4
5520 3
3068 3
289 8
8106 5
1755 5
3648 10
5345 4
387 6
5289 3
6811 8
1078 5
1171 8
94 4
7941 5
1447 1
7811 9
1015 6
1609 6
1756 1
4723 6
1811 7
564 10
2774 4
2909 4
3254 9
5603 6
7255 2
1398 9
498 3
4388 4
4977 8
5190 7
2089 2
328 1
2282 9
3868 3
378 2
7857 7
2084 1
7830 5
41 1
1060 5
999 9
1395 5
1939 10
3686 7
1805 4
1503 2
118 6
1360 6
2194 10
4255 10
4842 6
5256 9
1084 10
1150 7
6303 2
7324 9
2824 4
5731 1
4212 9
4440 1
5098 9
6609 6
6792 1
7871 8
1785 8
1263 3
1133 9
1716 3
1134 10
2574 1
1031 10
7544 3
5493 6
140 2
1006 6
2087 6
3282 1
4711 5
7473 4
811 2
1024 5
3848 9
339 2
6994 1
2915 3
5526 7
3184 4
7699 2
6552 1
826 2
2546 10
5429 6
4571 2
2268 2
7185 5
2353 5
8142 2
906 5
722 10
6732 4
2314 5
3315 6
5446 10
7047 10
5403 1
6530 6
6969 9
7349 7
400 7
2818 3
3412 1
6183 6
6299 5
1228 9
4109 5
1531 4
2888 3
3836 4
5276 4
1367 10
290 10
7845 7
4955 1
2862 7
7502 3
2211 6
2560 9
1957 1
169 10
6637 3
7339 9
5299 8
6518 6
7717 1
1703 8
7026 2
7293 10
1882 9
6392 1
2353 6
2403 3
2764 6
2879 4
5825 6
5133 5
8023 7
1612 4
3084 9
5559 5
7555 1
1097 2
5913 9
3093 4
7881 8
343 10
6218 5
7755 9
7914 3
908 2
1442 3
6028 7
4681 9
5092 8
665 5
1190 1
7827 1
8188 7
5566 8
4112 4
8063 4
7451 4
7825 6
6495 8
2874 9
3804 10
596 4
1737 4
390 2
7308 9
7816 3
1531 3
2830 3
430 7
957 3
7584 3
348 7
487 1
1540 9
4700 6
5374 1
7424 10
819 7
6492 8
1690 5
7431 8
6204 8
2146 9
7594 3
3008 7
5586 6
6520 2
7832 6
1150 7
2170 2
5512 8
1694 3
7849 4
7327 3
5089 10
7678 8
8024 4
24 5
225 1
878 4
3966 5
7773 3
4308 5
4608 3
7183 6
2427 8
2497 3
2878 10
2835 1
829 8
7312 3
239 9
7981 10
5875 6
5262 8
3059 10
3348 3
6988 1
5803 9
2036 1
4419 4
2063 7
5773 6
6582 1
114 8
6966 7
6416 8
3172 2
317 2
3678 7
2226 3
6044 4
8176 2
4528 2
4229 5
6143 1
403 8
2600 4
3673 4
5602 2
2042 9
3883 6
1918 3
1806 1
2680 6
2796 10
4646 4
6691 1
7111 2
1992 3
269 9
485 4
1864 9
2341 5
5476 7
2986 7
4637 10
4251 8
3076 9
3447 9
3674 3
5051 7
8046 6
5648 1
840 7
3761 3
7065 10
7149 9
914 5
6114 10
6164 3
1674 8
1252 10
3625 9
4093 2
5723 8
6098 6
4710 9
1173 4
5648 1
35 6
7252 5
7828 9
2930 9
5657 1
3766 10
4228 3
5774 1
6117 2
1015 8
3389 6
1849 9
2651 1
7218 1
835 8
2149 1
2621 2
1169 3
2617 9
3838 9
4748 4
2238 8
776 2
6996 3
4068 6
8029 7
1838 8
4270 4
4713 2
5302 1
6485 6
6608 10
3504 9
6750 4
1833 4
5498 4
5920 8
1620 3
6358 7
5623 2
5690 2
6010 10
8156 3
6496 2
7551 4
870 8
290 3
2000 1
5903 9
2067 5
4035 3
1416 2
7144 2
7180 6
1899 8
4559 8
4028 5
6340 7
8122 3
7068 2
852 6
5857 7
1212 5
2520 10
684 6
3861 9
6433 4
2558 3
4836 2
56 10
537 1
1155 3
2097 1
2401 7
6022 4
4030 10
7092 1
2666 7
6381 6
2119 7
6002 3
7657 4
4352 7
2959 4
614 7
3415 9
419 2
550 7
4003 4
2804 5
7652 2
1053 3
1309 9
7945 8
1867 3
4684 2
7030 2
5644 2
1669 8
6964 6
6480 6
694 6
2456 3
5245 4
3548 3
3158 8
1740 8
4636 4
5462 10
5822 2
1345 8
3322 1
2742 3
7565 6
1597 7
2904 10
3483 4
4079 7
4693 2
6991 10
5044 2
1278 1
1293 10
1305 2
1571 4
6174 9
6230 5
3493 9
6015 8
2132 9
2507 7
2699 3
2838 10
2736 3
2072 2
4705 5
1606 9
1984 9
5754 7
6143 6
1662 3
2894 3
4449 9
1215 6
2759 9
6179 2
6268 3
6690 9
5851 9
6209 2
671 6
8010 4
456 5
1871 2
2992 1
4714 5
1523 7
6864 8
913 1
921 7
1275 3
1352 6
1625 6
531 4
7505 1
7800 6
7912 10
208 8
3877 1
5023 3
1250 5
4782 4
734 10
4447 6
8060 2
1190 4
7381 2
3830 5
2923 1
8040 1
756 4
3742 8
6353 5
7339 3
2433 3
3770 6
2016 7
2128 10
2170 1
2283 6
3638 1
5807 2
6145 3
181 9
2953 6
5725 9
6597 2
8096 5
4181 5
4218 9
5325 9
2626 10
6307 6
7874 10
3658 3
4143 2
1771 2
531 4
813 10
5346 8
6067 5
156 6
4642 3
5451 5
860 2
6751 6
7076 5
7696 5
728 1
1881 5
343 5
6258 9
6667 4
8074 6
2575 6
3519 5
1527 6
3721 6
3255 8
3797 8
8060 7
1018 7
1056 4
1142 10
2161 2
4842 2
1239 3
5597 6
2434 8
4937 10
5016 2
3551 5
1185 7
2980 3
6595 7
1558 8
4296 3
5642 1
6477 1
7023 9
2650 8
33 4
157 3
7514 9
3522 7
5317 8
436 9
1563 6
5417 9
584 9
4041 2
7850 9
5753 8
4763 1
5163 3
7969 8
7247 1
4047 4
2345 3
4087 6
659 1
3003 5
1078 5
858 1
2310 2
2819 2
2947 1
3294 10
319 10
3457 4
7689 4
2400 7
5101 8
3396 6
6683 7
4488 8
7202 8
3607 10
4006 2
7874 8
5242 5
4739 5
2349 1
5333 6
6972 1
1668 10
3024 10
4274 1
4910 3
3310 2
8094 8
6842 3
4382 2
5139 7
2304 1
7359 10
3593 6
7734 10
7761 5
533 9
1029 8
2325 10
3906 5
4649 4
3590 5
2233 6
6918 2
5548 9
4522 3
1097 5
5904 1
2805 2
7272 4
7291 6
1510 6
3447 6
4814 5
5068 8
681 10
991 1
160 6
126 5
862 1
1350 5
5832 6
6379 10
2271 1
7073 2
7493 3
8037 3
1862 7
4408 9
4299 5
15 9
407 10
1513 10
2474 4
2667 6
3416 4
4798 7
3413 6
5314 7
4646 5
4810 1
7013 10
7087 4
4333 6
3935 1
1913 9
668 10
6923 7
7637 9
4077 5
4100 5
4534 5
1846 5
1990 4
8090 9
1177 8
2753 4
2754 6
4951 2
7233 6
2397 9
8124 9
3912 6
6788 6
5301 10
1700 2
4286 5
5822 8
6155 10
7986 5
4219 2
384 8
3202 9
7880 6
8094 8
289 8
333 4
4254 3
3015 8
6389 4
434 6
3272 4
4365 8
7750 1
1905 1
2004 8
4383 7
6865 4
7939 3
2855 7
4938 6
8021 3
838 1
3658 6
5969 6
6163 9
7075 2
3602 4
1971 2
8162 10
4860 8
8000 10
3005 7
5265 4
6661 1
6696 10
235 4
4113 9
4208 4
5071 8
8119 4
6975 5
8047 8
3921 10
5040 3
6108 3
6503 1
4442 7
6188 10
5995 9
3623 10
6604 5
7903 3
3580 10
5389 7
5398 4
8148 10
6194 3
8124 4
6900 5
8041 5
2953 5
7772 7
7373 7
151 7
2230 1
3027 9
3266 3
5126 8
158 3
7275 3
6142 1
89 7
481 6
2864 8
6363 6
6133 9
6360 10
7353 9
3098 9
120 4
7410 1
7054 7
1820 2
714 6
1110 1
5739 9
881 7
1330 1
1418 10
2593 1
4803 4
6060 1
795 5
1347 7
4110 8
8179 3
7254 3
7778 6
6367 4
1672 8
1188 8
1356 9
4099 6
4263 1
5069 5
6271 4
6250 8
170 4
7588 7
2630 2
3412 2
4884 1
5071 1
5979 4
450 2
7663 2
2414 8
3059 10
5832 6
6176 2
2231 9
6821 4
1176 10
666 6
3700 10
4992 5
5301 2
7542 4
7605 4
8146 9
733 2
1157 3
6551 7
755 7
2928 7
2873 6
6383 1
4736 9
6544 2
2668 2
6226 1
5565 5
1028 5
3273 5
1659 8
5796 9
7772 3
71 9
1127 4
5257 2
524 9
824 8
6362 3
1481 8
8126 8
3691 4
1397 2
3152 6
6453 6
7074 7
1180 10
7903 10
3004 4
5427 3
5620 3
7467 9
4104 2
1507 8
1506 8
2026 10
2284 10
4762 1
4994 8
5673 7
630 3
324 10
2800 2
3096 8
5426 4
6582 5
7646 6
7186 9
1519 3
5316 7
5856 6
5954 2
6385 8
5380 6
262 2
9 5
1742 3
6030 10
2947 1
6306 5
1584 10
1087 4
2204 2
2762 7
7715 3
141 8
7089 4
3633 3
2122 2
4544 8
4901 1
6518 10
2348 7
7218 4
5920 2
819 2
6472 6
3995 5
2580 8
248 3
5586 9
238 4
7178 4
2886 5
5342 1
6691 4
1977 3
6912 8
6975 5
7262 5
2103 6
5739 8
3161 9
4804 5
5512 2
67 3
570 10
1445 4
3369 1
4858 7
2776 2
6137 10
1137 8
1481 7
1096 4
1798 7
5356 6
5933 8
8078 7
754 2
1989 10
4872 10
4748 4
3036 3
2974 10
5364 1
2805 1
3319 2
525 9
2010 3
6838 9
7731 5
301 3
3870 1
4500 5
6223 9
4759 2
5818 5
6655 5
8069 1
2946 7
3086 7
3664 2
4286 10
4592 1
4957 7
5786 9
5915 1
2684 9
560 10
1840 2
2151 7
4348 10
6296 7
6416 10
3078 7
7 5
7243 6
8149 7
5161 8
2533 3
1802 8
2615 9
3290 10
3488 1
4805 9
5446 9
522 4
1475 1
2806 5
2904 5
4061 4
5831 4
6029 7
5969 9
6458 5
5704 7
3043 8
6937 4
6873 8
3606 4
7542 5
3980 10
7 2
5647 2
4759 3
210 9
4654 10
5239 5
6167 4
7176 4
3889 9
7392 6
4719 8
5934 10
4080 3
5364 4
682 8
7707 9
493 5
4205 9
6758 5
679 1
7342 4
1299 6
4075 10
6737 10
7123 10
1608 4
6313 2
4285 7
3737 10
4023 4
8170 5
3766 8
7155 10
1645 5
2062 8
2070 5
5428 5
7683 1
2206 10
7606 6
1867 4
380 4
1180 1
2598 10
2586 6
3937 8
2392 7
5821 4
5656 5
6288 1
1476 6
2697 9
645 4
5102 6
5170 3
5248 2
5438 8
5772 5
2525 5
6057 8
2535 4
1002 4
1643 8
4559 1
1401 1
6747 9
591 8
6484 3
3722 2
1759 7
2007 1
749 2
1566 6
1765 2
5383 6
6093 1
2202 2
1910 10
1867 1
2008 4
3249 7
3684 3
5728 3
6246 6
5936 5
4945 3
5616 8
1057 5
1552 2
4600 8
5003 9
1146 6
3735 1
233 7
1187 5
7206 4
4506 6
5666 2
1074 3
6797 10
5110 2
6975 10
1993 1
3025 5
5020 1
1546 9
5855 4
3426 7
411 8
1178 5
2941 7
4786 6
3241 5
2864 7
7733 9
428 3
1156 6
1324 5
2135 7
1142 5
8049 8
1037 6
2742 2
3709 4
4045 4
5225 1
5369 7
7408 4
7155 5
7188 2
822 8
1683 4
2938 2
4300 4
7113 7
5019 7
4285 10
852 5
953 4
2781 1
4327 6
4556 8
6113 6
3957 9
742 9
7590 3
6999 6
548 1
5877 3
6235 9
841 1
7475 1
8175 3
1369 3
546 9
648 8
7582 4
3613 2
7577 8
1293 4
7603 6
3228 10
2188 2
766 2
4429 6
5991 2
8030 7
1140 6
5824 7
1986 2
6401 7
3650 4
5615 7
3893 6
7604 3
2845 10
3038 8
4619 9
4843 6
4689 8
5753 6
6266 9
2340 6
470 6
5805 5
6617 5
1435 7
7740 10
6734 3
6794 4
1826 8
3511 1
1400 5
4970 10
5533 4
7575 6
1829 10
5187 9
3271 3
3475 1
6707 1
6782 4
1071 5
2138 6
2174 10
3040 10
4964 4
7839 5
7722 8
7118 9
7498 3
6899 7
567 1
4226 10
5694 10
8082 5
3186 4
3860 8
7438 7
1398 3
5606 10
5610 2
1279 3
4502 2
4740 8
6580 1
2108 10
6082 8
6860 6
2927 1
4319 4
548 9
3207 5
3175 10
3251 2
688 5
2226 6
340 9
2214 6
5083 4
4388 1
2048 2
7128 1
813 1
3090 8
3127 4
3187 6
5326 9
5646 1
4421 6
861 3
2048 3
550 8
5316 2
2916 1
5944 6
7037 2
353 1
2347 9
6548 4
992 2
415 2
2557 10
1466 6
1983 3
4418 10
7764 3
3572 3
3718 1
1102 10
4320 4
7404 1
4911 8
2370 4
6806 4
1107 6
4934 8
3636 1
8156 9
864 1
3551 9
307 8
4150 3
1778 8
2102 1
4341 3
4774 2
1198 10
2756 3
7235 10
561 5
1351 10
7855 3
4106 5
923 8
2614 2
4476 1
6202 9
8029 7
4999 8
19 7
4458 6
1600 6
5863 10
5741 10
4161 3
4713 7
5445 5
4315 5
544 2
1152 2
6692 6
7560 8
49 6
4154 5
5401 1
5626 2
5540 1
3197 2
1694 8
3771 2
4183 9
5381 10
2622 7
2367 5
4410 7
659 9
5976 2
7911 9
35 7
2961 3
4825 4
5014 3
6828 4
4417 3
3273 4
7560 5
1402 7
5800 5
1169 6
8088 4
1030 8
1139 4
2971 4
1104 1
1579 4
491 6
6455 10
6559 7
2449 1
477 1
5681 10
7630 6
2277 6
2437 9
3549 5
4202 9
6079 8
1672 10
3594 4
4118 1
977 1
7045 1
6245 9
5804 5
8102 2
246 5
1221 2
6705 3
2403 8
43 3
8074 1
3206 9
674 4
8123 1
681 10
757 4
1636 3
2368 8
1021 2
6704 8
988 4
2096 2
4450 1
2552 1
3109 2
117 4
6243 4
5038 6
5046 6
6537 9
2263 9
2350 4
1374 8
2327 10
5785 3
6508 1
3148 10
919 6
6610 4
184 2
550 5
4032 7
4107 4
5525 3
5716 9
6676 6
7457 10
124 2
7810 8
5104 8
5171 4
2785 3
7697 8
1454 3
3678 10
1597 2
6818 10
3425 5
7012 3
5683 8
5778 7
5792 3
5847 9
6426 8
7131 10
3752 7
426 4
326 2
606 3
3837 3
7140 5
4356 5
3085 1
6580 10
622 2
5095 3
2062 3
4484 8
8136 1
33 7
1719 2
2037 8
3306 1
4551 1
5732 1
6086 1
7492 7
5496 9
6973 9
4405 2
1373 1
1470 3
5220 9
4279 9
1381 8
1462 4
1633 8
5836 3
2718 3
3437 1
1951 1
223 10
8157 3
130 9
371 7
1878 2
2727 2
82 7
6228 6
2429 4
6022 7
7700 8
448 8
4995 3
5950 5
6994 10
7755 2
7895 5
3130 8
5992 2
6688 8
2096 6
2254 8
3815 1
4746 7
6686 3
5270 5
1329 6
4155 1
4484 5
7629 5
7667 1
2960 2
8107 7
2716 3
4400 1
1708 5
4160 2
4897 10
3179 2
6398 9
6657 1
7318 3
7585 7
3988 6
5846 5
6202 6
660 3
2450 1
390 2
7080 3
3232 8
2532 5
968 6
7737 9
8146 10
5283 8
4560 2
7602 9
2597 9
5073 8
5608 2
6087 10
1276 3
5098 9
6176 10
2571 5
7365 2
7332 7
6857 3
5940 9
7394 6
5639 7
5970 4
6746 1
5487 9
8066 7
3045 6
2409 2
2904 8
2756 9
2982 4
1423 2
563 10
223 8
680 10
1437 7
3118 7
1890 5
2184 4
66 2
6073 10
252 7
6450 5
7316 3
8106 6
1359 9
1915 6
3140 2
5601 2
2863 5
4290 5
5747 9
2038 7
7003 6
5056 4
1964 7
1316 10
4249 2
5088 10
5828 8
6194 4
5407 5
644 3
6803 4
900 3
1227 9
5506 3
6375 3
7785 10
4291 3
345 3
654 7
729 3
3039 10
50 5
5568 4
2180 3
4046 2
4152 9
6971 2
3330 7
7300 7
5766 9
7114 8
2263 5
4024 9
6441 10
6314 10
7842 10
4301 3
3214 10
5735 6
4676 6
4166 5
1900 4
2281 1
3931 6
2118 3
1339 9
1901 3
4897 9
6985 3
1382 1
2011 3
4138 9
5982 9
4266 8
6141 7
5159 2
6757 5
5272 1
5703 2
6338 8
7133 2
8067 7
8155 9
8072 3
8170 8
4556 9
4717 4
5176 8
1696 1
3824 10
942 3
2651 4
5904 8
5633 6
3872 7
4434 3
1456 10
3125 10
3454 8
4324 10
5669 7
1630 3
8181 1
7299 8
6479 4
5447 3
3971 10
7908 2
1507 4
3762 4
7866 9
4494 2
7870 5
7369 8
634 5
3576 5
6333 9
6655 3
6056 7
4645 1
4163 8
3340 8
5861 7
4157 10
4549 7
1284 2
2784 2
7878 7
8027 4
6889 8
2245 7
6629 10
7113 4
6783 2
7657 1
3173 10
6444 6
7847 10
4105 6
7198 1
2930 7
586 4
624 1
873 9
4281 8
4826 6
1437 3
1057 8
74 1
4127 2
947 2
1622 10
7217 1
5020 4
5046 8
7157 3
7559 7
3759 2
4521 8
5065 8
2567 6
1765 4
6019 5
2759 8
5482 10
4650 4
3930 1
4066 6
1997 10
7456 4
683 4
1557 8
2381 10
2699 3
2940 9
4760 7
7152 9
7411 3
1284 5
7722 2
5253 8
2661 9
3107 5
3507 6
8173 8
1389 3
1877 1
2064 6
7645 8
1923 7
7006 9
837 7
3175 5
3583 4
5460 4
6713 1
4931 3
4029 7
123 8
1266 3
6636 9
4273 8
597 4
4587 3
8098 2
430 1
2861 9
1821 10
3422 10
7372 6
2079 1
4290 4
2891 3
4056 10
7519 8
5902 9
6518 4
96 9
6921 5
6547 6
5746 3
6247 10
4232 6
7447 9
4008 4
2723 3
7145 5
766 7
2661 7
4065 1
5046 10
1271 4
4806 10
3553 9
4679 4
7161 4
748 7
2786 10
5051 2
1237 4
281 1
3011 9
828 9
3546 4
6389 1
388 8
3529 3
4827 1
4910 10
6055 8
6989 5
2326 3
4012 7
4967 4
5193 3
6727 5
444 9
5028 2
5767 10
3133 5
3932 1
4954 10
5250 7
6628 5
5529 10
2051 8
4844 1
1023 8
692 3
3065 4
4759 4
4368 2
408 6
1164 7
1334 5
1580 10
1804 6
2354 3
4285 5
1341 4
3862 2
8057 6
8123 5
2181 6
7267 8
4501 5
2061 10
3483 2
3335 9
2194 10
2426 10
6871 1
2609 6
5721 9
2302 3
3141 6
1388 3
7554 7
7764 3
2534 8
5784 6
6234 3
638 2
5635 4
2902 5
8007 2
1153 8
3066 10
1043 5
1276 7
6437 7
4234 5
2760 4
221 9
4244 8
1974 9
6794 4
8090 4
2793 2
526 2
3435 9
4661 1
723 1
4025 7
4331 2
4107 10
3937 5
2422 7
7676 8
2298 8
5090 7
5692 1
5937 8
266 4
7541 5
3112 10
2964 1
5244 4
5854 10
5268 3
7130 4
7866 2
7482 4
818 4
5486 1
1896 10
7969 5
7277 10
2551 2
5059 6
1750 9
7605 10
4151 2
6201 1
8142 3
60 6
542 2
652 10
4643 3
2423 10
7624 3
3669 3
2367 4
4544 1
2309 5
5415 7
2027 2
3819 4
966 4
740 8
777 1
3396 7
4666 4
5086 1
2176 8
434 3
1641 7
4921 2
5594 8
7160 5
6657 4
2805 4
1231 3
1499 6
2172 3
3065 8
4416 6
4525 9
6737 2
739 7
2910 9
53 4
2323 3
4961 1
7266 3
5120 8
6977 3
1323 6
5627 5
5911 9
5999 10
1337 8
1423 8
5779 1
1110 9
3652 8
6417 4
2971 1
6028 8
7147 9
2705 8
5128 1
8133 6
46 2
7729 7
7157 5
7442 7
1638 5
3265 1
4709 4
6574 6
2052 9
2565 3
7118 7
571 4
1148 2
3358 2
5485 3
6283 1
3117 2
3053 10
61 1
2693 5
6263 5
42 10
2594 10
4550 1
7399 2
1775 8
3888 6
4589 3
6200 9
4455 3
1748 2
3401 7
6472 1
5752 8
7896 7
4248 1
5486 9
7828 4
8017 5
564 7
2925 10
3497 2
3899 2
4912 1
6292 9
3790 9
7806 2
3493 5
7179 5
7682 4
5786 6
6769 4
709 4
6655 4
7459 8
3366 9
7181 3
1859 6
4826 8
5806 10
5958 5
7880 6
1589 8
7892 7
5962 2
5293 8
7254 10
6799 7
3098 5
4441 7
6641 10
5926 2
594 3
4872 9
5054 1
7415 2
8136 7
1270 5
1649 2
4093 3
5058 4
5598 4
4612 3
1265 3
5491 4
4649 2
6796 7
7021 6
3425 1
4051 1
3 9
584 1
3617 9
5596 3
5584 1
5742 7
1748 7
413 4
5363 6
6148 6
325 8
3119 5
6931 4
3089 6
3346 8
3541 1
2819 8
4078 2
6854 9
8160 5
3189 3
4270 8
6720 4
7550 6
2507 7
5955 8
1418 6
5773 9
1093 3
4596 7
662 1
680 2
5814 3
6151 8
3528 8
3327 5
4745 10
7615 1
1756 10
2495 6
4314 8
6670 4
3729 5
3046 6
1824 3
4640 10
7930 8
4670 6
3736 10
3834 1
4626 5
6397 3
4779 8
5389 4
3859 8
5800 1
5831 4
4380 5
3420 1
5965 1
7125 2
7324 4
7908 9
4550 7
4842 2
5506 1
4898 6
4441 8
2320 2
1944 10
6462 8
5110 5
67 8
5928 5
3943 5
5859 8
4633 2
3591 4
7217 7
8018 7
1805 10
401 1
3646 10
5426 5
714 3
1433 9
2205 5
5829 6
2328 9
4511 8
481 8
1055 8
4727 2
2622 5
2423 10
3487 1
4031 5
2934 2
7855 5
1425 4
3578 7
3075 2
6036 10
5436 10
2946 10
3693 10
5501 1
6694 10
2948 9
7334 3
5963 4
812 4
7141 8
1639 4
2793 6
3470 10
5473 5
5978 1
3498 8
1138 7
2494 2
2767 9
4864 10
7200 3
3490 1
7119 9
7765 4
2951 1
4280 3
5577 9
6593 4
1821 3
7911 5
7703 8
5371 5
7452 3
5065 5
2942 10
3758 7
5148 7
6041 2
5291 9
3100 8
7737 8
7907 2
333 6
2064 7
7380 7
567 5
2634 6
128 2
7557 4
3893 9
4813 9
6264 7
6847 5
7887 6
998 6
7848 5
866 2
4524 10
4920 5
5937 8
4028 7
691 4
826 8
767 3
7041 8
41 7
5396 8
5740 8
6680 4
2086 8
155 10
7096 2
7791 5
353 5
849 3
1828 4
7578 9
6438 7
1159 5
7234 10
7818 1
7843 4
952 6
4093 10
6133 5
4913 2
3327 10
3486 4
4921 4
6872 8
7934 1
1232 2
2366 5
5641 1
5822 2
7826 7
7159 9
5136 10
5942 1
4140 2
7499 4
6034 9
2067 10
7574 7
4126 6
202 2
1842 7
1167 2
1285 6
3661 8
5503 4
1600 8
4517 3
6947 4
6251 8
1724 4
6211 6
1895 4
6317 10
7112 8
6911 1
3942 7
6616 9
395 7
6841 1
3198 1
5297 10
7002 4
7762 4
2352 6
3561 1
3836 8
981 2
2946 3
7036 10
2378 6
7314 6
6838 1
2710 10
7420 9
370 8
4140 9
4271 9
5795 8
6562 3
4782 2
1824 4
7462 2
202 2
215 5
3353 8
3589 10
6415 2
3033 10
1576 3
8152 8
3317 3
302 7
3343 8
801 10
1445 5
644 1
1399 9
2430 5
2496 1
5495 4
5653 7
6987 2
872 8
1049 6
1144 1
3377 9
5557 5
1822 7
7356 10
611 10
83 2
2200 7
3455 4
6826 5
8043 4
7418 7
3184 1
7409 9
355 1
1853 4
1870 8
5977 1
6175 5
1072 9
5275 1
5690 2
3790 1
3547 1
7368 8
4671 10
7663 6
2654 8
5348 6
6299 5
7210 4
2214 4
3401 10
4 8
7515 8
5239 4
4366 9
2861 8
5564 3
3243 3
827 5
2139 10
3017 1
448 1
561 2
2152 1
4370 1
3413 7
5569 7
7487 7
842 7
1669 10
1703 5
1914 1
6802 9
788 8
8012 3
203 6
3148 2
3210 3
3429 5
4518 2
827 8
3582 2
7132 6
1735 10
939 10
3390 3
4261 8
5241 10
4043 8
2231 3
5783 2
2042 3
2945 8
2901 1
7190 3
6712 3
7428 8
731 8
2410 2
2067 4
2429 2
7742 4
7783 7
1894 10
2380 1
4368 7
5449 10
5720 5
7855 8
4648 10
7140 8
242 4
6159 8
4002 2
6661 6
435 1
5853 3
540 4
4234 8
329 8
608 4
2484 8
4391 8
5241 1
6453 10
852 4
2161 6
7937 1
7694 8
8105 5
281 4
3163 5
4663 3
6234 8
2366 8
4939 9
2017 7
7259 10
7619 1
8033 5
8186 10
1799 4
6142 6
6538 8
8098 5
5374 4
2883 7
6577 4
7586 9
8131 6
976 7
7966 7
5461 4
3225 7
7075 5
4002 2
5011 8
1949 8
3720 1
4111 8
5478 5
7255 3
7186 5
3960 9
967 10
3066 5
5750 5
5969 5
3904 2
1101 10
4685 2
3365 9
7148 2
1295 5
1322 2
1608 4
1723 1
1897 10
6321 9
3292 10
7299 4
5688 10
2980 10
1149 5
5925 1
2596 9
4927 9
6764 1
5057 1
2353 4
1195 1
1948 5
5398 6
2903 2
2048 1
1960 6
6831 8
4916 4
5055 7
6624 8
7716 10
7911 9
5300 6
7980 7
8101 5
1495 2
1061 5
7694 10
1597 9
5591 9
5827 10
5314 8
4001 2
2688 5
7817 10
6087 6
7045 1
1436 1
3227 10
2797 6
4818 5
2075 8
6407 6
1872 9
1116 4
1590 2
37 9
843 1
1723 3
4209 10
6316 2
3275 4
5263 3
3796 10
7134 5
8035 7
4974 7
4322 3
545 1
7155 4
1565 5
3639 8
4972 4
1157 8
3337 8
7805 2
3347 10
4642 9
7327 8
5299 1
1404 1
6082 10
4471 7
4870 9
7748 3
183 2
864 9
2529 3
3698 4
4232 2
4710 10
7794 2
5020 2
7453 7
1363 9
2180 5
2456 9
2498 7
5270 1
5605 3
5272 7
7439 6
2117 9
113 2
7076 2
7278 4
8079 7
329 3
3303 4
5916 6
5925 4
5568 8
7735 2
872 1
1084 5
4965 1
1741 10
5592 7
634 2
7651 3
8171 5
5076 9
6736 8
1620 3
6164 6
2254 1
1136 5
2292 1
2815 6
3245 2
3791 8
5506 5
168 10
1262 10
7309 4
7800 4
1496 8
2533 10
2343 2
5303 8
6988 6
675 7
3324 3
4419 6
5526 7
7921 1
2681 9
7343 10
7499 5
593 9
1493 4
3179 2
3046 6
7815 3
7829 10
703 2
2775 9
3827 9
747 5
795 2
2299 6
3077 7
4366 10
5113 10
5338 1
1492 7
1800 2
7601 4
5365 8
2581 7
101 8
7109 2
6918 4
4286 1
6233 2
5167 10
1986 5
7158 9
7553 10
1166 5
7417 6
1067 4
7612 7
7981 10
1835 5
4063 6
6658 7
4961 5
8013 8
8078 1
351 7
3335 3
6583 5
2264 9
1693 5
5255 2
1609 6
679 6
4059 3
4493 7
5777 8
3338 9
4268 8
7170 10
673 5
6435 9
4006 8
1236 9
1820 2
7449 1
7256 6
234 3
5287 1
1549 10
3641 9
5492 1
3280 2
149 9
954 3
1146 9
4347 2
2073 6
737 10
4376 1
6339 4
135 1
270 3
503 7
1219 1
1545 4
3039 3
4063 1
6185 2
1871 7
5111 8
7126 6
7770 6
49 8
3603 6
129 6
4148 2
2512 8
7211 2
7440 6
335 8
946 5
3739 10
1263 7
5597 1
7625 1
5380 7
7829 8
5373 4
1790 9
4229 7
528 10
682 2
5303 1
702 8
2 10
1269 2
1545 4
7554 9
8152 4
1282 7
1460 4
1820 10
2737 6
5534 2
693 3
6837 1
383 8
2623 8
6437 5
6611 8
1333 3
1658 7
1686 1
2341 2
7028 7
3452 3
6019 7
7891 6
7977 2
3314 8
3729 3
8072 7
6228 1
8000 2
8075 6
2391 8
2761 3
2901 5
3103 9
1264 10
7228 9
2799 5
5373 4
2957 7
4222 1
5755 7
728 3
1726 2
5353 3
7059 5
1694 1
7565 3
965 2
1063 1
1996 9
3508 3
3734 5
3915 2
6564 2
6896 4
7498 10
866 7
1717 3
2967 7
5533 5
5709 8
2188 9
2978 4
7542 6
7363 9
7875 1
109 9
395 5
914 1
3512 3
3969 10
1611 6
1176 5
1569 7
2719 2
2183 1
6750 5
5366 7
7363 3
8058 10
2820 3
67 1
3843 1
4058 4
6415 1
136 6
2429 5
6571 7
7982 7
7665 5
971 3
7534 1
5633 8
7178 5
8006 3
907 10
3296 10
3870 3
3576 1
1539 9
4046 2
2442 3
7639 8
7693 5
7724 9
483 6
3918 4
3281 3
1220 6
3664 9
2324 10
2962 4
3146 6
3275 7
1952 8
6974 6
2154 10
2477 2
4272 8
855 1
3410 2
484 8
4946 5
2554 5
1341 7
5109 8
4596 5
2312 10
4654 6
7078 5
5679 10
3983 5
6801 4
1938 4
8074 1
7675 3
7984 10
2127 7
7032 8
1969 6
3031 9
7837 7
5080 9
6213 10
1232 1
2668 2
5587 7
4974 1
2714 2
7862 6
865 10
6218 10
7832 10
2978 1
4730 5
6363 7
6624 4
3463 4
7914 8
3226 9
7021 2
3531 6
5059 5
6116 10
392 7
5905 6
1875 3
5196 1
4374 3
550 10
7111 1
596 3
630 9
1093 1
2160 7
3097 3
4012 8
6103 4
5752 7
1253 9
4575 3
2680 6
3061 10
7611 8
361 1
5344 2
6303 8
5941 3
3723 6
342 3
1303 4
4047 6
5102 6
5467 3
7185 2
111 5
4274 1
7109 5
3252 4
3771 8
5739 6
7975 6
4265 7
7550 2
1163 3
4970 6
3036 7
6995 4
7238 8
7852 7
271 4
2278 3
1255 3
5176 4
4930 4
136 4
1671 7
3566 1
6836 4
3880 7
2292 9
1334 9
4009 5
7422 7
5604 6
6255 10
7395 3
964 2
7855 2
5305 4
3071 7
5333 7
114 4
6243 6
3587 5
746 7
1780 7
2581 3
3431 1
4133 8
4652 9
5320 3
5202 1
1165 7
2397 7
4000 2
4008 10
4182 7
717 9
7854 8
2754 9
2862 10
3798 4
4272 10
4828 1
5835 4
4873 4
7032 5
3808 7
6142 1
6000 7
5835 9
777 3
7120 10
7448 6
7979 8
945 9
4749 5
6085 6
4758 2
8040 7
765 4
1498 4
4763 3
6004 10
615 2
5976 7
20 3
2532 5
3111 5
6256 3
6306 9
8128 1
1632 9
2345 2
3998 2
774 2
4390 8
6119 2
3947 9
3651 6
8151 8
1640 7
932 1
1073 4
2999 10
920 8
2656 2
4337 6
6143 6
6344 4
2112 2
6383 10
2905 2
7774 7
5882 5
2310 6
7508 10
6396 7
526 7
2341 8
2914 4
1353 9
4299 2
2651 9
4645 9
4266 2
830 8
5789 10
4392 9
6530 6
1507 4
3144 9
3270 8
7765 4
574 10
1413 9
4888 3
5729 5
4087 10
6993 4
736 4
3276 3
3585 7
5638 2
6104 4
7381 3
6503 7
167 4
1974 8
2392 1
2604 6
5684 3
7951 3
3268 3
6209 4
1733 6
3176 1
4069 9
683 2
1339 5
6480 9
3744 9
8163 4
5447 2
7798 9
4588 9
5848 3
6358 10
1334 7
8012 1
5914 6
1971 10
4348 2
6201 7
6336 3
6723 2
2620 4
6051 9
785 3
5120 4
5639 5
6019 9
6561 1
1298 4
7073 1
1048 2
1095 9
4925 10
6698 9
6196 5
6163 1
7034 6
1300 9
5478 9
6927 6
2272 3
1949 4
7796 5
8034 4
3098 10
3736 10
4101 5
5586 2
6341 10
6611 5
6641 10
6581 5
33 9
3003 6
1575 9
3620 9
6033 7
3974 3
2120 1
7375 3
3361 1
6784 3
7197 3
3595 3
572 7
975 2
3448 10
2597 3
5123 3
1112 4
7645 9
2116 6
5563 3
1804 7
4728 1
1272 10
1955 1
2309 2
4702 7
5976 5
6036 1
7951 8
2820 8
7038 8
1244 7
269 1
4491 4
2344 6
3856 10
3906 2
1863 10
2753 4
4742 2
7169 10
3268 7
1664 6
7424 3
805 7
6726 3
1084 4
2429 1
5951 1
5118 6
7095 6
7374 7
3493 3
4626 8
6845 2
5876 3
2575 7
1226 8
2693 4
1460 4
4684 6
5775 7
6209 8
6891 6
6501 1
8084 10
2392 9
8127 10
2430 2
3052 10
3890 2
6756 5
2087 7
5265 6
7181 1
852 3
2298 10
5054 4
363 1
158 2
7606 10
675 5
5227 3
6533 10
202 4
6317 2
1036 8
4370 2
7396 9
8116 6
1414 2
4943 1
652 5
2888 9
3379 3
3384 4
3553 4
6139 1
6965 4
3297 8
451 6
1499 5
7344 10
7562 2
7634 1
251 3
791 1
1129 5
2106 8
2698 6
3456 9
6476 1
6703 10
4764 3
2206 4
8056 3
169 1
2568 3
6370 3
6198 1
6945 4
1463 4
2211 9
6199 5
6517 3
2273 1
2654 3
7899 2
7901 8
3094 4
2683 9
5285 5
1332 9
7803 5
678 4
2508 5
3560 8
4469 2
7435 6
7857 10
7654 4
7623 9
346 7
4266 8
6647 6
3387 4
1952 6
3715 6
453 5
5972 5
5311 6
17 2
7009 9
3019 4
5652 4
7319 6
1828 5
3086 4
6839 4
5103 6
7871 1
1589 8
6718 6
5163 4
4594 10
96 8
3114 7
1553 7
6315 3
1160 6
7382 9
7412 6
150 10
2970 8
3091 9
4773 4
4890 9
6745 9
2788 6
5137 6
7049 7
7160 5
1993 2
4440 2
5621 7
2955 8
2196 7
458 2
8132 4
193 6
1661 5
1036 8
3753 5
7000 9
7164 5
7701 8
1984 1
4664 10
5045 8
3351 2
4058 4
2147 2
2906 4
5862 7
8028 2
2665 5
5139 5
5974 7
959 5
3720 5
5377 6
6694 3
2547 4
8172 6
2942 9
3876 9
6570 10
7027 10
4285 7
494 5
3740 8
3228 10
2874 8
1903 5
7242 8
7414 6
7645 4
1777 7
3234 3
6457 5
740 9
3950 8
3798 2
2090 5
169 4
5189 4
5276 7
6373 7
7490 5
2909 8
4041 7
585 9
1259 7
2831 6
3327 2
3856 2
1326 2
5596 7
2998 3
5885 10
471 5
3708 10
6339 1
1634 2
2621 6
8126 4
141 7
5890 4
7237 3
4439 10
3311 1
3734 8
1019 6
2372 5
3070 3
4742 5
6799 6
3578 3
5420 4
2120 8
6937 2
729 8
1876 1
5812 6
5942 4
6249 2
4883 4
1827 9
6044 2
2649 5
3301 9
6552 9
3963 2
1617 6
1346 5
554 3
768 5
1521 5
1793 2
2119 5
2545 3
7101 6
7614 5
6378 9
7837 8
4300 9
2274 3
5595 2
6486 2
2614 2
6278 10
7355 5
6155 2
7013 10
1546 9
3428 4
7167 4
3983 7
2366 4
1541 6
3957 2
6912 7
3513 1
5801 3
3578 9
5811 9
1966 3
711 7
3939 1
6529 2
4981 4
4730 6
7519 8
3153 8
4818 5
5130 6
2757 6
2047 9
7428 2
7544 4
216 8
3254 3
3921 4
5730 5
6932 8
6952 5
104 3
2417 10
1612 8
1823 7
2276 7
3121 4
7387 10
2500 5
2169 5
2690 3
1965 1
3211 2
4986 9
4312 4
6973 6
7735 6
1788 8
4360 4
4231 9
1190 8
7192 1
1515 7
2185 7
6840 10
1690 1
6666 2
543 4
1454 3
2463 2
2481 3
5589 2
6981 8
3127 8
6037 6
8080 10
3146 1
3445 4
1298 9
3001 5
3802 8
3085 3
938 2
960 10
1695 8
2009 4
3112 8
3760 1
224 2
2522 9
6827 8
7949 3
659 3
4228 3
5512 5
7922 7
7302 3
7465 8
327 5
1451 1
2155 5
2944 6
3575 3
7252 2
7192 9
3730 9
5894 6
3996 8
2984 10
142 3
2446 1
2247 4
6876 1
1397 2
2745 3
6684 1
283 5
1453 6
1642 6
1849 7
442 8
1800 10
1398 2
4998 9
6480 10
413 1
9 5
2428 4
3925 10
5957 7
243 3
4510 1
593 1
1260 6
2156 6
2194 3
2790 6
5611 4
4858 10
7006 7
7648 6
1253 1
1507 8
2088 4
4911 9
2177 5
7391 10
4416 6
3532 5
5982 9
3074 8
4068 2
4566 2
3957 10
2208 7
4536 7
262 8
3890 8
5544 8
534 7
2528 8
1396 7
1968 8
2799 6
4118 6
1013 7
7539 5
1875 9
6587 7
1679 5
2419 5
2191 5
1566 2
2061 7
7391 9
514 1
575 10
729 10
3643 6
3715 3
2876 9
2179 9
5245 5
5344 5
2768 5
3793 2
3821 3
5994 7
6274 7
7230 3
4791 8
4702 5
555 2
3552 7
4752 7
2856 2
3881 1
7492 7
3913 10
6917 5
4063 8
394 10
2846 2
7492 3
328 7
1956 2
5511 4
5234 1
531 8
4078 9
7147 1
4379 9
5601 1
64 3
767 7
1062 8
2209 10
4192 9
3799 10
1475 4
6355 4
7548 3
5536 1
1838 3
2259 1
2916 8
4303 6
6296 9
4164 1
3163 2
7387 5
7526 8
902 9
7121 7
3852 7
3813 8
6511 10
771 10
922 6
3754 9
48 1
460 3
7815 8
4132 10
2473 4
1242 10
6522 2
6075 10
3450 2
7530 5
721 10
1458 4
5475 6
5503 5
7345 10
7621 2
5618 2
2965 7
4297 5
6182 10
3318 1
209 1
3863 10
6174 6
7347 5
7427 10
183 1
2274 1
3212 2
3117 3
2181 6
6009 8
7494 1
746 5
4070 1
4895 5
5907 7
6567 2
6972 1
1553 1
4123 4
993 5
1416 8
6601 7
5902 3
6396 4
3990 5
4512 4
6579 2
6866 5
3757 10
8005 3
1760 6
4174 1
335 7
3289 10
5382 8
6547 5
6886 2
394 2
4389 9
4056 6
7912 4
1668 8
1766 2
4489 6
4479 10
6930 5
2071 3
7837 6
1662 8
3815 5
5371 9
8048 9
6028 8
2528 2
4192 2
7894 9
294 5
1940 8
2237 10
4601 6
6708 3
4514 8
7794 8
4770 9
3212 4
4168 8
5627 4
24 3
1326 9
3735 1
3857 5
1674 6
1395 1
7454 1
2952 9
5053 6
5087 6
1195 8
4455 2
460 8
7606 5
3511 1
5604 3
127 4
4299 2
4045 6
4069 5
5834 5
3822 4
449 7
2551 5
319 5
4678 3
5289 1
5025 1
152 10
3437 3
3868 6
4618 9
6570 4
2705 4
7683 7
420 10
786 5
5451 10
5565 8
5893 4
3315 1
2835 3
316 4
6607 4
4277 2
1352 5
6057 6
6068 7
96 3
5964 2
106 2
5469 1
4300 6
139 1
373 4
6525 1
4514 9
6227 10
1243 2
1906 3
7448 5
1538 5
4431 6
1701 3
1319 5
1526 5
2799 3
3994 1
5011 10
5443 7
2492 1
4709 1
7290 2
2632 3
3700 2
5476 5
5823 4
6986 6
7629 3
7908 2
3317 8
5861 5
6828 2
4872 3
6243 2
4347 9
2133 9
5441 2
5796 2
5871 1
4124 1
7266 7
2508 7
4485 8
4863 7
6017 2
5477 9
2595 3
7295 1
560 1
5433 9
4328 6
6123 7
2780 5
5355 10
5483 4
7588 4
5312 2
2444 8
3295 4
4350 5
90 1
8081 10
7024 6
145 4
1549 5
8116 1
2311 8
17 1
2288 7
3511 4
5727 5
6288 10
1582 8
4565 9
1027 7
4083 8
6029 3
6348 2
5733 4
485 1
1747 9
3703 9
3793 3
4354 7
4897 1
3682 9
7281 6
2940 5
2579 8
5375 1
5136 3
1990 6
2203 3
4387 8
5381 7
6147 6
289 3
5808 6
4414 5
7615 7
2870 8
4141 2
4683 3
7890 3
1215 2
2903 3
562 6
2753 9
2966 1
4684 2
5778 5
5900 7
6205 6
6896 2
5878 9
2323 8
6943 5
455 3
1924 8
3769 8
2520 3
3413 1
5668 5
2824 5
4185 4
5377 9
5603 6
6508 2
6939 1
4913 4
7791 2
742 2
3309 2
6837 8
2897 1
1151 8
8174 5
1799 1
2239 8
3613 8
3775 4
5965 6
6646 7
6737 4
1337 7
2237 8
7423 4
8099 2
1914 6
3659 6
1937 1
1886 6
2586 1
6723 8
1032 6
4124 7
4769 3
5267 4
6321 9
6449 5
1045 5
5861 5
7812 3
3386 6
2932 8
3719 4
7357 8
7960 10
6049 9
1031 5
3242 8
293 3
3321 5
7655 9
290 9
2409 4
4678 2
6658 9
6788 7
177 7
556 6
1239 3
1171 1
3174 8
4809 3
4901 7
5537 8
5555 2
5695 8
3145 6
4627 6
6820 9
7435 1
5503 3
6953 10
1137 5
7970 5
3249 6
7065 7
2529 7
5040 7
1223 5
2582 2
6148 7
1270 9
1225 5
5993 8
6629 10
4536 3
2649 9
7220 7
4322 5
6276 1
434 2
5533 8
7962 3
772 2
6809 2
8101 7
4811 5
982 3
6906 6
1004 3
5826 2
2714 2
7180 8
3708 8
8082 7
29 8
1719 5
2114 7
3767 9
735 8
2413 10
6664 1
8164 4
7175 7
7877 7
8023 5
1472 7
2252 7
2457 6
3921 10
5217 10
7526 4
447 9
2225 7
3820 1
6301 9
6773 4
6217 8
2360 6
4037 9
6695 10
20 3
7565 7
2637 1
5915 9
6855 6
6110 7
2520 4
308 3
7672 6
341 10
1145 7
1399 10
1468 10
4711 3
6728 2
6408 4
6373 8
2258 2
5535 10
338 7
2612 10
6880 5
4715 1
3687 9
6452 8
1718 7
5216 3
5839 6
4777 7
5809 8
5131 5
4972 10
7965 2
4848 9
5160 4
4657 6
1959 2
3457 7
4044 1
2529 9
4463 9
1458 8
7529 6
2188 7
3647 4
7498 1
3880 6
4061 9
4628 3
4540 3
6696 5
695 4
6859 8
2537 1
6818 8
588 7
1252 5
647 3
1190 1
4426 8
4674 6
2952 10
4372 3
3274 9
1084 9
1108 7
1237 1
1324 9
1973 6
3450 6
5699 3
19 7
4321 8
526 5
803 2
1749 8
3302 9
3345 3
5961 5
7430 1
6521 2
2933 6
1991 4
710 8
1439 3
1454 3
583 4
6752 5
5960 8
2478 7
4206 9
7385 10
3984 3
4341 7
4412 8
7061 1
6786 9
2159 4
2963 10
1103 3
3648 9
3894 4
5583 10
6868 2
8160 10
4320 2
653 10
2636 2
4188 10
3548 4
7644 5
4853 9
6511 9
982 9
1889 8
2312 7
2467 3
2555 1
3763 4
2520 8
1184 8
7689 1
1713 7
7641 6
5446 3
6206 5
4075 9
2297 9
3050 9
4498 4
6743 9
1644 4
2711 5
4541 1
5284 2
145 9
97 9
7319 3
8103 6
1022 10
5831 5
2773 9
1337 2
3703 10
3819 10
7579 10
7952 5
3358 8
6631 10
6645 5
5001 1
6881 4
6100 7
1716 6
1731 7
3436 2
4028 10
2828 7
7827 6
1244 3
3016 1
743 5
1058 9
4305 3
6740 3
6787 5
4958 4
2216 1
1992 3
6897 9
347 2
5769 4
3100 10
5275 8
6832 9
7382 2
3588 9
6782 5
255 6
7006 5
1219 5
5413 6
6753 4
275 7
3951 2
7825 3
1526 8
5323 6
5701 1
3080 1
7268 4
3429 6
7514 3
7735 2
2419 7
2763 6
3531 9
4360 10
5818 9
4822 4
8032 2
2864 5
7200 10
1391 10
2486 9
5545 8
6173 5
4232 7
7009 5
4293 7
845 9
4787 5
5843 4
5870 2
7576 9
4794 2
1226 5
5392 5
7976 8
7790 7
5806 1
138 3
6337 10
7027 4
8102 7
7922 7
3073 10
2712 10
7818 6
6266 4
3471 4
3625 10
4565 7
6984 10
7880 6
590 7
2529 3
7320 9
7247 1
8106 8
597 2
1214 10
5268 10
5850 5
2774 8
6901 10
3919 8
4556 10
2488 10
7658 8
3472 7
7461 9
4650 7
674 2
5533 7
564 4
6445 7
4320 1
7983 2
147 7
1200 2
2933 3
1382 7
5739 6
7858 3
4831 6
7521 10
4212 2
7128 7
4764 5
5422 8
5800 3
6626 4
1208 9
3216 2
7488 4
4845 4
7889 8
4991 3
6226 9
4176 2
5866 8
1127 7
2461 10
6610 4
6924 5
5948 9
489 5
2614 6
5999 5
5421 7
2456 6
3021 4
6793 5
291 10
1230 1
7127 8
493 2
6521 6
3556 1
2202 3
4680 7
5213 1
5384 1
6989 1
219 4
6794 3
5575 4
3846 7
4258 8
277 1
2189 2
2060 5
3428 1
3902 2
6498 6
2385 7
7945 2
7264 10
673 10
7312 10
2136 8
3935 3
5102 10
0 4
5875 8
6194 9
7851 3
2571 4
4919 8
6943 2
555 7
7249 8
6478 5
1835 6
850 7
1587 1
5610 5
6604 9
6867 5
3474 2
1829 2
3195 10
5333 1
5139 8
4163 5
1816 5
168 10
2068 1
2446 6
4144 3
6334 1
6645 2
1887 1
1325 2
2762 9
4052 10
1259 1
554 1
1947 1
2241 10
4958 4
5240 1
6857 3
7563 3
3055 9
5087 3
7569 2
1098 9
1677 3
2407 8
4824 9
5653 8
4428 10
3583 7
6424 5
2095 1
2548 6
3654 6
4941 10
7043 9
1323 10
7035 1
5266 6
4534 9
2264 8
2364 5
5223 1
5248 2
1042 2
96 4
8093 8
534 4
6283 6
7267 5
4772 3
2831 8
2204 9
2718 7
4295 9
4009 7
6264 6
2528 9
3758 1
7288 10
2144 6
994 7
6308 9
6977 3
3206 1
2693 8
6067 3
2172 3
7851 4
2265 1
3616 3
4397 8
4601 10
6738 1
3529 7
6149 5
5228 5
7849 10
2852 1
3541 5
5471 6
8049 3
4020 9
4675 6
7762 7
630 9
2043 6
3860 6
4720 2
6820 3
7163 10
4124 1
7908 8
5091 4
3317 7
7641 8
7222 3
30 7
3285 7
6559 8
5185 9
2714 5
3640 9
276 10
4427 4
1183 8
61 7
119 8
5133 1
610 10
5713 3
3141 7
5701 5
6354 9
5112 3
225 8
3361 6
3799 8
3485 9
6640 4
5953 9
2495 7
5227 5
3282 6
5865 9
4540 2
1411 7
3278 10
1477 4
1776 5
2947 8
16 6
4518 6
341 2
1857 7
5521 9
6850 4
2699 2
5744 7
958 2
4431 1
5219 2
221 6
6907 2
135 1
6141 10
673 1
2892 5
4766 10
1265 10
2017 5
6090 3
4158 4
1051 8
5030 2
5933 10
5155 9
2426 5
1873 9
3597 1
7681 2
744 9
2875 8
3462 3
4908 1
1519 4
4329 5
69 7
7883 8
61 4
4868 1
7524 10
7579 4
1578 5
2390 3
6424 10
6740 1
413 1
3051 3
6812 7
2049 2
2054 10
4379 7
6608 4
5998 4
4527 5
3099 5
6515 1
7832 2
339 7
3651 7
4268 5
5857 4
6219 4
3606 5
7903 1
2168 4
783 3
3788 5
7123 7
2607 7
3755 7
578 9
1261 3
1979 8
46 5
6453 6
2229 6
3495 10
5673 6
80 6
5931 6
7323 7
7201 3
5673 3
7983 2
4351 9
852 9
7924 1
998 2
4600 7
1474 7
4343 3
4039 7
2110 2
2677 5
5224 6
5665 7
1162 4
1296 2
2286 1
6043 10
1839 6
4092 7
4625 4
6148 1
1936 6
541 6
1692 5
4094 5
4188 2
5590 3
8007 6
639 6
5588 9
6915 9
433 10
3039 4
442 5
5930 3
7558 5
7608 1
2272 3
4016 7
4424 2
7057 3
2429 7
3643 4
5152 7
7881 3
8069 10
5864 5
6270 10
2195 6
319 1
7235 3
2844 9
5170 9
244 9
8065 1
2071 1
6573 6
4317 10
4209 1
3392 5
3569 10
3230 1
6830 10
4589 1
3603 6
1825 9
1226 2
462 8
3369 7
5303 4
6180 6
6672 10
7231 3
6104 3
5219 3
7526 5
4156 2
4230 2
5994 8
6137 10
2633 8
799 7
2588 3
4254 2
5100 4
6140 9
7020 3
3075 6
186 4
4677 3
53 2
6945 8
4897 4
3546 7
3917 4
1670 9
5863 6
54 10
6270 5
2101 3
1701 9
2958 5
6252 6
1738 9
763 4
7404 7
487 1
2763 8
7014 8
2514 5
1178 7
2404 5
2504 3
5332 7
5478 6
2937 9
4968 5
6620 6
217 8
7767 5
3367 3
4173 6
1934 2
5790 9
2512 10
7294 3
218 2
6033 1
7633 10
3172 8
5265 3
7642 3
5323 3
6555 1
7169 1
7727 6
60 6
4313 2
1983 5
4749 8
5148 6
2358 5
7789 10
1422 5
7185 8
7954 5
5781 8
4353 3
7404 7
1363 10
1390 8
5020 7
6218 2
8169 1
7660 5
3432 2
271 2
5115 1
558 10
6217 7
2638 10
7608 8
5096 3
5923 6
6514 5
7043 2
6440 4
1592 1
8008 5
1737 6
7328 6
7439 8
1118 9
1953 3
4331 3
6065 3
2283 7
5875 2
979 2
1158 8
4052 7
5233 6
6796 10
845 4
1374 4
6589 3
5909 1
4464 1
5043 7
6465 2
6867 3
675 2
5350 8
906 4
5316 5
7593 10
387 10
2260 4
6903 6
8077 3
372 7
1658 4
1854 3
5430 8
1802 6
5233 8
546 4
416 7
172 7
994 1
2334 2
4614 8
5044 6
6197 10
2117 5
3769 6
1719 4
4150 1
7752 3
399 1
4757 9
5546 7
6863 10
101 6
1022 5
7408 5
2687 4
1544 10
2104 9
448 4
7809 9
2719 5
3769 6
2739 6
95 8
7433 6
7514 1
1437 1
1755 4
3285 10
4014 3
1944 8
6611 5
2586 2
4990 5
640 10
2327 6
250 1
964 6
5130 9
5183 5
7183 10
6312 5
2378 4
7940 6
8032 3
2713 2
6337 7
4078 10
5509 1
8091 4
8138 7
1618 1
1848 10
4054 8
6784 3
4011 7
7097 7
7579 7
1325 4
2934 1
4422 3
5395 6
6762 8
7194 5
1877 9
5010 4
7427 4
1936 2
3400 1
6101 8
7162 4
3421 4
548 10
4586 8
424 10
1304 5
4875 2
3636 5
4902 10
2467 9
8012 2
8165 6
1525 6
1935 7
4487 1
5338 10
1766 10
3991 1
3983 3
1356 1
9 9
5273 7
5715 9
3624 5
6319 8
426 9
1031 6
3322 2
2687 9
3916 1
6565 4
3124 3
3952 4
4141 10
5463 4
1340 6
5090 8
5399 10
276 2
2056 4
2391 1
7972 2
4743 2
3605 5
427 10
815 7
4325 10
6585 3
7949 7
3029 6
1830 6
2993 1
447 6
841 3
1599 7
2251 3
3265 6
3327 5
3942 9
1788 7
5085 1
665 4
255 6
2717 6
6365 5
6775 10
7535 4
3130 10
4514 3
7953 8
3650 6
4501 5
6446 1
6886 4
5626 10
789 8
1851 2
2538 1
5010 8
5920 5
4139 2
512 4
6296 4
1472 5
167 3
2903 8
1386 3
3312 7
5673 9
7105 6
1511 4
5166 8
1148 1
5828 1
5452 8
5754 7
5427 4
1679 10
1941 6
5800 2
69 2
2764 6
5091 6
4965 1
7884 2
7994 2
492 9
3655 6
5869 8
8175 9
1942 6
7907 7
4039 10
3270 2
4523 2
5803 1
841 3
2432 1
2097 3
947 6
1145 7
5245 2
5384 6
3340 1
1530 9
3317 5
3701 5
4391 2
7196 10
2003 6
582 4
4189 2
5404 6
5181 1
2561 9
2367 4
5276 8
1171 3
7094 2
2935 6
3454 7
4198 6
2670 7
4683 9
6565 6
2169 8
2736 8
3712 4
3941 1
6191 8
765 3
540 10
1117 8
3236 8
1711 2
6486 10
602 1
1722 3
4154 7
6388 4
7245 3
3506 6
360 4
3783 2
1849 10
2272 7
3595 8
5357 2
7098 1
158 6
286 1
982 3
2289 10
4402 4
4262 7
3878 10
5024 7
1128 10
3647 3
1885 10
6024 7
3852 9
7630 4
1706 4
6297 1
3078 10
8025 9
3988 4
6731 8
7600 7
481 5
6869 4
3714 10
6723 7
7766 4
2322 8
5714 4
3872 5
2103 9
53 3
7042 3
1997 2
6023 7
867 2
3008 3
73 8
1258 1
4359 8
4572 10
5300 7
842 6
264 2
4576 8
3666 4
7954 8
7724 10
5159 10
7625 2
177 5
2158 2
3967 8
4323 5
862 8
1996 5
699 6
1486 8
5202 8
1733 9
2221 3
1968 4
4967 7
760 1
6493 9
1997 7
7422 3
1337 7
7565 4
6890 4
251 7
4916 7
413 3
552 10
3404 6
3634 1
4876 1
5871 8
927 9
6403 9
2355 2
3314 1
1841 3
6100 3
3637 5
7 4
1069 2
6036 5
6499 3
7183 10
7783 6
2865 8
2944 8
3474 7
4935 3
5721 10
2844 7
936 4
4142 6
7738 7
6841 6
5820 10
5144 2
25 7
849 5
905 6
7920 8
467 3
2803 8
3478 10
6717 3
5904 10
3280 10
5539 10
7671 9
7351 3
4602 2
1249 4
2928 2
5345 1
6707 3
7684 3
7831 4
2385 2
3626 1
7001 6
7153 3
4788 5
4165 7
5967 1
1197 5
1775 2
7169 9
5415 2
2216 9
2955 8
4702 4
805 9
5476 4
5483 1
1523 9
1726 1
4435 6
24 10
4062 3
303 8
506 9
3236 5
5124 5
7222 7
5216 1
5820 10
1256 3
4680 6
5491 2
6471 9
4713 7
6809 4
5145 2
7526 3
106 10
1503 4
5707 9
5749 10
1706 2
7987 5
941 5
3685 5
4103 4
4472 7
2065 9
7472 2
270 8
1130 3
6497 3
6883 8
4357 3
6174 5
2087 3
3877 1
7252 6
5974 6
1151 3
3158 3
8063 9
3318 8
5798 5
1961 3
5236 5
4271 2
2990 6
2446 2
8151 6
1809 3
7799 6
3342 7
2281 9
3276 10
3713 1
3832 6
5322 7
6712 7
3169 10
1637 10
2735 5
160 4
3417 6
5340 7
4932 9
6050 10
5615 1
2326 7
941 3
1379 7
3972 3
6818 3
6360 3
6313 9
1533 2
7466 5
2585 8
7562 6
2068 10
7779 8
7883 10
7954 2
8097 5
2966 3
3255 9
500 10
5234 8
2970 7
1887 2
5933 9
4716 9
6368 10
5000 9
6136 10
2560 2
6048 3
4460 6
650 4
4223 10
4131 5
1436 6
4449 6
4887 10
6542 3
2134 9
445 4
6484 9
7496 5
3895 2
3805 10
1880 4
765 2
3614 8
5093 2
5286 1
7411 2
1235 2
1495 6
1812 1
2944 6
5207 8
5285 6
3251 3
1184 7
6628 4
372 2
703 10
1256 4
2553 2
4607 1
5364 4
4130 2
6892 10
7933 6
568 5
696 4
6993 10
339 9
881 10
2891 2
2372 10
7069 10
3769 5
3904 5
1890 3
3726 7
5178 6
5641 3
6433 1
7418 9
2136 3
3737 5
3863 1
7070 5
2780 10
6025 7
5787 9
7641 2
8125 8
4068 5
6056 1
4697 7
2144 6
8119 1
648 6
2073 10
6480 7
5564 4
1610 6
527 3
7967 3
3212 2
5457 1
3987 10
8045 9
3989 3
7876 6
4326 8
7317 3
5393 8
2205 3
1832 2
1668 9
5191 5
819 3
468 3
3922 9
4050 10
2993 2
4958 7
5097 1
5556 9
6586 9
6336 9
5434 10
7398 8
7531 3
1303 4
3068 8
4728 6
4778 8
5774 5
6007 3
7465 6
5830 3
7608 2
679 9
3933 8
4919 2
5033 6
6230 6
251 6
375 1
7026 5
2539 6
2602 6
3789 3
5784 2
6846 10
6285 7
3942 8
2201 7
7799 10
1073 2
1758 2
4164 3
5724 6
7116 8
2044 1
5980 7
2780 4
574 1
4459 7
7977 6
2676 9
6563 10
5750 6
1930 10
1649 5
4890 5
3203 7
3674 3
5344 2
5492 9
6203 7
6418 10
7738 6
4939 4
1976 1
2542 8
2981 5
5167 10
2141 3
7962 9
1505 3
2930 5
1199 1
704 6
7499 10
448 5
2236 4
3043 9
6919 9
6921 3
2066 5
4678 7
4529 2
1998 3
4054 3
3838 3
1265 7
5578 10
6249 9
6712 2
8185 10
2686 2
6458 4
7782 8
2408 10
1371 7
2244 3
4959 3
5375 10
616 9
3534 5
430 4
1505 10
6849 8
8018 10
593 5
4040 7
1335 6
3349 5
3426 9
4496 2
6069 8
6733 8
6396 8
5474 2
5316 10
193 7
7838 6
8150 2
3188 7
7810 3
3309 7
5763 3
54 1
8086 7
6748 6
1517 1
371 8
5014 1
6584 7
2968 9
4088 4
3705 4
2636 8
2120 1
8112 3
3105 8
6986 7
1313 9
5317 1
6976 3
961 7
5013 10
5119 8
333 8
604 7
1850 2
830 6
3831 3
7854 6
395 2
3935 9
4454 5
278 2
3076 6
3577 3
599 2
3583 7
7827 10
1357 1
4040 7
2306 8
3101 9
4299 3
312 9
1097 2
2147 4
4511 1
6144 1
4342 2
7775 1
7538 3
6824 7
1575 1
6541 2
6966 3
1479 10
930 1
64 8
7005 9
7159 2
6403 10
7748 9
5947 6
7848 5
7865 4
644 4
1050 8
2973 5
5006 1
3285 5
2872 7
7146 10
1478 9
617 10
4995 10
4366 7
2044 7
2162 8
808 2
2800 5
2100 1
8137 7
5162 3
7033 10
7064 5
2968 4
4167 1
195 4
416 1
6018 2
1006 4
1454 1
5750 10
3757 2
7727 7
1895 1
3678 8
4680 10
5758 3
5779 5
4945 9
3310 1
5346 9
1119 7
3521 7
7050 10
3687 8
7647 6
3466 10
7055 9
934 8
2377 6
4336 8
4385 8
4673 8
6626 6
5699 8
7927 3
7564 8
7683 10
7467 7
1184 3
3142 7
748 2
1454 6
2346 4
4213 3
6713 6
40 6
2031 1
7968 3
3795 9
5304 7
6948 3
5625 5
351 7
4794 3
1098 10
871 9
1159 10
3508 1
3940 4
6992 9
280 7
7992 4
658 9
4123 7
2872 7
2585 5
966 8
2265 9
7353 8
5986 9
640 3
5519 9
6431 7
2226 6
2568 8
4253 6
5382 6
5635 4
5733 4
1898 8
6790 2
2718 8
3355 6
1818 3
5697 6
3319 6
1191 1
538 2
4351 4
5079 3
5512 7
6160 10
5066 4
4095 10
5116 3
7433 7
4858 4
5801 6
5433 4
1623 9
2090 10
2788 9
4074 7
6276 6
7740 5
6454 2
4239 9
7811 10
4919 10
6669 1
7241 7
3394 7
7249 7
5143 10
6041 9
1675 5
3614 5
723 1
1768 7
2012 9
5741 3
4095 5
5205 1
3673 7
5516 3
7909 4
8001 10
6645 4
5148 1
4267 10
4392 9
7259 5
6847 9
2646 10
2936 3
141 2
4629 1
6587 1
7410 8
7410 8
4561 8
2000 9
960 10
597 4
1090 6
1385 6
2980 10
6422 2
6743 3
7341 2
2034 8
963 1
1273 4
4022 3
4521 1
7673 1
2722 4
7005 6
1427 4
1583 9
573 10
3853 4
1167 3
3061 2
4685 10
7014 6
5315 5
3662 6
5659 7
6797 2
771 6
1393 3
4871 6
5162 1
5257 6
7802 2
2791 2
4084 2
8027 10
7997 3
755 6
970 8
2347 10
4444 1
6389 9
6898 6
3822 7
837 2
1881 3
6847 7
7346 9
5575 6
4190 10
921 9
2685 8
4292 9
4971 3
396 6
846 2
1170 9
2509 6
2781 9
5732 9
1089 1
6841 9
196 10
3375 2
3413 2
4126 2
3215 3
4681 3
7909 3
324 5
344 7
5199 4
6332 9
7308 3
747 8
1574 9
5862 7
6947 7
2205 1
2556 6
4328 10
7113 4
3519 5
3785 4
2756 7
5193 2
5310 3
5901 1
6495 10
6985 3
763 6
2415 5
3720 8
2214 9
2756 9
4676 7
5709 7
5665 7
8114 4
255 7
3166 10
3097 6
5198 6
7859 7
2793 9
7070 10
7267 4
2424 4
5116 8
7031 2
6857 8
5649 4
210 5
4203 1
2109 10
3366 10
1455 5
8172 7
181 1
7144 1
1744 8
2056 4
438 4
252 10
1208 2
2062 1
6144 1
6495 8
8088 3
789 6
5514 10
1150 3
1024 7
4866 1
7261 6
7401 7
6217 5
1699 2
2862 8
6245 2
6331 7
4966 6
4209 1
5903 4
7684 7
7914 3
325 10
4192 2
5768 10
5850 5
6998 6
7119 1
5205 7
8079 6
1835 10
2112 3
2752 10
2999 2
4080 5
5698 10
4412 5
6421 2
4992 1
2784 10
617 7
1774 3
5616 6
7902 4
2080 7
5008 5
2955 8
3189 5
327 1
6659 7
1057 4
6886 6
5075 4
7252 8
32 10
4697 1
8069 9
6907 6
6003 5
4851 5
3520 1
1041 3
1348 1
3800 5
944 3
6787 7
2800 5
7685 3
4631 3
3253 5
708 8
2824 6
4898 1
2430 6
5239 6
6341 8
8065 3
2603 4
3977 3
4083 10
118 10
4124 3
1932 4
1683 4
5247 7
415 1
6751 9
4957 5
1989 6
8069 8
2165 9
6953 6
7092 5
7509 3
7591 2
6105 6
6903 1
1486 2
105 5
1252 7
6168 3
7975 6
8147 2
1344 1
1975 3
4992 2
6272 5
5450 5
4256 8
6021 4
7834 10
1390 6
1767 1
3939 9
4681 9
6492 4
1050 7
6171 6
1658 6
3928 7
6426 4
6822 3
4942 8
1305 9
3485 8
568 6
3608 8
6885 7
38 9
60 6
4990 10
7082 1
794 2
3148 1
1210 8
3395 8
5575 1
8120 8
2279 9
1213 8
1748 1
3025 6
3528 10
5937 10
5107 6
6742 4
7636 4
4674 10
1281 8
6692 10
5 1
7585 8
8109 10
16 10
129 10
2140 9
2619 3
5401 4
5813 5
5988 9
892 6
1704 6
3415 3
5244 2
6794 8
5431 5
5738 6
3560 8
3616 5
6221 8
6274 10
2087 1
3588 4
1462 7
4899 3
7171 9
4004 8
2110 4
4792 8
7651 2
1156 3
1378 7
1386 5
2121 9
4060 1
6842 2
2044 2
2828 7
7678 2
5779 3
5846 4
4305 4
1146 4
7930 3
5651 3
7472 6
7922 5
76 7
1302 8
3658 8
1781 6
358 3
931 1
1129 4
2436 4
7354 6
1573 5
7042 8
5095 1
2018 7
3334 9
4508 9
4951 3
5151 4
7812 5
7334 5
6602 9
7393 7
1474 10
3655 2
3573 1
858 6
1278 3
3956 8
4490 8
4119 9
2984 5
4068 3
6277 4
1397 5
1148 2
4596 9
7900 5
1264 5
3403 8
5807 10
4246 6
313 2
4800 6
6309 10
990 7
3686 5
5275 1
1030 9
350 4
3825 9
6438 1
2173 4
3789 7
5522 9
5929 6
6301 5
7463 6
7326 2
7492 4
6475 4
1611 4
4468 4
2525 10
2680 8
4918 10
3902 9
594 10
7935 3
687 8
1175 1
3377 1
4865 9
5284 6
6648 1
7985 4
1780 4
536 7
3155 9
3646 4
4133 1
4651 1
7645 1
5038 4
7889 10
5291 9
7777 5
223 6
1666 2
3365 6
4595 3
7573 3
3315 8
3498 4
4071 4
3211 4
689 7
6238 1
3698 8
5367 3
4098 5
1010 1
4752 9
4041 10
1473 10
2742 10
2980 1
961 6
8009 5
1229 7
5155 5
5453 7
5592 5
6774 4
4508 4
7872 7
7754 8
399 7
3586 5
6356 3
2381 7
8135 6
1259 4
8064 3
2604 3
6131 10
42 6
2334 4
7903 3
901 9
2604 7
4163 10
1718 4
4958 8
7500 6
6451 10
4542 5
7506 4
478 5
5598 6
5990 5
7960 8
1827 7
6853 7
7558 4
1265 10
5655 1
7176 4
4727 6
721 6
5735 10
2487 1
7654 7
4299 4
5466 3
5804 10
5876 1
5634 8
2029 2
5460 6
2637 5
3039 10
7016 5
3349 4
2434 10
838 9
4511 7
321 5
570 8
6698 7
7059 3
7472 4
885 3
7058 7
3697 8
6567 3
3199 9
1691 2
4660 1
5191 5
2906 3
5326 1
7071 1
3349 3
4917 10
5413 6
5976 7
358 6
8169 7
7663 4
129 5
561 3
2622 9
3199 8
3974 9
4279 6
5349 2
5417 9
7339 5
7679 8
52 7
980 8
3913 3
3537 7
2568 10
332 9
631 2
758 3
3125 6
4362 5
5807 3
6658 3
6918 10
7139 1
2421 1
3307 3
3761 9
3819 3
6833 4
6892 5
7362 10
7964 2
533 7
962 6
1504 7
5376 4
5866 10
7486 6
601 7
7868 3
8091 5
1387 6
7847 10
5587 9
6483 3
555 9
4609 1
3574 10
4877 1
3114 3
2599 10
6273 1
1697 6
3656 4
3781 9
5953 3
8064 8
4353 7
3567 1
5948 1
6539 1
4882 5
2689 3
7773 1
7621 2
1151 3
3123 3
6060 1
1777 4
1504 6
7486 4
3170 8
3737 7
38 6
4631 8
3620 8
803 10
454 1
2951 8
6961 10
1956 1
5245 8
8178 1
2898 4
3623 2
7448 3
5290 9
6434 3
2763 4
4049 10
5859 1
883 9
4944 2
1230 3
460 5
4252 2
4700 6
6324 5
2959 3
2102 3
7779 8
2378 6
2175 10
2777 9
2359 8
7637 4
6263 1
1620 3
5448 8
8047 6
7564 7
5113 10
5863 8
6031 7
6553 9
5932 5
7261 1
7162 3
8101 7
336 6
1290 6
1790 4
3547 10
5516 6
6850 8
4486 2
450 2
6378 6
2007 2
6167 1
3014 9
1872 7
2185 3
2895 10
5950 4
984 3
2809 7
202 3
1905 3
2785 6
3717 6
4221 4
4852 1
4893 3
5390 8
6393 5
2779 7
4730 6
6091 7
3190 3
7030 8
169 1
6749 8
926 4
1467 5
5319 2
1389 8
2484 8
2842 10
4510 3
4937 2
5984 3
6018 5
7175 10
1082 4
1616 7
7976 8
5722 2
7895 9
2145 10
4803 6
2720 8
3746 4
5220 10
5313 8
2700 8
6457 4
1781 2
7216 10
6412 1
480 6
3717 7
4590 8
3195 2
5375 8
7877 10
1963 9
4846 6
5919 2
7064 8
7324 3
7129 4
3306 2
7235 5
6002 10
2728 2
2806 5
4604 5
5398 7
6425 4
1316 3
5610 9
4291 10
3835 7
4158 1
2139 6
1383 1
1696 10
1329 6
2088 9
5733 3
2864 7
3010 6
7138 6
3626 10
5206 6
7068 5
8018 6
968 9
7353 3
595 3
3117 4
7869 5
1290 9
2120 8
5480 4
6066 10
1219 7
1142 5
5709 2
8176 10
7807 9
3676 8
3773 2
4840 1
4449 1
3587 8
2577 1
1579 5
2712 4
4656 8
5022 9
5819 7
6013 3
6924 1
4422 5
3450 2
421 3
2739 9
2722 6
7277 4
8082 4
5870 1
1438 8
3684 7
5967 3
1084 4
5383 3
5255 6
2202 10
7648 4
3924 7
5262 10
26 8
7380 3
301 1
1727 4
2611 3
1910 7
1800 10
3325 10
5479 6
6092 6
7054 5
7678 4
5907 8
471 5
1770 2
4537 10
2800 4
50 8
8028 7
41 7
7786 3
5254 2
6217 7
6772 5
6325 9
4769 1
2068 2
5160 4
6594 4
6919 6
3202 1
6624 5
382 8
1056 7
5760 3
5943 8
3462 1
7649 3
2102 4
2727 5
2975 5
5396 9
6474 3
2171 3
262 5
478 9
7031 4
319 9
3701 2
4785 2
5999 9
6362 3
1724 5
7819 10
2989 9
4989 1
5770 4
4083 10
7714 2
8039 6
1439 9
1614 2
6325 6
5738 1
3633 6
205 8
2643 7
7063 3
3473 7
3096 3
4318 2
8162 3
419 7
987 7
1803 4
2662 8
3829 2
1475 6
4284 8
7566 7
3783 10
5104 8
5908 7
6803 6
546 2
2090 10
5263 1
6944 2
600 7
1333 6
4031 6
6189 7
6520 4
3072 5
5485 8
132 7
2385 9
3123 1
3592 4
4976 5
5632 2
3905 9
1382 7
922 10
22 10
6897 10
3809 10
4845 9
7741 7
3535 1
6765 7
6910 9
1434 8
2188 7
825 2
3496 9
3568 10
6075 4
6489 1
536 4
1598 2
3291 7
1583 9
1725 6
3952 3
5486 7
3159 10
3651 3
2195 6
5071 4
6825 4
5832 7
4250 5
8035 7
1639 1
2059 2
3444 2
7487 4
6067 9
2091 6
7229 5
2773 9
3190 6
3554 2
6322 4
5679 4
6740 7
2257 8
3408 10
5187 1
6680 5
6676 8
5486 9
1921 8
5483 10
6133 9
1513 7
1786 9
4820 2
7335 6
6993 2
5497 4
7922 6
3396 10
2863 4
6109 7
7190 3
917 5
3699 9
6455 6
3799 10
149 9
699 5
1065 8
3119 9
390 7
7513 7
7392 8
2596 8
4198 9
7131 7
6532 6
6917 3
7308 4
37 3
5861 9
7549 7
5874 2
7816 7
4026 9
4077 3
4296 1
29 7
7999 8
2668 2
2916 10
4038 2
1810 9
2990 5
7784 4
4715 9
5330 4
7190 2
3398 7
5062 7
944 1
1203 8
4677 2
3496 5
912 9
3240 6
6366 7
5170 1
4058 3
5028 5
7882 10
1915 2
6319 4
4945 7
5293 7
4325 1
4388 1
5052 3
5080 4
7478 3
7595 10
1249 5
5723 10
6271 10
2414 4
1477 3
6833 7
5704 4
354 3
2214 3
3457 3
6656 6
7717 3
7165 9
3305 1
675 5
4169 10
1670 3
3909 9
5663 4
3326 5
5111 9
6649 8
7892 7
6829 9
5924 1
6459 2
4930 7
7931 10
3450 3
5511 8
7216 4
7266 7
5874 10
6157 6
7154 10
2832 8
7944 1
1564 1
4696 9
4859 6
1242 2
2340 8
2631 6
2865 7
6340 6
5595 8
666 8
2858 6
6649 4
4198 8
883 2
5503 10
419 10
788 5
6370 4
425 9
904 3
4165 4
3468 3
4293 3
5262 5
1827 3
5399 7
6216 5
6494 3
963 1
7457 8
6707 7
3958 3
380 7
5777 5
2846 1
3044 2
6417 3
6865 9
1724 2
2096 4
4679 2
6277 9
6031 3
4991 1
1238 3
1625 8
3467 9
3947 5
4606 1
5605 4
7100 4
4991 4
921 3
6591 7
3382 8
3713 9
925 4
4686 5
2299 8
1497 4
1570 9
3292 6
3701 5
3935 7
6647 3
7628 4
6034 9
4463 8
2798 9
6038 1
5842 7
7448 2
5662 3
6081 1
341 8
3288 6
5668 6
4748 10
642 9
1239 8
287 6
1734 3
3247 6
4091 9
6128 5
8086 4
7255 10
6188 8
7658 3
1897 8
3558 9
4201 6
6496 3
8039 4
2215 10
311 9
384 1
1557 5
2015 3
2082 10
2280 10
3620 6
7573 10
5706 2
8095 5
925 1
1754 10
2330 9
4193 9
7718 4
2800 8
2619 9
605 1
2758 1
3338 7
6078 7
3761 6
6166 8
6145 4
4414 1
5729 8
2799 9
273 8
3867 10
4132 6
4767 2
7299 7
2928 4
2249 7
5053 4
1202 3
3664 4
4512 9
2802 6
3965 7
6895 4
7877 5
1618 5
1682 8
5202 8
6710 9
7761 7
4961 6
3688 5
6650 6
5767 10
2936 10
4277 3
458 10
1540 8
3103 10
6653 3
1224 1
6252 5
331 1
4217 3
4415 9
6594 4
6776 10
8110 1
4072 3
1771 9
386 8
6632 6
7083 5
6990 10
3292 4
6434 9
3327 10
3886 2
8048 7
474 7
7251 8
7229 1
4268 9
7354 2
3065 6
3143 2
4598 7
1802 7
2084 6
3416 2
3986 4
6941 8
3724 5
5734 5
973 10
6898 7
3565 6
3816 10
5432 10
4597 10
4824 10
7670 2
4135 10
1742 4
8087 2
2953 1
3389 10
4869 2
7024 5
1008 6
1198 10
7824 6
6395 2
6805 1
7107 7
2169 9
8044 2
2975 4
7775 5
4170 7
5981 4
816 1
5971 8
8004 3
1429 10
5890 10
8084 9
2066 4
6400 4
2302 2
2255 9
6454 4
935 1
3196 3
1595 4
3903 5
6863 1
3861 9
4624 8
1770 6
3138 2
4558 3
4486 7
8108 3
2134 4
6085 8
7069 2
1366 6
3827 9
7505 2
1032 3
697 1
5949 5
6307 3
7741 3
1027 8
278 9
1179 1
4712 6
6998 9
6173 1
3821 2
4848 7
2611 5
6778 3
4314 2
553 4
1514 1
2075 10
2856 10
5140 10
5383 2
6908 1
2382 2
7644 8
5444 8
7305 2
7676 6
322 8
2869 3
4895 2
3625 3
5657 8
1702 6
4454 10
4706 2
5560 7
419 7
5589 9
1967 4
141 7
4063 3
4913 8
7590 4
5318 2
3712 6
6352 4
7095 3
6705 5
5994 3
536 9
816 3
4711 9
5894 3
6683 6
3345 5
7297 4
3073 2
3413 5
2692 5
1070 3
1420 8
3132 3
1564 3
2100 1
3386 9
3933 3
7246 10
2931 7
905 7
5721 2
6248 4
962 5
1361 10
1468 2
4240 2
5249 7
7848 4
6993 1
2630 7
3580 7
4838 3
4990 4
8090 1
2439 2
2960 6
7889 6
7456 4
3714 5
1768 9
260 9
3292 7
5223 2
6571 9
2574 7
7512 4
4128 6
5768 2
4229 1
948 4
1598 10
4699 4
5172 1
231 7
6925 8
5477 1
4642 2
3135 1
5485 6
7687 4
431 10
491 8
3724 7
7201 8
7347 2
5240 5
5878 2
7150 6
4142 2
2430 4
7246 3
8134 1
1207 5
7795 10
735 10
2985 5
6028 7
6337 3
1995 1
472 8
5689 5
446 10
1015 1
4877 2
5184 3
7149 5
7625 8
2067 7
2568 1
6745 8
6979 9
7476 1
2885 5
7014 4
8114 9
1815 5
6604 6
7892 9
5254 7
2738 6
1244 10
7391 6
2224 7
3857 9
6026 8
656 8
4429 7
4861 4
7537 4
4446 2
7049 6
2264 4
4574 8
4 8
1845 6
3044 1
2970 8
7543 3
412 5
1124 4
4651 3
3897 9
1098 4
782 1
4957 2
6408 6
2961 2
7461 2
2381 7
6888 3
7752 2
1585 7
2663 9
2798 5
4944 3
5378 5
6528 2
5199 9
3733 2
3193 6
1943 6
3806 10
3980 1
2169 4
3653 1
6998 4
5355 2
7488 7
7707 6
2879 1
2733 9
277 7
7117 9
259 7
3058 5
2883 7
6377 7
6024 1
6526 4
6737 1
5609 8
7171 8
7593 3
2125 2
5035 6
3231 2
268 5
1494 4
1659 3
4701 2
5842 6
5785 9
8103 8
57 7
5633 8
7970 9
7250 5
6030 9
4446 4
1671 3
3117 9
3560 2
4458 1
2660 3
5518 7
7743 3
2201 5
3473 9
5372 1
4047 2
6592 2
6849 6
7495 4
3288 3
8181 1
1965 1
2256 9
2453 10
4812 7
6450 9
177 8
6924 5
2699 10
517 10
5391 4
353 1
778 3
842 8
1731 6
5685 5
1464 3
4796 2
5872 2
2212 5
6705 1
1428 4
1866 3
4755 5
624 9
5662 6
3760 7
3884 10
1711 1
4552 10
7613 2
4093 8
7798 2
1929 1
4969 9
191 1
7317 9
7858 4
3909 1
7792 4
3036 6
6386 6
7132 6
636 9
1512 3
1790 2
1008 2
2369 5
7412 1
1601 4
4604 1
4451 3
1175 7
2478 4
4589 5
675 10
987 10
1940 10
7717 10
340 5
5802 9
1233 6
3885 10
6931 3
6074 10
1934 7
5616 6
6212 2
6771 8
5285 5
7625 6
6245 10
5596 6
2294 7
715 8
2581 6
7539 4
7462 2
4144 1
6497 8
571 7
240 6
1040 8
1618 8
7496 8
3782 6
2945 9
5746 7
243 10
878 9
4755 1
5409 9
1380 4
1904 10
3804 10
2754 1
1032 1
4557 8
4867 2
6452 7
7214 2
2964 9
1586 10
6793 4
5640 10
1774 2
2390 3
3787 10
3946 1
6632 1
4734 5
5085 10
7087 7
7392 10
2247 5
7318 3
3793 7
7434 7
7982 6
2337 9
6436 8
1256 3
7442 3
1431 2
1779 3
1351 2
4781 10
4794 10
3485 10
1652 1
3817 10
7640 4
356 9
5948 7
1976 4
3199 6
582 5
3923 10
3609 10
7150 1
6558 4
4747 8
6374 7
3684 5
1373 10
2025 4
4262 7
5839 8
8048 2
12 3
2386 4
3009 8
5209 10
3053 1
2715 5
1242 4
3591 6
5849 1
461 3
8107 9
6925 5
5284 6
372 7
529 6
6862 8
6874 10
2040 6
5229 6
2253 5
3691 10
2408 6
4170 5
3803 3
5266 4
513 1
6547 5
1112 9
6693 8
6328 9
137 1
1600 6
1917 1
2074 5
3116 1
3555 9
5007 10
1228 5
519 1
2571 1
3396 1
4637 1
6062 8
6477 2
5879 1
3498 9
7939 6
5834 6
4232 9
4170 10
6702 8
5851 2
361 4
4566 8
3328 4
7009 8
2918 2
1271 1
4408 1
2732 5
488 8
8174 8
7736 2
3720 10
5305 2
6167 8
6353 7
8075 2
1230 10
6821 8
1782 10
3341 4
4123 3
4368 2
4052 5
2188 6
5137 9
3506 10
1277 5
254 3
1918 9
6336 6
6420 2
3174 2
2426 1
2127 1
1332 9
4406 9
6040 3
7654 6
596 9
8153 6
6627 9
1268 5
2246 7
4976 8
6213 3
2315 5
1303 8
135 2
781 10
1727 8
2162 8
3639 8
3921 1
3155 1
4435 6
4707 2
6208 1
4273 5
2267 5
2968 3
5808 6
571 4
465 9
2971 10
1973 3
4046 3
5945 3
3863 1
7918 7
6015 2
3156 3
3309 1
7757 10
6104 10
7546 2
5787 4
1468 1
2234 2
1691 10
4728 7
5216 5
6135 2
6607 3
5003 10
3592 8
3590 6
5680 6
6873 10
3423 4
1847 3
7719 10
775 9
1395 6
2540 10
5620 3
6485 1
7575 3
7674 10
5115 9
725 4
234 5
252 7
1565 8
1965 7
3346 6
4726 8
7596 4
5088 3
1050 3
3432 9
5967 1
2438 3
3697 3
4413 6
4999 10
7716 10
1970 2
4257 6
3979 5
1582 10
160 2
4183 9
3739 3
632 3
872 2
7963 8
889 10
4158 1
6658 8
6743 2
203 3
189 9
330 4
1812 2
6050 5
2111 7
6171 10
71 1
1158 9
1188 9
2375 2
3856 5
6351 4
7305 10
3786 6
8081 10
6925 9
4765 6
6248 6
613 6
3688 3
312 8
1808 3
3975 4
5739 6
87 7
389 6
1693 8
5608 10
7247 6
7389 7
4590 1
92 7
723 2
1043 6
1367 6
4115 2
4980 1
4271 9
3991 9
555 1
6787 7
7869 7
216 2
114 5
1516 2
2417 2
3347 1
3724 8
3583 8
4548 2
409 6
130 7
805 2
6616 5
5882 3
6161 3
391 1
3460 4
5127 2
36 3
4563 8
548 3
994 1
5368 3
4701 8
6643 9
747 2
6563 10
4967 5
3200 10
3540 8
4427 7
5607 8
6887 2
7034 6
3249 3
7162 2
6216 8
395 6
2296 9
7702 2
707 8
2178 3
69 4
1115 7
2306 7
3271 5
4410 9
5300 5
5440 4
6824 8
3654 1
981 2
1467 8
6709 9
495 4
2808 5
7360 6
6094 4
2645 2
7313 7
548 1
3643 7
4674 10
134 6
4739 1
2930 4
7862 10
1254 5
2973 9
5056 8
6655 10
7403 5
5001 10
1920 7
1198 2
2459 7
7553 7
7622 3
3193 8
1874 9
632 10
4150 10
1253 9
4554 2
4481 3
6858 4
7804 2
414 1
1090 5
7661 3
4881 7
5552 5
4392 9
1507 2
3148 4
8128 6
8169 8
2664 10
1000 7
2365 5
392 2
439 10
923 9
2106 3
2987 2
3517 7
3613 1
5360 8
437 2
8141 3
750 6
2449 7
4737 7
913 3
911 2
4432 8
110 6
7382 9
8041 3
6884 3
2834 1
1847 8
4037 6
18 4
2718 6
1924 7
1925 7
1249 10
4662 10
6577 1
2475 1
1516 3
4155 2
3187 6
2769 9
485 7
1263 3
3933 3
4324 9
7651 2
2457 10
7258 3
2829 9
3641 6
3567 4
1785 1
6261 7
4431 7
7482 8
1490 6
2653 8
3288 6
3722 7
5343 5
6703 2
6490 9
3116 10
5456 6
753 8
5732 2
3965 10
3370 8
5038 2
2463 2
6370 7
85 9
7713 10
4094 4
4580 5
5099 10
2545 10
4912 2
966 1
6246 9
3665 2
3778 4
6226 3
6215 7
3463 8
611 4
2179 9
2727 5
5858 6
4492 6
266 10
4870 1
1604 1
6430 4
7602 7
6563 5
4190 9
2150 9
287 5
354 2
2869 5
4453 2
5513 6
5790 8
6170 4
6839 4
7199 7
1669 9
304 3
1118 7
1164 2
3610 4
4055 4
5776 4
3075 4
2033 9
6668 3
6765 3
4362 1
5510 6
3632 1
5661 6
6820 4
6964 4
1976 7
2616 6
4014 10
7300 4
5757 1
5359 6
1256 6
769 6
5630 4
7244 5
1805 6
4024 7
1510 9
4540 3
651 9
1521 1
3029 3
1309 4
2000 4
859 2
5964 6
179 2
3867 6
4767 6
6386 2
2272 4
8112 10
254 8
435 6
987 4
4284 10
3487 4
6906 6
2222 3
2521 7
4105 10
5456 2
196 7
3690 10
3793 7
2595 6
5896 3
6584 7
2602 7
6598 3
5831 3
6498 3
7505 1
966 2
4926 2
2519 10
3173 4
5862 4
8034 3
6960 7
5236 8
7380 1
970 5
7615 5
6289 4
6137 4
3104 5
2560 7
854 7
410 5
1791 3
2135 4
4392 5
5601 1
7477 5
7896 8
2837 5
4947 1
371 10
2282 8
4932 4
6590 6
1548 8
1824 3
1342 2
7335 8
7511 8
2744 9
5748 2
4522 9
1253 4
3503 9
547 2
3346 1
4083 4
5509 9
3069 4
5415 8
4655 3
5748 2
7365 8
8022 8
6017 5
7312 6
6858 7
2191 2
926 5
7568 4
8089 10
2261 1
1266 10
253 4
4396 3
5052 3
6443 9
6721 10
5146 3
4209 10
1511 6
1635 5
3145 7
4687 6
7955 3
7540 3
2862 2
7933 10
1241 5
2737 9
3962 5
4995 5
2141 5
2629 4
1750 2
986 6
6329 4
1174 10
1524 2
8163 5
7248 10
563 7
2428 5
3806 3
4029 4
4406 3
5551 6
836 10
6159 7
7166 7
1396 2
7912 8
1475 9
2159 7
6828 5
3426 6
7111 2
5642 8
7671 4
6361 10
5752 6
1757 8
7820 9
3199 5
157 7
6238 4
3748 6
36 6
565 6
3200 4
6885 2
7080 8
5077 8
5432 8
323 1
1602 1
5943 5
2802 4
2797 3
7642 10
3691 9
959 4
2473 6
3775 7
6974 5
3103 2
764 6
3574 1
6074 1
2138 10
1842 8
2229 2
7670 2
6969 9
5562 6
5531 3
84 8
4981 10
5998 4
7331 6
7356 10
4387 4
6446 5
4865 7
6155 3
1187 5
3908 4
6890 4
6539 6
4200 6
15 3
5665 9
2293 2
7416 2
1233 8
3972 9
5520 6
5325 9
1640 3
6997 5
2116 9
6150 7
566 7
1444 10
1502 7
1692 4
7742 2
666 1
8141 10
553 9
6882 2
4829 1
947 3
3927 2
1633 6
3997 5
4087 10
6793 2
1938 6
3183 3
2646 2
2807 5
1417 10
7532 9
859 5
6392 1
2320 8
2872 4
2904 7
5024 1
5353 6
6019 10
892 6
2855 9
4602 1
3356 10
7260 9
2734 9
2553 8
4795 5
7371 3
6692 8
4406 6
7944 9
2885 4
3825 3
5171 2
6463 9
7403 10
1119 2
656 9
7115 3
7466 5
3757 1
536 5
2021 7
3641 8
4497 1
4681 1
4104 8
2505 7
471 6
989 2
1520 3
2948 5
4065 4
6065 2
1701 5
2066 9
3582 8
6893 3
7066 8
4845 4
5440 9
8111 2
1961 6
2248 6
2325 7
5081 10
2681 6
6493 3
7566 7
3482 1
459 7
1035 5
6876 10
2558 6
3852 2
5629 3
6830 1
7168 6
231 5
4949 1
8167 4
4999 5
1677 2
2949 2
4335 9
7545 10
12 5
7923 6
5356 10
5721 4
7792 9
3854 7
160 5
323 4
1291 3
3454 2
1636 2
39 3
4768 6
2266 8
4167 1
1832 1
4028 8
6370 9
5896 2
1020 8
7614 6
2166 6
5268 3
7915 10
4214 10
5327 8
5801 1
6492 6
4243 9
7161 3
6832 7
8048 10
2388 4
5521 3
5482 10
793 5
2367 7
7156 6
7378 10
6491 1
3967 6
2116 3
6440 8
6514 9
8159 4
6792 4
121 3
7874 7
2811 2
2219 8
4399 4
6908 8
6893 10
186 3
1701 5
3433 5
3850 9
5570 10
6386 9
6467 5
4136 2
7880 5
1975 4
5200 6
7889 10
7318 4
1427 4
6936 10
7218 2
1997 7
2940 9
6496 6
534 10
2749 1
3294 3
2868 8
4629 9
8125 10
4147 9
2040 3
2838 6
3206 4
5856 7
1495 9
7450 10
3415 5
5891 4
1699 5
2267 5
5387 8
3024 8
5167 5
4236 10
2273 5
7025 8
6932 7
7078 6
4613 2
6182 7
5811 7
4804 1
214 5
7370 6
5174 7
6658 5
4765 6
4632 1
4745 7
4404 9
3761 8
1260 7
3826 5
1381 3
3400 4
3315 5
5261 2
6334 5
6724 10
1464 4
5224 3
1727 4
4013 9
6830 4
2581 7
4388 10
1962 6
14 4
4787 9
3584 6
1878 7
1038 6
5059 3
6095 2
6482 7
2215 1
6046 2
1023 4
4425 1
2446 9
4726 3
2464 9
3097 8
928 4
5843 10
299 9
6738 10
1639 4
370 9
3981 10
7501 10
613 6
1574 3
3596 4
3675 10
4735 10
7634 4
7382 5
6826 5
2570 4
210 10
2374 10
3195 7
6497 4
7198 10
197 6
1527 5
3757 1
6554 9
6216 2
248 5
4161 4
4393 10
7184 3
7197 4
3529 5
2246 6
2562 1
8131 2
984 5
2293 10
4627 10
3351 9
6945 7
4609 8
8018 4
72 2
1117 10
1691 9
4847 5
741 6
945 10
6951 8
7877 1
4825 5
7376 6
6673 3
6816 5
6859 8
6948 2
6085 5
8110 6
1386 8
815 2
5236 7
870 8
2257 8
3522 7
4403 10
5430 3
6156 3
6467 7
6998 10
8155 9
8023 2
4551 3
5178 3
1005 3
1763 10
4519 6
6112 4
6122 3
7671 4
1406 3
7174 3
3074 9
821 5
1923 1
2985 3
3695 10
4350 6
7426 7
5375 10
1746 1
841 2
1948 8
4389 5
6261 9
2690 7
4263 6
918 6
1760 9
4604 7
3343 4
5171 1
899 6
5871 1
519 1
544 4
3189 1
6190 10
7739 10
1778 7
6934 6
1072 2
4018 1
4879 8
4665 4
713 3
5198 6
3565 5
3988 8
3337 4
4141 3
330 10
1695 10
1783 8
2673 9
5098 7
6188 10
4594 9
7382 4
1622 2
4839 9
7890 5
610 9
1511 2
5173 2
6733 9
5593 2
2281 10
7880 10
6773 2
268 2
1412 5
6178 8
1200 1
601 5
7500 3
712 3
2632 4
3312 1
4934 4
5830 2
7729 7
866 6
3792 2
7531 5
8057 4
43 3
3367 9
5789 5
6058 4
6733 5
3693 7
3194 2
2690 9
5337 4
3436 10
3474 4
6472 8
7002 1
6335 3
2676 6
88 4
5478 2
969 1
1482 3
5726 4
5939 1
7482 7
946 6
1399 10
2443 4
6404 3
6270 9
5195 9
1316 7
6560 8
6545 10
7828 7
4505 9
3943 7
4303 6
3637 6
6919 1
471 6
7350 6
2127 10
7601 5
7854 1
260 4
7128 7
7525 10
1041 2
2732 9
4011 4
6035 8
6736 7
991 1
2509 2
1074 9
3827 5
1018 4
2179 3
4423 6
5708 6
5931 3
6795 6
7169 6
7866 10
6575 6
3151 3
7830 5
606 5
6166 8
6490 8
7230 3
2635 6
165 9
3717 4
335 4
1649 2
2846 8
4505 1
5180 4
5371 9
7571 10
3349 10
2532 4
4121 2
4890 7
3821 7
7335 10
7215 8
1412 3
5749 4
6150 2
6172 5
2410 6
7283 2
675 4
1213 1
2186 9
4060 7
8173 4
4825 1
1671 10
502 5
2784 2
5025 1
173 2
2037 2
5021 9
5792 5
6826 6
3120 7
3726 8
3383 1
2547 7
1143 10
1786 1
4369 9
6219 3
611 3
5131 9
381 10
431 7
928 10
2007 5
2193 3
7831 10
7176 8
7635 6
7476 10
3244 2
7108 3
4772 1
1546 9
603 3
7865 5
2666 7
4517 9
6913 6
2807 2
1065 2
4731 1
3719 9
2628 1
7646 9
6795 7
4743 5
8167 6
7577 7
1847 8
2762 3
3682 4
5009 7
4026 6
6198 8
3535 8
1672 5
1387 10
3258 2
3879 7
7079 9
5694 3
1167 10
1769 10
5738 3
6703 5
7521 9
1959 4
6792 7
7777 8
618 5
4636 6
4847 7
5987 4
7977 5
4708 6
997 9
128 9
835 6
1587 4
2416 1
3291 6
5656 4
3891 3
6246 2
3437 2
5147 3
6996 2
1123 7
3944 9
6306 7
7469 5
2038 7
261 1
3193 7
6051 1
6996 8
4351 7
2618 5
3759 10
6365 1
7437 4
6382 7
552 8
5425 9
304 4
8044 7
2461 3
3719 1
4582 8
4839 3
5556 8
7219 1
6582 3
1639 9
7484 3
6601 10
4583 7
3597 5
1046 7
1798 8
1855 8
6213 8
2073 8
2817 7
5462 5
204 1
2695 10
5494 9
4184 7
5614 9
866 8
3489 5
3626 5
4030 9
6177 3
6824 2
7285 7
4454 2
2398 4
8084 1
2062 3
3328 1
4793 6
6732 2
7095 2
7201 8
735 7
2886 9
6809 9
1140 5
4933 8
7407 4
736 9
5384 4
7421 3
3241 6
5039 2
5932 8
5808 1
4785 9
593 10
2249 1
2735 6
6679 9
6821 5
6873 9
800 6
3241 7
1601 1
4911 10
2701 8
5862 5
7077 4
6539 10
6109 6
184 7
7790 8
3293 1
6171 3
6437 5
6060 7
4813 6
1656 10
2090 6
2258 10
3539 2
4705 6
6937 8
7434 3
5066 7
6490 3
732 2
108 1
167 6
414 1
1301 3
1709 3
2065 3
4994 7
5207 1
625 1
2377 2
7824 10
734 1
3231 1
5335 1
5381 10
1261 5
2457 2
5883 3
465 4
4727 3
4175 6
983 10
5161 4
5336 2
7712 7
15 5
6097 2
3732 1
2386 10
157 6
4646 7
605 6
111 1
2178 10
1730 9
4224 5
7315 8
2845 9
3821 6
4489 1
5271 1
435 5
1138 2
3842 3
6292 9
6892 1
90 3
2472 4
5641 8
3649 9
3755 5
7042 7
7562 6
1061 6
7167 7
7463 5
814 7
2145 5
2453 8
3340 6
3562 1
5070 10
7819 6
1777 6
3002 5
3707 6
2582 9
7223 1
1425 10
1957 7
2030 1
8060 3
62 2
2776 4
5874 2
6381 9
1917 2
2214 6
3747 1
4217 2
5731 1
2695 10
4675 1
8107 7
7392 3
1659 9
1170 3
3065 2
5654 4
1978 3
4042 2
4461 3
2814 4
1567 7
5052 9
3579 8
5458 8
4643 4
1560 3
611 6
2932 6
5314 9
5337 5
6807 8
7463 3
725 10
2431 1
4246 5
4269 8
7578 10
5148 5
5777 5
4904 7
2351 7
1415 6
1780 7
1650 6
2585 6
5452 6
7343 6
7786 10
509 3
1953 10
1963 6
6204 7
6406 8
6831 1
4325 8
4594 5
5031 3
5056 5
6435 8
7474 3
4937 10
2799 2
610 5
2297 8
3600 4
4565 3
5224 7
1209 4
2773 4
3293 1
5012 2
5741 10
6862 1
1680 10
4963 7
6112 6
8033 10
1441 9
1758 6
2723 2
7699 6
5327 6
224 9
6577 3
406 9
4486 4
6238 6
7264 6
5833 7
2226 2
6463 5
592 3
5767 9
845 4
1446 10
3148 8
4461 6
4654 4
5627 6
4880 5
1028 6
5244 2
4414 1
1782 8
2216 2
4839 10
5655 2
7810 9
7579 1
3494 4
1427 2
1830 5
3102 10
4246 5
6089 1
6260 10
6529 8
7183 2
4844 6
5420 2
2485 1
2803 6
4432 6
4461 7
2933 8
2763 8
4299 2
1433 7
4049 7
5841 6
3247 10
8168 9
4171 8
1234 3
2712 10
1435 3
148 10
760 2
1616 7
4620 2
7275 7
8171 3
4825 6
7041 3
3733 5
651 8
4578 7
4197 6
917 3
6331 8
6967 3
6981 8
1531 9
5913 10
2250 2
860 7
1026 10
6123 5
6157 7
7154 5
675 8
1403 1
2558 2
3623 3
3922 4
7277 8
4015 10
247 6
4250 5
5064 9
7249 5
1811 8
7304 8
7335 2
3511 8
8069 4
2890 8
6158 4
7786 3
4297 1
5884 7
523 7
5336 6
5053 9
4813 10
2599 9
4519 3
6383 9
5790 6
5786 1
3561 1
4230 4
2761 8
441 4
810 6
1875 7
4271 5
6116 2
1196 1
5852 6
2334 5
3511 5
4618 6
7487 8
3665 3
3809 9
7116 10
837 9
2386 3
5251 6
1952 9
3286 3
7124 3
7361 9
7979 6
3283 1
335 4
571 6
3722 8
3960 3
7721 8
1118 5
4088 1
6100 9
4440 3
1003 2
4417 3
7499 2
2257 2
7136 2
4970 7
4821 2
2686 6
2827 10
6145 7
6865 7
1438 5
5018 10
923 10
4619 8
5375 6
7349 3
5132 1
5423 1
2083 2
5001 2
3971 10
3963 1
7394 3
3115 4
4668 6
6076 3
6555 8
6775 5
4225 10
4133 8
4269 3
3412 7
115 3
5456 1
7120 5
3339 1
2174 3
7659 9
6433 10
1264 4
2775 3
5964 6
3022 10
4949 6
7274 2
1756 9
4678 8
3177 7
4683 10
4907 9
5651 1
554 8
3604 4
5544 2
851 1
1185 8
2264 4
3670 8
2302 2
1052 4
562 9
2594 6
6944 6
7449 6
2780 5
425 10
831 6
3254 3
7166 8
7521 8
1509 10
3600 8
1609 7
497 6
6913 2
7897 5
258 7
6156 9
7358 6
2389 6
3214 4
2469 5
2431 8
1552 1
3865 5
4766 8
7962 6
6369 1
5499 6
1997 5
6953 8
123 4
2030 9
2210 5
3022 3
5132 3
5102 6
6873 7
252 5
153 2
6091 4
6500 10
6898 10
4186 6
7684 6
5805 9
41 8
6923 7
1277 3
1741 4
3875 8
7223 2
7173 2
3966 6
2104 5
378 1
629 3
3420 2
3260 4
1026 3
6931 10
526 9
2740 10
7475 4
2069 10
6003 8
3153 7
1605 2
1946 5
2547 5
6575 5
3089 10
5437 2
219 6
2594 10
7325 5
2936 5
6342 8
4029 7
67 4
5179 10
5680 2
4835 5
2759 6
2194 7
4980 5
445 9
2270 4
253 2
5884 9
3574 3
5360 8
4154 6
5747 2
3320 6
639 10
6328 8
1260 9
1683 2
2263 8
3012 5
7396 4
6016 7
5117 3
128 7
649 3
1452 7
4807 2
859 3
4675 6
34 5
2712 2
5658 1
7283 2
1624 10
54 1
2454 10
815 7
1704 5
2820 8
3844 1
3936 6
5037 3
5460 5
5669 2
2191 6
5053 7
2908 8
2480 3
7416 3
2407 9
342 3
2882 8
2223 5
3107 6
3667 2
7567 8
1738 9
1272 5
6580 10
4360 8
6914 2
909 4
3735 1
953 7
4126 7
7407 10
6338 10
5963 2
5108 3
5252 2
5898 10
2891 6
5036 6
4333 2
699 5
1904 2
3543 3
3658 7
3101 7
3898 4
2634 4
1724 5
2082 10
7616 3
2015 3
2336 2
2813 3
7075 3
1794 1
4722 7
2152 1
4750 4
1410 1
2361 2
2605 6
2897 6
6924 3
1268 8
351 4
5746 8
6767 2
4205 9
104 5
930 8
7227 6
271 9
497 7
6041 6
7252 5
1735 1
2229 10
2589 1
5351 1
7481 5
649 10
5191 1
3076 7
187 4
1086 6
6537 4
687 3
1609 10
3525 3
3509 5
3692 1
3593 4
6854 3
6970 1
7269 2
8084 3
4934 7
4838 6
3801 4
6899 8
444 7
615 5
2130 8
5467 2
1512 5
5276 3
2424 5
4568 6
2382 2
1112 5
68 3
1044 5
1651 4
3975 3
5775 9
3673 8
1827 10
3640 5
3393 10
1486 4
6792 5
2617 1
3129 5
4297 6
5744 4
7368 10
7852 4
4849 6
7530 6
6812 7
318 5
2229 9
2938 10
6129 8
4746 3
6349 4
3380 1
5726 2
3986 4
5143 4
5729 5
6578 3
205 8
4561 4
5391 2
8092 10
8134 4
139 3
3926 5
5194 6
4587 10
7782 8
5929 9
3045 2
5763 8
6488 7
7857 2
1291 3
3234 10
7128 5
8024 10
4985 5
6084 7
3415 9
8023 10
6497 4
1651 9
2682 8
3941 9
7298 9
2783 7
3223 7
4980 3
5789 6
5766 9
4464 4
1659 10
2353 3
2822 5
6736 4
7416 10
1086 5
1527 9
7011 2
7540 7
5296 8
1864 2
6674 7
2675 6
6517 7
5020 1
5339 5
6651 7
0 5
1315 2
44 7
2193 7
453 1
651 2
7163 2
6161 2
7264 3
7938 10
6863 5
4433 1
7774 3
6974 4
1620 7
1377 3
1757 8
7557 7
4709 1
6880 7
3091 5
2379 3
5948 4
4118 2
5927 4
2388 1
5344 9
167 7
6567 3
1123 10
4264 6
4691 5
2883 4
94 4
2851 7
5668 5
7546 6
7594 4
8183 8
3839 7
1941 2
5557 2
3138 8
6541 1
6954 7
3617 4
2315 6
1790 9
4349 6
1388 4
2177 7
2245 9
2850 6
3946 7
4915 6
7748 3
5816 1
1465 2
3250 8
6583 5
532 9
6429 7
3694 6
2741 10
5270 10
6847 4
3563 5
1421 1
4 1
4448 6
120 7
1927 8
2931 4
5067 10
7615 2
4900 4
7902 7
4757 2
1550 6
1267 3
2115 7
6195 2
7350 9
3580 5
1347 1
2199 5
1791 5
2168 10
2576 4
3611 9
6510 6
790 8
2732 8
792 8
624 2
1094 7
2823 9
5248 3
7513 6
1383 3
1147 3
1125 1
6581 8
2455 4
3650 4
5503 10
6127 1
7079 9
7607 7
7826 10
5668 3
7691 2
3383 2
7199 3
4086 9
6644 8
3909 7
377 4
2010 7
3121 7
3302 2
4135 8
4163 7
4672 7
1703 5
2029 10
3178 3
3856 5
4884 8
5432 10
5690 3
89 7
387 5
5915 3
2684 7
3310 5
531 10
8097 6
3513 7
3991 7
6238 5
6154 1
3333 3
302 5
523 8
1714 8
3612 10
658 10
45 5
4098 8
5428 2
624 2
2363 4
6994 3
4871 10
6761 6
1712 7
4607 1
7869 4
4243 6
8166 1
1613 6
2297 10
4375 1
6416 10
6921 10
26 9
2127 10
115 1
1333 6
2530 9
2663 10
5540 4
6006 10
4871 8
6549 7
7924 3
6540 2
8112 10
8117 10
4969 1
5725 5
5867 2
2241 2
2064 8
2893 10
1601 5
4652 9
13 10
6359 3
2615 1
4190 8
4358 6
6222 2
6227 1
6492 4
7329 9
5872 9
4031 4
299 6
7504 8
7483 3
4720 8
2207 3
5177 4
7232 1
7445 3
1385 4
1448 2
1476 6
1553 5
6714 7
257 6
1408 5
1723 7
2238 7
6728 7
6071 5
1724 5
4595 2
2047 3
5176 5
802 2
1048 8
5511 1
6079 1
7440 9
7954 4
7230 10
6617 1
7447 8
297 4
695 4
1317 1
2465 9
5745 2
1468 2
144 7
3957 10
3496 4
1889 10
2113 9
3971 3
5297 4
4240 4
5197 7
5529 8
1993 6
6728 3
6914 7
810 9
6236 7
4450 8
1430 2
1056 10
5484 10
2762 10
2833 9
1509 3
3442 6
1063 1
1886 10
1971 4
2790 7
3135 10
4118 7
6548 6
6687 1
6931 1
5619 7
3993 2
6115 6
595 6
704 7
5333 7
6106 3
7703 2
6914 6
5927 3
2771 7
6043 4
1230 3
4037 4
4816 9
5783 6
5312 9
7256 3
1564 9
1911 9
3931 8
5523 10
4544 4
6614 7
6899 1
8178 10
1239 3
1268 3
2625 7
4030 2
4578 9
5855 1
6886 7
1034 7
7435 6
2151 1
2861 10
3433 5
7039 10
6322 6
1367 9
3462 9
2425 3
1829 10
4654 6
5148 3
7101 10
7724 10
3757 5
343 6
1071 1
1312 9
6659 5
7535 4
7127 7
3925 3
6121 2
275 4
348 10
6457 5
1544 10
5172 6
1498 8
4183 9
4956 5
5529 8
6988 10
7617 9
7907 1
8012 3
3927 2
2673 10
4458 8
3169 1
4095 9
2393 2
1761 7
5555 2
6021 3
7372 7
7593 4
5625 5
2443 4
2950 4
2466 7
3080 9
3802 8
5836 5
6249 2
7613 2
2494 3
1948 10
5144 4
1889 9
4355 4
5771 1
7431 3
943 7
6681 4
4885 2
5346 10
5770 4
7784 10
6132 9
6258 8
3936 3
2294 2
6186 4
6769 4
7635 1
3324 6
2595 9
6572 9
596 10
7501 5
7265 4
1783 8
3250 7
2603 1
2028 8
2108 2
2674 8
4737 8
4747 5
5052 7
5295 3
8021 10
5139 2
881 5
3192 1
4499 7
433 8
7193 8
3612 5
1847 1
5816 2
6394 4
6562 8
6575 8
3750 5
4996 3
1375 5
5055 1
7595 5
6197 3
3533 1
5252 6
6544 5
4839 1
3767 1
7335 5
8053 6
4 6
1047 8
4098 9
4389 4
6864 5
1956 4
5717 4
6747 2
890 9
791 10
4084 2
3369 8
2395 1
7113 2
5217 7
1324 4
5395 5
5132 8
3728 9
506 3
4647 5
7125 7
6873 5
7514 7
4974 9
568 7
1425 10
1975 1
6685 2
7167 7
2887 9
5343 4
382 5
5265 10
7659 8
4375 1
7153 6
2588 4
3027 1
4373 5
2766 9
2695 4
245 10
4869 6
6170 3
4436 9
6862 5
1634 10
3435 4
4756 6
5895 1
6461 5
7169 8
6717 6
300 6
755 4
2481 10
3313 3
4304 3
5223 6
6706 7
7693 9
7926 7
2453 7
22 6
2542 3
2857 8
4554 9
5618 7
7620 3
3478 9
8164 1
7457 10
849 3
3246 3
4005 3
7605 1
7855 6
2970 1
1305 1
3499 10
1595 10
1066 10
1405 5
5780 8
6062 3
6170 3
7815 2
802 10
3533 8
7374 3
4466 8
8060 10
7769 10
6254 1
665 4
5368 3
1634 3
120 10
4577 10
344 5
1779 10
4935 8
5767 10
5791 3
1501 6
7645 9
1086 8
7425 4
4365 7
3617 6
6249 4
1851 6
6992 6
7102 1
2288 6
3361 2
974 1
5265 5
1074 2
8060 10
8170 6
1160 5
2658 9
5542 3
2542 1
6058 10
1716 8
2262 10
4965 7
5088 10
6581 4
5906 2
7348 1
929 5
4640 3
3319 7
7455 8
2178 6
1845 8
82 5
356 5
924 8
5623 7
3905 7
753 8
3805 5
5677 3
6522 3
5126 7
745 7
191 7
3703 10
4032 6
4356 5
6046 5
6761 5
6687 1
5722 2
1971 8
3002 10
6583 4
1745 1
6573 9
2998 4
1107 2
315 5
2360 1
4633 3
7833 10
313 10
4667 5
7347 8
2398 7
3324 7
7019 4
6599 8
1289 8
1610 6
370 9
792 10
1487 10
4121 8
2148 1
3990 1
6988 10
3900 3
4918 9
6107 2
6956 1
2720 9
2166 6
7744 6
6396 7
1358 1
3500 9
5766 4
1215 1
4799 4
1715 7
40 6
3525 2
839 9
1380 1
4705 7
6865 6
5333 7
7851 2
3101 2
3147 10
4329 7
4454 6
5988 6
7008 4
2633 10
2548 10
2913 10
5349 5
6787 6
770 6
1196 7
41 9
2136 2
2142 10
3131 9
7642 1
1744 4
8021 4
1513 8
2114 7
4316 9
4604 2
6434 9
7483 6
3520 4
3169 7
4115 2
1657 7
3919 4
6797 7
6697 1
1196 6
6021 2
2490 3
2239 5
7386 7
1577 9
2381 2
4609 3
5674 1
5829 3
1477 10
7265 7
385 3
530 7
1152 3
1796 1
1928 4
5337 3
1306 5
2547 10
272 5
3749 10
5870 7
3301 3
2194 1
2971 5
108 6
305 7
1127 9
1253 10
3407 4
4731 1
7746 3
7804 10
3967 9
4257 9
442 10
446 2
1052 9
3783 2
4349 1
6479 2
4937 1
6777 3
2694 3
4066 10
1464 3
1516 4
1918 5
4446 10
5474 1
1927 6
2274 7
170 9
1588 2
4447 2
5790 4
4888 3
6301 7
26 2
1229 9
2228 6
3556 2
3682 2
5481 1
1788 6
4485 2
6163 5
4522 2
6009 4
6594 9
2073 4
306 1
6709 10
693 3
1859 1
3446 9
4712 9
1683 10
7449 2
4609 5
3461 5
3529 1
3594 6
4656 2
6583 10
2201 8
6138 9
5886 9
917 7
6620 7
2166 5
5407 10
1674 9
5773 9
7370 2
2673 9
366 4
705 8
6361 8
7331 6
3262 9
968 7
6958 8
6232 7
6843 8
3052 1
6910 4
7707 6
5300 6
2543 7
5591 10
6129 9
3470 10
4611 5
1012 4
4677 6
6728 9
7857 9
73 10
1069 5
5123 3
5271 9
6520 3
4462 8
6670 9
3452 1
3629 5
3492 4
3417 2
6700 3
4923 4
4515 2
607 9
3966 5
4729 6
6244 8
5994 4
2989 3
2618 6
6167 10
7828 4
3761 8
4445 4
7148 10
6802 5
2777 7
6012 5
5857 1
2409 1
4825 5
398 9
3823 2
4257 5
5660 8
7548 3
6579 10
1311 5
552 4
5648 2
230 4
1411 1
6969 4
7789 5
162 10
545 6
5508 5
46 7
5710 2
7128 4
3176 7
8108 1
4034 1
9 2
1485 6
3390 1
3679 6
4271 4
4434 4
5385 6
7269 6
288 6
6220 1
4202 9
8057 1
5338 6
3088 10
4122 6
4662 6
7818 4
7892 6
2487 8
1132 9
870 9
7947 9
943 5
6369 7
6064 3
7250 1
7495 7
4160 5
7744 8
2531 4
578 3
2270 2
2557 7
3967 2
6631 5
444 10
5527 6
6728 8
8117 6
1746 9
2500 10
2902 1
7949 3
6888 5
4985 2
5430 1
2509 8
3047 7
4720 10
7012 6
2435 4
4138 10
7429 7
3729 1
5736 5
6744 8
7885 4
64 7
6414 9
1693 10
3009 10
3884 7
7702 8
5038 8
3163 6
5199 2
7112 5
2221 4
6648 3
5463 10
3632 9
868 3
7284 9
169 2
2351 7
2804 2
3286 9
5138 7
6505 2
7532 10
2828 10
879 2
717 10
2085 8
3897 1
5299 2
5865 4
5441 6
3199 2
1840 3
309 9
4459 3
7508 1
3545 9
8078 10
4116 9
2387 5
5525 3
6589 3
3006 2
1097 8
5784 7
8189 9
3284 7
4696 5
4243 8
2412 5
2730 7
1462 10
5424 2
6731 1
7663 1
2965 5
4460 7
670 1
4072 8
1042 8
1470 6
4655 7
5986 3
8039 8
3917 6
2560 8
3242 10
5774 6
2312 3
1009 9
4973 8
7365 10
522 10
3723 4
1348 4
2409 5
3866 1
5207 8
5263 9
6863 10
2203 2
5943 3
227 10
2839 8
3137 8
3260 3
4251 1
3624 5
1055 8
2943 9
158 8
2817 5
6491 7
681 5
2074 8
574 8
1661 7
1991 5
8179 9
3932 4
2208 10
6307 9
1699 4
5286 2
2801 8
3885 2
6168 9
2176 4
3852 9
