16384
0 11
11 7
18 6
24 4
28 7
35 5
40 6
46 7
53 9
62 4
66 4
70 5
75 6
81 4
85 10
95 7
102 9
111 7
118 7
125 10
135 9
144 8
152 4
156 7
163 6
169 8
177 8
185 5
190 6
196 6
202 7
209 6
215 3
218 5
223 7
230 5
235 2
237 9
246 5
251 7
258 5
263 7
270 4
274 4
278 8
286 6
292 4
296 4
300 6
306 7
313 7
320 3
323 7
330 5
335 3
338 6
344 3
347 4
351 6
357 8
365 9
374 4
378 5
383 5
388 6
394 5
399 6
405 11
416 7
423 5
428 7
435 4
439 4
443 5
448 7
455 7
462 7
469 6
475 7
482 4
486 6
492 9
501 3
504 7
511 7
518 7
525 9
534 7
541 5
546 4
550 4
554 5
559 5
564 6
570 8
578 3
581 6
587 5
592 6
598 4
602 5
607 5
612 8
620 6
626 4
630 6
636 12
648 4
652 4
656 5
661 3
664 6
670 8
678 7
685 4
689 8
697 2
699 9
708 4
712 10
722 4
726 5
731 12
743 6
749 8
757 7
764 4
768 6
774 9
783 5
788 6
794 3
797 5
802 11
813 6
819 6
825 3
828 4
832 8
840 5
845 5
850 10
860 3
863 8
871 3
874 3
877 6
883 8
891 4
895 4
899 7
906 9
915 9
924 11
935 5
940 6
946 7
953 5
958 5
963 8
971 4
975 5
980 5
985 6
991 13
1004 7
1011 3
1014 6
1020 7
1027 9
1036 4
1040 5
1045 5
1050 7
1057 5
1062 7
1069 6
1075 8
1083 5
1088 6
1094 7
1101 5
1106 6
1112 9
1121 8
1129 7
1136 10
1146 5
1151 7
1158 7
1165 8
1173 9
1182 6
1188 8
1196 8
1204 9
1213 4
1217 5
1222 7
1229 4
1233 5
1238 3
1241 5
1246 7
1253 3
1256 4
1260 8
1268 5
1273 8
1281 9
1290 8
1298 5
1303 5
1308 4
1312 4
1316 6
1322 6
1328 5
1333 3
1336 8
1344 5
1349 4
1353 4
1357 7
1364 7
1371 5
1376 7
1383 4
1387 5
1392 7
1399 5
1404 5
1409 5
1414 4
1418 7
1425 5
1430 5
1435 6
1441 3
1444 5
1449 6
1455 8
1463 6
1469 7
1476 3
1479 10
1489 6
1495 9
1504 5
1509 4
1513 5
1518 5
1523 10
1533 5
1538 7
1545 7
1552 5
1557 4
1561 5
1566 8
1574 4
1578 7
1585 3
1588 5
1593 5
1598 7
1605 6
1611 3
1614 9
1623 5
1628 10
1638 6
1644 5
1649 5
1654 5
1659 6
1665 4
1669 8
1677 7
1684 7
1691 3
1694 6
1700 7
1707 11
1718 7
1725 2
1727 5
1732 2
1734 11
1745 5
1750 5
1755 7
1762 4
1766 11
1777 5
1782 8
1790 6
1796 5
1801 7
1808 8
1816 6
1822 5
1827 9
1836 6
1842 5
1847 5
1852 5
1857 4
1861 5
1866 7
1873 6
1879 4
1883 10
1893 4
1897 7
1904 6
1910 5
1915 5
1920 3
1923 4
1927 6
1933 10
1943 5
1948 6
1954 12
1966 4
1970 6
1976 6
1982 2
1984 8
1992 8
2000 5
2005 5
2010 5
2015 4
2019 7
2026 8
2034 5
2039 7
2046 4
2050 6
2056 3
2059 4
2063 5
2068 9
2077 7
2084 6
2090 5
2095 6
2101 6
2107 4
2111 5
2116 6
2122 3
2125 6
2131 8
2139 7
2146 5
2151 5
2156 6
2162 6
2168 5
2173 7
2180 6
2186 3
2189 3
2192 4
2196 5
2201 5
2206 4
2210 6
2216 10
2226 6
2232 7
2239 5
2244 3
2247 3
2250 6
2256 7
2263 5
2268 6
2274 6
2280 7
2287 4
2291 7
2298 4
2302 5
2307 9
2316 12
2328 4
2332 6
2338 9
2347 4
2351 9
2360 5
2365 7
2372 7
2379 6
2385 5
2390 2
2392 7
2399 8
2407 5
2412 7
2419 7
2426 9
2435 8
2443 5
2448 4
2452 5
2457 7
2464 7
2471 7
2478 6
2484 6
2490 7
2497 4
2501 4
2505 7
2512 3
2515 8
2523 10
2533 8
2541 5
2546 5
2551 7
2558 6
2564 7
2571 5
2576 7
2583 7
2590 8
2598 7
2605 8
2613 8
2621 5
2626 6
2632 3
2635 3
2638 5
2643 7
2650 4
2654 6
2660 6
2666 6
2672 5
2677 9
2686 8
2694 9
2703 10
2713 6
2719 5
2724 5
2729 5
2734 6
2740 8
2748 2
2750 7
2757 4
2761 8
2769 7
2776 8
2784 6
2790 6
2796 4
2800 5
2805 3
2808 6
2814 6
2820 5
2825 4
2829 2
2831 2
2833 4
2837 5
2842 6
2848 4
2852 5
2857 8
2865 6
2871 5
2876 5
2881 10
2891 7
2898 4
2902 6
2908 3
2911 5
2916 7
2923 6
2929 6
2935 6
2941 4
2945 7
2952 7
2959 10
2969 8
2977 6
2983 5
2988 5
2993 4
2997 7
3004 10
3014 6
3020 8
3028 5
3033 6
3039 3
3042 3
3045 10
3055 6
3061 9
3070 6
3076 9
3085 9
3094 2
3096 6
3102 6
3108 5
3113 6
3119 7
3126 5
3131 5
3136 5
3141 9
3150 6
3156 7
3163 5
3168 3
3171 3
3174 8
3182 5
3187 7
3194 6
3200 7
3207 3
3210 7
3217 7
3224 4
3228 9
3237 4
3241 6
3247 6
3253 8
3261 7
3268 7
3275 4
3279 7
3286 5
3291 10
3301 9
3310 6
3316 7
3323 6
3329 10
3339 6
3345 7
3352 5
3357 6
3363 6
3369 5
3374 7
3381 6
3387 6
3393 8
3401 5
3406 6
3412 6
3418 6
3424 6
3430 4
3434 5
3439 6
3445 5
3450 6
3456 4
3460 4
3464 6
3470 7
3477 6
3483 6
3489 8
3497 6
3503 3
3506 7
3513 9
3522 6
3528 9
3537 5
3542 7
3549 9
3558 4
3562 5
3567 6
3573 7
3580 4
3584 9
3593 2
3595 5
3600 5
3605 6
3611 5
3616 8
3624 6
3630 8
3638 5
3643 5
3648 5
3653 7
3660 3
3663 6
3669 4
3673 6
3679 7
3686 5
3691 4
3695 5
3700 6
3706 6
3712 6
3718 8
3726 8
3734 3
3737 4
3741 8
3749 5
3754 10
3764 5
3769 4
3773 5
3778 7
3785 6
3791 4
3795 5
3800 10
3810 7
3817 4
3821 7
3828 8
3836 9
3845 6
3851 9
3860 5
3865 5
3870 6
3876 6
3882 4
3886 4
3890 9
3899 8
3907 6
3913 8
3921 6
3927 8
3935 7
3942 6
3948 4
3952 2
3954 5
3959 5
3964 3
3967 9
3976 7
3983 3
3986 6
3992 6
3998 5
4003 6
4009 4
4013 6
4019 6
4025 6
4031 6
4037 5
4042 6
4048 7
4055 7
4062 10
4072 5
4077 6
4083 3
4086 8
4094 7
4101 3
4104 9
4113 4
4117 7
4124 7
4131 5
4136 5
4141 6
4147 3
4150 5
4155 6
4161 5
4166 7
4173 4
4177 5
4182 6
4188 5
4193 8
4201 5
4206 6
4212 9
4221 6
4227 4
4231 6
4237 8
4245 11
4256 6
4262 10
4272 5
4277 5
4282 8
4290 7
4297 4
4301 8
4309 9
4318 5
4323 6
4329 5
4334 5
4339 5
4344 6
4350 7
4357 7
4364 9
4373 4
4377 4
4381 8
4389 6
4395 3
4398 8
4406 5
4411 8
4419 4
4423 6
4429 3
4432 5
4437 5
4442 9
4451 7
4458 7
4465 4
4469 7
4476 5
4481 5
4486 4
4490 4
4494 5
4499 4
4503 10
4513 5
4518 4
4522 7
4529 7
4536 8
4544 5
4549 7
4556 3
4559 7
4566 7
4573 6
4579 5
4584 5
4589 5
4594 9
4603 8
4611 4
4615 9
4624 9
4633 4
4637 3
4640 4
4644 4
4648 6
4654 8
4662 7
4669 9
4678 7
4685 7
4692 6
4698 4
4702 7
4709 6
4715 9
4724 7
4731 3
4734 7
4741 7
4748 7
4755 7
4762 4
4766 8
4774 7
4781 7
4788 4
4792 5
4797 5
4802 8
4810 5
4815 5
4820 7
4827 7
4834 3
4837 4
4841 6
4847 5
4852 7
4859 3
4862 7
4869 6
4875 5
4880 5
4885 7
4892 4
4896 8
4904 5
4909 5
4914 9
4923 4
4927 5
4932 6
4938 7
4945 6
4951 4
4955 8
4963 4
4967 9
4976 5
4981 7
4988 6
4994 5
4999 5
5004 3
5007 7
5014 6
5020 6
5026 8
5034 6
5040 5
5045 7
5052 7
5059 5
5064 6
5070 8
5078 7
5085 4
5089 7
5096 4
5100 7
5107 4
5111 6
5117 9
5126 6
5132 5
5137 5
5142 9
5151 3
5154 11
5165 8
5173 5
5178 5
5183 4
5187 7
5194 5
5199 5
5204 5
5209 5
5214 7
5221 4
5225 6
5231 3
5234 4
5238 7
5245 5
5250 4
5254 5
5259 8
5267 5
5272 6
5278 5
5283 6
5289 4
5293 6
5299 7
5306 8
5314 6
5320 4
5324 5
5329 8
5337 10
5347 5
5352 4
5356 4
5360 4
5364 3
5367 5
5372 6
5378 6
5384 3
5387 4
5391 5
5396 6
5402 5
5407 4
5411 4
5415 5
5420 7
5427 7
5434 5
5439 3
5442 6
5448 10
5458 11
5469 4
5473 4
5477 7
5484 4
5488 5
5493 6
5499 6
5505 8
5513 8
5521 3
5524 9
5533 8
5541 5
5546 5
5551 6
5557 12
5569 8
5577 4
5581 8
5589 6
5595 9
5604 10
5614 5
5619 5
5624 7
5631 5
5636 4
5640 6
5646 7
5653 7
5660 5
5665 5
5670 4
5674 4
5678 8
5686 5
5691 4
5695 7
5702 4
5706 6
5712 8
5720 6
5726 6
5732 5
5737 6
5743 6
5749 6
5755 8
5763 6
5769 7
5776 7
5783 8
5791 6
5797 6
5803 5
5808 6
5814 8
5822 5
5827 6
5833 10
5843 6
5849 7
5856 5
5861 3
5864 7
5871 6
5877 4
5881 10
5891 5
5896 5
5901 7
5908 6
5914 6
5920 7
5927 7
5934 4
5938 4
5942 7
5949 4
5953 7
5960 6
5966 4
5970 7
5977 6
5983 6
5989 5
5994 10
6004 4
6008 9
6017 6
6023 5
6028 5
6033 5
6038 7
6045 7
6052 6
6058 6
6064 7
6071 4
6075 5
6080 6
6086 7
6093 4
6097 7
6104 7
6111 7
6118 8
6126 5
6131 4
6135 4
6139 2
6141 6
6147 5
6152 4
6156 3
6159 6
6165 8
6173 6
6179 6
6185 8
6193 4
6197 6
6203 4
6207 4
6211 5
6216 6
6222 9
6231 7
6238 5
6243 9
6252 4
6256 10
6266 4
6270 4
6274 5
6279 6
6285 5
6290 6
6296 13
6309 5
6314 5
6319 4
6323 6
6329 5
6334 5
6339 7
6346 4
6350 9
6359 6
6365 4
6369 5
6374 4
6378 7
6385 6
6391 6
6397 5
6402 5
6407 5
6412 9
6421 3
6424 3
6427 7
6434 3
6437 10
6447 7
6454 5
6459 4
6463 11
6474 6
6480 5
6485 3
6488 9
6497 11
6508 3
6511 5
6516 6
6522 5
6527 5
6532 7
6539 4
6543 7
6550 5
6555 4
6559 9
6568 6
6574 5
6579 10
6589 6
6595 10
6605 4
6609 6
6615 4
6619 8
6627 5
6632 6
6638 6
6644 13
6657 7
6664 5
6669 3
6672 8
6680 6
6686 11
6697 4
6701 7
6708 7
6715 4
6719 8
6727 4
6731 2
6733 7
6740 7
6747 7
6754 9
6763 6
6769 8
6777 5
6782 4
6786 8
6794 4
6798 9
6807 9
6816 6
6822 4
6826 8
6834 7
6841 5
6846 5
6851 7
6858 4
6862 8
6870 6
6876 5
6881 8
6889 5
6894 6
6900 4
6904 8
6912 6
6918 6
6924 8
6932 7
6939 4
6943 8
6951 5
6956 6
6962 5
6967 6
6973 6
6979 6
6985 7
6992 4
6996 8
7004 6
7010 6
7016 2
7018 6
7024 6
7030 3
7033 4
7037 8
7045 5
7050 11
7061 6
7067 5
7072 5
7077 7
7084 9
7093 4
7097 7
7104 7
7111 7
7118 4
7122 4
7126 5
7131 6
7137 7
7144 8
7152 8
7160 8
7168 6
7174 5
7179 8
7187 4
7191 10
7201 5
7206 3
7209 4
7213 8
7221 5
7226 7
7233 7
7240 2
7242 6
7248 7
7255 10
7265 4
7269 8
7277 6
7283 6
7289 7
7296 10
7306 9
7315 5
7320 4
7324 9
7333 7
7340 6
7346 10
7356 6
7362 4
7366 3
7369 5
7374 5
7379 8
7387 5
7392 9
7401 7
7408 11
7419 7
7426 7
7433 7
7440 9
7449 3
7452 4
7456 7
7463 5
7468 7
7475 5
7480 3
7483 9
7492 6
7498 6
7504 5
7509 5
7514 4
7518 5
7523 6
7529 5
7534 8
7542 5
7547 4
7551 8
7559 5
7564 4
7568 8
7576 5
7581 7
7588 4
7592 5
7597 5
7602 7
7609 5
7614 8
7622 4
7626 4
7630 6
7636 6
7642 6
7648 5
7653 3
7656 8
7664 6
7670 6
7676 10
7686 7
7693 7
7700 5
7705 9
7714 6
7720 8
7728 3
7731 5
7736 3
7739 6
7745 6
7751 5
7756 7
7763 6
7769 6
7775 4
7779 4
7783 7
7790 3
7793 7
7800 5
7805 6
7811 6
7817 4
7821 9
7830 7
7837 3
7840 5
7845 4
7849 6
7855 6
7861 5
7866 5
7871 8
7879 4
7883 6
7889 6
7895 4
7899 4
7903 7
7910 5
7915 7
7922 5
7927 7
7934 6
7940 10
7950 2
7952 7
7959 5
7964 5
7969 6
7975 6
7981 6
7987 4
7991 7
7998 4
8002 5
8007 5
8012 4
8016 5
8021 6
8027 5
8032 4
8036 7
8043 6
8049 4
8053 4
8057 7
8064 8
8072 7
8079 11
8090 8
8098 4
8102 6
8108 5
8113 3
8116 2
8118 6
8124 5
8129 4
8133 6
8139 7
8146 4
8150 6
8156 9
8165 9
8174 5
8179 6
8185 5
8190 7
8197 10
8207 8
8215 5
8220 5
8225 5
8230 5
8235 9
8244 6
8250 9
8259 7
8266 5
8271 7
8278 9
8287 7
8294 5
8299 11
8310 6
8316 6
8322 6
8328 9
8337 4
8341 5
8346 3
8349 7
8356 7
8363 4
8367 8
8375 7
8382 7
8389 3
8392 5
8397 8
8405 6
8411 3
8414 5
8419 5
8424 4
8428 3
8431 5
8436 6
8442 9
8451 4
8455 5
8460 6
8466 5
8471 4
8475 5
8480 8
8488 4
8492 8
8500 7
8507 6
8513 5
8518 7
8525 8
8533 6
8539 8
8547 6
8553 9
8562 7
8569 5
8574 5
8579 6
8585 3
8588 6
8594 7
8601 9
8610 6
8616 6
8622 6
8628 6
8634 7
8641 6
8647 6
8653 8
8661 5
8666 5
8671 6
8677 6
8683 5
8688 6
8694 4
8698 4
8702 3
8705 7
8712 8
8720 6
8726 2
8728 8
8736 4
8740 6
8746 4
8750 6
8756 5
8761 7
8768 6
8774 7
8781 7
8788 8
8796 6
8802 6
8808 8
8816 4
8820 7
8827 6
8833 7
8840 4
8844 3
8847 3
8850 8
8858 4
8862 5
8867 6
8873 6
8879 5
8884 5
8889 6
8895 6
8901 5
8906 6
8912 6
8918 6
8924 5
8929 6
8935 4
8939 6
8945 4
8949 6
8955 5
8960 6
8966 6
8972 9
8981 6
8987 4
8991 8
8999 4
9003 9
9012 8
9020 5
9025 4
9029 9
9038 6
9044 5
9049 6
9055 4
9059 5
9064 5
9069 5
9074 5
9079 3
9082 6
9088 6
9094 6
9100 7
9107 5
9112 4
9116 9
9125 9
9134 6
9140 5
9145 6
9151 5
9156 6
9162 7
9169 8
9177 6
9183 6
9189 4
9193 7
9200 6
9206 5
9211 6
9217 5
9222 4
9226 9
9235 4
9239 10
9249 8
9257 6
9263 8
9271 6
9277 4
9281 6
9287 9
9296 6
9302 4
9306 3
9309 4
9313 5
9318 5
9323 8
9331 6
9337 8
9345 3
9348 4
9352 7
9359 9
9368 7
9375 5
9380 6
9386 3
9389 3
9392 5
9397 4
9401 4
9405 4
9409 5
9414 3
9417 6
9423 7
9430 7
9437 4
9441 2
9443 6
9449 8
9457 6
9463 9
9472 4
9476 7
9483 2
9485 5
9490 9
9499 4
9503 5
9508 2
9510 5
9515 2
9517 7
9524 4
9528 9
9537 10
9547 7
9554 5
9559 6
9565 7
9572 6
9578 8
9586 6
9592 6
9598 4
9602 8
9610 7
9617 6
9623 6
9629 6
9635 8
9643 7
9650 7
9657 6
9663 4
9667 7
9674 5
9679 6
9685 7
9692 4
9696 7
9703 7
9710 6
9716 6
9722 7
9729 9
9738 7
9745 6
9751 10
9761 4
9765 7
9772 7
9779 5
9784 7
9791 5
9796 5
9801 9
9810 8
9818 6
9824 4
9828 5
9833 6
9839 4
9843 7
9850 8
9858 6
9864 5
9869 9
9878 5
9883 6
9889 13
9902 5
9907 8
9915 4
9919 10
9929 2
9931 7
9938 8
9946 4
9950 8
9958 8
9966 3
9969 6
9975 6
9981 6
9987 6
9993 9
10002 8
10010 7
10017 3
10020 4
10024 4
10028 5
10033 6
10039 6
10045 4
10049 6
10055 3
10058 6
10064 8
10072 7
10079 5
10084 6
10090 4
10094 3
10097 8
10105 5
10110 7
10117 6
10123 2
10125 4
10129 6
10135 6
10141 4
10145 8
10153 7
10160 6
10166 8
10174 6
10180 10
10190 6
10196 3
10199 7
10206 8
10214 7
10221 5
10226 6
10232 2
10234 6
10240 7
10247 4
10251 6
10257 8
10265 4
10269 15
10284 8
10292 5
10297 7
10304 9
10313 3
10316 6
10322 6
10328 5
10333 4
10337 7
10344 6
10350 8
10358 6
10364 5
10369 6
10375 5
10380 4
10384 7
10391 3
10394 3
10397 4
10401 6
10407 8
10415 6
10421 7
10428 4
10432 7
10439 7
10446 5
10451 5
10456 5
10461 2
10463 7
10470 6
10476 10
10486 5
10491 6
10497 5
10502 2
10504 6
10510 3
10513 4
10517 4
10521 4
10525 8
10533 8
10541 7
10548 8
10556 5
10561 5
10566 7
10573 8
10581 4
10585 7
10592 4
10596 5
10601 4
10605 7
10612 7
10619 4
10623 2
10625 7
10632 7
10639 9
10648 8
10656 6
10662 8
10670 6
10676 4
10680 6
10686 6
10692 8
10700 8
10708 4
10712 9
10721 4
10725 5
10730 7
10737 7
10744 7
10751 4
10755 6
10761 10
10771 6
10777 9
10786 5
10791 6
10797 4
10801 4
10805 5
10810 3
10813 4
10817 8
10825 6
10831 6
10837 5
10842 6
10848 7
10855 7
10862 10
10872 7
10879 5
10884 4
10888 9
10897 4
10901 5
10906 6
10912 6
10918 4
10922 6
10928 3
10931 5
10936 5
10941 5
10946 7
10953 10
10963 9
10972 7
10979 4
10983 6
10989 3
10992 10
11002 8
11010 8
11018 4
11022 7
11029 7
11036 5
11041 5
11046 5
11051 4
11055 10
11065 5
11070 4
11074 8
11082 6
11088 3
11091 7
11098 5
11103 7
11110 9
11119 4
11123 7
11130 8
11138 4
11142 8
11150 5
11155 9
11164 6
11170 4
11174 6
11180 4
11184 6
11190 6
11196 3
11199 5
11204 5
11209 8
11217 4
11221 6
11227 8
11235 5
11240 3
11243 5
11248 7
11255 9
11264 5
11269 6
11275 3
11278 5
11283 4
11287 4
11291 7
11298 5
11303 6
11309 3
11312 5
11317 7
11324 8
11332 7
11339 8
11347 6
11353 5
11358 6
11364 7
11371 4
11375 7
11382 6
11388 3
11391 3
11394 4
11398 6
11404 5
11409 5
11414 4
11418 5
11423 4
11427 3
11430 7
11437 5
11442 6
11448 6
11454 9
11463 6
11469 4
11473 4
11477 9
11486 3
11489 12
11501 5
11506 7
11513 6
11519 3
11522 6
11528 6
11534 4
11538 5
11543 7
11550 4
11554 4
11558 6
11564 8
11572 4
11576 10
11586 5
11591 5
11596 9
11605 7
11612 6
11618 7
11625 6
11631 7
11638 6
11644 7
11651 5
11656 6
11662 6
11668 4
11672 9
11681 8
11689 6
11695 7
11702 6
11708 6
11714 8
11722 6
11728 4
11732 5
11737 7
11744 7
11751 3
11754 4
11758 5
11763 6
11769 7
11776 4
11780 10
11790 6
11796 8
11804 2
11806 5
11811 5
11816 5
11821 7
11828 8
11836 5
11841 7
11848 3
11851 4
11855 6
11861 4
11865 8
11873 4
11877 8
11885 4
11889 4
11893 6
11899 6
11905 6
11911 7
11918 2
11920 9
11929 5
11934 7
11941 5
11946 9
11955 3
11958 5
11963 3
11966 4
11970 10
11980 7
11987 5
11992 7
11999 5
12004 6
12010 8
12018 3
12021 7
12028 7
12035 7
12042 6
12048 8
12056 7
12063 5
12068 3
12071 8
12079 9
12088 5
12093 7
12100 5
12105 6
12111 10
12121 9
12130 8
12138 5
12143 10
12153 4
12157 9
12166 9
12175 8
12183 5
12188 6
12194 7
12201 8
12209 6
12215 5
12220 6
12226 8
12234 9
12243 8
12251 2
12253 6
12259 8
12267 5
12272 3
12275 6
12281 7
12288 6
12294 6
12300 6
12306 5
12311 7
12318 7
12325 5
12330 6
12336 6
12342 8
12350 7
12357 3
12360 4
12364 4
12368 5
12373 5
12378 9
12387 4
12391 8
12399 5
12404 5
12409 4
12413 3
12416 5
12421 6
12427 4
12431 8
12439 4
12443 9
12452 4
12456 8
12464 7
12471 7
12478 9
12487 5
12492 8
12500 6
12506 6
12512 6
12518 7
12525 6
12531 5
12536 8
12544 6
12550 4
12554 5
12559 5
12564 4
12568 8
12576 12
12588 9
12597 7
12604 7
12611 6
12617 5
12622 6
12628 4
12632 3
12635 6
12641 4
12645 3
12648 5
12653 6
12659 7
12666 7
12673 8
12681 5
12686 6
12692 6
12698 7
12705 5
12710 4
12714 7
12721 7
12728 5
12733 6
12739 6
12745 6
12751 6
12757 6
12763 5
12768 4
12772 4
12776 4
12780 5
12785 6
12791 6
12797 4
12801 7
12808 7
12815 6
12821 6
12827 6
12833 6
12839 5
12844 7
12851 4
12855 4
12859 4
12863 5
12868 5
12873 10
12883 7
12890 7
12897 5
12902 3
12905 5
12910 6
12916 3
12919 6
12925 4
12929 13
12942 5
12947 5
12952 9
12961 10
12971 11
12982 5
12987 8
12995 6
13001 6
13007 6
13013 6
13019 5
13024 5
13029 4
13033 3
13036 12
13048 4
13052 7
13059 6
13065 4
13069 5
13074 8
13082 6
13088 8
13096 7
13103 4
13107 9
13116 3
13119 9
13128 2
13130 8
13138 7
13145 5
13150 3
13153 6
13159 4
13163 6
13169 6
13175 7
13182 6
13188 6
13194 4
13198 3
13201 6
13207 7
13214 6
13220 4
13224 5
13229 5
13234 8
13242 7
13249 7
13256 12
13268 5
13273 6
13279 5
13284 7
13291 3
13294 5
13299 6
13305 7
13312 3
13315 7
13322 5
13327 4
13331 6
13337 8
13345 7
13352 9
13361 13
13374 6
13380 7
13387 4
13391 5
13396 4
13400 9
13409 4
13413 5
13418 7
13425 4
13429 6
13435 9
13444 5
13449 6
13455 3
13458 6
13464 6
13470 6
13476 5
13481 5
13486 6
13492 7
13499 8
13507 7
13514 5
13519 7
13526 3
13529 7
13536 3
13539 10
13549 5
13554 5
13559 7
13566 6
13572 5
13577 7
13584 7
13591 9
13600 7
13607 5
13612 10
13622 6
13628 6
13634 5
13639 7
13646 7
13653 5
13658 9
13667 7
13674 7
13681 9
13690 7
13697 10
13707 5
13712 5
13717 6
13723 7
13730 4
13734 7
13741 3
13744 6
13750 8
13758 6
13764 7
13771 2
13773 7
13780 7
13787 7
13794 3
13797 6
13803 6
13809 8
13817 8
13825 10
13835 3
13838 5
13843 2
13845 4
13849 5
13854 7
13861 7
13868 6
13874 7
13881 7
13888 4
13892 10
13902 2
13904 4
13908 7
13915 9
13924 8
13932 4
13936 4
13940 12
13952 3
13955 3
13958 6
13964 5
13969 3
13972 11
13983 8
13991 7
13998 4
14002 9
14011 7
14018 7
14025 8
14033 6
14039 6
14045 3
14048 7
14055 4
14059 8
14067 4
14071 5
14076 6
14082 7
14089 8
14097 8
14105 6
14111 7
14118 6
14124 5
14129 8
14137 8
14145 9
14154 8
14162 6
14168 10
14178 6
14184 5
14189 9
14198 4
14202 6
14208 3
14211 9
14220 7
14227 6
14233 3
14236 6
14242 9
14251 8
14259 8
14267 2
14269 9
14278 7
14285 4
14289 5
14294 5
14299 5
14304 6
14310 8
14318 8
14326 6
14332 7
14339 5
14344 4
14348 10
14358 8
14366 12
14378 4
14382 6
14388 4
14392 8
14400 7
14407 8
14415 5
14420 6
14426 5
14431 6
14437 5
14442 4
14446 8
14454 8
14462 4
14466 9
14475 5
14480 6
14486 5
14491 4
14495 4
14499 4
14503 7
14510 2
14512 8
14520 8
14528 4
14532 5
14537 6
14543 3
14546 8
14554 3
14557 7
14564 6
14570 3
14573 4
14577 6
14583 8
14591 7
14598 5
14603 5
14608 3
14611 11
14622 6
14628 9
14637 6
14643 6
14649 5
14654 5
14659 8
14667 9
14676 7
14683 9
14692 7
14699 5
14704 5
14709 11
14720 5
14725 5
14730 5
14735 9
14744 6
14750 5
14755 5
14760 7
14767 10
14777 9
14786 8
14794 5
14799 5
14804 7
14811 7
14818 4
14822 4
14826 11
14837 7
14844 3
14847 7
14854 8
14862 7
14869 7
14876 5
14881 5
14886 6
14892 5
14897 7
14904 7
14911 4
14915 5
14920 4
14924 5
14929 6
14935 8
14943 4
14947 4
14951 9
14960 4
14964 8
14972 4
14976 5
14981 4
14985 4
14989 8
14997 3
15000 8
15008 7
15015 5
15020 6
15026 5
15031 5
15036 3
15039 4
15043 7
15050 4
15054 7
15061 6
15067 7
15074 8
15082 7
15089 4
15093 4
15097 5
15102 8
15110 9
15119 9
15128 9
15137 4
15141 8
15149 7
15156 5
15161 6
15167 7
15174 4
15178 4
15182 4
15186 8
15194 6
15200 6
15206 7
15213 6
15219 6
15225 3
15228 6
15234 7
15241 9
15250 4
15254 5
15259 6
15265 6
15271 6
15277 7
15284 4
15288 10
15298 5
15303 5
15308 6
15314 8
15322 7
15329 12
15341 5
15346 6
15352 6
15358 8
15366 5
15371 8
15379 10
15389 4
15393 6
15399 7
15406 7
15413 5
15418 4
15422 7
15429 3
15432 5
15437 2
15439 6
15445 9
15454 8
15462 7
15469 4
15473 3
15476 8
15484 5
15489 7
15496 5
15501 5
15506 5
15511 5
15516 5
15521 8
15529 4
15533 8
15541 4
15545 6
15551 6
15557 7
15564 7
15571 7
15578 7
15585 7
15592 8
15600 6
15606 5
15611 5
15616 8
15624 7
15631 6
15637 4
15641 6
15647 10
15657 9
15666 7
15673 5
15678 7
15685 6
15691 6
15697 4
15701 8
15709 5
15714 9
15723 6
15729 4
15733 4
15737 5
15742 5
15747 7
15754 5
15759 4
15763 6
15769 8
15777 4
15781 7
15788 6
15794 4
15798 7
15805 9
15814 3
15817 7
15824 6
15830 3
15833 7
15840 4
15844 7
15851 8
15859 4
15863 6
15869 7
15876 3
15879 6
15885 5
15890 4
15894 3
15897 7
15904 4
15908 10
15918 4
15922 7
15929 7
15936 7
15943 4
15947 4
15951 7
15958 5
15963 4
15967 8
15975 5
15980 4
15984 7
15991 6
15997 5
16002 7
16009 5
16014 6
16020 6
16026 7
16033 6
16039 4
16043 4
16047 9
16056 5
16061 4
16065 4
16069 8
16077 11
16088 4
16092 5
16097 5
16102 6
16108 8
16116 4
16120 10
16130 3
16133 7
16140 8
16148 4
16152 4
16156 8
16164 6
16170 4
16174 5
16179 9
16188 9
16197 6
16203 5
16208 6
16214 7
16221 6
16227 5
16232 6
16238 5
16243 6
16249 6
16255 5
16260 4
16264 6
16270 5
16275 8
16283 8
16291 5
16296 5
16301 2
16303 8
16311 6
16317 2
16319 6
16325 8
16333 5
16338 6
16344 5
16349 7
16356 5
16361 10
16371 5
16376 7
16383 7
16390 13
16403 5
16408 4
16412 5
16417 8
16425 8
16433 6
16439 4
16443 8
16451 6
16457 6
16463 6
16469 10
16479 8
16487 6
16493 6
16499 4
16503 8
16511 6
16517 5
16522 8
16530 5
16535 3
16538 7
16545 6
16551 6
16557 7
16564 6
16570 4
16574 4
16578 4
16582 7
16589 6
16595 4
16599 10
16609 4
16613 6
16619 8
16627 7
16634 5
16639 6
16645 10
16655 5
16660 8
16668 7
16675 6
16681 4
16685 4
16689 7
16696 6
16702 10
16712 3
16715 7
16722 8
16730 6
16736 8
16744 10
16754 4
16758 7
16765 10
16775 6
16781 6
16787 6
16793 8
16801 5
16806 6
16812 6
16818 6
16824 10
16834 7
16841 6
16847 4
16851 6
16857 3
16860 6
16866 8
16874 6
16880 7
16887 6
16893 6
16899 6
16905 4
16909 3
16912 6
16918 7
16925 4
16929 7
16936 7
16943 6
16949 5
16954 7
16961 4
16965 8
16973 5
16978 6
16984 7
16991 3
16994 7
17001 3
17004 7
17011 4
17015 3
17018 5
17023 6
17029 8
17037 4
17041 6
17047 5
17052 7
17059 3
17062 8
17070 5
17075 7
17082 5
17087 4
17091 6
17097 6
17103 4
17107 3
17110 6
17116 6
17122 6
17128 6
17134 4
17138 7
17145 7
17152 10
17162 6
17168 5
17173 7
17180 7
17187 5
17192 7
17199 7
17206 3
17209 4
17213 10
17223 6
17229 9
17238 8
17246 6
17252 8
17260 5
17265 6
17271 4
17275 6
17281 4
17285 7
17292 3
17295 9
17304 5
17309 6
17315 4
17319 4
17323 4
17327 9
17336 7
17343 6
17349 6
17355 7
17362 8
17370 3
17373 5
17378 4
17382 5
17387 3
17390 8
17398 4
17402 6
17408 6
17414 7
17421 6
17427 6
17433 7
17440 7
17447 5
17452 9
17461 6
17467 6
17473 6
17479 5
17484 9
17493 6
17499 3
17502 5
17507 7
17514 6
17520 3
17523 7
17530 4
17534 7
17541 9
17550 11
17561 4
17565 5
17570 5
17575 9
17584 3
17587 7
17594 6
17600 5
17605 10
17615 5
17620 9
17629 8
17637 5
17642 4
17646 8
17654 7
17661 5
17666 4
17670 6
17676 8
17684 7
17691 5
17696 6
17702 6
17708 8
17716 6
17722 11
17733 6
17739 7
17746 5
17751 8
17759 7
17766 12
17778 5
17783 6
17789 3
17792 5
17797 8
17805 6
17811 7
17818 3
17821 6
17827 6
17833 8
17841 7
17848 5
17853 6
17859 5
17864 6
17870 3
17873 5
17878 5
17883 6
17889 5
17894 4
17898 5
17903 8
17911 8
17919 8
17927 4
17931 4
17935 3
17938 5
17943 4
17947 6
17953 6
17959 5
17964 8
17972 8
17980 5
17985 6
17991 5
17996 5
18001 5
18006 7
18013 8
18021 5
18026 5
18031 10
18041 8
18049 7
18056 8
18064 3
18067 6
18073 5
18078 6
18084 10
18094 5
18099 5
18104 6
18110 8
18118 10
18128 8
18136 5
18141 7
18148 12
18160 6
18166 9
18175 7
18182 3
18185 4
18189 8
18197 6
18203 7
18210 4
18214 10
18224 4
18228 4
18232 7
18239 6
18245 6
18251 5
18256 9
18265 7
18272 5
18277 3
18280 5
18285 6
18291 7
18298 3
18301 5
18306 7
18313 6
18319 4
18323 6
18329 6
18335 5
18340 6
18346 7
18353 10
18363 9
18372 7
18379 4
18383 5
18388 5
18393 4
18397 5
18402 6
18408 5
18413 3
18416 4
18420 8
18428 5
18433 5
18438 3
18441 6
18447 7
18454 4
18458 4
18462 6
18468 6
18474 5
18479 4
18483 10
18493 4
18497 5
18502 4
18506 7
18513 4
18517 9
18526 4
18530 4
18534 7
18541 8
18549 10
18559 7
18566 3
18569 7
18576 7
18583 9
18592 5
18597 6
18603 4
18607 6
18613 5
18618 5
18623 3
18626 6
18632 7
18639 8
18647 4
18651 6
18657 6
18663 8
18671 7
18678 3
18681 7
18688 8
18696 6
18702 5
18707 5
18712 6
18718 7
18725 6
18731 7
18738 8
18746 8
18754 4
18758 4
18762 7
18769 5
18774 3
18777 6
18783 5
18788 5
18793 4
18797 7
18804 6
18810 5
18815 7
18822 5
18827 4
18831 4
18835 4
18839 9
18848 3
18851 8
18859 5
18864 2
18866 6
18872 4
18876 7
18883 8
18891 6
18897 4
18901 5
18906 7
18913 3
18916 3
18919 11
18930 10
18940 3
18943 7
18950 6
18956 7
18963 9
18972 4
18976 8
18984 3
18987 7
18994 6
19000 5
19005 9
19014 4
19018 8
19026 3
19029 10
19039 4
19043 7
19050 5
19055 3
19058 5
19063 4
19067 5
19072 8
19080 8
19088 8
19096 6
19102 9
19111 7
19118 5
19123 7
19130 8
19138 6
19144 6
19150 6
19156 4
19160 7
19167 7
19174 3
19177 6
19183 11
19194 4
19198 7
19205 6
19211 8
19219 6
19225 5
19230 6
19236 5
19241 7
19248 8
19256 7
19263 4
19267 4
19271 9
19280 5
19285 8
19293 8
19301 7
19308 10
19318 11
19329 8
19337 7
19344 9
19353 6
19359 5
19364 7
19371 8
19379 5
19384 10
19394 5
19399 4
19403 6
19409 6
19415 6
19421 6
19427 7
19434 3
19437 7
19444 5
19449 5
19454 10
19464 4
19468 6
19474 6
19480 10
19490 5
19495 7
19502 6
19508 7
19515 5
19520 6
19526 7
19533 9
19542 4
19546 11
19557 3
19560 6
19566 7
19573 3
19576 4
19580 6
19586 6
19592 4
19596 6
19602 7
19609 5
19614 7
19621 5
19626 9
19635 7
19642 6
19648 7
19655 7
19662 7
19669 7
19676 3
19679 10
19689 5
19694 8
19702 9
19711 4
19715 8
19723 6
19729 6
19735 7
19742 10
19752 7
19759 7
19766 7
19773 4
19777 6
19783 4
19787 4
19791 8
19799 8
19807 7
19814 4
19818 6
19824 6
19830 10
19840 11
19851 9
19860 6
19866 4
19870 6
19876 7
19883 5
19888 8
19896 6
19902 5
19907 6
19913 5
19918 4
19922 6
19928 5
19933 8
19941 5
19946 4
19950 13
19963 4
19967 5
19972 5
19977 6
19983 6
19989 5
19994 4
19998 3
20001 4
20005 6
20011 4
20015 8
20023 6
20029 6
20035 4
20039 4
20043 6
20049 5
20054 6
20060 5
20065 4
20069 5
20074 8
20082 5
20087 4
20091 11
20102 6
20108 5
20113 5
20118 5
20123 4
20127 4
20131 5
20136 5
20141 5
20146 8
20154 5
20159 3
20162 9
20171 5
20176 6
20182 4
20186 7
20193 5
20198 5
20203 5
20208 9
20217 4
20221 5
20226 8
20234 3
20237 4
20241 3
20244 8
20252 2
20254 4
20258 5
20263 5
20268 10
20278 7
20285 5
20290 5
20295 7
20302 6
20308 7
20315 3
20318 9
20327 4
20331 6
20337 5
20342 5
20347 6
20353 5
20358 4
20362 3
20365 5
20370 3
20373 4
20377 5
20382 6
20388 8
20396 8
20404 6
20410 7
20417 11
20428 5
20433 7
20440 7
20447 6
20453 5
20458 3
20461 3
20464 8
20472 4
20476 7
20483 8
20491 7
20498 10
20508 4
20512 7
20519 6
20525 6
20531 8
20539 7
20546 6
20552 3
20555 6
20561 5
20566 6
20572 5
20577 5
20582 8
20590 6
20596 6
20602 4
20606 8
20614 6
20620 5
20625 10
20635 4
20639 6
20645 4
20649 3
20652 6
20658 4
20662 7
20669 9
20678 6
20684 7
20691 8
20699 4
20703 5
20708 4
20712 6
20718 7
20725 5
20730 6
20736 3
20739 6
20745 7
20752 7
20759 4
20763 5
20768 6
20774 6
20780 6
20786 2
20788 8
20796 7
20803 5
20808 9
20817 7
20824 11
20835 7
20842 10
20852 6
20858 5
20863 8
20871 3
20874 7
20881 3
20884 8
20892 6
20898 10
20908 9
20917 4
20921 5
20926 5
20931 7
20938 4
20942 4
20946 6
20952 4
20956 5
20961 3
20964 4
20968 9
20977 4
20981 7
20988 7
20995 6
21001 13
21014 5
21019 5
21024 3
21027 6
21033 5
21038 5
21043 6
21049 4
21053 5
21058 7
21065 9
21074 5
21079 6
21085 6
21091 3
21094 3
21097 8
21105 8
21113 6
21119 5
21124 13
21137 3
21140 5
21145 3
21148 6
21154 7
21161 8
21169 6
21175 8
21183 7
21190 7
21197 7
21204 12
21216 5
21221 6
21227 9
21236 7
21243 6
21249 9
21258 3
21261 8
21269 5
21274 3
21277 3
21280 3
21283 6
21289 7
21296 7
21303 6
21309 4
21313 8
21321 5
21326 5
21331 9
21340 3
21343 4
21347 5
21352 3
21355 5
21360 7
21367 5
21372 8
21380 4
21384 6
21390 6
21396 8
21404 6
21410 6
21416 4
21420 4
21424 4
21428 4
21432 9
21441 8
21449 6
21455 7
21462 4
21466 7
21473 9
21482 7
21489 6
21495 8
21503 4
21507 5
21512 6
21518 2
21520 7
21527 8
21535 5
21540 6
21546 5
21551 4
21555 6
21561 5
21566 5
21571 4
21575 7
21582 4
21586 7
21593 6
21599 7
21606 4
21610 7
21617 3
21620 5
21625 6
21631 4
21635 5
21640 12
21652 5
21657 4
21661 9
21670 3
21673 3
21676 5
21681 6
21687 5
21692 4
21696 4
21700 5
21705 6
21711 8
21719 4
21723 4
21727 9
21736 7
21743 5
21748 7
21755 2
21757 5
21762 6
21768 4
21772 7
21779 4
21783 3
21786 3
21789 4
21793 6
21799 4
21803 8
21811 5
21816 5
21821 8
21829 4
21833 7
21840 5
21845 7
21852 9
21861 4
21865 6
21871 6
21877 5
21882 8
21890 8
21898 6
21904 7
21911 8
21919 7
21926 2
21928 7
21935 6
21941 5
21946 5
21951 9
21960 5
21965 6
21971 4
21975 5
21980 5
21985 7
21992 5
21997 7
22004 7
22011 9
22020 6
22026 6
22032 5
22037 6
22043 7
22050 6
22056 7
22063 6
22069 5
22074 7
22081 4
22085 3
22088 4
22092 7
22099 6
22105 6
22111 3
22114 5
22119 5
22124 7
22131 5
22136 5
22141 8
22149 3
22152 5
22157 5
22162 6
22168 6
22174 3
22177 2
22179 4
22183 9
22192 7
22199 4
22203 5
22208 5
22213 7
22220 4
22224 6
22230 5
22235 7
22242 6
22248 6
22254 9
22263 4
22267 5
22272 4
22276 7
22283 8
22291 7
22298 4
22302 5
22307 4
22311 8
22319 6
22325 6
22331 5
22336 8
22344 5
22349 6
22355 7
22362 7
22369 9
22378 8
22386 5
22391 8
22399 8
22407 5
22412 3
22415 8
22423 7
22430 7
22437 7
22444 4
22448 6
22454 8
22462 4
22466 5
22471 8
22479 6
22485 10
22495 7
22502 5
22507 4
22511 8
22519 6
22525 7
22532 9
22541 6
22547 6
22553 9
22562 5
22567 6
22573 9
22582 10
22592 8
22600 8
22608 7
22615 5
22620 7
22627 6
22633 5
22638 7
22645 4
22649 7
22656 5
22661 8
22669 7
22676 5
22681 11
22692 6
22698 6
22704 3
22707 6
22713 4
22717 6
22723 7
22730 4
22734 4
22738 5
22743 6
22749 12
22761 6
22767 5
22772 10
22782 9
22791 5
22796 6
22802 4
22806 6
22812 7
22819 7
22826 6
22832 5
22837 7
22844 5
22849 8
22857 6
22863 5
22868 8
22876 6
22882 5
22887 3
22890 6
22896 3
22899 10
22909 10
22919 8
22927 5
22932 8
22940 4
22944 9
22953 7
22960 6
22966 9
22975 4
22979 10
22989 4
22993 5
22998 7
23005 5
23010 7
23017 4
23021 8
23029 9
23038 5
23043 8
23051 6
23057 7
23064 3
23067 5
23072 7
23079 5
23084 6
23090 7
23097 9
23106 4
23110 7
23117 7
23124 5
23129 6
23135 5
23140 6
23146 10
23156 9
23165 4
23169 7
23176 5
23181 4
23185 8
23193 2
23195 5
23200 4
23204 5
23209 6
23215 2
23217 4
23221 5
23226 5
23231 8
23239 7
23246 5
23251 4
23255 3
23258 2
23260 5
23265 6
23271 6
23277 3
23280 5
23285 4
23289 8
23297 4
23301 9
23310 5
23315 6
23321 5
23326 10
23336 5
23341 6
23347 3
23350 6
23356 7
23363 5
23368 5
23373 6
23379 6
23385 4
23389 8
23397 10
23407 5
23412 7
23419 7
23426 5
23431 5
23436 7
23443 7
23450 7
23457 8
23465 8
23473 6
23479 9
23488 9
23497 6
23503 8
23511 4
23515 7
23522 5
23527 7
23534 2
23536 3
23539 8
23547 7
23554 6
23560 6
23566 8
23574 7
23581 10
23591 4
23595 7
23602 5
23607 4
23611 9
23620 4
23624 6
23630 8
23638 11
23649 6
23655 3
23658 4
23662 6
23668 6
23674 5
23679 5
23684 4
23688 5
23693 10
23703 8
23711 5
23716 4
23720 4
23724 4
23728 11
23739 7
23746 6
23752 6
23758 7
23765 7
23772 6
23778 4
23782 4
23786 6
23792 5
23797 6
23803 4
23807 7
23814 6
23820 6
23826 6
23832 7
23839 6
23845 4
23849 4
23853 4
23857 5
23862 9
23871 6
23877 8
23885 5
23890 4
23894 6
23900 2
23902 5
23907 6
23913 10
23923 7
23930 6
23936 9
23945 11
23956 6
23962 8
23970 10
23980 6
23986 7
23993 4
23997 6
24003 7
24010 8
24018 8
24026 6
24032 8
24040 6
24046 5
24051 3
24054 4
24058 10
24068 6
24074 5
24079 9
24088 6
24094 5
24099 5
24104 3
24107 5
24112 11
24123 8
24131 5
24136 4
24140 5
24145 5
24150 7
24157 9
24166 7
24173 5
24178 5
24183 8
24191 6
24197 6
24203 7
24210 8
24218 8
24226 7
24233 8
24241 8
24249 3
24252 7
24259 5
24264 4
24268 3
24271 9
24280 3
24283 3
24286 7
24293 4
24297 4
24301 6
24307 5
24312 2
24314 4
24318 5
24323 6
24329 8
24337 5
24342 6
24348 5
24353 6
24359 5
24364 5
24369 6
24375 7
24382 5
24387 5
24392 6
24398 8
24406 4
24410 9
24419 12
24431 9
24440 10
24450 12
24462 9
24471 5
24476 8
24484 8
24492 3
24495 9
24504 6
24510 7
24517 6
24523 9
24532 3
24535 10
24545 4
24549 6
24555 8
24563 5
24568 6
24574 6
24580 7
24587 6
24593 8
24601 8
24609 9
24618 5
24623 7
24630 3
24633 5
24638 5
24643 5
24648 5
24653 6
24659 6
24665 3
24668 7
24675 6
24681 4
24685 5
24690 6
24696 7
24703 5
24708 6
24714 5
24719 4
24723 6
24729 5
24734 8
24742 5
24747 5
24752 5
24757 5
24762 6
24768 6
24774 5
24779 5
24784 3
24787 8
24795 8
24803 5
24808 10
24818 4
24822 8
24830 6
24836 7
24843 6
24849 3
24852 6
24858 9
24867 2
24869 5
24874 6
24880 7
24887 8
24895 5
24900 8
24908 5
24913 4
24917 5
24922 7
24929 4
24933 6
24939 6
24945 6
24951 4
24955 5
24960 5
24965 8
24973 6
24979 5
24984 6
24990 8
24998 6
25004 7
25011 7
25018 6
25024 4
25028 4
25032 3
25035 6
25041 4
25045 6
25051 4
25055 7
25062 7
25069 2
25071 6
25077 10
25087 9
25096 6
25102 4
25106 5
25111 2
25113 4
25117 3
25120 8
25128 7
25135 5
25140 8
25148 6
25154 4
25158 6
25164 4
25168 5
25173 7
25180 3
25183 5
25188 5
25193 8
25201 4
25205 6
25211 4
25215 6
25221 4
25225 4
25229 8
25237 3
25240 9
25249 3
25252 5
25257 7
25264 7
25271 5
25276 6
25282 2
25284 6
25290 7
25297 6
25303 5
25308 8
25316 10
25326 5
25331 11
25342 6
25348 8
25356 5
25361 6
25367 9
25376 7
25383 7
25390 3
25393 6
25399 8
25407 5
25412 6
25418 8
25426 13
25439 5
25444 6
25450 5
25455 8
25463 7
25470 6
25476 6
25482 3
25485 4
25489 6
25495 4
25499 7
25506 7
25513 9
25522 8
25530 7
25537 7
25544 7
25551 6
25557 5
25562 4
25566 4
25570 8
25578 6
25584 5
25589 9
25598 5
25603 6
25609 4
25613 8
25621 7
25628 3
25631 5
25636 4
25640 4
25644 5
25649 7
25656 9
25665 7
25672 3
25675 5
25680 8
25688 5
25693 4
25697 7
25704 6
25710 7
25717 6
25723 5
25728 5
25733 7
25740 4
25744 7
25751 7
25758 3
25761 5
25766 6
25772 8
25780 6
25786 4
25790 6
25796 5
25801 10
25811 6
25817 5
25822 6
25828 5
25833 8
25841 4
25845 5
25850 7
25857 7
25864 7
25871 4
25875 5
25880 9
25889 3
25892 4
25896 3
25899 6
25905 6
25911 4
25915 7
25922 5
25927 4
25931 6
25937 7
25944 5
25949 6
25955 6
25961 7
25968 7
25975 9
25984 7
25991 5
25996 6
26002 6
26008 6
26014 5
26019 6
26025 6
26031 6
26037 5
26042 5
26047 7
26054 10
26064 5
26069 3
26072 3
26075 6
26081 10
26091 5
26096 5
26101 7
26108 5
26113 3
26116 5
26121 5
26126 10
26136 8
26144 6
26150 7
26157 7
26164 6
26170 3
26173 7
26180 4
26184 7
26191 3
26194 6
26200 6
26206 4
26210 5
26215 4
26219 8
26227 7
26234 7
26241 4
26245 7
26252 3
26255 5
26260 10
26270 4
26274 5
26279 2
26281 5
26286 7
26293 8
26301 7
26308 5
26313 8
26321 5
26326 6
26332 7
26339 5
26344 9
26353 6
26359 6
26365 8
26373 5
26378 4
26382 5
26387 8
26395 5
26400 6
26406 8
26414 6
26420 7
26427 3
26430 10
26440 8
26448 9
26457 4
26461 6
26467 7
26474 6
26480 4
26484 3
26487 4
26491 3
26494 7
26501 5
26506 6
26512 5
26517 8
26525 6
26531 9
26540 9
26549 7
26556 7
26563 12
26575 2
26577 5
26582 5
26587 10
26597 6
26603 8
26611 5
26616 6
26622 7
26629 5
26634 6
26640 7
26647 8
26655 4
26659 5
26664 4
26668 7
26675 8
26683 6
26689 4
26693 8
26701 6
26707 5
26712 9
26721 8
26729 8
26737 8
26745 6
26751 5
26756 4
26760 5
26765 6
26771 7
26778 3
26781 7
26788 7
26795 5
26800 9
26809 5
26814 6
26820 7
26827 5
26832 6
26838 6
26844 8
26852 6
26858 5
26863 10
26873 6
26879 6
26885 5
26890 8
26898 4
26902 2
26904 8
26912 3
26915 6
26921 6
26927 7
26934 2
26936 8
26944 6
26950 3
26953 5
26958 4
26962 5
26967 3
26970 6
26976 4
26980 6
26986 5
26991 3
26994 5
26999 4
27003 6
27009 4
27013 3
27016 4
27020 7
27027 7
27034 6
27040 7
27047 5
27052 6
27058 5
27063 7
27070 8
27078 4
27082 8
27090 3
27093 9
27102 4
27106 6
27112 6
27118 4
27122 8
27130 9
27139 7
27146 3
27149 4
27153 9
27162 6
27168 8
27176 5
27181 5
27186 8
27194 5
27199 6
27205 7
27212 9
27221 9
27230 10
27240 5
27245 4
27249 6
27255 9
27264 7
27271 6
27277 5
27282 5
27287 8
27295 6
27301 7
27308 4
27312 7
27319 11
27330 5
27335 7
27342 7
27349 9
27358 5
27363 7
27370 7
27377 4
27381 6
27387 3
27390 6
27396 5
27401 4
27405 6
27411 13
27424 7
27431 6
27437 5
27442 5
27447 4
27451 5
27456 5
27461 7
27468 4
27472 7
27479 4
27483 7
27490 6
27496 7
27503 7
27510 4
27514 5
27519 5
27524 5
27529 3
27532 7
27539 5
27544 7
27551 8
27559 4
27563 6
27569 5
27574 4
27578 7
27585 5
27590 5
27595 6
27601 5
27606 8
27614 4
27618 7
27625 9
27634 6
27640 6
27646 5
27651 6
27657 8
27665 5
27670 10
27680 5
27685 8
27693 4
27697 7
27704 6
27710 7
27717 9
27726 7
27733 5
27738 8
27746 8
27754 9
27763 4
27767 3
27770 7
27777 6
27783 8
27791 5
27796 4
27800 2
27802 6
27808 3
27811 2
27813 4
27817 4
27821 5
27826 5
27831 5
27836 6
27842 4
27846 6
27852 8
27860 7
27867 3
27870 8
27878 5
27883 6
27889 10
27899 6
27905 10
27915 6
27921 3
27924 4
27928 7
27935 6
27941 6
27947 3
27950 8
27958 6
27964 7
27971 4
27975 5
27980 7
27987 5
27992 6
27998 6
28004 5
28009 7
28016 5
28021 6
28027 3
28030 5
28035 7
28042 6
28048 7
28055 9
28064 6
28070 5
28075 5
28080 5
28085 9
28094 4
28098 5
28103 5
28108 5
28113 6
28119 5
28124 7
28131 5
28136 7
28143 8
28151 6
28157 5
28162 4
28166 6
28172 9
28181 6
28187 5
28192 5
28197 7
28204 2
28206 6
28212 6
28218 7
28225 6
28231 9
28240 5
28245 5
28250 6
28256 5
28261 8
28269 11
28280 7
28287 4
28291 8
28299 5
28304 3
28307 7
28314 5
28319 7
28326 7
28333 5
28338 7
28345 10
28355 7
28362 3
28365 6
28371 7
28378 6
28384 8
28392 9
28401 6
28407 4
28411 4
28415 7
28422 5
28427 8
28435 9
28444 3
28447 9
28456 5
28461 3
28464 7
28471 2
28473 8
28481 8
28489 4
28493 5
28498 7
28505 6
28511 4
28515 6
28521 7
28528 6
28534 6
28540 4
28544 10
28554 5
28559 6
28565 8
28573 4
28577 6
28583 7
28590 8
28598 10
28608 4
28612 7
28619 8
28627 6
28633 9
28642 6
28648 7
28655 8
28663 2
28665 7
28672 4
28676 8
28684 7
28691 8
28699 7
28706 6
28712 6
28718 5
28723 8
28731 7
28738 3
28741 5
28746 5
28751 5
28756 6
28762 6
28768 9
28777 5
28782 3
28785 7
28792 3
28795 7
28802 4
28806 4
28810 7
28817 6
28823 3
28826 7
28833 7
28840 5
28845 3
28848 7
28855 8
28863 5
28868 9
28877 3
28880 6
28886 10
28896 6
28902 7
28909 6
28915 3
28918 5
28923 7
28930 5
28935 6
28941 8
28949 5
28954 4
28958 8
28966 6
28972 7
28979 5
28984 3
28987 4
28991 9
29000 4
29004 3
29007 4
29011 3
29014 6
29020 7
29027 6
29033 6
29039 4
29043 8
29051 3
29054 5
29059 7
29066 7
29073 8
29081 9
29090 5
29095 7
29102 7
29109 6
29115 11
29126 5
29131 6
29137 8
29145 7
29152 5
29157 11
29168 5
29173 5
29178 8
29186 4
29190 7
29197 5
29202 4
29206 6
29212 7
29219 8
29227 7
29234 6
29240 9
29249 6
29255 5
29260 8
29268 6
29274 9
29283 6
29289 5
29294 4
29298 5
29303 8
29311 6
29317 6
29323 5
29328 2
29330 10
29340 7
29347 5
29352 6
29358 7
29365 4
29369 7
29376 3
29379 4
29383 9
29392 3
29395 3
29398 5
29403 8
29411 6
29417 10
29427 5
29432 5
29437 6
29443 7
29450 7
29457 8
29465 9
29474 6
29480 7
29487 5
29492 8
29500 6
29506 8
29514 9
29523 4
29527 6
29533 5
29538 8
29546 10
29556 2
29558 7
29565 7
29572 7
29579 3
29582 5
29587 5
29592 7
29599 9
29608 6
29614 5
29619 7
29626 3
29629 5
29634 5
29639 6
29645 4
29649 8
29657 6
29663 5
29668 6
29674 5
29679 9
29688 5
29693 7
29700 8
29708 6
29714 4
29718 5
29723 6
29729 8
29737 5
29742 3
29745 4
29749 7
29756 6
29762 10
29772 8
29780 4
29784 5
29789 5
29794 6
29800 5
29805 5
29810 9
29819 5
29824 10
29834 7
29841 8
29849 7
29856 5
29861 2
29863 7
29870 7
29877 6
29883 5
29888 7
29895 7
29902 7
29909 6
29915 6
29921 6
29927 7
29934 5
29939 6
29945 5
29950 7
29957 6
29963 7
29970 4
29974 4
29978 6
29984 9
29993 8
30001 4
30005 7
30012 3
30015 3
30018 2
30020 6
30026 3
30029 7
30036 3
30039 7
30046 9
30055 10
30065 6
30071 5
30076 5
30081 3
30084 3
30087 8
30095 5
30100 7
30107 10
30117 7
30124 5
30129 8
30137 11
30148 6
30154 5
30159 7
30166 4
30170 9
30179 5
30184 8
30192 5
30197 5
30202 5
30207 5
30212 6
30218 5
30223 6
30229 10
30239 4
30243 7
30250 4
30254 6
30260 5
30265 6
30271 5
30276 6
30282 6
30288 11
30299 5
30304 4
30308 7
30315 6
30321 5
30326 5
30331 5
30336 8
30344 9
30353 4
30357 7
30364 4
30368 5
30373 7
30380 6
30386 9
30395 7
30402 8
30410 6
30416 6
30422 6
30428 5
30433 5
30438 7
30445 5
30450 9
30459 7
30466 5
30471 9
30480 7
30487 8
30495 6
30501 10
30511 3
30514 3
30517 4
30521 4
30525 3
30528 7
30535 3
30538 9
30547 4
30551 9
30560 7
30567 4
30571 7
30578 10
30588 9
30597 6
30603 6
30609 6
30615 6
30621 4
30625 6
30631 6
30637 4
30641 6
30647 7
30654 6
30660 7
30667 5
30672 6
30678 8
30686 6
30692 7
30699 5
30704 10
30714 3
30717 6
30723 9
30732 7
30739 7
30746 6
30752 9
30761 5
30766 5
30771 5
30776 6
30782 6
30788 9
30797 6
30803 5
30808 6
30814 6
30820 5
30825 8
30833 5
30838 4
30842 7
30849 5
30854 3
30857 8
30865 7
30872 5
30877 7
30884 5
30889 3
30892 8
30900 7
30907 5
30912 7
30919 4
30923 3
30926 4
30930 4
30934 6
30940 4
30944 2
30946 6
30952 4
30956 6
30962 6
30968 8
30976 4
30980 4
30984 4
30988 5
30993 4
30997 4
31001 6
31007 7
31014 10
31024 6
31030 6
31036 7
31043 8
31051 8
31059 5
31064 5
31069 6
31075 7
31082 6
31088 6
31094 5
31099 5
31104 6
31110 7
31117 7
31124 9
31133 5
31138 7
31145 7
31152 12
31164 10
31174 6
31180 5
31185 4
31189 8
31197 7
31204 4
31208 7
31215 5
31220 5
31225 6
31231 9
31240 5
31245 8
31253 4
31257 9
31266 7
31273 4
31277 9
31286 5
31291 3
31294 4
31298 7
31305 6
31311 7
31318 6
31324 5
31329 8
31337 7
31344 12
31356 4
31360 11
31371 4
31375 6
31381 5
31386 3
31389 6
31395 8
31403 3
31406 3
31409 5
31414 8
31422 7
31429 11
31440 5
31445 8
31453 6
31459 5
31464 8
31472 5
31477 4
31481 9
31490 5
31495 8
31503 7
31510 6
31516 8
31524 6
31530 7
31537 7
31544 8
31552 4
31556 6
31562 3
31565 3
31568 5
31573 7
31580 4
31584 6
31590 3
31593 6
31599 7
31606 7
31613 7
31620 3
31623 7
31630 7
31637 5
31642 7
31649 5
31654 5
31659 8
31667 7
31674 5
31679 5
31684 5
31689 3
31692 7
31699 5
31704 4
31708 8
31716 3
31719 3
31722 7
31729 6
31735 7
31742 7
31749 3
31752 8
31760 6
31766 7
31773 7
31780 7
31787 4
31791 5
31796 4
31800 7
31807 4
31811 6
31817 7
31824 6
31830 6
31836 5
31841 6
31847 8
31855 5
31860 3
31863 6
31869 4
31873 3
31876 6
31882 4
31886 5
31891 7
31898 5
31903 5
31908 5
31913 6
31919 6
31925 5
31930 4
31934 6
31940 5
31945 6
31951 5
31956 5
31961 7
31968 5
31973 5
31978 6
31984 8
31992 7
31999 6
32005 9
32014 5
32019 8
32027 6
32033 4
32037 7
32044 6
32050 5
32055 6
32061 8
32069 7
32076 4
32080 6
32086 5
32091 6
32097 7
32104 6
32110 4
32114 7
32121 9
32130 5
32135 3
32138 2
32140 7
32147 6
32153 8
32161 3
32164 3
32167 8
32175 9
32184 4
32188 8
32196 8
32204 9
32213 6
32219 7
32226 6
32232 5
32237 5
32242 5
32247 5
32252 7
32259 7
32266 10
32276 8
32284 4
32288 6
32294 10
32304 7
32311 5
32316 8
32324 6
32330 10
32340 6
32346 9
32355 4
32359 4
32363 7
32370 7
32377 8
32385 4
32389 6
32395 6
32401 5
32406 5
32411 5
32416 7
32423 6
32429 6
32435 3
32438 6
32444 7
32451 5
32456 7
32463 5
32468 5
32473 10
32483 6
32489 5
32494 8
32502 8
32510 7
32517 4
32521 4
32525 6
32531 4
32535 4
32539 10
32549 10
32559 3
32562 3
32565 7
32572 6
32578 9
32587 7
32594 10
32604 9
32613 5
32618 6
32624 8
32632 6
32638 4
32642 4
32646 6
32652 3
32655 7
32662 8
32670 7
32677 8
32685 8
32693 4
32697 6
32703 4
32707 5
32712 4
32716 7
32723 6
32729 10
32739 8
32747 7
32754 3
32757 4
32761 3
32764 7
32771 7
32778 7
32785 7
32792 4
32796 7
32803 6
32809 6
32815 10
32825 7
32832 4
32836 9
32845 9
32854 4
32858 5
32863 6
32869 9
32878 6
32884 6
32890 4
32894 5
32899 4
32903 4
32907 7
32914 7
32921 9
32930 4
32934 7
32941 4
32945 5
32950 5
32955 8
32963 5
32968 4
32972 5
32977 3
32980 5
32985 6
32991 8
32999 6
33005 3
33008 7
33015 6
33021 4
33025 5
33030 3
33033 11
33044 4
33048 4
33052 8
33060 4
33064 4
33068 6
33074 12
33086 5
33091 5
33096 7
33103 7
33110 5
33115 3
33118 8
33126 5
33131 11
33142 7
33149 7
33156 8
33164 10
33174 6
33180 5
33185 4
33189 6
33195 3
33198 4
33202 4
33206 8
33214 4
33218 5
33223 5
33228 4
33232 7
33239 8
33247 6
33253 6
33259 6
33265 7
33272 7
33279 7
33286 7
33293 8
33301 8
33309 9
33318 6
33324 8
33332 4
33336 7
33343 5
33348 4
33352 8
33360 7
33367 5
33372 9
33381 8
33389 4
33393 6
33399 7
33406 5
33411 8
33419 5
33424 6
33430 7
33437 8
33445 4
33449 6
33455 6
33461 6
33467 3
33470 3
33473 9
33482 9
33491 4
33495 8
33503 6
33509 3
33512 8
33520 3
33523 6
33529 4
33533 7
33540 4
33544 5
33549 6
33555 6
33561 8
33569 6
33575 7
33582 11
33593 6
33599 3
33602 9
33611 4
33615 4
33619 10
33629 8
33637 4
33641 5
33646 9
33655 7
33662 4
33666 8
33674 6
33680 7
33687 7
33694 5
33699 4
33703 5
33708 5
33713 6
33719 5
33724 7
33731 6
33737 7
33744 8
33752 4
33756 5
33761 4
33765 4
33769 4
33773 7
33780 3
33783 5
33788 6
33794 6
33800 7
33807 3
33810 8
33818 6
33824 6
33830 5
33835 9
33844 5
33849 6
33855 7
33862 4
33866 6
33872 5
33877 4
33881 4
33885 6
33891 5
33896 6
33902 6
33908 7
33915 2
33917 6
33923 4
33927 6
33933 9
33942 4
33946 4
33950 4
33954 4
33958 6
33964 3
33967 5
33972 5
33977 6
33983 5
33988 3
33991 8
33999 10
34009 5
34014 6
34020 3
34023 6
34029 3
34032 9
34041 5
34046 6
34052 3
34055 4
34059 5
34064 6
34070 5
34075 6
34081 4
34085 6
34091 4
34095 4
34099 5
34104 6
34110 6
34116 8
34124 4
34128 4
34132 3
34135 8
34143 7
34150 5
34155 4
34159 12
34171 5
34176 4
34180 4
34184 7
34191 4
34195 7
34202 6
34208 6
34214 4
34218 5
34223 6
34229 6
34235 6
34241 10
34251 5
34256 5
34261 9
34270 2
34272 3
34275 2
34277 7
34284 6
34290 6
34296 5
34301 6
34307 7
34314 6
34320 8
34328 10
34338 7
34345 11
34356 7
34363 7
34370 7
34377 6
34383 6
34389 6
34395 5
34400 4
34404 6
34410 7
34417 5
34422 6
34428 9
34437 6
34443 10
34453 4
34457 4
34461 5
34466 5
34471 7
34478 2
34480 8
34488 5
34493 4
34497 3
34500 4
34504 5
34509 2
34511 8
34519 5
34524 4
34528 4
34532 6
34538 6
34544 5
34549 10
34559 10
34569 5
34574 4
34578 6
34584 5
34589 6
34595 6
34601 5
34606 7
34613 5
34618 7
34625 5
34630 7
34637 5
34642 8
34650 6
34656 8
34664 4
34668 4
34672 7
34679 8
34687 3
34690 4
34694 4
34698 7
34705 6
34711 7
34718 6
34724 6
34730 6
34736 6
34742 3
34745 5
34750 6
34756 6
34762 6
34768 8
34776 4
34780 4
34784 8
34792 10
34802 6
34808 9
34817 4
34821 5
34826 5
34831 3
34834 7
34841 5
34846 10
34856 5
34861 8
34869 9
34878 5
34883 3
34886 3
34889 7
34896 8
34904 5
34909 6
34915 8
34923 5
34928 7
34935 5
34940 5
34945 7
34952 8
34960 6
34966 4
34970 7
34977 10
34987 8
34995 3
34998 5
35003 9
35012 3
35015 10
35025 5
35030 5
35035 3
35038 8
35046 3
35049 4
35053 3
35056 5
35061 5
35066 4
35070 6
35076 3
35079 8
35087 9
35096 5
35101 5
35106 8
35114 7
35121 4
35125 7
35132 5
35137 9
35146 5
35151 8
35159 9
35168 8
35176 8
35184 6
35190 5
35195 7
35202 7
35209 6
35215 6
35221 12
35233 8
35241 6
35247 4
35251 7
35258 6
35264 9
35273 8
35281 5
35286 5
35291 7
35298 6
35304 4
35308 7
35315 5
35320 6
35326 9
35335 6
35341 6
35347 5
35352 8
35360 4
35364 8
35372 6
35378 10
35388 5
35393 4
35397 9
35406 7
35413 9
35422 4
35426 4
35430 6
35436 6
35442 8
35450 5
35455 6
35461 7
35468 9
35477 4
35481 3
35484 6
35490 7
35497 6
35503 6
35509 7
35516 6
35522 6
35528 7
35535 6
35541 3
35544 4
35548 8
35556 7
35563 6
35569 6
35575 6
35581 8
35589 7
35596 5
35601 7
35608 5
35613 7
35620 3
35623 9
35632 8
35640 8
35648 5
35653 3
35656 4
35660 5
35665 9
35674 5
35679 12
35691 7
35698 6
35704 9
35713 7
35720 5
35725 4
35729 8
35737 6
35743 4
35747 5
35752 10
35762 5
35767 4
35771 5
35776 7
35783 9
35792 7
35799 3
35802 4
35806 5
35811 6
35817 7
35824 8
35832 7
35839 8
35847 7
35854 3
35857 4
35861 8
35869 4
35873 7
35880 6
35886 5
35891 5
35896 2
35898 4
35902 5
35907 8
35915 5
35920 4
35924 5
35929 9
35938 6
35944 5
35949 6
35955 4
35959 6
35965 7
35972 5
35977 5
35982 4
35986 4
35990 5
35995 6
36001 8
36009 9
36018 3
36021 5
36026 5
36031 2
36033 5
36038 8
36046 9
36055 8
36063 3
36066 7
36073 12
36085 7
36092 8
36100 5
36105 7
36112 8
36120 7
36127 3
36130 6
36136 10
36146 6
36152 8
36160 9
36169 9
36178 8
36186 5
36191 7
36198 5
36203 9
36212 5
36217 6
36223 5
36228 9
36237 6
36243 8
36251 5
36256 11
36267 5
36272 9
36281 9
36290 5
36295 6
36301 8
36309 3
36312 7
36319 3
36322 5
36327 5
36332 5
36337 4
36341 6
36347 9
36356 4
36360 7
36367 7
36374 6
36380 8
36388 5
36393 5
36398 6
36404 3
36407 7
36414 5
36419 9
36428 6
36434 5
36439 8
36447 5
36452 6
36458 6
36464 7
36471 6
36477 9
36486 6
36492 7
36499 5
36504 4
36508 4
36512 10
36522 5
36527 8
36535 4
36539 8
36547 6
36553 7
36560 4
36564 7
36571 4
36575 4
36579 5
36584 4
36588 4
36592 6
36598 7
36605 7
36612 6
36618 5
36623 8
36631 5
36636 10
36646 6
36652 8
36660 6
36666 8
36674 4
36678 2
36680 4
36684 6
36690 4
36694 10
36704 5
36709 5
36714 6
36720 8
36728 9
36737 6
36743 8
36751 3
36754 10
36764 7
36771 2
36773 4
36777 7
36784 5
36789 10
36799 8
36807 9
36816 9
36825 6
36831 4
36835 6
36841 8
36849 10
36859 7
36866 8
36874 7
36881 4
36885 6
36891 3
36894 6
36900 2
36902 6
36908 5
36913 5
36918 3
36921 5
36926 8
36934 5
36939 8
36947 4
36951 10
36961 7
36968 3
36971 5
36976 6
36982 6
36988 3
36991 6
36997 5
37002 10
37012 4
37016 5
37021 8
37029 8
37037 9
37046 7
37053 9
37062 6
37068 8
37076 5
37081 4
37085 9
37094 5
37099 4
37103 9
37112 8
37120 10
37130 6
37136 7
37143 3
37146 6
37152 10
37162 7
37169 4
37173 5
37178 6
37184 7
37191 7
37198 5
37203 3
37206 5
37211 5
37216 5
37221 6
37227 7
37234 6
37240 6
37246 7
37253 6
37259 3
37262 6
37268 3
37271 5
37276 8
37284 9
37293 8
37301 6
37307 7
37314 7
37321 8
37329 6
37335 10
37345 3
37348 6
37354 5
37359 5
37364 6
37370 6
37376 11
37387 6
37393 4
37397 6
37403 6
37409 6
37415 8
37423 9
37432 7
37439 6
37445 13
37458 5
37463 7
37470 4
37474 7
37481 6
37487 8
37495 4
37499 9
37508 6
37514 8
37522 5
37527 6
37533 8
37541 5
37546 6
37552 3
37555 6
37561 5
37566 6
37572 5
37577 6
37583 6
37589 8
37597 7
37604 5
37609 5
37614 5
37619 3
37622 10
37632 3
37635 7
37642 4
37646 5
37651 3
37654 9
37663 7
37670 6
37676 5
37681 5
37686 5
37691 6
37697 8
37705 6
37711 7
37718 7
37725 2
37727 7
37734 10
37744 7
37751 5
37756 4
37760 7
37767 3
37770 6
37776 7
37783 4
37787 5
37792 7
37799 6
37805 4
37809 6
37815 12
37827 4
37831 6
37837 4
37841 4
37845 3
37848 7
37855 6
37861 5
37866 5
37871 8
37879 5
37884 7
37891 4
37895 7
37902 8
37910 8
37918 4
37922 4
37926 8
37934 7
37941 7
37948 3
37951 4
37955 5
37960 4
37964 6
37970 9
37979 5
37984 10
37994 7
38001 5
38006 7
38013 9
38022 4
38026 3
38029 5
38034 7
38041 7
38048 7
38055 6
38061 6
38067 7
38074 6
38080 6
38086 5
38091 7
38098 6
38104 8
38112 5
38117 6
38123 4
38127 7
38134 6
38140 6
38146 10
38156 6
38162 6
38168 3
38171 6
38177 7
38184 11
38195 5
38200 4
38204 7
38211 3
38214 4
38218 4
38222 5
38227 9
38236 7
38243 7
38250 7
38257 3
38260 6
38266 4
38270 7
38277 6
38283 6
38289 10
38299 3
38302 6
38308 6
38314 5
38319 4
38323 6
38329 8
38337 7
38344 8
38352 4
38356 7
38363 6
38369 8
38377 6
38383 7
38390 4
38394 2
38396 4
38400 3
38403 5
38408 6
38414 7
38421 7
38428 8
38436 7
38443 6
38449 6
38455 8
38463 8
38471 5
38476 8
38484 9
38493 8
38501 6
38507 5
38512 6
38518 5
38523 6
38529 4
38533 6
38539 4
38543 8
38551 5
38556 6
38562 6
38568 4
38572 8
38580 4
38584 4
38588 5
38593 4
38597 5
38602 5
38607 6
38613 7
38620 7
38627 4
38631 7
38638 8
38646 4
38650 3
38653 5
38658 5
38663 5
38668 5
38673 7
38680 6
38686 7
38693 3
38696 7
38703 5
38708 4
38712 6
38718 3
38721 4
38725 10
38735 7
38742 7
38749 9
38758 4
38762 7
38769 6
38775 6
38781 4
38785 6
38791 7
38798 9
38807 5
38812 5
38817 7
38824 8
38832 3
38835 9
38844 3
38847 8
38855 8
38863 3
38866 9
38875 7
38882 3
38885 4
38889 5
38894 7
38901 6
38907 6
38913 7
38920 5
38925 5
38930 6
38936 3
38939 6
38945 3
38948 6
38954 8
38962 9
38971 4
38975 6
38981 6
38987 4
38991 6
38997 5
39002 6
39008 9
39017 6
39023 8
39031 3
39034 5
39039 3
39042 9
39051 3
39054 5
39059 7
39066 6
39072 4
39076 3
39079 7
39086 5
39091 6
39097 6
39103 6
39109 7
39116 3
39119 4
39123 6
39129 4
39133 7
39140 9
39149 9
39158 9
39167 7
39174 3
39177 8
39185 6
39191 9
39200 6
39206 4
39210 6
39216 7
39223 6
39229 6
39235 7
39242 5
39247 6
39253 7
39260 5
39265 6
39271 4
39275 4
39279 3
39282 5
39287 8
39295 9
39304 6
39310 4
39314 8
39322 8
39330 7
39337 6
39343 7
39350 4
39354 5
39359 4
39363 6
39369 5
39374 7
39381 7
39388 4
39392 6
39398 10
39408 5
39413 10
39423 2
39425 5
39430 10
39440 6
39446 7
39453 4
39457 7
39464 8
39472 7
39479 8
39487 7
39494 6
39500 6
39506 4
39510 5
39515 7
39522 4
39526 8
39534 5
39539 3
39542 5
39547 7
39554 3
39557 3
39560 4
39564 11
39575 4
39579 5
39584 10
39594 4
39598 4
39602 8
39610 7
39617 4
39621 7
39628 5
39633 9
39642 6
39648 7
39655 8
39663 7
39670 6
39676 5
39681 3
39684 5
39689 7
39696 6
39702 7
39709 5
39714 7
39721 5
39726 6
39732 8
39740 6
39746 4
39750 6
39756 6
39762 7
39769 8
39777 6
39783 7
39790 3
39793 5
39798 10
39808 9
39817 6
39823 9
39832 5
39837 11
39848 6
39854 6
39860 7
39867 6
39873 5
39878 5
39883 3
39886 9
39895 6
39901 6
39907 5
39912 6
39918 8
39926 8
39934 6
39940 5
39945 4
39949 10
39959 5
39964 4
39968 7
39975 6
39981 5
39986 6
39992 6
39998 6
40004 6
40010 4
40014 4
40018 9
40027 4
40031 7
40038 6
40044 6
40050 8
40058 6
40064 6
40070 6
40076 8
40084 6
40090 8
40098 5
40103 7
40110 12
40122 8
40130 4
40134 6
40140 7
40147 10
40157 8
40165 6
40171 6
40177 9
40186 5
40191 5
40196 10
40206 7
40213 7
40220 5
40225 5
40230 6
40236 11
40247 6
40253 9
40262 6
40268 4
40272 6
40278 6
40284 11
40295 9
40304 6
40310 8
40318 5
40323 5
40328 7
40335 8
40343 6
40349 7
40356 4
40360 8
40368 7
40375 7
40382 3
40385 4
40389 8
40397 5
40402 11
40413 3
40416 3
40419 5
40424 7
40431 6
40437 6
40443 7
40450 4
40454 6
40460 6
40466 9
40475 7
40482 5
40487 9
40496 6
40502 6
40508 4
40512 8
40520 8
40528 5
40533 6
40539 5
40544 5
40549 7
40556 5
40561 4
40565 4
40569 8
40577 2
40579 5
40584 6
40590 8
40598 6
40604 7
40611 4
40615 5
40620 5
40625 6
40631 3
40634 4
40638 3
40641 6
40647 5
40652 6
40658 5
40663 6
40669 7
40676 8
40684 6
40690 4
40694 5
40699 7
40706 5
40711 9
40720 5
40725 6
40731 6
40737 3
40740 6
40746 4
40750 8
40758 6
40764 5
40769 5
40774 4
40778 6
40784 6
40790 4
40794 9
40803 6
40809 9
40818 7
40825 7
40832 6
40838 5
40843 5
40848 6
40854 7
40861 2
40863 9
40872 3
40875 5
40880 6
40886 5
40891 4
40895 6
40901 6
40907 5
40912 4
40916 9
40925 4
40929 5
40934 4
40938 6
40944 6
40950 4
40954 5
40959 4
40963 3
40966 7
40973 7
40980 7
40987 13
41000 7
41007 7
41014 6
41020 6
41026 6
41032 5
41037 8
41045 5
41050 4
41054 8
41062 9
41071 3
41074 4
41078 5
41083 8
41091 9
41100 10
41110 5
41115 6
41121 10
41131 6
41137 7
41144 6
41150 8
41158 8
41166 7
41173 7
41180 7
41187 8
41195 10
41205 5
41210 4
41214 3
41217 8
41225 5
41230 9
41239 5
41244 4
41248 11
41259 8
41267 8
41275 9
41284 9
41293 8
41301 4
41305 8
41313 5
41318 4
41322 11
41333 5
41338 5
41343 5
41348 4
41352 6
41358 4
41362 4
41366 5
41371 6
41377 6
41383 8
41391 8
41399 7
41406 5
41411 8
41419 7
41426 2
41428 8
41436 5
41441 8
41449 8
41457 6
41463 6
41469 4
41473 7
41480 9
41489 6
41495 7
41502 3
41505 7
41512 6
41518 5
41523 8
41531 6
41537 6
41543 7
41550 6
41556 4
41560 4
41564 11
41575 8
41583 6
41589 3
41592 5
41597 2
41599 9
41608 7
41615 4
41619 10
41629 9
41638 8
41646 9
41655 5
41660 5
41665 4
41669 5
41674 7
41681 6
41687 6
41693 4
41697 6
41703 5
41708 3
41711 4
41715 8
41723 6
41729 7
41736 4
41740 6
41746 7
41753 6
41759 7
41766 8
41774 10
41784 5
41789 5
41794 6
41800 4
41804 4
41808 4
41812 7
41819 6
41825 9
41834 6
41840 6
41846 7
41853 6
41859 4
41863 6
41869 6
41875 8
41883 6
41889 7
41896 7
41903 7
41910 3
41913 4
41917 9
41926 3
41929 6
41935 6
41941 6
41947 6
41953 7
41960 9
41969 4
41973 4
41977 3
41980 6
41986 5
41991 7
41998 7
42005 8
42013 5
42018 5
42023 4
42027 7
42034 9
42043 6
42049 2
42051 6
42057 8
42065 9
42074 8
42082 5
42087 4
42091 5
42096 9
42105 8
42113 4
42117 5
42122 8
42130 6
42136 6
42142 5
42147 6
42153 6
42159 7
42166 5
42171 4
42175 8
42183 4
42187 4
42191 3
42194 9
42203 8
42211 9
42220 5
42225 5
42230 4
42234 4
42238 4
42242 8
42250 6
42256 2
42258 4
42262 4
42266 7
42273 4
42277 4
42281 5
42286 3
42289 9
42298 7
42305 8
42313 6
42319 3
42322 8
42330 6
42336 7
42343 4
42347 8
42355 6
42361 4
42365 6
42371 7
42378 6
42384 4
42388 6
42394 6
42400 8
42408 8
42416 5
42421 6
42427 4
42431 3
42434 4
42438 7
42445 6
42451 6
42457 7
42464 5
42469 4
42473 3
42476 5
42481 5
42486 7
42493 5
42498 4
42502 9
42511 4
42515 5
42520 7
42527 6
42533 5
42538 6
42544 8
42552 8
42560 5
42565 5
42570 6
42576 7
42583 7
42590 5
42595 5
42600 5
42605 9
42614 4
42618 5
42623 5
42628 6
42634 5
42639 6
42645 4
42649 7
42656 6
42662 5
42667 6
42673 5
42678 6
42684 7
42691 7
42698 6
42704 6
42710 9
42719 5
42724 7
42731 5
42736 5
42741 6
42747 4
42751 5
42756 7
42763 6
42769 5
42774 5
42779 5
42784 6
42790 5
42795 8
42803 3
42806 4
42810 6
42816 5
42821 9
42830 6
42836 10
42846 8
42854 8
42862 6
42868 3
42871 9
42880 8
42888 10
42898 4
42902 5
42907 5
42912 7
42919 7
42926 5
42931 7
42938 6
42944 5
42949 7
42956 7
42963 4
42967 3
42970 8
42978 7
42985 10
42995 7
43002 9
43011 5
43016 5
43021 6
43027 6
43033 7
43040 5
43045 7
43052 4
43056 7
43063 9
43072 6
43078 6
43084 5
43089 7
43096 8
43104 4
43108 8
43116 4
43120 10
43130 9
43139 6
43145 7
43152 5
43157 11
43168 5
43173 8
43181 5
43186 7
43193 2
43195 8
43203 5
43208 6
43214 6
43220 7
43227 5
43232 4
43236 6
43242 5
43247 4
43251 6
43257 6
43263 4
43267 7
43274 7
43281 7
43288 6
43294 6
43300 6
43306 6
43312 9
43321 9
43330 9
43339 3
43342 8
43350 7
43357 4
43361 5
43366 6
43372 3
43375 7
43382 12
43394 4
43398 4
43402 7
43409 6
43415 8
43423 8
43431 7
43438 7
43445 5
43450 6
43456 8
43464 4
43468 8
43476 9
43485 7
43492 5
43497 6
43503 5
43508 7
43515 3
43518 3
43521 6
43527 8
43535 7
43542 6
43548 5
43553 4
43557 8
43565 5
43570 14
43584 4
43588 5
43593 8
43601 5
43606 10
43616 8
43624 5
43629 5
43634 6
43640 5
43645 5
43650 7
43657 4
43661 5
43666 6
43672 3
43675 6
43681 6
43687 6
43693 5
43698 7
43705 9
43714 7
43721 7
43728 6
43734 6
43740 11
43751 5
43756 5
43761 6
43767 8
43775 2
43777 7
43784 5
43789 9
43798 3
43801 3
43804 10
43814 6
43820 3
43823 6
43829 5
43834 7
43841 4
43845 4
43849 4
43853 7
43860 6
43866 5
43871 5
43876 7
43883 4
43887 8
43895 7
43902 8
43910 6
43916 4
43920 6
43926 5
43931 5
43936 3
43939 6
43945 4
43949 6
43955 8
43963 5
43968 4
43972 6
43978 8
43986 6
43992 4
43996 7
44003 5
44008 3
44011 7
44018 7
44025 5
44030 4
44034 6
44040 9
44049 7
44056 6
44062 6
44068 9
44077 11
44088 8
44096 5
44101 5
44106 6
44112 15
44127 7
44134 3
44137 5
44142 8
44150 7
44157 7
44164 2
44166 4
44170 7
44177 4
44181 5
44186 6
44192 7
44199 7
44206 9
44215 6
44221 6
44227 5
44232 6
44238 5
44243 6
44249 5
44254 6
44260 7
44267 6
44273 4
44277 4
44281 7
44288 7
44295 9
44304 6
44310 5
44315 2
44317 5
44322 7
44329 5
44334 3
44337 6
44343 6
44349 5
44354 6
44360 9
44369 6
44375 7
44382 7
44389 3
44392 10
44402 7
44409 4
44413 4
44417 5
44422 5
44427 4
44431 7
44438 6
44444 5
44449 5
44454 4
44458 6
44464 10
44474 10
44484 8
44492 6
44498 7
44505 8
44513 4
44517 3
44520 5
44525 6
44531 5
44536 7
44543 7
44550 4
44554 6
44560 4
44564 9
44573 6
44579 7
44586 6
44592 5
44597 4
44601 10
44611 5
44616 8
44624 6
44630 6
44636 5
44641 9
44650 6
44656 6
44662 5
44667 6
44673 5
44678 6
44684 3
44687 8
44695 6
44701 6
44707 8
44715 7
44722 7
44729 4
44733 8
44741 8
44749 5
44754 4
44758 6
44764 5
44769 7
44776 6
44782 6
44788 7
44795 4
44799 7
44806 6
44812 2
44814 4
44818 6
44824 6
44830 5
44835 6
44841 5
44846 8
44854 6
44860 8
44868 5
44873 4
44877 4
44881 6
44887 4
44891 4
44895 10
44905 7
44912 3
44915 4
44919 6
44925 9
44934 7
44941 8
44949 6
44955 5
44960 6
44966 6
44972 6
44978 5
44983 6
44989 6
44995 4
44999 9
45008 6
45014 9
45023 4
45027 2
45029 10
45039 2
45041 5
45046 5
45051 7
45058 4
45062 6
45068 4
45072 4
45076 2
45078 4
45082 6
45088 7
45095 5
45100 8
45108 4
45112 5
45117 7
45124 4
45128 6
45134 6
45140 6
45146 10
45156 5
45161 9
45170 9
45179 5
45184 6
45190 5
45195 6
45201 7
45208 6
45214 10
45224 6
45230 5
45235 9
45244 5
45249 4
45253 3
45256 6
45262 6
45268 9
45277 9
45286 7
45293 8
45301 7
45308 10
45318 5
45323 7
45330 4
45334 7
45341 4
45345 8
45353 8
45361 8
45369 3
45372 5
45377 10
45387 7
45394 4
45398 6
45404 6
45410 7
45417 7
45424 7
45431 6
45437 5
45442 6
45448 4
45452 8
45460 8
45468 6
45474 6
45480 7
45487 4
45491 7
45498 6
45504 7
45511 7
45518 5
45523 10
45533 5
45538 6
45544 11
45555 5
45560 8
45568 5
45573 7
45580 8
45588 4
45592 8
45600 6
45606 5
45611 8
45619 6
45625 6
45631 7
45638 5
45643 6
45649 7
45656 6
45662 5
45667 6
45673 10
45683 3
45686 5
45691 6
45697 11
45708 5
45713 8
45721 6
45727 7
45734 7
45741 4
45745 8
45753 4
45757 11
45768 7
45775 4
45779 7
45786 8
45794 7
45801 5
45806 8
45814 4
45818 5
45823 4
45827 6
45833 5
45838 6
45844 3
45847 6
45853 6
45859 4
45863 5
45868 5
45873 6
45879 8
45887 5
45892 3
45895 4
45899 5
45904 4
45908 7
45915 8
45923 4
45927 5
45932 8
45940 5
45945 4
45949 13
45962 7
45969 6
45975 7
45982 7
45989 5
45994 8
46002 5
46007 3
46010 5
46015 7
46022 3
46025 10
46035 13
46048 5
46053 5
46058 6
46064 8
46072 8
46080 4
46084 7
46091 4
46095 4
46099 9
46108 5
46113 7
46120 2
46122 7
46129 6
46135 6
46141 3
46144 7
46151 3
46154 6
46160 6
46166 8
46174 4
46178 6
46184 8
46192 5
46197 4
46201 10
46211 4
46215 4
46219 5
46224 6
46230 7
46237 2
46239 5
46244 6
46250 2
46252 8
46260 3
46263 7
46270 7
46277 4
46281 5
46286 7
46293 5
46298 6
46304 6
46310 4
46314 5
46319 9
46328 7
46335 8
46343 6
46349 11
46360 3
46363 10
46373 4
46377 7
46384 5
46389 9
46398 4
46402 9
46411 7
46418 8
46426 6
46432 6
46438 3
46441 12
46453 6
46459 6
46465 7
46472 4
46476 9
46485 3
46488 7
46495 6
46501 2
46503 9
46512 3
46515 8
46523 7
46530 7
46537 9
46546 7
46553 8
46561 5
46566 4
46570 6
46576 5
46581 7
46588 3
46591 5
46596 7
46603 5
46608 5
46613 7
46620 5
46625 4
46629 3
46632 4
46636 6
46642 7
46649 5
46654 4
46658 4
46662 9
46671 6
46677 5
46682 4
46686 7
46693 7
46700 6
46706 8
46714 3
46717 7
46724 6
46730 3
46733 6
46739 2
46741 4
46745 3
46748 9
46757 6
46763 12
46775 6
46781 5
46786 6
46792 5
46797 7
46804 6
46810 4
46814 9
46823 7
46830 2
46832 7
46839 6
46845 6
46851 7
46858 8
46866 5
46871 5
46876 6
46882 4
46886 6
46892 6
46898 9
46907 6
46913 6
46919 9
46928 7
46935 4
46939 6
46945 4
46949 6
46955 4
46959 8
46967 5
46972 5
46977 5
46982 5
46987 6
46993 5
46998 9
47007 5
47012 6
47018 6
47024 3
47027 3
47030 4
47034 6
47040 4
47044 4
47048 6
47054 5
47059 5
47064 5
47069 10
47079 7
47086 8
47094 6
47100 6
47106 4
47110 6
47116 3
47119 5
47124 6
47130 6
47136 5
47141 10
47151 8
47159 9
47168 9
47177 5
47182 7
47189 8
47197 4
47201 5
47206 4
47210 6
47216 9
47225 5
47230 7
47237 6
47243 5
47248 7
47255 7
47262 6
47268 7
47275 6
47281 6
47287 7
47294 3
47297 9
47306 5
47311 5
47316 6
47322 5
47327 5
47332 4
47336 7
47343 6
47349 9
47358 7
47365 6
47371 7
47378 6
47384 4
47388 6
47394 4
47398 7
47405 6
47411 6
47417 6
47423 4
47427 5
47432 11
47443 8
47451 4
47455 6
47461 9
47470 6
47476 9
47485 6
47491 4
47495 7
47502 4
47506 7
47513 6
47519 4
47523 8
47531 6
47537 4
47541 5
47546 4
47550 5
47555 8
47563 5
47568 8
47576 12
47588 7
47595 6
47601 6
47607 6
47613 7
47620 7
47627 8
47635 8
47643 6
47649 6
47655 4
47659 3
47662 13
47675 5
47680 4
47684 5
47689 6
47695 8
47703 5
47708 3
47711 6
47717 4
47721 6
47727 4
47731 7
47738 7
47745 5
47750 7
47757 6
47763 4
47767 6
47773 7
47780 6
47786 10
47796 5
47801 6
47807 5
47812 6
47818 3
47821 6
47827 4
47831 2
47833 4
47837 6
47843 8
47851 11
47862 6
47868 5
47873 4
47877 7
47884 5
47889 7
47896 7
47903 10
47913 6
47919 7
47926 7
47933 6
47939 5
47944 6
47950 4
47954 4
47958 7
47965 6
47971 5
47976 5
47981 6
47987 4
47991 7
47998 6
48004 5
48009 3
48012 7
48019 6
48025 7
48032 6
48038 7
48045 4
48049 6
48055 7
48062 4
48066 5
48071 7
48078 7
48085 5
48090 6
48096 5
48101 4
48105 4
48109 6
48115 6
48121 4
48125 7
48132 3
48135 6
48141 7
48148 5
48153 8
48161 8
48169 3
48172 8
48180 6
48186 7
48193 6
48199 5
48204 7
48211 7
48218 5
48223 4
48227 8
48235 6
48241 7
48248 8
48256 4
48260 8
48268 5
48273 7
48280 5
48285 3
48288 7
48295 6
48301 5
48306 7
48313 4
48317 6
48323 13
48336 7
48343 4
48347 4
48351 4
48355 6
48361 5
48366 10
48376 3
48379 4
48383 5
48388 6
48394 6
48400 5
48405 5
48410 10
48420 5
48425 7
48432 5
48437 6
48443 5
48448 8
48456 3
48459 3
48462 3
48465 8
48473 4
48477 2
48479 10
48489 4
48493 5
48498 7
48505 6
48511 7
48518 4
48522 8
48530 8
48538 4
48542 5
48547 9
48556 10
48566 6
48572 9
48581 5
48586 10
48596 4
48600 6
48606 6
48612 4
48616 4
48620 6
48626 7
48633 7
48640 8
48648 6
48654 5
48659 3
48662 3
48665 4
48669 6
48675 7
48682 5
48687 4
48691 5
48696 6
48702 11
48713 5
48718 4
48722 4
48726 4
48730 7
48737 6
48743 8
48751 4
48755 5
48760 4
48764 8
48772 7
48779 5
48784 7
48791 5
48796 7
48803 6
48809 6
48815 10
48825 6
48831 8
48839 6
48845 7
48852 2
48854 4
48858 5
48863 6
48869 5
48874 5
48879 5
48884 7
48891 8
48899 6
48905 4
48909 5
48914 3
48917 8
48925 2
48927 9
48936 7
48943 9
48952 4
48956 3
48959 6
48965 9
48974 3
48977 4
48981 6
48987 4
48991 7
48998 8
49006 10
49016 7
49023 5
49028 4
49032 7
49039 5
49044 8
49052 7
49059 3
49062 5
49067 3
49070 2
49072 8
49080 9
49089 8
49097 5
49102 3
49105 9
49114 6
49120 3
49123 8
49131 4
49135 7
49142 3
49145 6
49151 9
49160 4
49164 9
49173 5
49178 6
49184 10
49194 5
49199 3
49202 9
49211 7
49218 8
49226 4
49230 4
49234 4
49238 7
49245 6
49251 5
49256 8
49264 8
49272 5
49277 5
49282 4
49286 8
49294 7
49301 7
49308 3
49311 5
49316 6
49322 4
49326 5
49331 8
49339 6
49345 7
49352 5
49357 6
49363 3
49366 4
49370 7
49377 7
49384 8
49392 4
49396 7
49403 7
49410 6
49416 4
49420 5
49425 5
49430 4
49434 5
49439 3
49442 7
49449 8
49457 5
49462 5
49467 8
49475 6
49481 8
49489 8
49497 5
49502 4
49506 8
49514 7
49521 7
49528 7
49535 7
49542 3
49545 7
49552 9
49561 5
49566 8
49574 8
49582 9
49591 5
49596 6
49602 6
49608 3
49611 7
49618 7
49625 5
49630 8
49638 5
49643 5
49648 3
49651 5
49656 7
49663 5
49668 6
49674 6
49680 9
49689 6
49695 3
49698 6
49704 10
49714 4
49718 3
49721 6
49727 5
49732 6
49738 9
49747 4
49751 6
49757 6
49763 6
49769 7
49776 6
49782 9
49791 5
49796 4
49800 4
49804 3
49807 8
49815 8
49823 6
49829 8
49837 5
49842 7
49849 6
49855 5
49860 5
49865 9
49874 3
49877 7
49884 8
49892 8
49900 7
49907 4
49911 5
49916 7
49923 5
49928 4
49932 6
49938 6
49944 7
49951 6
49957 4
49961 3
49964 9
49973 8
49981 3
49984 5
49989 3
49992 6
49998 8
50006 5
50011 8
50019 7
50026 5
50031 7
50038 6
50044 7
50051 8
50059 4
50063 3
50066 5
50071 4
50075 4
50079 6
50085 8
50093 6
50099 7
50106 4
50110 8
50118 4
50122 3
50125 5
50130 6
50136 4
50140 7
50147 5
50152 4
50156 6
50162 8
50170 8
50178 5
50183 5
50188 7
50195 4
50199 4
50203 4
50207 8
50215 7
50222 4
50226 6
50232 7
50239 5
50244 7
50251 6
50257 10
50267 3
50270 5
50275 6
50281 6
50287 4
50291 4
50295 9
50304 7
50311 7
50318 6
50324 6
50330 9
50339 3
50342 6
50348 8
50356 4
50360 5
50365 6
50371 6
50377 4
50381 7
50388 5
50393 2
50395 5
50400 5
50405 5
50410 9
50419 6
50425 7
50432 4
50436 7
50443 7
50450 5
50455 5
50460 9
50469 6
50475 7
50482 5
50487 3
50490 3
50493 6
50499 5
50504 7
50511 5
50516 3
50519 9
50528 8
50536 5
50541 6
50547 7
50554 6
50560 5
50565 10
50575 5
50580 8
50588 3
50591 6
50597 6
50603 3
50606 3
50609 6
50615 8
50623 4
50627 7
50634 3
50637 5
50642 3
50645 6
50651 3
50654 7
50661 3
50664 5
50669 6
50675 6
50681 2
50683 11
50694 3
50697 5
50702 6
50708 7
50715 3
50718 4
50722 5
50727 2
50729 8
50737 8
50745 7
50752 7
50759 5
50764 9
50773 4
50777 9
50786 11
50797 6
50803 5
50808 10
50818 5
50823 7
50830 5
50835 4
50839 4
50843 7
50850 4
50854 7
50861 7
50868 6
50874 8
50882 4
50886 7
50893 8
50901 5
50906 5
50911 3
50914 3
50917 6
50923 8
50931 12
50943 6
50949 8
50957 12
50969 4
50973 6
50979 6
50985 10
50995 7
51002 5
51007 6
51013 7
51020 9
51029 5
51034 10
51044 5
51049 5
51054 9
51063 5
51068 7
51075 6
51081 7
51088 5
51093 8
51101 3
51104 8
51112 4
51116 4
51120 8
51128 5
51133 4
51137 4
51141 4
51145 6
51151 6
51157 6
51163 7
51170 6
51176 7
51183 8
51191 7
51198 5
51203 4
51207 5
51212 3
51215 5
51220 7
51227 5
51232 3
51235 7
51242 7
51249 6
51255 5
51260 5
51265 6
51271 5
51276 7
51283 7
51290 6
51296 5
51301 6
51307 13
51320 7
51327 6
51333 2
51335 6
51341 6
51347 8
51355 6
51361 7
51368 4
51372 6
51378 5
51383 3
51386 8
51394 6
51400 5
51405 5
51410 4
51414 4
51418 4
51422 8
51430 7
51437 6
51443 8
51451 4
51455 5
51460 7
51467 8
51475 5
51480 5
51485 6
51491 3
51494 6
51500 7
51507 5
51512 6
51518 5
51523 9
51532 10
51542 6
51548 6
51554 7
51561 6
51567 8
51575 3
51578 6
51584 6
51590 7
51597 6
51603 4
51607 4
51611 5
51616 9
51625 8
51633 8
51641 7
51648 8
51656 5
51661 8
51669 4
51673 4
51677 6
51683 6
51689 6
51695 8
51703 6
51709 6
51715 7
51722 5
51727 7
51734 5
51739 6
51745 3
51748 9
51757 4
51761 9
51770 7
51777 5
51782 9
51791 5
51796 4
51800 6
51806 7
51813 7
51820 5
51825 7
51832 6
51838 4
51842 5
51847 6
51853 4
51857 7
51864 8
51872 9
51881 7
51888 5
51893 7
51900 7
51907 3
51910 6
51916 10
51926 7
51933 8
51941 7
51948 8
51956 7
51963 6
51969 7
51976 6
51982 2
51984 9
51993 7
52000 5
52005 4
52009 3
52012 3
52015 9
52024 6
52030 5
52035 5
52040 3
52043 6
52049 4
52053 10
52063 5
52068 9
52077 8
52085 4
52089 10
52099 5
52104 7
52111 5
52116 5
52121 6
52127 6
52133 6
52139 9
52148 5
52153 5
52158 5
52163 6
52169 8
52177 5
52182 7
52189 6
52195 8
52203 8
52211 7
52218 5
52223 9
52232 4
52236 8
52244 5
52249 5
52254 4
52258 7
52265 8
52273 5
52278 2
52280 7
52287 9
52296 6
52302 8
52310 4
52314 5
52319 11
52330 4
52334 7
52341 7
52348 4
52352 3
52355 8
52363 5
52368 7
52375 5
52380 5
52385 3
52388 7
52395 4
52399 3
52402 6
52408 9
52417 6
52423 4
52427 3
52430 6
52436 7
52443 6
52449 5
52454 4
52458 7
52465 4
52469 5
52474 3
52477 3
52480 4
52484 4
52488 4
52492 6
52498 6
52504 6
52510 6
52516 8
52524 5
52529 4
52533 7
52540 9
52549 7
52556 5
52561 4
52565 9
52574 7
52581 9
52590 9
52599 5
52604 4
52608 4
52612 8
52620 7
52627 7
52634 10
52644 6
52650 5
52655 4
52659 7
52666 4
52670 3
52673 7
52680 3
52683 5
52688 10
52698 5
52703 7
52710 6
52716 7
52723 5
52728 6
52734 7
52741 8
52749 4
52753 10
52763 7
52770 6
52776 5
52781 6
52787 7
52794 4
52798 3
52801 4
52805 2
52807 8
52815 8
52823 7
52830 3
52833 4
52837 5
52842 4
52846 9
52855 5
52860 3
52863 6
52869 10
52879 5
52884 9
52893 9
52902 8
52910 8
52918 9
52927 4
52931 9
52940 7
52947 9
52956 5
52961 5
52966 3
52969 6
52975 3
52978 5
52983 8
52991 6
52997 7
53004 4
53008 6
53014 5
53019 7
53026 5
53031 5
53036 9
53045 9
53054 5
53059 6
53065 6
53071 6
53077 5
53082 5
53087 8
53095 4
53099 5
53104 5
53109 7
53116 2
53118 7
53125 4
53129 6
53135 7
53142 5
53147 8
53155 3
53158 5
53163 8
53171 5
53176 9
53185 7
53192 7
53199 8
53207 5
53212 7
53219 6
53225 4
53229 6
53235 8
53243 7
53250 7
53257 3
53260 8
53268 5
53273 5
53278 7
53285 7
53292 7
53299 6
53305 8
53313 10
53323 7
53330 7
53337 7
53344 6
53350 6
53356 8
53364 5
53369 6
53375 7
53382 5
53387 7
53394 6
53400 5
53405 9
53414 9
53423 8
53431 8
53439 4
53443 6
53449 7
53456 5
53461 5
53466 4
53470 3
53473 5
53478 7
53485 8
53493 5
53498 6
53504 7
53511 7
53518 7
53525 5
53530 6
53536 9
53545 9
53554 5
53559 6
53565 7
53572 7
53579 7
53586 9
53595 4
53599 4
53603 6
53609 8
53617 8
53625 6
53631 6
53637 6
53643 6
53649 4
53653 7
53660 4
53664 9
53673 8
53681 5
53686 6
53692 5
53697 7
53704 7
53711 5
53716 9
53725 9
53734 7
53741 6
53747 5
53752 5
53757 4
53761 5
53766 8
53774 4
53778 4
53782 3
53785 5
53790 5
53795 4
53799 8
53807 5
53812 4
53816 6
53822 3
53825 6
53831 6
53837 5
53842 5
53847 6
53853 3
53856 7
53863 7
53870 8
53878 5
53883 9
53892 7
53899 5
53904 5
53909 6
53915 7
53922 7
53929 7
53936 7
53943 7
53950 8
53958 5
53963 3
53966 6
53972 5
53977 4
53981 4
53985 7
53992 4
53996 9
54005 4
54009 5
54014 7
54021 6
54027 8
54035 2
54037 4
54041 7
54048 5
54053 5
54058 3
54061 8
54069 5
54074 8
54082 4
54086 7
54093 8
54101 5
54106 8
54114 7
54121 8
54129 9
54138 8
54146 3
54149 5
54154 4
54158 5
54163 3
54166 3
54169 4
54173 4
54177 8
54185 7
54192 5
54197 10
54207 10
54217 6
54223 5
54228 4
54232 6
54238 6
54244 7
54251 6
54257 5
54262 6
54268 4
54272 4
54276 9
54285 6
54291 11
54302 3
54305 6
54311 6
54317 7
54324 3
54327 5
54332 5
54337 6
54343 8
54351 8
54359 6
54365 5
54370 3
54373 4
54377 6
54383 7
54390 7
54397 10
54407 4
54411 4
54415 3
54418 7
54425 5
54430 8
54438 4
54442 5
54447 5
54452 7
54459 5
54464 5
54469 5
54474 10
54484 6
54490 6
54496 3
54499 7
54506 8
54514 6
54520 10
54530 7
54537 6
54543 5
54548 5
54553 5
54558 5
54563 7
54570 3
54573 5
54578 8
54586 3
54589 9
54598 5
54603 6
54609 8
54617 6
54623 7
54630 6
54636 7
54643 2
54645 3
54648 6
54654 5
54659 8
54667 9
54676 5
54681 7
54688 9
54697 6
54703 6
54709 5
54714 4
54718 10
54728 5
54733 6
54739 6
54745 4
54749 6
54755 7
54762 5
54767 7
54774 6
54780 8
54788 6
54794 9
54803 8
54811 3
54814 4
54818 6
54824 7
54831 7
54838 5
54843 7
54850 4
54854 6
54860 9
54869 5
54874 5
54879 5
54884 7
54891 7
54898 8
54906 4
54910 6
54916 6
54922 5
54927 4
54931 4
54935 7
54942 7
54949 7
54956 4
54960 5
54965 4
54969 9
54978 3
54981 4
54985 3
54988 9
54997 6
55003 5
55008 4
55012 8
55020 7
55027 5
55032 3
55035 8
55043 7
55050 6
55056 5
55061 6
55067 5
55072 6
55078 10
55088 7
55095 4
55099 4
55103 12
55115 6
55121 10
55131 6
55137 3
55140 6
55146 7
55153 3
55156 7
55163 5
55168 7
55175 12
55187 6
55193 6
55199 8
55207 6
55213 5
55218 3
55221 7
55228 7
55235 8
55243 7
55250 7
55257 6
55263 9
55272 9
55281 5
55286 6
55292 5
55297 8
55305 4
55309 4
55313 5
55318 3
55321 7
55328 4
55332 4
55336 7
55343 5
55348 7
55355 9
55364 8
55372 5
55377 2
55379 7
55386 8
55394 4
55398 6
55404 6
55410 4
55414 6
55420 9
55429 5
55434 2
55436 8
55444 5
55449 5
55454 5
55459 7
55466 5
55471 7
55478 7
55485 7
55492 4
55496 10
55506 6
55512 7
55519 2
55521 4
55525 7
55532 10
55542 4
55546 5
55551 7
55558 6
55564 6
55570 4
55574 4
55578 7
55585 7
55592 6
55598 6
55604 6
55610 7
55617 6
55623 7
55630 9
55639 6
55645 3
55648 6
55654 5
55659 4
55663 8
55671 9
55680 7
55687 7
55694 7
55701 9
55710 3
55713 4
55717 5
55722 5
55727 7
55734 6
55740 3
55743 6
55749 7
55756 7
55763 4
55767 7
55774 5
55779 4
55783 10
55793 5
55798 11
55809 5
55814 5
55819 5
55824 4
55828 9
55837 11
55848 7
55855 3
55858 7
55865 5
55870 6
55876 9
55885 7
55892 7
55899 7
55906 8
55914 5
55919 7
55926 5
55931 7
55938 5
55943 8
55951 5
55956 9
55965 6
55971 4
55975 5
55980 5
55985 8
55993 4
55997 6
56003 2
56005 5
56010 6
56016 4
56020 7
56027 6
56033 10
56043 6
56049 5
56054 10
56064 9
56073 4
56077 6
56083 5
56088 6
56094 5
56099 7
56106 7
56113 10
56123 8
56131 8
56139 2
56141 5
56146 5
56151 7
56158 7
56165 7
56172 6
56178 7
56185 7
56192 8
56200 8
56208 10
56218 7
56225 7
56232 6
56238 5
56243 10
56253 6
56259 7
56266 9
56275 6
56281 12
56293 7
56300 8
56308 6
56314 6
56320 7
56327 5
56332 5
56337 3
56340 7
56347 6
56353 8
56361 6
56367 3
56370 3
56373 8
56381 5
56386 4
56390 9
56399 4
56403 4
56407 10
56417 8
56425 9
56434 5
56439 7
56446 7
56453 3
56456 7
56463 5
56468 7
56475 4
56479 4
56483 4
56487 5
56492 12
56504 3
56507 7
56514 9
56523 8
56531 5
56536 4
56540 9
56549 4
56553 7
56560 6
56566 4
56570 6
56576 4
56580 5
56585 6
56591 4
56595 9
56604 4
56608 5
56613 8
56621 7
56628 6
56634 7
56641 8
56649 5
56654 7
56661 8
56669 6
56675 3
56678 2
56680 7
56687 4
56691 5
56696 4
56700 9
56709 5
56714 8
56722 6
56728 5
56733 7
56740 5
56745 5
56750 3
56753 7
56760 6
56766 6
56772 6
56778 6
56784 5
56789 10
56799 5
56804 7
56811 9
56820 3
56823 4
56827 4
56831 4
56835 6
56841 7
56848 9
56857 9
56866 4
56870 3
56873 7
56880 5
56885 5
56890 4
56894 5
56899 5
56904 5
56909 5
56914 6
56920 5
56925 8
56933 4
56937 4
56941 7
56948 8
56956 9
56965 6
56971 6
56977 5
56982 7
56989 5
56994 5
56999 9
57008 3
57011 8
57019 3
57022 5
57027 9
57036 5
57041 9
57050 5
57055 11
57066 10
57076 9
57085 5
57090 6
57096 5
57101 5
57106 4
57110 6
57116 5
57121 6
57127 4
57131 5
57136 4
57140 7
57147 5
57152 8
57160 5
57165 5
57170 6
57176 8
57184 7
57191 6
57197 9
57206 8
57214 2
57216 6
57222 5
57227 5
57232 10
57242 4
57246 5
57251 3
57254 5
57259 6
57265 7
57272 6
57278 7
57285 6
57291 5
57296 4
57300 4
57304 6
57310 8
57318 7
57325 8
57333 5
57338 8
57346 6
57352 6
57358 5
57363 5
57368 8
57376 4
57380 4
57384 7
57391 4
57395 5
57400 7
57407 5
57412 6
57418 3
57421 7
57428 7
57435 9
57444 6
57450 10
57460 9
57469 9
57478 8
57486 6
57492 5
57497 6
57503 6
57509 5
57514 10
57524 5
57529 10
57539 8
57547 5
57552 9
57561 4
57565 5
57570 9
57579 5
57584 6
57590 5
57595 8
57603 4
57607 6
57613 5
57618 5
57623 8
57631 6
57637 2
57639 5
57644 6
57650 10
57660 5
57665 2
57667 6
57673 9
57682 6
57688 9
57697 8
57705 5
57710 7
57717 2
57719 4
57723 4
57727 9
57736 4
57740 3
57743 11
57754 9
57763 6
57769 6
57775 4
57779 8
57787 5
57792 6
57798 5
57803 6
57809 4
57813 8
57821 4
57825 7
57832 4
57836 8
57844 5
57849 8
57857 11
57868 3
57871 4
57875 6
57881 4
57885 8
57893 5
57898 6
57904 7
57911 7
57918 6
57924 5
57929 6
57935 4
57939 3
57942 4
57946 5
57951 6
57957 7
57964 5
57969 4
57973 7
57980 4
57984 13
57997 7
58004 4
58008 6
58014 7
58021 9
58030 8
58038 5
58043 5
58048 6
58054 7
58061 6
58067 5
58072 2
58074 4
58078 6
58084 4
58088 6
58094 6
58100 7
58107 4
58111 5
58116 5
58121 9
58130 10
58140 5
58145 7
58152 10
58162 6
58168 5
58173 5
58178 7
58185 4
58189 3
58192 6
58198 7
58205 7
58212 2
58214 11
58225 8
58233 6
58239 8
58247 6
58253 6
58259 7
58266 6
58272 5
58277 5
58282 5
58287 5
58292 2
58294 5
58299 4
58303 9
58312 6
58318 8
58326 8
58334 3
58337 6
58343 5
58348 5
58353 6
58359 7
58366 6
58372 3
58375 6
58381 8
58389 8
58397 5
58402 8
58410 5
58415 6
58421 5
58426 6
58432 2
58434 4
58438 6
58444 6
58450 6
58456 6
58462 5
58467 7
58474 6
58480 6
58486 3
58489 6
58495 4
58499 10
58509 5
58514 7
58521 7
58528 5
58533 6
58539 7
58546 7
58553 6
58559 8
58567 6
58573 4
58577 8
58585 6
58591 4
58595 9
58604 8
58612 8
58620 6
58626 5
58631 7
58638 6
58644 5
58649 3
58652 7
58659 6
58665 5
58670 9
58679 9
58688 7
58695 6
58701 6
58707 7
58714 8
58722 6
58728 5
58733 6
58739 5
58744 5
58749 7
58756 6
58762 7
58769 6
58775 9
58784 4
58788 4
58792 6
58798 5
58803 6
58809 6
58815 4
58819 3
58822 8
58830 7
58837 5
58842 5
58847 8
58855 8
58863 3
58866 9
58875 3
58878 7
58885 6
58891 4
58895 5
58900 5
58905 6
58911 5
58916 9
58925 3
58928 3
58931 8
58939 11
58950 4
58954 7
58961 6
58967 3
58970 2
58972 8
58980 6
58986 4
58990 3
58993 5
58998 7
59005 5
59010 7
59017 10
59027 5
59032 6
59038 7
59045 6
59051 6
59057 6
59063 6
59069 7
59076 5
59081 4
59085 8
59093 3
59096 6
59102 7
59109 5
59114 7
59121 3
59124 5
59129 8
59137 4
59141 8
59149 4
59153 7
59160 8
59168 6
59174 6
59180 9
59189 8
59197 6
59203 8
59211 4
59215 7
59222 10
59232 6
59238 6
59244 7
59251 7
59258 5
59263 4
59267 7
59274 6
59280 3
59283 7
59290 4
59294 8
59302 7
59309 8
59317 6
59323 6
59329 6
59335 3
59338 11
59349 6
59355 9
59364 8
59372 9
59381 8
59389 9
59398 10
59408 2
59410 8
59418 9
59427 6
59433 3
59436 7
59443 6
59449 8
59457 12
59469 6
59475 5
59480 5
59485 7
59492 7
59499 5
59504 3
59507 5
59512 3
59515 5
59520 5
59525 6
59531 6
59537 6
59543 5
59548 6
59554 6
59560 8
59568 6
59574 6
59580 4
59584 6
59590 8
59598 8
59606 6
59612 10
59622 6
59628 5
59633 8
59641 2
59643 8
59651 5
59656 4
59660 7
59667 6
59673 5
59678 6
59684 2
59686 3
59689 8
59697 11
59708 7
59715 7
59722 8
59730 4
59734 7
59741 6
59747 8
59755 9
59764 8
59772 13
59785 6
59791 5
59796 7
59803 6
59809 7
59816 6
59822 14
59836 4
59840 5
59845 4
59849 6
59855 6
59861 2
59863 7
59870 5
59875 9
59884 6
59890 7
59897 4
59901 6
59907 9
59916 7
59923 5
59928 7
59935 8
59943 5
59948 8
59956 7
59963 6
59969 4
59973 5
59978 3
59981 3
59984 5
59989 6
59995 10
60005 6
60011 4
60015 7
60022 7
60029 7
60036 4
60040 7
60047 5
60052 5
60057 7
60064 5
60069 7
60076 5
60081 5
60086 7
60093 6
60099 4
60103 6
60109 3
60112 5
60117 9
60126 6
60132 4
60136 4
60140 6
60146 5
60151 4
60155 7
60162 5
60167 6
60173 7
60180 5
60185 8
60193 7
60200 5
60205 9
60214 6
60220 7
60227 6
60233 5
60238 6
60244 5
60249 7
60256 3
60259 7
60266 6
60272 6
60278 6
60284 4
60288 9
60297 6
60303 6
60309 7
60316 6
60322 8
60330 7
60337 5
60342 5
60347 5
60352 7
60359 6
60365 6
60371 7
60378 6
60384 5
60389 5
60394 5
60399 7
60406 2
60408 9
60417 5
60422 6
60428 10
60438 6
60444 6
60450 3
60453 3
60456 6
60462 9
60471 5
60476 10
60486 2
60488 5
60493 6
60499 5
60504 6
60510 6
60516 9
60525 6
60531 5
60536 3
60539 6
60545 6
60551 5
60556 7
60563 3
60566 8
60574 7
60581 9
60590 5
60595 5
60600 8
60608 3
60611 5
60616 3
60619 7
60626 6
60632 7
60639 6
60645 5
60650 6
60656 6
60662 3
60665 6
60671 5
60676 6
60682 3
60685 5
60690 5
60695 7
60702 4
60706 5
60711 6
60717 7
60724 5
60729 8
60737 4
60741 7
60748 7
60755 3
60758 8
60766 8
60774 11
60785 3
60788 13
60801 11
60812 10
60822 7
60829 6
60835 8
60843 7
60850 4
60854 9
60863 5
60868 6
60874 9
60883 8
60891 6
60897 5
60902 5
60907 5
60912 7
60919 4
60923 11
60934 7
60941 3
60944 8
60952 6
60958 5
60963 5
60968 6
60974 7
60981 7
60988 7
60995 6
61001 6
61007 4
61011 6
61017 4
61021 11
61032 9
61041 5
61046 7
61053 6
61059 5
61064 6
61070 4
61074 6
61080 5
61085 6
61091 2
61093 4
61097 5
61102 3
61105 7
61112 6
61118 2
61120 6
61126 5
61131 4
61135 8
61143 10
61153 5
61158 9
61167 4
61171 3
61174 6
61180 5
61185 6
61191 7
61198 6
61204 6
61210 7
61217 9
61226 5
61231 8
61239 5
61244 6
61250 4
61254 7
61261 6
61267 6
61273 5
61278 3
61281 5
61286 2
61288 4
61292 5
61297 7
61304 4
61308 7
61315 4
61319 8
61327 5
61332 6
61338 6
61344 3
61347 6
61353 3
61356 4
61360 3
61363 4
61367 6
61373 4
61377 4
61381 5
61386 5
61391 3
61394 7
61401 3
61404 2
61406 5
61411 4
61415 6
61421 7
61428 9
61437 5
61442 9
61451 6
61457 7
61464 8
61472 5
61477 6
61483 6
61489 9
61498 8
61506 6
61512 8
61520 7
61527 4
61531 4
61535 4
61539 6
61545 7
61552 5
61557 7
61564 5
61569 7
61576 5
61581 9
61590 7
61597 4
61601 5
61606 5
61611 7
61618 5
61623 6
61629 5
61634 7
61641 5
61646 6
61652 8
61660 4
61664 8
61672 8
61680 7
61687 7
61694 8
61702 6
61708 5
61713 9
61722 6
61728 7
61735 8
61743 5
61748 4
61752 6
61758 5
61763 6
61769 5
61774 7
61781 2
61783 7
61790 2
61792 6
61798 5
61803 9
61812 5
61817 4
61821 4
61825 5
61830 8
61838 3
61841 7
61848 7
61855 4
61859 6
61865 10
61875 5
61880 4
61884 7
61891 4
61895 7
61902 6
61908 6
61914 4
61918 6
61924 5
61929 5
61934 5
61939 8
61947 7
61954 6
61960 4
61964 5
61969 6
61975 3
61978 7
61985 3
61988 8
61996 6
62002 10
62012 5
62017 8
62025 7
62032 5
62037 5
62042 6
62048 4
62052 6
62058 3
62061 4
62065 5
62070 3
62073 7
62080 4
62084 10
62094 6
62100 6
62106 8
62114 7
62121 7
62128 7
62135 5
62140 4
62144 4
62148 6
62154 4
62158 6
62164 4
62168 8
62176 4
62180 5
62185 6
62191 9
62200 5
62205 5
62210 10
62220 7
62227 9
62236 7
62243 3
62246 4
62250 5
62255 7
62262 5
62267 6
62273 8
62281 6
62287 5
62292 5
62297 5
62302 6
62308 6
62314 7
62321 5
62326 4
62330 3
62333 8
62341 7
62348 4
62352 5
62357 7
62364 8
62372 3
62375 4
62379 4
62383 6
62389 4
62393 5
62398 10
62408 7
62415 8
62423 11
62434 8
62442 4
62446 4
62450 7
62457 6
62463 5
62468 8
62476 5
62481 4
62485 5
62490 7
62497 2
62499 4
62503 5
62508 4
62512 4
62516 6
62522 2
62524 7
62531 6
62537 7
62544 5
62549 2
62551 5
62556 4
62560 3
62563 4
62567 6
62573 3
62576 7
62583 8
62591 6
62597 5
62602 8
62610 4
62614 3
62617 6
62623 5
62628 8
62636 5
62641 5
62646 8
62654 7
62661 9
62670 6
62676 7
62683 10
62693 6
62699 7
62706 6
62712 4
62716 6
62722 6
62728 9
62737 7
62744 8
62752 9
62761 3
62764 3
62767 7
62774 5
62779 7
62786 4
62790 6
62796 5
62801 3
62804 7
62811 5
62816 3
62819 7
62826 6
62832 4
62836 7
62843 9
62852 7
62859 6
62865 6
62871 4
62875 9
62884 5
62889 3
62892 6
62898 9
62907 6
62913 7
62920 6
62926 6
62932 7
62939 4
62943 6
62949 5
62954 7
62961 8
62969 4
62973 9
62982 10
62992 8
63000 9
63009 5
63014 6
63020 7
63027 5
63032 5
63037 5
63042 7
63049 6
63055 8
63063 6
63069 8
63077 4
63081 9
63090 9
63099 5
63104 4
63108 7
63115 7
63122 4
63126 6
63132 7
63139 4
63143 4
63147 6
63153 4
63157 5
63162 5
63167 4
63171 5
63176 4
63180 5
63185 7
63192 8
63200 6
63206 5
63211 7
63218 2
63220 7
63227 9
63236 8
63244 13
63257 6
63263 8
63271 7
63278 5
63283 7
63290 8
63298 11
63309 4
63313 5
63318 7
63325 4
63329 4
63333 4
63337 9
63346 7
63353 11
63364 10
63374 7
63381 2
63383 5
63388 9
63397 7
63404 3
63407 9
63416 5
63421 3
63424 7
63431 4
63435 5
63440 2
63442 10
63452 4
63456 3
63459 8
63467 3
63470 8
63478 8
63486 6
63492 6
63498 5
63503 5
63508 6
63514 7
63521 4
63525 9
63534 6
63540 8
63548 6
63554 7
63561 8
63569 6
63575 5
63580 10
63590 9
63599 8
63607 3
63610 3
63613 6
63619 6
63625 7
63632 5
63637 5
63642 7
63649 4
63653 7
63660 5
63665 6
63671 6
63677 7
63684 8
63692 6
63698 8
63706 7
63713 7
63720 7
63727 6
63733 6
63739 6
63745 7
63752 7
63759 6
63765 4
63769 8
63777 5
63782 2
63784 4
63788 4
63792 5
63797 6
63803 4
63807 5
63812 7
63819 4
63823 7
63830 5
63835 8
63843 9
63852 5
63857 8
63865 10
63875 6
63881 6
63887 7
63894 9
63903 6
63909 7
63916 5
63921 6
63927 2
63929 5
63934 6
63940 4
63944 4
63948 5
63953 7
63960 3
63963 7
63970 5
63975 2
63977 7
63984 6
63990 5
63995 3
63998 6
64004 6
64010 4
64014 5
64019 7
64026 4
64030 3
64033 4
64037 7
64044 5
64049 4
64053 5
64058 6
64064 6
64070 4
64074 5
64079 8
64087 9
64096 4
64100 4
64104 4
64108 5
64113 9
64122 6
64128 3
64131 6
64137 7
64144 3
64147 6
64153 6
64159 6
64165 6
64171 8
64179 8
64187 10
64197 8
64205 8
64213 7
64220 5
64225 8
64233 4
64237 6
64243 5
64248 7
64255 9
64264 8
64272 3
64275 5
64280 4
64284 10
64294 5
64299 7
64306 5
64311 8
64319 7
64326 2
64328 9
64337 4
64341 5
64346 9
64355 9
64364 8
64372 3
64375 6
64381 6
64387 2
64389 6
64395 4
64399 6
64405 3
64408 7
64415 4
64419 4
64423 5
64428 8
64436 3
64439 4
64443 5
64448 7
64455 4
64459 5
64464 4
64468 5
64473 6
64479 4
64483 12
64495 4
64499 6
64505 9
64514 7
64521 10
64531 4
64535 8
64543 8
64551 4
64555 6
64561 7
64568 5
64573 5
64578 7
64585 5
64590 5
64595 7
64602 6
64608 9
64617 4
64621 6
64627 3
64630 7
64637 4
64641 6
64647 7
64654 4
64658 8
64666 7
64673 5
64678 8
64686 5
64691 5
64696 6
64702 5
64707 5
64712 5
64717 10
64727 4
64731 5
64736 4
64740 7
64747 5
64752 4
64756 10
64766 4
64770 6
64776 6
64782 4
64786 7
64793 6
64799 8
64807 4
64811 6
64817 5
64822 5
64827 9
64836 6
64842 5
64847 4
64851 3
64854 5
64859 2
64861 5
64866 6
64872 10
64882 5
64887 5
64892 8
64900 3
64903 5
64908 7
64915 5
64920 7
64927 5
64932 5
64937 9
64946 3
64949 7
64956 4
64960 3
64963 3
64966 4
64970 5
64975 3
64978 7
64985 5
64990 11
65001 6
65007 8
65015 13
65028 3
65031 5
65036 7
65043 4
65047 5
65052 4
65056 9
65065 5
65070 5
65075 8
65083 7
65090 5
65095 12
65107 6
65113 4
65117 6
65123 7
65130 6
65136 5
65141 7
65148 5
65153 9
65162 4
65166 5
65171 8
65179 7
65186 3
65189 7
65196 10
65206 6
65212 5
65217 6
65223 8
65231 5
65236 5
65241 7
65248 6
65254 5
65259 6
65265 4
65269 5
65274 5
65279 4
65283 3
65286 5
65291 6
65297 3
65300 7
65307 4
65311 6
65317 13
65330 4
65334 7
65341 6
65347 5
65352 5
65357 7
65364 7
65371 6
65377 5
65382 6
65388 10
65398 5
65403 4
65407 7
65414 6
65420 4
65424 5
65429 6
65435 6
65441 8
65449 7
65456 4
65460 7
65467 5
65472 6
65478 4
65482 8
65490 8
65498 4
65502 7
65509 5
65514 4
65518 6
65524 5
65529 7
65536 2
65538 6
65544 12
65556 9
65565 7
65572 4
65576 7
65583 5
65588 8
65596 7
65603 7
65610 4
65614 5
65619 7
65626 8
65634 6
65640 8
65648 4
65652 8
65660 5
65665 7
65672 6
65678 2
65680 10
65690 3
65693 8
65701 3
65704 5
65709 7
65716 8
65724 6
65730 5
65735 6
65741 7
65748 7
65755 4
65759 8
65767 8
65775 9
65784 6
65790 3
65793 4
65797 5
65802 6
65808 7
65815 6
65821 8
65829 2
65831 11
65842 6
65848 7
65855 3
65858 8
65866 5
65871 10
65881 5
65886 9
65895 7
65902 6
65908 5
65913 7
65920 6
65926 5
65931 7
65938 8
65946 2
65948 4
65952 4
65956 6
65962 9
65971 8
65979 5
65984 5
65989 6
65995 4
65999 7
66006 6
66012 5
66017 5
66022 8
66030 8
66038 8
66046 7
66053 5
66058 3
66061 7
66068 5
66073 7
66080 9
66089 8
66097 5
66102 6
66108 3
66111 3
66114 5
66119 5
66124 2
66126 4
66130 6
66136 7
66143 8
66151 7
66158 11
66169 8
66177 8
66185 9
66194 5
66199 9
66208 9
66217 4
66221 6
66227 4
66231 6
66237 3
66240 5
66245 6
66251 6
66257 2
66259 7
66266 5
66271 12
66283 8
66291 5
66296 7
66303 8
66311 5
66316 6
66322 6
66328 6
66334 8
66342 6
66348 8
66356 5
66361 8
66369 5
66374 5
66379 7
66386 3
66389 6
66395 8
66403 12
66415 9
66424 6
66430 8
66438 6
66444 5
66449 5
66454 5
66459 9
66468 7
66475 4
66479 4
66483 4
66487 5
66492 2
66494 5
66499 6
66505 6
66511 5
66516 4
66520 3
66523 11
66534 5
66539 6
66545 4
66549 4
66553 8
66561 7
66568 6
66574 6
66580 4
66584 7
66591 6
66597 5
66602 5
66607 5
66612 6
66618 6
66624 6
66630 6
66636 4
66640 7
66647 6
66653 6
66659 4
66663 6
66669 5
66674 7
66681 6
66687 10
66697 7
66704 3
66707 6
66713 2
66715 4
66719 5
66724 11
66735 5
66740 6
66746 7
66753 7
66760 7
66767 6
66773 6
66779 8
66787 5
66792 6
66798 6
66804 8
66812 7
66819 5
66824 7
66831 10
66841 7
66848 4
66852 5
66857 3
66860 8
66868 11
66879 6
66885 6
66891 9
66900 7
66907 4
66911 7
66918 7
66925 2
66927 8
66935 6
66941 7
66948 4
66952 5
66957 3
66960 8
66968 7
66975 6
66981 4
66985 5
66990 8
66998 4
67002 6
67008 3
67011 9
67020 6
67026 6
67032 4
67036 3
67039 7
67046 4
67050 3
67053 7
67060 6
67066 5
67071 5
67076 9
67085 7
67092 5
67097 6
67103 4
67107 5
67112 7
67119 7
67126 3
67129 5
67134 4
67138 6
67144 5
67149 10
67159 7
67166 3
67169 9
67178 4
67182 12
67194 4
67198 8
67206 8
67214 7
67221 7
67228 5
67233 8
67241 8
67249 4
67253 4
67257 6
67263 3
67266 7
67273 6
67279 5
67284 9
67293 6
67299 9
67308 6
67314 5
67319 8
67327 8
67335 5
67340 5
67345 3
67348 4
67352 8
67360 5
67365 9
67374 8
67382 7
67389 3
67392 8
67400 6
67406 8
67414 5
67419 4
67423 7
67430 5
67435 8
67443 10
67453 6
67459 6
67465 4
67469 6
67475 5
67480 8
67488 6
67494 8
67502 4
67506 5
67511 2
67513 6
67519 3
67522 7
67529 9
67538 6
67544 4
67548 5
67553 9
67562 6
67568 5
67573 5
67578 7
67585 5
67590 6
67596 7
67603 6
67609 6
67615 5
67620 4
67624 4
67628 6
67634 5
67639 8
67647 8
67655 7
67662 6
67668 8
67676 7
67683 4
67687 3
67690 6
67696 3
67699 6
67705 4
67709 4
67713 4
67717 5
67722 9
67731 9
67740 7
67747 5
67752 9
67761 6
67767 7
67774 5
67779 7
67786 6
67792 10
67802 2
67804 8
67812 5
67817 3
67820 6
67826 10
67836 10
67846 9
67855 5
67860 7
67867 3
67870 4
67874 6
67880 7
67887 8
67895 5
67900 5
67905 5
67910 6
67916 5
67921 6
67927 6
67933 3
67936 9
67945 11
67956 6
67962 8
67970 4
67974 10
67984 5
67989 5
67994 5
67999 9
68008 6
68014 5
68019 5
68024 3
68027 8
68035 6
68041 8
68049 4
68053 9
68062 6
68068 9
68077 5
68082 5
68087 5
68092 9
68101 7
68108 6
68114 6
68120 7
68127 6
68133 6
68139 8
68147 13
68160 7
68167 3
68170 6
68176 7
68183 3
68186 7
68193 5
68198 5
68203 7
68210 6
68216 5
68221 8
68229 8
68237 9
68246 6
68252 3
68255 6
68261 4
68265 5
68270 5
68275 4
68279 3
68282 7
68289 6
68295 4
68299 5
68304 5
68309 4
68313 6
68319 5
68324 4
68328 6
68334 6
68340 4
68344 10
68354 4
68358 5
68363 5
68368 4
68372 8
68380 6
68386 5
68391 6
68397 9
68406 6
68412 7
68419 4
68423 5
68428 4
68432 5
68437 6
68443 10
68453 7
68460 7
68467 6
68473 4
68477 7
68484 3
68487 6
68493 7
68500 8
68508 10
68518 8
68526 4
68530 4
68534 5
68539 4
68543 7
68550 7
68557 7
68564 7
68571 6
68577 4
68581 5
68586 5
68591 7
68598 7
68605 6
68611 5
68616 7
68623 9
68632 5
68637 3
68640 7
68647 4
68651 4
68655 8
68663 3
68666 6
68672 3
68675 4
68679 5
68684 2
68686 6
68692 7
68699 8
68707 8
68715 8
68723 6
68729 4
68733 8
68741 10
68751 3
68754 7
68761 9
68770 5
68775 2
68777 4
68781 6
68787 7
68794 8
68802 6
68808 7
68815 8
68823 3
68826 4
68830 5
68835 4
68839 8
68847 9
68856 11
68867 6
68873 12
68885 4
68889 6
68895 6
68901 5
68906 7
68913 7
68920 5
68925 6
68931 10
68941 10
68951 5
68956 7
68963 6
68969 5
68974 4
68978 4
68982 8
68990 6
68996 3
68999 5
69004 6
69010 7
69017 4
69021 6
69027 3
69030 7
69037 4
69041 6
69047 4
69051 5
69056 5
69061 5
69066 4
69070 9
69079 6
69085 8
69093 6
69099 7
69106 7
69113 8
69121 5
69126 7
69133 7
69140 6
69146 5
69151 5
69156 8
69164 4
69168 5
69173 4
69177 6
69183 11
69194 9
69203 5
69208 5
69213 5
69218 6
69224 3
69227 7
69234 8
69242 6
69248 3
69251 6
69257 7
69264 6
69270 7
69277 6
69283 7
69290 4
69294 4
69298 5
69303 6
69309 6
69315 4
69319 5
69324 4
69328 8
69336 11
69347 5
69352 7
69359 9
69368 4
69372 9
69381 6
69387 9
69396 7
69403 5
69408 7
69415 8
69423 3
69426 7
69433 6
69439 9
69448 7
69455 5
69460 3
69463 7
69470 6
69476 4
69480 6
69486 5
69491 6
69497 4
69501 7
69508 7
69515 6
69521 4
69525 7
69532 9
69541 7
69548 5
69553 5
69558 8
69566 7
69573 9
69582 6
69588 6
69594 5
69599 2
69601 6
69607 8
69615 4
69619 7
69626 6
69632 3
69635 8
69643 6
69649 6
69655 5
69660 7
69667 6
69673 8
69681 10
69691 6
69697 7
69704 7
69711 7
69718 7
69725 5
69730 3
69733 4
69737 6
69743 8
69751 9
69760 4
69764 3
69767 7
69774 12
69786 7
69793 5
69798 6
69804 8
69812 6
69818 9
69827 6
69833 12
69845 7
69852 8
69860 8
69868 6
69874 7
69881 7
69888 7
69895 8
69903 5
69908 5
69913 6
69919 5
69924 6
69930 4
69934 5
69939 5
69944 6
69950 4
69954 6
69960 3
69963 6
69969 5
69974 7
69981 5
69986 5
69991 5
69996 7
70003 4
70007 3
70010 5
70015 8
70023 7
70030 4
70034 4
70038 3
70041 8
70049 5
70054 7
70061 6
70067 6
70073 6
70079 6
70085 8
70093 6
70099 7
70106 9
70115 4
70119 6
70125 8
70133 5
70138 5
70143 4
70147 7
70154 7
70161 8
70169 5
70174 6
70180 9
70189 3
70192 6
70198 3
70201 5
70206 4
70210 9
70219 4
70223 3
70226 5
70231 6
70237 8
70245 5
70250 5
70255 2
70257 4
70261 4
70265 6
70271 3
70274 8
70282 6
70288 7
70295 6
70301 5
70306 7
70313 5
70318 8
70326 6
70332 3
70335 5
70340 5
70345 5
70350 7
70357 5
70362 3
70365 2
70367 3
70370 6
70376 3
70379 5
70384 7
70391 6
70397 5
70402 8
70410 5
70415 5
70420 4
70424 8
70432 5
70437 4
70441 5
70446 5
70451 7
70458 6
70464 8
70472 6
70478 9
70487 6
70493 8
70501 9
70510 5
70515 7
70522 8
70530 5
70535 5
70540 8
70548 7
70555 7
70562 8
70570 7
70577 7
70584 4
70588 6
70594 7
70601 4
70605 5
70610 7
70617 8
70625 6
70631 9
70640 4
70644 6
70650 6
70656 9
70665 5
70670 8
70678 7
70685 6
70691 5
70696 6
70702 5
70707 3
70710 3
70713 4
70717 4
70721 5
70726 5
70731 6
70737 5
70742 7
70749 3
70752 3
70755 8
70763 4
70767 5
70772 5
70777 9
70786 7
70793 9
70802 2
70804 8
70812 6
70818 3
70821 4
70825 7
70832 6
70838 5
70843 4
70847 5
70852 4
70856 4
70860 8
70868 5
70873 6
70879 6
70885 7
70892 5
70897 5
70902 5
70907 7
70914 6
70920 7
70927 8
70935 4
70939 8
70947 6
70953 8
70961 5
70966 6
70972 6
70978 7
70985 6
70991 7
70998 4
71002 6
71008 9
71017 5
71022 7
71029 6
71035 3
71038 6
71044 3
71047 4
71051 7
71058 8
71066 5
71071 3
71074 5
71079 8
71087 5
71092 8
71100 4
71104 3
71107 8
71115 6
71121 6
71127 6
71133 6
71139 5
71144 5
71149 6
71155 5
71160 6
71166 3
71169 5
71174 4
71178 5
71183 4
71187 5
71192 5
71197 6
71203 4
71207 7
71214 7
71221 6
71227 3
71230 10
71240 4
71244 6
71250 6
71256 7
71263 7
71270 6
71276 4
71280 4
71284 5
71289 3
71292 4
71296 5
71301 4
71305 8
71313 5
71318 9
71327 8
71335 5
71340 8
71348 3
71351 9
71360 3
71363 6
71369 5
71374 5
71379 6
71385 7
71392 10
71402 4
71406 10
71416 4
71420 8
71428 8
71436 9
71445 8
71453 7
71460 5
71465 6
71471 8
71479 7
71486 9
71495 4
71499 3
71502 6
71508 10
71518 5
71523 2
71525 6
71531 5
71536 2
71538 7
71545 9
71554 5
71559 8
71567 3
71570 5
71575 7
71582 6
71588 6
71594 7
71601 5
71606 5
71611 4
71615 7
71622 4
71626 8
71634 4
71638 2
71640 4
71644 5
71649 6
71655 4
71659 11
71670 4
71674 4
71678 4
71682 2
71684 5
71689 6
71695 7
71702 5
71707 7
71714 9
71723 5
71728 5
71733 5
71738 4
71742 9
71751 9
71760 4
71764 5
71769 8
71777 5
71782 9
71791 6
71797 4
71801 4
71805 4
71809 2
71811 5
71816 5
71821 6
71827 5
71832 7
71839 5
71844 6
71850 7
71857 6
71863 7
71870 3
71873 5
71878 7
71885 4
71889 7
71896 4
71900 4
71904 5
71909 7
71916 6
71922 6
71928 8
71936 4
71940 9
71949 4
71953 5
71958 3
71961 6
71967 9
71976 8
71984 4
71988 4
71992 6
71998 4
72002 9
72011 7
72018 7
72025 7
72032 7
72039 6
72045 4
72049 5
72054 7
72061 7
72068 7
72075 4
72079 10
72089 4
72093 10
72103 5
72108 4
72112 8
72120 7
72127 8
72135 6
72141 4
72145 6
72151 4
72155 5
72160 7
72167 4
72171 6
72177 6
72183 3
72186 7
72193 9
72202 3
72205 7
72212 6
72218 7
72225 6
72231 8
72239 6
72245 8
72253 7
72260 6
72266 11
72277 9
72286 7
72293 6
72299 10
72309 6
72315 5
72320 6
72326 7
72333 6
72339 7
72346 8
72354 8
72362 7
72369 7
72376 10
72386 5
72391 5
72396 4
72400 5
72405 5
72410 4
72414 7
72421 9
72430 4
72434 7
72441 3
72444 11
72455 5
72460 6
72466 8
72474 9
72483 4
72487 6
72493 6
72499 5
72504 3
72507 6
72513 5
72518 6
72524 6
72530 5
72535 4
72539 6
72545 10
72555 7
72562 6
72568 3
72571 9
72580 7
72587 8
72595 7
72602 4
72606 5
72611 3
72614 2
72616 4
72620 5
72625 5
72630 6
72636 4
72640 3
72643 6
72649 2
72651 5
72656 6
72662 4
72666 5
72671 5
72676 7
72683 4
72687 5
72692 4
72696 8
72704 6
72710 7
72717 5
72722 6
72728 4
72732 9
72741 4
72745 5
72750 2
72752 6
72758 6
72764 5
72769 5
72774 6
72780 6
72786 7
72793 9
72802 5
72807 6
72813 6
72819 8
72827 4
72831 6
72837 7
72844 3
72847 6
72853 6
72859 7
72866 4
72870 7
72877 8
72885 6
72891 7
72898 5
72903 4
72907 6
72913 4
72917 9
72926 6
72932 4
72936 4
72940 5
72945 8
72953 9
72962 7
72969 7
72976 6
72982 8
72990 8
72998 6
73004 10
73014 8
73022 7
73029 5
73034 7
73041 7
73048 6
73054 4
73058 4
73062 3
73065 9
73074 6
73080 9
73089 8
73097 8
73105 6
73111 4
73115 4
73119 3
73122 8
73130 4
73134 5
73139 6
73145 5
73150 6
73156 4
73160 5
73165 4
73169 4
73173 5
73178 3
73181 4
73185 9
73194 3
73197 7
73204 7
73211 11
73222 4
73226 8
73234 6
73240 9
73249 7
73256 6
73262 7
73269 5
73274 5
73279 5
73284 5
73289 6
73295 9
73304 3
73307 6
73313 8
73321 7
73328 7
73335 6
73341 8
73349 7
73356 3
73359 4
73363 4
73367 7
73374 6
73380 8
73388 7
73395 8
73403 9
73412 5
73417 6
73423 7
73430 5
73435 6
73441 7
73448 6
73454 4
73458 5
73463 7
73470 4
73474 7
73481 5
73486 7
73493 5
73498 4
73502 6
73508 6
73514 13
73527 7
73534 7
73541 5
73546 6
73552 5
73557 9
73566 6
73572 4
73576 7
73583 5
73588 6
73594 5
73599 6
73605 8
73613 5
73618 4
73622 3
73625 6
73631 5
73636 4
73640 8
73648 4
73652 8
73660 5
73665 4
73669 8
73677 5
73682 6
73688 5
73693 5
73698 8
73706 9
73715 4
73719 8
73727 8
73735 4
73739 5
73744 8
73752 6
73758 2
73760 3
73763 6
73769 7
73776 7
73783 5
73788 8
73796 8
73804 7
73811 5
73816 6
73822 6
73828 6
73834 7
73841 10
73851 2
73853 6
73859 4
73863 5
73868 7
73875 5
73880 8
73888 8
73896 4
73900 4
73904 9
73913 6
73919 3
73922 7
73929 8
73937 8
73945 5
73950 7
73957 4
73961 8
73969 4
73973 6
73979 3
73982 4
73986 6
73992 8
74000 9
74009 5
74014 11
74025 4
74029 7
74036 7
74043 6
74049 5
74054 7
74061 4
74065 6
74071 5
74076 8
74084 4
74088 9
74097 9
74106 7
74113 5
74118 7
74125 4
74129 4
74133 5
74138 8
74146 7
74153 3
74156 5
74161 6
74167 5
74172 7
74179 6
74185 5
74190 4
74194 7
74201 5
74206 5
74211 5
74216 7
74223 4
74227 7
74234 6
74240 7
74247 10
74257 7
74264 7
74271 3
74274 7
74281 8
74289 8
74297 9
74306 6
74312 5
74317 7
74324 6
74330 4
74334 7
74341 8
74349 4
74353 4
74357 9
74366 8
74374 9
74383 8
74391 4
74395 6
74401 8
74409 4
74413 4
74417 6
74423 4
74427 7
74434 7
74441 4
74445 3
74448 8
74456 4
74460 5
74465 7
74472 8
74480 8
74488 8
74496 4
74500 9
74509 4
74513 7
74520 6
74526 7
74533 3
74536 11
74547 3
74550 3
74553 7
74560 6
74566 7
74573 4
74577 3
74580 5
74585 5
74590 6
74596 9
74605 9
74614 2
74616 5
74621 8
74629 4
74633 7
74640 5
74645 6
74651 6
74657 5
74662 8
74670 5
74675 8
74683 7
74690 6
74696 6
74702 6
74708 4
74712 8
74720 7
74727 5
74732 5
74737 8
74745 7
74752 8
74760 5
74765 6
74771 4
74775 6
74781 7
74788 4
74792 9
74801 7
74808 4
74812 5
74817 4
74821 3
74824 9
74833 6
74839 3
74842 9
74851 7
74858 7
74865 5
74870 6
74876 9
74885 5
74890 4
74894 3
74897 5
74902 8
74910 7
74917 6
74923 4
74927 4
74931 5
74936 4
74940 4
74944 9
74953 7
74960 5
74965 4
74969 10
74979 6
74985 8
74993 7
75000 8
75008 4
75012 7
75019 5
75024 8
75032 7
75039 5
75044 4
75048 12
75060 7
75067 8
75075 5
75080 12
75092 4
75096 5
75101 6
75107 10
75117 4
75121 5
75126 10
75136 7
75143 6
75149 6
75155 4
75159 3
75162 10
75172 8
75180 10
75190 6
75196 4
75200 3
75203 6
75209 8
75217 8
75225 6
75231 6
75237 5
75242 4
75246 6
75252 6
75258 8
75266 9
75275 6
75281 5
75286 2
75288 6
75294 8
75302 6
75308 10
75318 6
75324 7
75331 2
75333 4
75337 7
75344 5
75349 4
75353 5
75358 7
75365 6
75371 6
75377 4
75381 6
75387 9
75396 8
75404 8
75412 6
75418 5
75423 6
75429 7
75436 4
75440 5
75445 6
75451 6
75457 4
75461 3
75464 5
75469 6
75475 6
75481 9
75490 6
75496 5
75501 8
75509 4
75513 6
75519 8
75527 2
75529 6
75535 6
75541 10
75551 11
75562 7
75569 3
75572 8
75580 6
75586 5
75591 4
75595 7
75602 6
75608 6
75614 6
75620 4
75624 3
75627 4
75631 10
75641 9
75650 7
75657 7
75664 5
75669 7
75676 3
75679 6
75685 6
75691 9
75700 8
75708 5
75713 8
75721 7
75728 6
75734 6
75740 8
75748 4
75752 5
75757 5
75762 3
75765 4
75769 8
75777 4
75781 7
75788 4
75792 7
75799 3
75802 5
75807 4
75811 7
75818 7
75825 4
75829 7
75836 5
75841 5
75846 7
75853 6
75859 9
75868 8
75876 4
75880 8
75888 10
75898 4
75902 9
75911 4
75915 4
75919 4
75923 4
75927 6
75933 9
75942 8
75950 5
75955 5
75960 8
75968 4
75972 6
75978 3
75981 5
75986 5
75991 7
75998 7
76005 4
76009 4
76013 7
76020 10
76030 8
76038 6
76044 7
76051 5
76056 6
76062 10
76072 5
76077 5
76082 3
76085 6
76091 10
76101 6
76107 7
76114 6
76120 3
76123 7
76130 6
76136 5
76141 9
76150 12
76162 7
76169 4
76173 7
76180 7
76187 4
76191 3
76194 6
76200 6
76206 4
76210 3
76213 6
76219 5
76224 4
76228 6
76234 8
76242 4
76246 8
76254 10
76264 6
76270 7
76277 7
76284 7
76291 10
76301 8
76309 5
76314 4
76318 6
76324 3
76327 5
76332 9
76341 6
76347 10
76357 7
76364 7
76371 9
76380 5
76385 2
76387 5
76392 6
76398 7
76405 5
76410 6
76416 6
76422 7
76429 6
76435 9
76444 6
76450 5
76455 7
76462 6
76468 6
76474 10
76484 13
76497 4
76501 2
76503 6
76509 8
76517 4
76521 7
76528 7
76535 4
76539 8
76547 9
76556 5
76561 6
76567 8
76575 6
76581 7
76588 6
76594 6
76600 7
76607 5
76612 8
76620 5
76625 7
76632 3
76635 6
76641 7
76648 6
76654 2
76656 6
76662 6
76668 4
76672 7
76679 9
76688 4
76692 3
76695 8
76703 4
76707 7
76714 5
76719 7
76726 10
76736 7
76743 8
76751 5
76756 4
76760 6
76766 8
76774 5
76779 7
76786 9
76795 4
76799 7
76806 8
76814 4
76818 5
76823 6
76829 5
76834 8
76842 4
76846 4
76850 5
76855 8
76863 6
76869 5
76874 6
76880 6
76886 8
76894 7
76901 6
76907 4
76911 5
76916 10
76926 8
76934 5
76939 10
76949 9
76958 7
76965 7
76972 6
76978 5
76983 4
76987 2
76989 2
76991 4
76995 9
77004 9
77013 8
77021 7
77028 4
77032 6
77038 5
77043 7
77050 6
77056 8
77064 3
77067 8
77075 5
77080 5
77085 6
77091 5
77096 5
77101 8
77109 6
77115 6
77121 7
77128 4
77132 4
77136 3
77139 8
77147 8
77155 4
77159 5
77164 4
77168 7
77175 6
77181 6
77187 3
77190 7
77197 5
77202 9
77211 9
77220 7
77227 6
77233 3
77236 5
77241 4
77245 6
77251 4
77255 5
77260 9
77269 5
77274 4
77278 7
77285 8
77293 6
77299 8
77307 5
77312 3
77315 8
77323 6
77329 7
77336 6
77342 3
77345 5
77350 3
77353 9
77362 9
77371 4
77375 6
77381 3
77384 6
77390 6
77396 6
77402 5
77407 7
77414 6
77420 7
77427 6
77433 4
77437 2
77439 6
77445 7
77452 6
77458 9
77467 6
77473 7
77480 5
77485 8
77493 2
77495 5
77500 8
77508 6
77514 7
77521 5
77526 7
77533 5
77538 4
77542 4
77546 10
77556 4
77560 4
77564 4
77568 5
77573 5
77578 4
77582 3
77585 7
77592 4
77596 5
77601 5
77606 7
77613 3
77616 9
77625 5
77630 7
77637 4
77641 4
77645 5
77650 6
77656 6
77662 8
77670 4
77674 4
77678 7
77685 4
77689 6
77695 4
77699 3
77702 7
77709 4
77713 4
77717 5
77722 5
77727 7
77734 8
77742 7
77749 5
77754 7
77761 7
77768 5
77773 8
77781 6
77787 7
77794 5
77799 7
77806 4
77810 2
77812 3
77815 6
77821 2
77823 3
77826 5
77831 6
77837 7
77844 2
77846 6
77852 4
77856 6
77862 3
77865 5
77870 6
77876 6
77882 7
77889 7
77896 6
77902 5
77907 6
77913 3
77916 4
77920 7
77927 10
77937 7
77944 6
77950 8
77958 3
77961 7
77968 6
77974 8
77982 4
77986 3
77989 5
77994 5
77999 6
78005 3
78008 4
78012 5
78017 6
78023 5
78028 3
78031 4
78035 5
78040 3
78043 5
78048 5
78053 4
78057 3
78060 6
78066 8
78074 8
78082 6
78088 6
78094 4
78098 4
78102 7
78109 7
78116 6
78122 9
78131 4
78135 7
78142 7
78149 6
78155 6
78161 4
78165 4
78169 6
78175 4
78179 12
78191 6
78197 4
78201 6
78207 7
78214 5
78219 9
78228 5
78233 3
78236 5
78241 5
78246 4
78250 6
78256 4
78260 6
78266 5
78271 3
78274 4
78278 5
78283 2
78285 7
78292 6
78298 2
78300 2
78302 7
78309 4
78313 5
78318 10
78328 5
78333 10
78343 5
78348 6
78354 6
78360 8
78368 4
78372 7
78379 7
78386 9
78395 5
78400 5
78405 4
78409 9
78418 8
78426 6
78432 4
78436 2
78438 6
78444 7
78451 5
78456 9
78465 8
78473 5
78478 5
78483 5
78488 5
78493 6
78499 6
78505 7
78512 7
78519 5
78524 5
78529 8
78537 5
78542 8
78550 8
78558 6
78564 7
78571 5
78576 6
78582 7
78589 5
78594 5
78599 6
78605 5
78610 7
78617 5
78622 4
78626 6
78632 5
78637 7
78644 5
78649 3
78652 5
78657 6
78663 6
78669 6
78675 4
78679 5
78684 5
78689 7
78696 8
78704 9
78713 6
78719 7
78726 5
78731 4
78735 6
78741 11
78752 5
78757 5
78762 6
78768 7
78775 8
78783 5
78788 6
78794 4
78798 8
78806 6
78812 7
78819 6
78825 10
78835 4
78839 6
78845 6
78851 11
78862 6
78868 6
78874 7
78881 6
78887 5
78892 4
78896 5
78901 4
78905 4
78909 8
78917 7
78924 6
78930 8
78938 8
78946 7
78953 6
78959 6
78965 2
78967 8
78975 5
78980 7
78987 4
78991 4
78995 7
79002 5
79007 4
79011 8
79019 12
79031 5
79036 6
79042 7
79049 12
79061 7
79068 6
79074 5
79079 5
79084 5
79089 7
79096 6
79102 3
79105 2
79107 5
79112 5
79117 3
79120 5
79125 5
79130 7
79137 7
79144 4
79148 4
79152 6
79158 11
79169 7
79176 5
79181 4
79185 7
79192 5
79197 7
79204 4
79208 7
79215 3
79218 9
79227 12
79239 5
79244 5
79249 5
79254 4
79258 6
79264 5
79269 7
79276 6
79282 4
79286 6
79292 5
79297 11
79308 7
79315 6
79321 4
79325 10
79335 3
79338 4
79342 6
79348 7
79355 4
79359 4
79363 9
79372 9
79381 5
79386 9
79395 7
79402 4
79406 2
79408 6
79414 8
79422 6
79428 10
79438 7
79445 4
79449 5
79454 6
79460 7
79467 7
79474 6
79480 4
79484 8
79492 4
79496 8
79504 4
79508 6
79514 5
79519 4
79523 5
79528 10
79538 6
79544 6
79550 3
79553 4
79557 3
79560 11
79571 9
79580 6
79586 2
79588 6
79594 5
79599 6
79605 11
79616 8
79624 8
79632 4
79636 7
79643 7
79650 8
79658 6
79664 6
79670 6
79676 7
79683 7
79690 5
79695 8
79703 10
79713 7
79720 8
79728 9
79737 3
79740 8
79748 4
79752 7
79759 5
79764 3
79767 7
79774 4
79778 4
79782 8
79790 4
79794 5
79799 6
79805 7
79812 6
79818 8
79826 9
79835 7
79842 5
79847 9
79856 4
79860 11
79871 5
79876 4
79880 7
79887 8
79895 2
79897 4
79901 6
79907 5
79912 2
79914 7
79921 6
79927 8
79935 2
79937 4
79941 7
79948 8
79956 8
79964 7
79971 8
79979 8
79987 4
79991 5
79996 5
80001 5
80006 5
80011 5
80016 4
80020 8
80028 4
80032 6
80038 4
80042 5
80047 5
80052 4
80056 7
80063 7
80070 7
80077 7
80084 9
80093 7
80100 6
80106 4
80110 3
80113 7
80120 5
80125 4
80129 4
80133 6
80139 7
80146 6
80152 3
80155 7
80162 11
80173 4
80177 5
80182 5
80187 6
80193 5
80198 4
80202 6
80208 8
80216 5
80221 5
80226 3
80229 6
80235 5
80240 7
80247 9
80256 9
80265 7
80272 6
80278 3
80281 7
80288 8
80296 7
80303 5
80308 7
80315 7
80322 4
80326 9
80335 7
80342 3
80345 6
80351 7
80358 5
80363 6
80369 5
80374 7
80381 6
80387 8
80395 8
80403 7
80410 5
80415 8
80423 8
80431 4
80435 4
80439 4
80443 8
80451 4
80455 4
80459 8
80467 6
80473 6
80479 6
80485 8
80493 6
80499 8
80507 4
80511 3
80514 6
80520 5
80525 4
80529 2
80531 6
80537 5
80542 5
80547 5
80552 4
80556 5
80561 5
80566 7
80573 5
80578 11
80589 7
80596 8
80604 10
80614 3
80617 8
80625 6
80631 7
80638 7
80645 5
80650 5
80655 9
80664 9
80673 9
80682 7
80689 6
80695 4
80699 7
80706 4
80710 6
80716 3
80719 6
80725 8
80733 7
80740 4
80744 4
80748 6
80754 5
80759 5
80764 7
80771 3
80774 3
80777 3
80780 6
80786 4
80790 4
80794 9
80803 8
80811 5
80816 11
80827 5
80832 7
80839 6
80845 6
80851 5
80856 4
80860 8
80868 9
80877 8
80885 4
80889 7
80896 7
80903 4
80907 5
80912 6
80918 4
80922 6
80928 5
80933 7
80940 7
80947 5
80952 5
80957 5
80962 3
80965 3
80968 9
80977 9
80986 5
80991 5
80996 6
81002 3
81005 7
81012 8
81020 5
81025 6
81031 6
81037 11
81048 5
81053 7
81060 3
81063 7
81070 6
81076 5
81081 7
81088 6
81094 2
81096 6
81102 9
81111 4
81115 6
81121 5
81126 5
81131 8
81139 5
81144 6
81150 6
81156 5
81161 5
81166 4
81170 5
81175 5
81180 6
81186 5
81191 6
81197 8
81205 7
81212 7
81219 5
81224 3
81227 5
81232 7
81239 5
81244 7
81251 6
81257 5
81262 4
81266 9
81275 7
81282 6
81288 6
81294 7
81301 5
81306 9
81315 5
81320 7
81327 2
81329 10
81339 9
81348 9
81357 4
81361 4
81365 5
81370 8
81378 4
81382 6
81388 6
81394 7
81401 8
81409 7
81416 7
81423 11
81434 5
81439 4
81443 6
81449 5
81454 7
81461 5
81466 9
81475 5
81480 6
81486 9
81495 4
81499 8
81507 4
81511 5
81516 7
81523 9
81532 6
81538 4
81542 6
81548 4
81552 7
81559 5
81564 6
81570 8
81578 8
81586 7
81593 4
81597 6
81603 6
81609 6
81615 3
81618 8
81626 3
81629 5
81634 3
81637 7
81644 8
81652 9
81661 7
81668 6
81674 8
81682 4
81686 5
81691 9
81700 6
81706 5
81711 3
81714 9
81723 5
81728 3
81731 4
81735 5
81740 7
81747 3
81750 3
81753 6
81759 7
81766 9
81775 7
81782 6
81788 7
81795 4
81799 12
81811 4
81815 4
81819 6
81825 7
81832 2
81834 4
81838 6
81844 4
81848 7
81855 7
81862 8
81870 6
81876 8
81884 5
81889 4
81893 9
81902 5
81907 4
81911 6
81917 9
81926 7
81933 2
81935 5
81940 6
81946 3
81949 4
81953 4
81957 4
81961 4
81965 4
81969 4
81973 7
81980 6
81986 3
81989 5
81994 5
81999 5
82004 8
82012 5
82017 4
82021 6
82027 5
82032 7
82039 8
82047 6
82053 3
82056 11
82067 5
82072 5
82077 7
82084 5
82089 11
82100 10
82110 7
82117 6
82123 4
82127 7
82134 9
82143 5
82148 3
82151 6
82157 5
82162 9
82171 3
82174 9
82183 5
82188 9
82197 2
82199 7
82206 6
82212 6
82218 7
82225 5
82230 9
82239 9
82248 7
82255 6
82261 8
82269 4
82273 5
82278 5
82283 13
82296 3
82299 11
82310 6
82316 6
82322 6
82328 3
82331 6
82337 2
82339 4
82343 8
82351 8
82359 8
82367 6
82373 9
82382 5
82387 8
82395 6
82401 8
82409 9
82418 4
82422 5
82427 7
82434 10
82444 4
82448 3
82451 6
82457 6
82463 6
82469 4
82473 6
82479 4
82483 7
82490 5
82495 5
82500 8
82508 5
82513 5
82518 6
82524 6
82530 8
82538 4
82542 3
82545 4
82549 6
82555 7
82562 12
82574 6
82580 10
82590 5
82595 11
82606 8
82614 4
82618 7
82625 4
82629 6
82635 6
82641 8
82649 3
82652 5
82657 8
82665 8
82673 5
82678 4
82682 2
82684 8
82692 8
82700 3
82703 5
82708 4
82712 6
82718 5
82723 6
82729 6
82735 6
82741 6
82747 6
82753 4
82757 9
82766 2
82768 3
82771 8
82779 7
82786 3
82789 10
82799 5
82804 7
82811 10
82821 8
82829 5
82834 6
82840 5
82845 7
82852 4
82856 7
82863 5
82868 7
82875 9
82884 5
82889 3
82892 10
82902 9
82911 6
82917 5
82922 5
82927 7
82934 6
82940 6
82946 4
82950 5
82955 7
82962 8
82970 4
82974 10
82984 4
82988 12
83000 6
83006 6
83012 7
83019 5
83024 6
83030 6
83036 5
83041 5
83046 5
83051 11
83062 7
83069 6
83075 6
83081 4
83085 6
83091 8
83099 5
83104 10
83114 4
83118 5
83123 5
83128 5
83133 5
83138 6
83144 4
83148 5
83153 6
83159 6
83165 5
83170 6
83176 4
83180 2
83182 6
83188 7
83195 6
83201 6
83207 10
83217 6
83223 4
83227 7
83234 10
83244 9
83253 5
83258 4
83262 7
83269 4
83273 6
83279 8
83287 4
83291 8
83299 7
83306 4
83310 4
83314 10
83324 4
83328 4
83332 4
83336 6
83342 8
83350 9
83359 6
83365 7
83372 8
83380 6
83386 10
83396 6
83402 4
83406 3
83409 4
83413 3
83416 10
83426 4
83430 8
83438 4
83442 8
83450 5
83455 4
83459 5
83464 4
83468 9
83477 10
83487 4
83491 6
83497 9
83506 7
83513 4
83517 7
83524 6
83530 7
83537 9
83546 4
83550 9
83559 6
83565 8
83573 6
83579 7
83586 4
83590 10
83600 9
83609 5
83614 4
83618 4
83622 8
83630 10
83640 6
83646 9
83655 10
83665 10
83675 4
83679 12
83691 10
83701 4
83705 7
83712 4
83716 5
83721 4
83725 6
83731 5
83736 7
83743 5
83748 3
83751 8
83759 5
83764 4
83768 5
83773 5
83778 4
83782 6
83788 5
83793 4
83797 7
83804 4
83808 7
83815 6
83821 6
83827 5
83832 8
83840 8
83848 8
83856 6
83862 7
83869 7
83876 8
83884 3
83887 9
83896 9
83905 10
83915 11
83926 8
83934 6
83940 5
83945 8
83953 9
83962 6
83968 4
83972 3
83975 6
83981 5
83986 10
83996 5
84001 7
84008 3
84011 2
84013 7
84020 6
84026 3
84029 3
84032 5
84037 2
84039 5
84044 5
84049 9
84058 9
84067 6
84073 5
84078 5
84083 4
84087 5
84092 7
84099 7
84106 11
84117 7
84124 5
84129 11
84140 6
84146 8
84154 6
84160 6
84166 9
84175 6
84181 6
84187 6
84193 8
84201 12
84213 6
84219 6
84225 6
84231 5
84236 7
84243 5
84248 2
84250 9
84259 6
84265 7
84272 6
84278 4
84282 6
84288 6
84294 7
84301 7
84308 4
84312 5
84317 6
84323 7
84330 7
84337 4
84341 8
84349 4
84353 7
84360 6
84366 8
84374 6
84380 8
84388 8
84396 7
84403 4
84407 8
84415 4
84419 7
84426 6
84432 4
84436 4
84440 7
84447 3
84450 6
84456 5
84461 5
84466 3
84469 3
84472 3
84475 3
84478 6
84484 6
84490 7
84497 7
84504 4
84508 6
84514 3
84517 8
84525 4
84529 6
84535 8
84543 4
84547 6
84553 6
84559 3
84562 3
84565 6
84571 6
84577 7
84584 5
84589 6
84595 7
84602 5
84607 4
84611 3
84614 8
84622 4
84626 6
84632 5
84637 9
84646 6
84652 10
84662 3
84665 8
84673 5
84678 6
84684 5
84689 9
84698 6
84704 5
84709 7
84716 4
84720 5
84725 7
84732 5
84737 7
84744 6
84750 11
84761 5
84766 4
84770 5
84775 8
84783 8
84791 5
84796 6
84802 7
84809 6
84815 9
84824 5
84829 7
84836 7
84843 6
84849 4
84853 5
84858 6
84864 2
84866 6
84872 5
84877 7
84884 7
84891 6
84897 5
84902 5
84907 4
84911 7
84918 2
84920 8
84928 4
84932 5
84937 8
84945 9
84954 4
84958 4
84962 5
84967 8
84975 7
84982 6
84988 5
84993 7
85000 8
85008 7
85015 7
85022 5
85027 6
85033 9
85042 4
85046 4
85050 4
85054 6
85060 3
85063 7
85070 5
85075 7
85082 5
85087 7
85094 8
85102 5
85107 8
85115 12
85127 6
85133 5
85138 5
85143 5
85148 10
85158 8
85166 6
85172 4
85176 6
85182 4
85186 5
85191 5
85196 6
85202 7
85209 6
85215 8
85223 10
85233 5
85238 7
85245 5
85250 7
85257 7
85264 5
85269 10
85279 3
85282 6
85288 6
85294 7
85301 9
85310 7
85317 7
85324 8
85332 7
85339 7
85346 10
85356 7
85363 8
85371 4
85375 6
85381 7
85388 7
85395 10
85405 3
85408 6
85414 4
85418 7
85425 6
85431 7
85438 6
85444 7
85451 3
85454 7
85461 5
85466 9
85475 4
85479 8
85487 7
85494 6
85500 4
85504 4
85508 7
85515 5
85520 6
85526 4
85530 9
85539 6
85545 9
85554 6
85560 5
85565 6
85571 9
85580 5
85585 7
85592 8
85600 7
85607 8
85615 4
85619 4
85623 7
85630 6
85636 3
85639 5
85644 5
85649 7
85656 7
85663 11
85674 7
85681 4
85685 8
85693 5
85698 5
85703 7
85710 4
85714 5
85719 10
85729 8
85737 5
85742 7
85749 7
85756 5
85761 8
85769 4
85773 5
85778 8
85786 8
85794 8
85802 6
85808 5
85813 5
85818 9
85827 9
85836 4
85840 4
85844 5
85849 5
85854 6
85860 4
85864 5
85869 7
85876 5
85881 7
85888 7
85895 8
85903 4
85907 5
85912 5
85917 5
85922 8
85930 6
85936 5
85941 4
85945 7
85952 5
85957 7
85964 3
85967 6
85973 8
85981 8
85989 5
85994 3
85997 5
86002 4
86006 6
86012 6
86018 9
86027 3
86030 2
86032 5
86037 8
86045 6
86051 5
86056 4
86060 5
86065 7
86072 4
86076 6
86082 4
86086 8
86094 6
86100 7
86107 8
86115 6
86121 8
86129 3
86132 7
86139 7
86146 4
86150 4
86154 7
86161 4
86165 4
86169 5
86174 4
86178 4
86182 7
86189 8
86197 5
86202 5
86207 8
86215 4
86219 4
86223 8
86231 6
86237 2
86239 8
86247 3
86250 7
86257 5
86262 7
86269 6
86275 7
86282 8
86290 5
86295 6
86301 5
86306 7
86313 4
86317 7
86324 8
86332 7
86339 9
86348 10
86358 5
86363 8
86371 4
86375 7
86382 11
86393 7
86400 7
86407 13
86420 5
86425 7
86432 5
86437 4
86441 5
86446 5
86451 4
86455 6
86461 6
86467 6
86473 5
86478 5
86483 6
86489 5
86494 5
86499 4
86503 5
86508 3
86511 8
86519 7
86526 7
86533 3
86536 6
86542 3
86545 9
86554 9
86563 8
86571 6
86577 2
86579 6
86585 8
86593 8
86601 8
86609 4
86613 8
86621 6
86627 8
86635 8
86643 9
86652 3
86655 5
86660 7
86667 6
86673 6
86679 6
86685 7
86692 3
86695 10
86705 4
86709 5
86714 10
86724 3
86727 7
86734 9
86743 5
86748 6
86754 4
86758 5
86763 6
86769 8
86777 9
86786 7
86793 7
86800 3
86803 4
86807 4
86811 6
86817 5
86822 6
86828 7
86835 11
86846 5
86851 5
86856 9
86865 8
86873 2
86875 7
86882 4
86886 3
86889 3
86892 6
86898 6
86904 4
86908 6
86914 4
86918 6
86924 6
86930 5
86935 3
86938 7
86945 5
86950 8
86958 3
86961 2
86963 8
86971 5
86976 7
86983 7
86990 8
86998 8
87006 5
87011 6
87017 3
87020 5
87025 7
87032 6
87038 5
87043 6
87049 6
87055 8
87063 9
87072 7
87079 5
87084 5
87089 8
87097 8
87105 8
87113 4
87117 9
87126 5
87131 6
87137 7
87144 6
87150 7
87157 9
87166 2
87168 6
87174 5
87179 13
87192 8
87200 8
87208 7
87215 7
87222 6
87228 5
87233 6
87239 5
87244 7
87251 6
87257 6
87263 6
87269 7
87276 9
87285 6
87291 6
87297 6
87303 5
87308 7
87315 5
87320 8
87328 2
87330 10
87340 7
87347 9
87356 6
87362 9
87371 8
87379 6
87385 10
87395 4
87399 5
87404 7
87411 5
87416 7
87423 7
87430 4
87434 9
87443 6
87449 4
87453 4
87457 5
87462 7
87469 5
87474 7
87481 5
87486 7
87493 5
87498 7
87505 5
87510 5
87515 4
87519 5
87524 3
87527 6
87533 3
87536 10
87546 4
87550 8
87558 7
87565 4
87569 9
87578 7
87585 4
87589 5
87594 7
87601 4
87605 2
87607 4
87611 7
87618 5
87623 8
87631 3
87634 4
87638 5
87643 6
87649 8
87657 5
87662 3
87665 8
87673 3
87676 3
87679 3
87682 7
87689 6
87695 9
87704 5
87709 4
87713 7
87720 7
87727 8
87735 8
87743 7
87750 5
87755 5
87760 8
87768 7
87775 9
87784 7
87791 3
87794 4
87798 4
87802 5
87807 5
87812 3
87815 8
87823 6
87829 5
87834 6
87840 7
87847 8
87855 5
87860 4
87864 6
87870 7
87877 6
87883 6
87889 5
87894 7
87901 6
87907 6
87913 6
87919 4
87923 7
87930 5
87935 7
87942 9
87951 7
87958 4
87962 5
87967 5
87972 4
87976 5
87981 2
87983 12
87995 6
88001 7
88008 4
88012 6
88018 7
88025 6
88031 9
88040 6
88046 8
88054 6
88060 8
88068 6
88074 7
88081 7
88088 6
88094 5
88099 5
88104 3
88107 6
88113 10
88123 7
88130 6
88136 9
88145 5
88150 3
88153 4
88157 6
88163 5
88168 4
88172 8
88180 6
88186 4
88190 5
88195 4
88199 8
88207 7
88214 7
88221 5
88226 4
88230 2
88232 4
88236 8
88244 7
88251 9
88260 8
88268 9
88277 3
88280 8
88288 7
88295 6
88301 7
88308 6
88314 4
88318 6
88324 5
88329 11
88340 7
88347 8
88355 4
88359 3
88362 5
88367 8
88375 7
88382 8
88390 4
88394 9
88403 4
88407 3
88410 4
88414 6
88420 11
88431 4
88435 3
88438 9
88447 4
88451 4
88455 4
88459 6
88465 5
88470 7
88477 5
88482 10
88492 5
88497 8
88505 5
88510 5
88515 8
88523 11
88534 5
88539 6
88545 3
88548 7
88555 6
88561 5
88566 4
88570 6
88576 8
88584 8
88592 4
88596 9
88605 5
88610 3
88613 7
88620 6
88626 5
88631 5
88636 5
88641 5
88646 6
88652 6
88658 9
88667 4
88671 6
88677 8
88685 4
88689 7
88696 8
88704 6
88710 9
88719 5
88724 12
88736 3
88739 6
88745 6
88751 8
88759 5
88764 4
88768 8
88776 5
88781 5
88786 6
88792 11
88803 6
88809 7
88816 7
88823 5
88828 4
88832 9
88841 10
88851 6
88857 9
88866 7
88873 7
88880 6
88886 4
88890 8
88898 3
88901 5
88906 8
88914 5
88919 4
88923 7
88930 4
88934 5
88939 5
88944 9
88953 7
88960 8
88968 9
88977 6
88983 10
88993 9
89002 5
89007 5
89012 6
89018 6
89024 4
89028 7
89035 6
89041 8
89049 6
89055 4
89059 7
89066 3
89069 7
89076 5
89081 10
89091 6
89097 7
89104 6
89110 7
89117 9
89126 6
89132 8
89140 6
89146 10
89156 6
89162 9
89171 5
89176 5
89181 2
89183 5
89188 4
89192 6
89198 5
89203 5
89208 5
89213 8
89221 4
89225 7
89232 9
89241 7
89248 6
89254 6
89260 4
89264 9
89273 6
89279 7
89286 8
89294 4
89298 6
89304 6
89310 5
89315 9
89324 6
89330 4
89334 5
89339 5
89344 5
89349 7
89356 7
89363 4
89367 6
89373 5
89378 5
89383 6
89389 6
89395 5
89400 7
89407 4
89411 7
89418 8
89426 5
89431 5
89436 5
89441 9
89450 5
89455 4
89459 12
89471 3
89474 5
89479 5
89484 3
89487 7
89494 6
89500 6
89506 6
89512 7
89519 5
89524 5
89529 6
89535 8
89543 12
89555 5
89560 8
89568 8
89576 9
89585 6
89591 5
89596 5
89601 9
89610 6
89616 8
89624 9
89633 3
89636 7
89643 8
89651 7
89658 8
89666 9
89675 5
89680 6
89686 4
89690 6
89696 7
89703 3
89706 5
89711 9
89720 8
89728 9
89737 6
89743 3
89746 7
89753 5
89758 6
89764 8
89772 8
89780 8
89788 6
89794 2
89796 3
89799 7
89806 5
89811 6
89817 5
89822 7
89829 6
89835 7
89842 8
89850 6
89856 8
89864 8
89872 7
89879 7
89886 5
89891 5
89896 3
89899 4
89903 5
89908 5
89913 6
89919 8
89927 6
89933 5
89938 6
89944 5
89949 8
89957 4
89961 8
89969 7
89976 4
89980 5
89985 6
89991 8
89999 5
90004 6
90010 6
90016 7
90023 13
90036 5
90041 6
90047 10
90057 10
90067 3
90070 5
90075 7
90082 9
90091 4
90095 6
90101 6
90107 5
90112 3
90115 4
90119 6
90125 6
90131 8
90139 3
90142 6
90148 6
90154 4
90158 3
90161 8
90169 6
90175 9
90184 5
90189 7
90196 6
90202 5
90207 8
90215 5
90220 6
90226 7
90233 8
90241 7
90248 9
90257 9
90266 6
90272 4
90276 2
90278 6
90284 7
90291 7
90298 9
90307 5
90312 6
90318 8
90326 7
90333 11
90344 7
90351 3
90354 2
90356 5
90361 8
90369 3
90372 5
90377 7
90384 5
90389 9
90398 7
90405 5
90410 9
90419 4
90423 7
90430 3
90433 8
90441 6
90447 7
90454 7
90461 8
90469 5
90474 6
90480 4
90484 8
90492 6
90498 7
90505 5
90510 4
90514 5
90519 4
90523 4
90527 4
90531 4
90535 7
90542 4
90546 11
90557 3
90560 7
90567 4
90571 6
90577 6
90583 5
90588 7
90595 9
90604 6
90610 9
90619 7
90626 8
90634 4
90638 7
90645 7
90652 7
90659 6
90665 6
90671 7
90678 6
90684 8
90692 4
90696 8
90704 5
90709 9
90718 6
90724 4
90728 6
90734 5
90739 7
90746 6
90752 9
90761 9
90770 4
90774 5
90779 4
90783 7
90790 7
90797 6
90803 6
90809 7
90816 7
90823 6
90829 7
90836 7
90843 5
90848 7
90855 5
90860 6
90866 7
90873 6
90879 6
90885 6
90891 5
90896 6
90902 5
90907 4
90911 8
90919 5
90924 5
90929 8
90937 3
90940 4
90944 6
90950 4
90954 2
90956 9
90965 5
90970 5
90975 4
90979 5
90984 5
90989 4
90993 5
90998 4
91002 6
91008 3
91011 5
91016 6
91022 6
91028 7
91035 6
91041 8
91049 7
91056 6
91062 7
91069 7
91076 4
91080 6
91086 7
91093 5
91098 7
91105 8
91113 6
91119 6
91125 3
91128 3
91131 10
91141 6
91147 5
91152 9
91161 7
91168 8
91176 6
91182 4
91186 8
91194 7
91201 5
91206 8
91214 5
91219 8
91227 10
91237 3
91240 8
91248 3
91251 5
91256 8
91264 7
91271 6
91277 6
91283 10
91293 7
91300 4
91304 7
91311 5
91316 8
91324 5
91329 4
91333 4
91337 4
91341 8
91349 7
91356 6
91362 6
91368 4
91372 6
91378 7
91385 6
91391 7
91398 7
91405 4
91409 3
91412 4
91416 7
91423 4
91427 3
91430 9
91439 6
91445 4
91449 7
91456 9
91465 6
91471 8
91479 3
91482 6
91488 5
91493 7
91500 7
91507 5
91512 2
91514 4
91518 7
91525 4
91529 7
91536 4
91540 7
91547 6
91553 7
91560 3
91563 6
91569 9
91578 6
91584 8
91592 6
91598 8
91606 6
91612 7
91619 8
91627 5
91632 7
91639 7
91646 6
91652 4
91656 7
91663 6
91669 8
91677 4
91681 8
91689 9
91698 8
91706 6
91712 7
91719 5
91724 4
91728 8
91736 6
91742 6
91748 7
91755 5
91760 6
91766 5
91771 5
91776 4
91780 11
91791 4
91795 7
91802 7
91809 5
91814 8
91822 9
91831 6
91837 8
91845 8
91853 4
91857 4
91861 6
91867 4
91871 5
91876 8
91884 6
91890 5
91895 6
91901 7
91908 7
91915 9
91924 6
91930 8
91938 5
91943 8
91951 7
91958 3
91961 6
91967 5
91972 4
91976 6
91982 4
91986 7
91993 7
92000 7
92007 8
92015 5
92020 6
92026 3
92029 8
92037 4
92041 8
92049 5
92054 5
92059 7
92066 4
92070 5
92075 4
92079 7
92086 5
92091 10
92101 4
92105 5
92110 4
92114 4
92118 4
92122 3
92125 8
92133 7
92140 4
92144 5
92149 6
92155 8
92163 7
92170 4
92174 6
92180 7
92187 9
92196 3
92199 10
92209 3
92212 4
92216 6
92222 4
92226 7
92233 8
92241 7
92248 6
92254 9
92263 5
92268 4
92272 3
92275 9
92284 6
92290 5
92295 6
92301 6
92307 5
92312 3
92315 5
92320 10
92330 7
92337 5
92342 4
92346 4
92350 6
92356 7
92363 3
92366 7
92373 4
92377 5
92382 8
92390 7
92397 8
92405 9
92414 8
92422 4
92426 4
92430 7
92437 3
92440 5
92445 6
92451 7
92458 6
92464 6
92470 9
92479 3
92482 5
92487 4
92491 6
92497 5
92502 4
92506 7
92513 7
92520 7
92527 8
92535 5
92540 4
92544 6
92550 7
92557 8
92565 4
92569 4
92573 5
92578 9
92587 3
92590 5
92595 6
92601 4
92605 6
92611 4
92615 9
92624 7
92631 6
92637 8
92645 5
92650 9
92659 9
92668 4
92672 2
92674 8
92682 8
92690 7
92697 8
92705 6
92711 8
92719 4
92723 7
92730 7
92737 5
92742 9
92751 6
92757 4
92761 3
92764 5
92769 8
92777 3
92780 7
92787 7
92794 3
92797 5
92802 6
92808 5
92813 8
92821 7
92828 4
92832 8
92840 5
92845 5
92850 6
92856 7
92863 7
92870 6
92876 7
92883 5
92888 4
92892 4
92896 8
92904 6
92910 5
92915 9
92924 6
92930 4
92934 5
92939 10
92949 6
92955 4
92959 9
92968 6
92974 6
92980 5
92985 3
92988 5
92993 3
92996 7
93003 3
93006 4
93010 3
93013 9
93022 8
93030 7
93037 5
93042 5
93047 4
93051 4
93055 4
93059 7
93066 4
93070 4
93074 8
93082 5
93087 5
93092 5
93097 7
93104 7
93111 5
93116 3
93119 10
93129 5
93134 4
93138 4
93142 3
93145 9
93154 4
93158 6
93164 8
93172 7
93179 4
93183 8
93191 5
93196 7
93203 7
93210 7
93217 10
93227 4
93231 5
93236 4
93240 5
93245 4
93249 7
93256 7
93263 9
93272 4
93276 6
93282 5
93287 6
93293 6
93299 4
93303 9
93312 5
93317 5
93322 9
93331 6
93337 6
93343 5
93348 7
93355 4
93359 5
93364 5
93369 6
93375 9
93384 4
93388 4
93392 8
93400 5
93405 3
93408 6
93414 6
93420 8
93428 5
93433 6
93439 5
93444 10
93454 5
93459 5
93464 4
93468 8
93476 7
93483 5
93488 9
93497 7
93504 6
93510 6
93516 3
93519 4
93523 4
93527 7
93534 7
93541 4
93545 5
93550 10
93560 3
93563 4
93567 4
93571 11
93582 9
93591 6
93597 6
93603 4
93607 7
93614 4
93618 3
93621 7
93628 5
93633 10
93643 8
93651 5
93656 5
93661 5
93666 6
93672 7
93679 3
93682 9
93691 5
93696 5
93701 5
93706 5
93711 6
93717 8
93725 3
93728 6
93734 3
93737 10
93747 5
93752 5
93757 6
93763 5
93768 8
93776 6
93782 6
93788 7
93795 2
93797 6
93803 5
93808 7
93815 8
93823 6
93829 6
93835 4
93839 6
93845 5
93850 9
93859 2
93861 7
93868 5
93873 6
93879 4
93883 4
93887 6
93893 7
93900 7
93907 6
93913 2
93915 5
93920 7
93927 5
93932 5
93937 8
93945 7
93952 4
93956 6
93962 4
93966 7
93973 7
93980 5
93985 5
93990 11
94001 9
94010 4
94014 3
94017 5
94022 8
94030 5
94035 7
94042 4
94046 5
94051 6
94057 4
94061 6
94067 6
94073 3
94076 7
94083 8
94091 6
94097 5
94102 6
94108 6
94114 5
94119 3
94122 7
94129 4
94133 6
94139 3
94142 6
94148 3
94151 5
94156 10
94166 5
94171 3
94174 5
94179 9
94188 8
94196 9
94205 5
94210 9
94219 5
94224 8
94232 3
94235 8
94243 10
94253 8
94261 6
94267 4
94271 7
94278 5
94283 5
94288 9
94297 5
94302 3
94305 6
94311 9
94320 7
94327 4
94331 9
94340 9
94349 5
94354 6
94360 10
94370 6
94376 5
94381 4
94385 9
94394 10
94404 7
94411 8
94419 6
94425 8
94433 6
94439 6
94445 7
94452 6
94458 5
94463 5
94468 6
94474 5
94479 8
94487 6
94493 7
94500 6
94506 5
94511 6
94517 5
94522 8
94530 4
94534 3
94537 7
94544 5
94549 3
94552 7
94559 5
94564 5
94569 4
94573 9
94582 3
94585 7
94592 5
94597 14
94611 8
94619 5
94624 7
94631 6
94637 7
94644 6
94650 5
94655 6
94661 4
94665 6
94671 5
94676 6
94682 5
94687 10
94697 6
94703 7
94710 5
94715 4
94719 9
94728 7
94735 3
94738 5
94743 6
94749 6
94755 4
94759 6
94765 2
94767 5
94772 8
94780 8
94788 4
94792 7
94799 3
94802 6
94808 8
94816 4
94820 9
94829 4
94833 3
94836 5
94841 4
94845 7
94852 4
94856 8
94864 9
94873 5
94878 9
94887 5
94892 5
94897 7
94904 5
94909 6
94915 7
94922 7
94929 7
94936 9
94945 6
94951 9
94960 2
94962 5
94967 10
94977 7
94984 7
94991 13
95004 5
95009 4
95013 9
95022 8
95030 10
95040 7
95047 11
95058 10
95068 7
95075 2
95077 4
95081 6
95087 3
95090 5
95095 5
95100 5
95105 5
95110 8
95118 5
95123 7
95130 6
95136 8
95144 10
95154 9
95163 6
95169 7
95176 7
95183 6
95189 5
95194 3
95197 6
95203 5
95208 5
95213 7
95220 4
95224 8
95232 7
95239 8
95247 8
95255 5
95260 5
95265 9
95274 4
95278 8
95286 7
95293 7
95300 4
95304 8
95312 6
95318 5
95323 10
95333 6
95339 4
95343 6
95349 5
95354 6
95360 8
95368 3
95371 5
95376 7
95383 10
95393 7
95400 4
95404 7
95411 6
95417 8
95425 5
95430 5
95435 7
95442 6
95448 6
95454 6
95460 6
95466 9
95475 5
95480 4
95484 4
95488 7
95495 8
95503 8
95511 4
95515 4
95519 10
95529 7
95536 9
95545 4
95549 7
95556 4
95560 5
95565 4
95569 3
95572 3
95575 5
95580 7
95587 5
95592 8
95600 5
95605 4
95609 4
95613 3
95616 7
95623 9
95632 7
95639 4
95643 5
95648 4
95652 8
95660 8
95668 6
95674 6
95680 8
95688 3
95691 5
95696 5
95701 9
95710 6
95716 8
95724 6
95730 6
95736 6
95742 5
95747 5
95752 7
95759 6
95765 5
95770 4
95774 11
95785 8
95793 8
95801 8
95809 6
95815 4
95819 4
95823 6
95829 9
95838 7
95845 6
95851 9
95860 7
95867 8
95875 5
95880 4
95884 9
95893 2
95895 9
95904 5
95909 8
95917 8
95925 5
95930 6
95936 7
95943 8
95951 5
95956 4
95960 6
95966 6
95972 5
95977 3
95980 4
95984 9
95993 4
95997 5
96002 5
96007 5
96012 4
96016 6
96022 6
96028 10
96038 7
96045 4
96049 6
96055 4
96059 3
96062 3
96065 6
96071 4
96075 6
96081 7
96088 6
96094 5
96099 5
96104 5
96109 8
96117 7
96124 7
96131 6
96137 7
96144 10
96154 7
96161 7
96168 6
96174 6
96180 5
96185 6
96191 5
96196 7
96203 6
96209 5
96214 8
96222 2
96224 9
96233 5
96238 3
96241 5
96246 6
96252 5
96257 2
96259 8
96267 7
96274 8
96282 3
96285 7
96292 7
96299 8
96307 4
96311 2
96313 5
96318 4
96322 6
96328 5
96333 3
96336 6
96342 7
96349 3
96352 7
96359 7
96366 4
96370 5
96375 6
96381 7
96388 8
96396 6
96402 6
96408 4
96412 4
96416 6
96422 7
96429 4
96433 4
96437 5
96442 2
96444 5
96449 7
96456 5
96461 3
96464 6
96470 7
96477 9
96486 3
96489 7
96496 7
96503 4
96507 5
96512 5
96517 6
96523 6
96529 8
96537 8
96545 4
96549 4
96553 5
96558 6
96564 7
96571 9
96580 2
96582 4
96586 8
96594 3
96597 9
96606 7
96613 9
96622 8
96630 6
96636 8
96644 4
96648 5
96653 4
96657 4
96661 4
96665 7
96672 5
96677 8
96685 6
96691 6
96697 5
96702 4
96706 7
96713 7
96720 5
96725 8
96733 6
96739 5
96744 8
96752 4
96756 8
96764 12
96776 4
96780 6
96786 7
96793 5
96798 5
96803 12
96815 3
96818 3
96821 6
96827 4
96831 5
96836 6
96842 6
96848 6
96854 8
96862 4
96866 5
96871 9
96880 3
96883 7
96890 7
96897 8
96905 3
96908 7
96915 5
96920 9
96929 6
96935 7
96942 11
96953 4
96957 8
96965 7
96972 8
96980 8
96988 8
96996 6
97002 3
97005 8
97013 6
97019 9
97028 3
97031 6
97037 7
97044 5
97049 6
97055 9
97064 6
97070 7
97077 11
97088 4
97092 7
97099 9
97108 6
97114 7
97121 7
97128 11
97139 7
97146 5
97151 7
97158 4
97162 6
97168 4
97172 4
97176 11
97187 5
97192 5
97197 7
97204 4
97208 6
97214 7
97221 7
97228 5
97233 7
97240 5
97245 7
97252 5
97257 7
97264 7
97271 4
97275 4
97279 7
97286 3
97289 6
97295 7
97302 5
97307 5
97312 6
97318 8
97326 6
97332 4
97336 6
97342 4
97346 11
97357 6
97363 10
97373 9
97382 9
97391 6
97397 5
97402 6
97408 5
97413 6
97419 8
97427 5
97432 10
97442 6
97448 6
97454 6
97460 8
97468 6
97474 2
97476 6
97482 5
97487 7
97494 3
97497 4
97501 6
97507 7
97514 5
97519 3
97522 5
97527 8
97535 5
97540 4
97544 8
97552 5
97557 8
97565 8
97573 4
97577 7
97584 5
97589 5
97594 6
97600 4
97604 6
97610 4
97614 5
97619 4
97623 6
97629 6
97635 4
97639 7
97646 6
97652 8
97660 7
97667 5
97672 7
97679 8
97687 7
97694 7
97701 9
97710 9
97719 4
97723 2
97725 6
97731 4
97735 8
97743 7
97750 5
97755 7
97762 6
97768 7
97775 8
97783 8
97791 9
97800 8
97808 8
97816 5
97821 5
97826 8
97834 5
97839 5
97844 5
97849 10
97859 5
97864 10
97874 9
97883 5
97888 6
97894 6
97900 7
97907 3
97910 9
97919 7
97926 5
97931 6
97937 3
97940 3
97943 6
97949 10
97959 5
97964 8
97972 3
97975 7
97982 2
97984 6
97990 6
97996 8
98004 8
98012 5
98017 3
98020 7
98027 5
98032 10
98042 5
98047 3
98050 6
98056 8
98064 7
98071 6
98077 7
98084 7
98091 4
98095 7
98102 9
98111 9
98120 9
98129 5
98134 6
98140 9
98149 4
98153 7
98160 5
98165 9
98174 8
98182 7
98189 6
98195 9
98204 8
98212 3
98215 5
98220 11
98231 7
98238 6
98244 6
98250 8
98258 8
98266 8
98274 5
98279 2
98281 10
98291 8
98299 4
98303 5
98308 3
98311 6
98317 3
98320 7
98327 5
98332 10
98342 5
98347 6
98353 5
98358 7
98365 8
98373 5
98378 7
98385 8
98393 9
98402 7
98409 3
98412 3
98415 5

11868

98420
0 5
0 5
3674 10
180 3
1600 8
4193 7
7184 4
8030 5
12038 3
14943 3
15747 8
2643 9
4406 8
6712 1
640 4
889 5
4424 4
10784 8
2902 7
1000 2
11021 9
3022 1
5649 8
12666 5
10847 5
5626 6
13601 9
300 2
16197 6
15299 8
6063 3
6910 10
9455 5
11999 6
15001 8
1423 8
10723 1
7037 7
7680 1
10426 7
600 1
9095 6
7003 6
2572 7
4587 6
11360 8
5213 8
485 8
10295 1
14625 4
182 3
8942 4
14900 3
3710 8
6682 2
11681 5
10577 1
6850 8
8043 1
10115 4
13396 5
16004 9
12715 1
16331 2
14543 9
11741 7
278 6
5630 5
7457 1
13599 2
8822 8
11522 2
2584 3
11158 9
13423 6
5064 2
2833 10
15385 3
415 4
3445 7
12674 9
8577 8
2174 5
10406 8
13656 3
710 9
1132 10
6898 5
1346 2
2781 3
5890 3
6620 5
6625 2
9787 9
14680 6
13138 9
15602 3
6095 10
7242 3
3064 4
11039 3
12722 7
1752 10
14419 6
6558 5
14916 10
479 2
1665 3
6358 2
9329 10
14915 1
9960 7
14206 1
8809 5
2888 4
13264 5
14406 1
14452 2
363 8
8600 1
6605 5
9099 9
11316 2
13963 10
15701 9
10633 7
1017 4
13351 7
7047 5
10955 1
11208 10
14127 4
14534 1
14736 5
15438 2
13913 3
5580 1
10891 1
4522 1
3202 9
4346 3
8649 10
12142 6
12193 10
1978 2
1991 9
8231 5
761 1
1538 6
10377 1
13961 2
14850 8
977 8
16216 6
2394 2
15868 6
2927 10
8100 8
1350 9
3987 5
4433 4
12579 5
15807 7
1221 9
12996 5
5432 5
5849 5
7819 5
11990 1
11513 8
3751 1
8860 6
465 2
10704 5
13402 4
13985 6
15465 5
15077 8
16291 2
16118 9
4255 9
6311 4
8062 10
8787 6
14902 8
11383 6
2022 5
140 4
10640 6
12884 7
9916 4
8986 4
4929 6
4179 10
7844 4
10649 3
6552 6
14257 8
6189 10
9393 9
10665 5
15246 9
14404 7
3735 8
6933 8
1873 5
7918 5
8485 2
10424 3
10051 3
12726 5
903 9
6079 2
9567 2
13685 5
563 10
14880 10
604 9
7610 7
7223 7
13106 4
13397 7
11428 9
15988 5
5410 6
2663 8
1477 4
2579 9
4134 6
7000 2
13029 6
7248 3
13361 7
4718 1
10246 9
1614 2
15589 6
6664 7
10019 6
15133 3
5391 8
7749 4
9478 5
12638 5
14361 2
16331 6
6940 3
9236 1
7107 8
671 7
4261 2
15644 3
10714 4
5558 6
5672 7
7143 7
14722 8
15510 7
5967 5
12193 3
7131 3
13012 6
14985 9
4941 1
12936 1
13656 7
16269 9
8995 3
10630 10
12241 1
987 3
5119 7
1087 4
3345 5
10943 6
15740 3
6003 4
13375 3
3744 1
2491 5
2088 10
293 2
2695 3
5726 7
6183 9
13175 9
11942 7
16112 5
3976 9
4170 6
5711 6
7552 10
7573 7
8647 2
15561 6
16221 5
12819 10
3161 7
8505 8
4134 3
6869 2
12663 1
5040 6
7081 3
12689 5
13481 8
13815 8
13355 6
520 10
4552 10
5816 8
7322 10
8889 9
5669 3
9381 7
6242 10
7314 7
12456 6
14993 5
15155 7
8575 10
1203 9
8876 4
8583 3
1626 3
10051 9
226 9
1054 5
14920 6
15327 7
13569 4
9928 4
6811 3
9315 8
15480 7
7970 2
15990 1
13439 6
3655 3
2112 8
7204 1
2946 8
2929 8
14963 5
1615 3
6257 5
11633 3
946 10
8417 10
5620 4
9757 2
7791 8
8729 10
7751 8
2685 7
4708 4
5165 9
1816 8
1111 8
6310 10
7567 7
10619 10
10671 3
12540 10
12610 5
14908 6
14497 6
13556 6
9689 1
8930 8
11592 7
12689 1
15577 4
15629 5
12500 3
14409 7
13581 1
14433 4
1260 5
8549 3
15850 2
1684 2
11338 1
12464 3
6279 4
9074 8
10107 6
3398 4
14765 8
2699 9
10276 9
14125 3
1637 9
13048 9
10778 8
9286 2
4289 6
4914 2
15765 1
1863 9
4760 7
5225 9
6108 7
6975 9
9761 3
5818 4
15976 4
931 7
13227 3
2757 7
5749 6
9796 5
11068 5
13289 1
14751 7
15008 9
16033 3
8479 6
1967 10
3243 7
4189 7
10269 6
13466 6
15474 4
7944 10
483 10
9054 8
11416 1
7691 7
8921 4
6029 7
2792 2
5678 5
9676 8
12627 3
7980 3
13198 9
807 10
5331 3
503 7
15706 2
7732 3
13535 4
2333 6
4620 4
14607 8
783 4
10753 6
4392 4
344 4
11999 3
7111 10
1271 10
6879 9
8323 7
8052 8
4899 6
10924 2
3989 6
10989 7
12650 5
13899 8
191 10
14929 7
2562 8
6470 5
6025 6
7453 9
13366 4
8781 2
342 1
4816 1
1330 10
3053 7
7507 6
4323 4
6049 2
2823 5
7279 3
1724 2
4310 7
12502 6
7913 9
6499 1
1585 5
15568 7
6676 2
7231 7
3128 8
4191 2
8130 6
15075 3
8293 1
4736 1
3537 7
5007 10
5270 5
6101 5
7394 6
11621 9
13537 1
16242 5
11507 2
7982 8
13695 2
5989 7
641 2
12667 8
7540 7
8692 8
9560 1
3843 10
5583 5
7599 2
15598 8
1314 3
6790 10
7484 6
1613 4
12416 8
12042 9
11288 8
1977 7
3372 1
11607 4
6585 3
1303 10
2430 4
5637 3
2032 10
4150 8
12270 10
14553 9
16357 3
7383 8
6142 4
9567 8
15454 7
2263 7
11659 9
15401 4
2074 10
1610 9
8448 7
7363 6
15883 10
13173 7
16106 7
8030 7
10894 4
8381 1
6187 7
5962 4
11092 5
8653 10
1046 3
3105 8
11383 8
15114 4
15457 7
8909 1
4793 4
6787 2
10637 6
856 7
10117 1
7221 5
8163 7
11970 5
13583 6
9716 9
7043 5
8895 10
8648 2
1414 3
3953 3
11669 2
15650 1
3216 1
10672 1
16088 7
2328 1
10359 9
7628 5
3260 2
5589 10
11625 8
511 8
12839 1
1364 10
7066 1
11357 6
6886 8
2826 10
7709 4
8108 8
10387 6
15761 6
3417 10
5413 4
5006 5
10544 9
12522 5
6715 4
4087 8
3948 2
4337 10
1123 7
9494 6
6722 5
7540 8
11418 2
952 7
521 4
12861 2
929 8
1243 8
5109 2
12145 4
12901 6
5008 1
8153 8
10014 8
2416 2
11282 5
12353 7
10844 8
4843 7
14529 3
14603 4
2260 10
2001 6
12142 9
7496 7
14016 2
14510 3
5726 5
117 8
14650 10
14182 2
7237 2
8722 6
9165 5
13427 2
13688 4
15542 7
16055 9
16118 7
11061 2
11608 8
433 8
7301 3
16282 6
15831 1
4098 6
7372 1
13840 9
12164 1
6323 3
7240 10
12390 5
692 5
10859 5
1247 6
9472 2
6606 4
9806 5
374 1
4376 7
9435 8
3822 3
848 8
9880 9
1742 9
2857 6
8422 4
9348 9
14106 4
10740 6
5308 8
10003 6
2767 10
4363 10
6524 10
9081 4
11216 4
6228 10
15461 5
2610 4
5317 2
15941 3
3825 8
1687 10
7659 7
10517 1
15182 6
15638 10
3844 1
9891 5
106 8
994 7
3232 7
6073 9
3168 7
9900 9
10096 6
10334 7
10684 7
5369 5
11065 3
9548 10
14756 1
10889 6
7259 6
14408 8
1784 6
3090 7
3739 8
9012 4
9962 7
12027 9
13296 4
16088 7
5691 6
10386 9
1136 4
4475 5
7603 9
11817 10
9830 6
232 4
10676 7
5913 7
1325 6
2538 2
5873 1
5879 1
6032 9
8712 6
9267 7
12795 9
14409 6
15148 8
15960 4
2251 7
13495 8
851 3
9060 9
12759 6
1010 9
8024 4
11105 7
884 7
1451 5
5549 5
9630 8
10847 7
5223 5
12594 1
10468 5
9272 8
2935 7
10294 2
16243 10
9823 2
13134 5
6383 6
8591 8
3735 3
3108 1
11469 3
6228 8
14326 3
15292 8
3522 8
15796 9
8221 5
15987 7
2285 3
5997 1
8173 7
8500 4
13537 1
14917 10
14993 5
9058 3
468 1
8359 10
1157 9
13403 9
6303 3
15463 7
10287 8
15656 5
9572 6
6888 5
8995 3
2472 8
8679 9
15104 7
8884 4
10007 4
5177 6
2325 7
12621 10
1982 1
2376 9
6716 2
9346 3
10808 2
12832 10
13409 6
14690 4
6131 3
12584 2
1401 1
5490 3
6021 5
6811 8
13813 1
6383 1
824 3
8522 5
4926 5
6922 1
13846 6
13894 4
7088 4
1082 2
1202 2
12319 9
12899 5
371 10
5239 8
1635 5
1870 5
7215 7
9976 10
13009 9
14690 10
7400 4
16045 3
8061 1
5146 8
7283 2
4413 1
27 4
3403 8
12988 10
15883 5
14820 2
10539 9
15257 7
1749 3
3044 2
3279 10
5766 2
8843 4
14088 7
14592 4
2345 3
3382 10
16222 9
11769 3
330 10
11828 10
9863 10
2418 10
3909 6
7723 1
16068 6
8594 6
3163 5
5826 4
10844 5
5248 6
2501 7
6201 5
1078 10
2550 5
6427 5
9832 6
15672 9
10925 2
5837 1
14349 7
2461 4
8155 10
8255 2
8542 6
11006 9
11333 1
15899 10
4480 5
317 6
15129 9
7642 3
4576 5
6739 1
7417 10
14013 10
8946 3
617 3
8921 6
9094 1
16048 6
7933 9
5338 10
13171 7
996 6
10871 3
13155 5
13242 2
13537 6
16214 1
14174 10
12033 6
568 9
283 7
1387 7
11695 5
13695 5
15990 9
16066 4
15962 2
4138 1
4395 6
10031 6
2590 5
2606 10
2653 1
3281 7
5765 2
5966 1
9535 8
9056 7
2292 9
372 3
2306 7
8629 9
1506 9
1752 7
5824 3
9331 3
13227 8
14635 3
7676 1
8422 8
4448 10
1160 3
1695 1
3671 10
14291 6
10949 7
12245 2
15839 6
1653 2
1831 7
2412 3
16377 8
10316 1
11264 2
11994 1
12167 2
543 8
5967 5
5998 4
2931 5
4421 8
10151 7
11055 1
15441 2
3407 2
15642 5
12516 2
6041 7
9947 9
3202 10
1444 9
7222 6
2437 7
1184 8
10646 3
5682 7
8952 6
11590 6
3719 5
6871 7
11899 3
8398 1
13807 5
12256 4
8475 9
10132 8
7194 1
779 1
1615 1
5883 7
6233 9
6701 7
9186 2
9682 7
10452 4
12625 9
8721 10
2453 1
2913 10
9977 6
11812 7
13490 3
13536 2
7110 3
12328 8
3113 7
12452 6
15831 6
14561 3
11384 9
4162 10
15306 9
11857 6
8431 3
3573 8
11569 4
5904 1
12227 8
15107 10
16352 2
6689 2
13990 1
14033 4
6166 10
10421 7
10514 5
11022 7
16220 3
360 6
5205 10
8401 4
16288 9
11199 7
9273 9
3832 5
7757 9
8508 2
14516 7
12845 6
2315 7
5326 1
4913 6
8489 6
4527 3
4519 8
322 3
5198 2
11491 8
12106 10
9703 5
6884 7
11133 10
11511 2
11670 2
10229 2
5067 1
2330 5
4801 3
5344 2
11552 6
12285 10
5838 7
5499 5
3133 5
7871 4
13876 5
15691 1
299 8
14613 5
6759 2
11931 5
5618 10
8412 10
13243 5
14625 5
9576 1
6026 8
4338 9
10629 3
11361 10
12488 8
3575 6
2789 1
15538 2
257 5
15057 2
5480 7
7498 10
0 3
6567 9
1086 10
7921 3
8213 8
14861 1
8899 2
7101 1
13628 6
15086 9
7 3
11392 8
5000 5
9245 4
9303 2
13252 1
14143 1
13770 2
4818 8
7582 4
3762 3
8273 5
9456 5
12089 3
12586 6
9332 2
13385 2
7089 6
3247 8
2251 1
3446 2
8238 1
11640 4
2259 10
3384 2
971 9
1271 7
1375 3
5036 8
14387 10
6226 10
6522 4
15661 3
3259 6
3986 9
4509 6
12092 7
12392 5
13326 2
16053 10
12182 5
16021 4
4168 10
12152 1
14640 7
6596 3
2044 5
4612 4
8622 4
294 4
3217 5
6196 1
10786 4
6030 7
212 4
6463 4
8038 4
12709 8
15461 10
1630 6
10266 6
2407 7
9982 8
7261 8
8208 9
9298 9
13525 9
76 10
1857 4
15342 1
621 5
16247 7
717 4
908 2
2590 2
16163 4
5667 2
12166 5
7090 3
8326 1
15797 5
15865 10
8805 3
14019 6
5135 9
6750 9
7004 8
7193 4
12350 2
13830 5
10584 2
10681 2
1985 1
3832 10
5747 3
6120 8
9292 1
14293 7
1645 9
5897 8
3070 1
4151 10
5322 3
7153 9
8462 1
15337 4
15616 8
1623 9
1216 10
10260 3
462 7
10745 5
12009 6
3740 5
5571 5
9556 1
2962 10
9298 3
853 10
1479 9
11952 8
14570 6
16296 7
1173 7
2730 10
2926 10
14698 2
8362 2
7503 3
2602 2
11722 3
14702 9
8047 9
6779 6
13951 5
11945 5
13687 2
4254 5
12825 2
6896 8
3113 8
3943 3
11624 6
13710 6
5264 6
5851 4
7259 6
8859 3
3128 7
7153 2
15097 8
496 6
992 9
8731 8
1920 3
1236 9
6241 2
6372 9
8441 1
9011 9
13895 3
15453 9
10536 7
10345 10
12136 6
3041 5
16364 2
1525 2
13080 8
995 2
3158 2
5572 6
7032 3
8211 6
10431 8
9405 5
4213 6
4239 7
4245 9
759 10
3506 3
8007 5
8197 10
12784 6
15698 10
13253 9
6603 2
3800 5
4436 4
5748 2
7449 5
8400 4
12656 3
5643 7
6626 2
2076 9
8626 5
189 4
9382 2
11957 2
263 8
14343 1
913 2
1865 1
7644 10
5966 5
8326 1
1681 7
12170 8
2943 1
6742 7
9583 1
13686 5
2376 1
9264 5
11620 5
8898 6
4476 10
14064 8
1455 9
3244 6
6328 2
14489 8
9907 9
11621 6
1590 6
8320 6
9602 5
14492 2
8802 6
3319 5
6923 1
2196 6
15974 6
2398 5
3885 4
6183 3
12353 9
11387 5
12286 1
11648 3
7747 6
13382 3
395 2
3126 2
1062 8
9849 4
12323 10
2300 1
4730 5
7919 1
5522 5
13433 8
12013 9
11929 6
6943 5
8335 2
10198 9
1114 7
8378 5
4266 5
11024 2
277 4
11972 6
14528 5
1663 9
4361 5
4402 3
12996 1
8709 3
1725 3
52 9
2578 1
5783 7
6886 2
12275 1
14477 9
4079 7
7836 3
10686 10
1647 1
9237 8
7872 1
1001 1
944 5
15952 7
5918 2
11076 7
418 7
6503 8
6949 4
8389 7
12877 5
589 5
2565 1
16327 4
2832 2
5132 6
1537 6
12913 10
4006 3
8059 1
15218 9
740 1
121 4
7673 3
11143 8
2283 6
8358 8
10956 10
4909 9
6154 5
12212 9
10454 4
15436 5
1251 1
6689 4
8954 7
16339 10
9501 10
7208 7
13162 4
11713 4
16018 7
6620 7
11525 7
3402 7
3851 6
7446 10
8957 3
1972 7
2913 4
6469 6
10292 1
15589 4
8191 10
13221 4
5222 2
1435 10
8524 9
12813 5
2287 2
15458 1
4400 9
15358 6
4944 10
2887 8
8113 10
14027 1
4265 9
5361 7
1798 3
5998 5
6587 4
9119 10
10059 8
16103 3
12798 6
3574 8
13720 4
8441 5
13431 4
15957 4
10407 3
8016 8
15360 10
11652 3
1742 5
7828 3
16313 4
11037 4
9465 3
4320 2
12326 5
12059 5
860 8
16211 10
6087 9
8542 6
10317 5
12055 10
12348 5
13268 8
778 3
6923 9
10651 5
4133 4
8416 2
16091 9
15908 6
12017 2
6525 10
2819 6
5712 10
12382 8
14895 5
15306 7
15385 10
11060 1
455 5
321 9
6692 2
11352 8
5761 4
988 6
5156 2
8669 8
10669 9
7545 9
14529 1
10076 8
10764 5
13988 3
10293 4
521 1
9764 3
12911 10
13434 7
15437 7
8884 5
6499 1
5468 4
11444 7
13326 10
13413 9
15072 3
15474 10
15571 4
15981 2
9297 10
10530 7
12871 9
4775 7
4569 2
15413 3
15541 8
3691 7
7084 4
8777 6
3155 4
7326 9
9116 8
14852 7
974 1
3419 7
14509 6
9494 6
12714 7
12824 9
6318 2
15690 4
179 5
4703 7
483 2
6825 2
1904 5
6453 2
8696 9
9075 1
15693 1
8138 10
11745 7
15312 7
7932 6
944 7
6907 6
9933 10
10192 10
12817 9
15274 9
1161 7
459 10
5840 3
3236 1
6258 8
9753 10
11924 10
12802 3
14917 3
785 2
14107 8
846 4
212 8
4980 7
12550 2
3251 3
11818 4
14609 2
7549 8
11723 4
3631 1
3834 9
7248 2
1664 3
2780 3
4806 7
5947 9
8418 7
10530 1
7328 8
8875 9
12584 2
2378 10
8703 4
8856 8
435 8
9252 9
3509 9
15318 5
3579 1
15734 2
5948 6
8569 3
9785 5
9997 7
11337 1
14992 4
10558 9
8403 1
13018 9
10240 3
7739 6
14654 8
8236 4
6706 3
13812 3
3017 7
5421 1
7211 1
8901 1
9598 4
9900 1
16016 9
13892 4
2174 3
14503 2
6190 3
7708 2
12253 8
9735 9
16280 5
2296 10
3579 10
10265 5
4623 8
11671 8
8689 2
9081 2
12553 5
8518 8
12556 8
4048 4
7697 1
4431 1
9435 1
16167 4
4324 9
3414 5
8622 2
11595 4
14548 2
7167 3
10127 6
224 4
4214 7
3859 1
10179 6
5585 6
9427 2
14923 8
15848 2
10 6
15246 9
5545 2
4970 8
5776 4
8526 3
15515 2
5566 5
1297 5
1551 5
6347 7
7091 1
11461 7
12064 7
3917 1
10094 5
3368 6
9637 7
13727 4
10174 6
13511 1
6474 2
11395 7
4572 3
7714 10
776 2
10291 3
1292 3
3629 9
6607 8
152 7
14092 5
1786 4
981 3
2651 3
3529 5
3675 4
4402 8
7019 7
8524 3
16357 5
7970 1
1754 5
1977 1
7044 3
8648 10
12747 10
13893 5
2617 4
12694 3
14593 1
8853 8
13088 1
13651 10
14014 8
3295 2
15525 5
5896 8
11942 2
2328 10
773 8
856 4
8070 7
9150 2
11135 1
11278 10
12064 6
15353 9
8041 6
13152 8
3880 2
5009 9
12345 7
14236 9
13043 3
12343 9
7089 9
8865 8
5136 8
4156 2
14361 10
7101 4
7153 9
11777 6
13865 8
7066 7
5935 3
5315 2
11328 3
3580 9
12380 5
44 2
1412 10
4448 7
5832 6
6081 2
9171 5
11204 5
12466 2
14084 6
14161 5
188 4
12860 1
12218 6
2999 7
9931 7
3331 8
6467 5
882 3
2352 4
3172 8
9202 3
10144 4
11226 9
3777 7
4090 3
3561 8
8553 2
16001 1
16141 4
7218 4
10729 8
2276 6
2654 9
5208 4
6570 5
482 2
2311 1
5647 6
6904 9
8193 8
177 8
2770 6
16128 6
15695 9
1420 4
1140 7
1739 2
9549 2
3 2
12134 2
7330 6
16215 6
1522 6
12046 2
7861 8
13234 3
2201 5
2923 5
12451 3
12849 10
1424 10
16111 5
13688 7
3766 4
8625 5
10697 3
11355 3
11708 3
1717 2
11754 4
2732 7
14646 8
939 8
15977 5
3104 3
15527 3
12413 4
1409 2
8273 1
16282 7
1550 8
4138 8
1607 1
5866 9
4759 3
2100 8
1880 5
3734 4
13473 1
11547 2
7432 9
535 5
12702 2
11720 9
7462 7
6912 4
3585 10
3859 5
16357 9
12730 2
12608 8
4263 3
6318 4
11899 4
12671 2
11903 6
12670 4
6828 10
10180 3
13687 5
16383 8
15190 9
4482 8
2243 8
16064 10
4428 7
15452 8
998 6
14761 9
2330 2
4599 4
6547 6
8813 7
15802 6
16209 2
1378 10
2864 7
7241 9
5920 6
2570 4
10439 3
6969 4
5781 1
1186 10
15049 8
15835 3
16250 5
1158 2
6553 3
7793 7
14864 1
15768 5
14178 4
10935 8
6585 3
6990 2
7295 6
13011 2
148 6
9737 5
7377 9
8577 7
9512 1
16039 5
1961 2
15091 9
9209 2
5175 5
14098 9
12226 1
6215 3
1915 10
4046 5
11153 10
14888 4
248 9
8640 1
12458 4
1319 4
3269 10
5306 7
6566 6
7332 4
10613 1
12202 1
7088 4
15252 8
173 3
6969 7
14255 2
15642 4
12227 2
15591 1
1848 2
1902 7
14896 5
4268 7
7950 8
14845 5
13209 10
3037 8
3405 4
6011 5
6295 8
8163 10
9042 7
9105 9
9258 9
11950 10
14870 10
1096 4
8489 10
13393 2
9559 4
9737 4
698 1
9809 5
14282 4
14086 5
531 1
3912 1
12866 7
2057 10
13394 9
2185 8
14120 7
13775 3
13724 8
1206 10
4011 8
4034 4
10197 1
13589 6
15198 6
143 10
8105 10
10945 10
12183 8
10018 2
10954 10
15830 5
16190 6
15210 1
12719 2
7881 9
14494 10
14640 9
14997 9
1813 2
5286 1
8554 2
8919 3
14752 8
1270 8
13153 4
1345 5
3451 5
5699 1
7109 7
1505 3
3432 4
15927 4
13817 8
14153 7
15765 4
4653 2
6966 4
8037 7
15031 6
5787 8
9575 7
9146 4
6890 10
9806 5
12341 1
15100 5
9121 10
5894 1
625 5
7187 10
11262 1
6045 1
9668 3
14269 7
5438 10
7519 1
13624 7
13758 4
14438 7
1177 7
679 8
6484 10
15351 5
11613 7
13328 9
2928 7
4895 1
6591 4
15184 8
14266 10
1300 1
77 1
2785 8
5517 6
3764 1
6400 2
3772 5
4148 2
11684 6
14390 3
74 4
14844 7
7054 5
6108 10
16229 5
2196 3
2915 9
9253 3
10438 3
13445 3
2647 1
6455 4
1771 2
3360 2
5035 6
11830 6
6524 8
13998 7
4981 8
5744 6
13776 2
13975 1
3034 6
11320 2
6737 7
7886 2
12829 7
16166 10
12990 7
2621 8
3716 10
10652 10
10967 8
11059 5
2047 9
382 5
1764 5
14194 7
16195 1
6415 4
8400 6
6891 4
11734 5
9798 8
16015 4
13801 7
988 8
2778 2
10374 10
3785 1
8134 10
2610 10
2449 4
10440 6
13659 5
10148 10
13334 1
8648 5
15524 2
6545 9
9571 9
3857 2
12913 10
13697 1
2386 8
6061 5
10670 8
7118 7
7664 8
11841 7
14230 2
1711 1
3220 9
10452 3
16242 5
582 9
1892 8
5870 3
2033 8
6616 1
8406 6
2883 6
13469 1
11908 4
12361 2
14930 3
3086 5
8711 9
3236 5
8071 1
2053 7
7771 4
2192 8
9275 1
170 6
12889 2
3102 10
2035 4
2220 7
16212 3
10598 3
10111 10
15402 4
4470 9
11750 3
2380 10
3211 1
1950 7
6543 9
10294 5
10796 10
16003 1
18 8
966 4
7050 1
5320 10
4991 10
12908 5
11787 7
5091 4
7420 5
5049 9
613 10
15486 4
12745 3
16303 4
5330 8
9298 3
3406 9
3086 6
3821 2
4565 4
12874 5
9681 5
10776 7
7912 7
9126 7
12864 10
2442 6
4431 8
4394 8
11481 9
2960 8
10751 8
13684 8
2033 8
13774 8
15323 4
138 10
13402 7
14746 8
12425 4
15556 10
880 1
1504 7
4727 5
8908 10
12644 9
154 3
15389 7
5369 7
5142 8
7237 4
12960 5
11907 1
14184 4
735 7
904 3
10061 7
11265 7
13978 4
111 1
7440 6
5752 5
4282 9
14540 2
5697 1
9596 8
4455 7
10828 5
10841 6
3136 7
5770 3
16100 4
1099 5
2278 1
5633 8
10331 9
12935 2
15969 1
7554 9
12919 4
4204 9
5837 9
7722 9
9738 8
6025 7
8110 10
5563 8
12070 4
5467 6
13266 4
12015 7
3079 8
3504 9
13393 8
10477 5
15779 10
864 6
387 7
8638 4
14794 6
16207 5
10485 3
349 5
15087 8
10797 10
12291 6
15253 1
1433 1
8880 2
13824 8
10302 10
1622 6
15191 1
10659 10
1785 8
11165 8
12812 7
14778 6
16279 3
5763 1
6403 3
13560 10
10257 1
15213 8
4907 7
949 4
7370 7
16107 5
381 7
2098 7
14512 10
562 5
6087 5
12167 7
12471 8
14449 3
12711 4
13512 8
3666 1
865 1
5221 8
5650 2
8369 9
9481 3
10397 9
11600 10
15425 4
15908 4
15455 6
11208 5
8757 2
13947 4
5448 1
7728 9
11752 9
1605 1
11406 10
16295 10
11693 6
15465 1
5581 8
1082 8
2240 2
3530 8
4481 2
7387 4
14472 7
710 5
11544 10
783 1
4560 1
1483 2
5227 10
6525 3
7420 10
7771 7
10625 2
15310 4
15476 2
16300 10
5412 7
14155 2
11725 9
1283 6
7849 6
221 2
13840 5
15472 6
9653 7
14755 2
2447 9
6413 1
12350 3
7381 3
11979 10
1003 4
4943 4
10196 1
13073 4
6539 10
11737 6
7711 4
7088 8
8265 1
11947 10
5079 1
5093 5
16324 9
3612 9
14177 1
14966 7
14519 1
10934 8
3069 10
12962 7
6664 1
8828 8
10056 5
12665 3
3424 10
10414 1
7582 2
9285 5
9425 5
9766 8
10563 6
13028 8
10457 9
412 3
4196 1
13151 10
13943 6
6973 9
11475 8
11793 1
8415 10
10529 2
10910 10
12179 8
2460 2
8341 9
3133 10
9719 7
6834 2
10059 6
12313 4
10634 8
3312 9
4722 3
6001 1
6991 4
7517 3
12496 7
12861 6
15619 1
11148 6
15880 9
4921 8
8184 10
5935 9
7722 3
13792 1
14125 10
6909 8
1423 8
13139 10
7763 5
14903 6
6523 1
7900 8
7905 1
11695 7
12050 7
3143 6
10590 8
1564 9
2974 7
2618 4
4877 5
4438 5
15554 5
5484 1
8021 8
13564 5
510 8
8850 4
13287 8
12867 6
6346 10
11157 7
13408 9
402 3
10857 8
4382 4
5475 3
2002 3
3107 10
3864 1
7333 10
14620 3
1764 1
6202 6
6367 4
16049 3
15830 1
15486 1
12542 10
2373 1
8855 10
9486 1
4360 2
12 4
12919 4
1572 2
4255 4
6134 4
12687 3
2012 6
14777 1
9145 5
13214 9
8181 3
8751 5
3082 3
11873 9
229 7
7437 7
477 4
3256 4
3516 8
7070 1
10815 2
13057 2
15098 7
6784 5
8012 6
14176 10
12752 7
5935 10
2638 4
4492 6
5754 3
12523 4
4778 2
4799 2
3393 1
455 1
4691 7
7428 5
12445 6
13279 2
13590 5
14806 9
9297 1
2411 8
2361 1
2826 10
10385 3
12601 10
13800 6
15803 10
1236 7
5167 1
10224 9
12718 4
13140 1
14538 10
12132 9
9271 8
9946 4
15995 1
10988 6
7248 1
1044 5
15952 10
5305 6
9699 1
12030 2
3989 5
14545 9
4430 2
4837 1
5524 9
14402 3
3613 6
14550 10
1899 6
9729 2
8627 5
11489 3
15563 1
1954 1
7132 1
13288 3
3703 1
13417 10
8525 6
6083 2
9108 2
6887 9
6149 6
7838 5
12509 5
6686 2
9693 5
13496 1
9558 4
4622 1
5996 3
9012 5
15283 10
11831 2
7735 1
15778 7
3933 8
9472 8
10718 4
11345 8
1127 7
2352 9
4343 6
8346 3
9388 2
12058 4
16104 7
4746 3
4355 8
107 8
10708 1
3316 4
3712 4
7729 2
10070 5
3109 2
5174 1
9661 2
13155 6
1837 5
5979 10
13345 6
14042 1
267 8
6443 3
13723 1
15842 5
15540 6
13108 9
4109 9
4013 8
4156 6
4594 6
10745 4
8183 1
4802 3
15891 6
3369 2
10725 6
7181 4
12850 10
15492 10
2217 7
9609 8
8311 1
12057 1
6766 6
11775 10
6063 9
8738 9
8996 4
14280 8
15918 4
8277 10
1683 9
9284 4
3952 7
16284 10
2427 2
6768 9
7211 6
8354 5
9287 2
9949 3
6516 4
11493 2
12866 1
14856 9
11030 9
3626 2
12333 4
3768 9
9925 9
12612 1
3111 8
12629 9
1972 8
6004 3
13184 7
12664 7
16284 2
15289 10
9512 7
6360 9
6700 10
7477 6
14741 7
15045 7
14261 9
4572 5
5898 1
14552 6
869 5
4724 10
9074 9
12426 5
13406 8
12543 5
14726 5
13706 1
2193 10
7041 2
7939 9
8614 9
10152 1
11859 4
4553 9
2997 5
2710 8
5110 9
5262 2
10511 9
12132 5
13004 7
13909 3
15032 2
1879 9
3678 4
3688 7
7205 8
10548 10
9986 5
12433 7
11574 2
5654 3
8612 8
4833 5
3893 3
1824 1
4954 7
11973 4
14001 5
732 7
2943 2
6102 3
9703 1
11237 8
8447 10
15017 1
8186 10
9342 3
12856 4
248 5
9880 4
7075 1
14220 3
421 1
1441 3
1937 2
12733 7
9720 9
13076 5
8137 4
3935 10
9592 1
682 9
4315 2
16105 4
16249 9
4244 7
12135 3
1831 9
6055 2
260 10
15635 7
3750 7
1673 1
5295 2
12410 5
13308 2
14556 4
3125 10
15023 5
8005 4
630 9
2286 10
10346 1
13555 8
3479 2
2030 9
9366 10
10181 3
3522 4
5207 10
8790 5
14346 7
196 7
11998 3
14471 8
1775 1
7639 7
8991 2
4240 8
12379 10
9512 9
7010 8
5512 7
7818 5
11954 10
4746 5
12526 10
12680 2
7131 3
1652 6
25 2
1333 2
12570 2
4937 2
11105 6
5327 4
932 3
3889 1
3967 7
6640 7
9951 2
11488 3
9680 6
129 1
8238 10
2728 6
16187 7
16241 9
1041 10
8427 4
6903 3
14523 7
16174 10
6599 9
13310 6
5342 6
14334 4
15081 5
15629 6
8856 5
12792 5
2452 4
9394 9
2702 1
13273 6
5823 9
15216 7
5237 6
8897 1
4836 7
3200 2
1446 6
2354 4
4299 5
5955 7
15493 7
12371 6
8471 8
3159 3
13793 1
1659 6
418 4
4504 5
11332 3
12047 8
14975 5
2210 9
722 10
1938 5
4851 4
6500 9
10327 6
11996 1
16 2
5137 8
11019 8
1771 3
3132 5
5399 6
8724 4
5471 3
8779 5
1269 10
16285 7
4651 7
13172 6
2807 4
13630 8
15153 5
298 2
7767 4
1802 3
4813 4
4539 9
5602 1
5797 8
6048 10
10031 7
10311 3
257 2
13853 6
69 10
2638 8
5282 8
8646 10
14441 3
5550 3
1409 7
13859 8
5623 10
7 8
7113 2
1279 7
13019 4
4655 8
11052 1
7906 6
11300 4
13865 2
4181 5
12991 1
2495 4
7048 3
8480 7
6012 8
3116 5
12472 10
1949 8
2414 2
8812 9
14130 9
14359 5
2586 1
2093 10
5445 10
7232 9
11147 1
10448 4
12589 3
9320 9
4627 1
9324 6
10943 9
15283 8
13366 6
9946 8
5356 6
8886 9
13877 3
4473 9
10121 7
10028 8
6685 5
3158 8
13257 5
2709 2
7442 8
5574 3
10005 2
15752 1
3874 5
2154 10
14028 5
7303 7
3871 5
15723 6
16361 4
15476 4
6345 1
2656 7
2010 5
3266 6
3759 10
4146 4
4184 10
5777 3
10957 10
205 6
6850 3
559 3
3498 1
3784 3
6280 1
6609 3
14563 7
15954 6
16016 7
2439 5
6209 3
780 9
7850 5
1867 10
11192 10
12933 3
10272 6
15086 9
1828 8
11646 2
9971 6
14184 2
15592 10
618 6
9138 6
6310 1
12265 3
12351 3
9988 8
518 5
2839 10
8485 8
8985 2
11518 6
7954 2
1637 1
1544 1
15773 5
1217 2
6192 2
7355 6
11392 5
14057 10
15168 3
72 7
13812 7
10247 6
511 8
1610 9
7309 7
4887 9
2474 8
2957 9
8513 7
4012 4
5502 8
7430 10
8643 7
5953 6
12343 3
7980 5
8839 8
9601 7
6292 9
16203 3
14646 9
2065 1
11222 9
15947 6
5216 4
8910 7
14270 10
10042 9
1230 2
14393 5
1299 9
1428 6
9549 9
15869 3
4861 8
11265 10
11565 5
12113 4
14329 9
15037 1
411 8
5763 10
8135 3
11114 10
6316 7
7276 6
97 8
503 8
7340 4
12590 2
1233 1
3602 9
7160 6
11177 7
12395 4
11101 3
10614 2
1629 4
9427 3
9912 7
15631 8
6812 8
8251 7
3450 7
2425 8
5059 2
5173 4
11047 5
12739 3
13398 10
9150 6
14112 1
3778 5
6197 7
8066 6
10783 7
13407 1
14492 10
15659 3
9970 8
2003 5
10740 4
5120 5
9956 7
1896 6
3950 2
15599 10
1553 2
2147 4
1211 6
702 5
7977 7
12468 4
501 5
4463 4
11489 1
2329 4
12861 9
1067 7
15724 1
2992 2
5143 10
5161 4
9153 4
49 10
1928 10
4945 9
618 7
10434 2
1910 9
7877 4
102 4
7159 5
10169 8
251 1
10713 3
4345 5
3859 2
5283 8
3600 5
15512 2
2468 1
16111 8
7744 2
15912 7
7900 1
2601 7
4004 1
2420 9
6404 5
6605 2
7544 5
13407 2
15279 2
16307 3
1524 4
7147 5
3018 7
10576 5
1067 4
8606 2
15970 9
3008 1
1690 3
13924 7
1723 4
3948 5
8300 2
724 6
4520 1
1005 3
6330 5
2573 8
10779 6
13821 10
6268 8
2826 3
15388 6
3333 4
11943 6
3345 5
16279 7
1800 4
2308 3
2850 4
11584 5
15736 5
327 1
13095 4
2303 6
14122 8
950 4
16085 9
11992 3
3420 1
3955 6
4529 9
6772 4
7760 10
15000 7
13129 9
6269 2
10136 2
12887 5
14827 5
8767 5
6442 9
15667 10
14389 4
2822 2
5843 8
11758 3
307 5
11595 6
549 2
15260 9
14953 7
9992 1
2358 2
2452 6
3008 3
3238 2
13051 1
5130 8
6562 10
6174 8
1376 10
2218 9
3830 5
6628 7
2325 2
8204 1
6636 2
12613 10
6761 1
10448 7
9482 2
2984 10
3754 7
6982 1
11210 8
15316 1
5100 5
14586 10
5745 9
5011 9
6963 8
2191 9
10947 5
3682 6
9448 3
12317 4
1414 5
13556 2
854 8
10571 6
5911 10
11778 3
159 8
7146 4
5076 8
1527 7
2524 3
3780 3
6200 5
11572 7
11397 7
4091 9
15725 4
5505 1
9446 10
10151 9
14382 3
2770 7
10558 7
11836 9
822 5
3247 6
3798 2
5295 3
7575 5
13298 9
1830 10
4350 1
3220 2
3520 3
742 8
15562 2
6138 7
7599 8
14012 7
13327 9
15478 1
13297 1
15467 3
5372 4
535 2
2015 8
10228 7
8273 6
1425 5
2112 3
8683 4
9464 10
9880 2
13521 3
3025 1
13384 5
13057 7
1120 7
3645 5
7161 7
8590 4
8600 7
11176 3
9677 5
7003 2
10559 9
1044 2
1397 5
8721 7
14620 10
1729 10
9555 10
3558 8
3626 6
7202 10
8328 8
10195 8
15611 9
2512 4
3758 6
13715 2
16026 8
14380 1
14049 3
1836 2
3679 5
4219 5
7182 1
8831 1
13784 1
14162 4
16332 3
1878 2
8578 6
12450 5
7655 7
12917 8
15404 6
4403 8
2933 10
1791 3
7837 5
6129 9
7377 2
10143 4
2788 9
12517 2
9109 4
1573 7
10490 4
5256 6
8408 10
5533 7
1565 8
2600 2
8211 2
496 3
7291 10
2932 7
5706 9
1135 9
2253 6
14198 1
9960 5
5717 1
11466 4
11542 4
9855 9
14993 3
13347 5
13706 2
3543 4
7396 7
14716 7
15951 9
10383 7
8433 6
387 5
5798 5
10806 3
32 10
15580 7
9986 9
11054 1
3732 7
3751 5
13586 7
14346 4
777 9
12931 10
986 5
1276 10
2526 3
13384 3
6385 10
3404 6
15588 6
7052 6
12932 4
8790 4
15609 7
2183 7
3373 8
13513 1
13638 9
13319 1
10747 7
8393 8
11033 10
11509 2
14988 4
152 9
7866 7
14688 5
7420 3
4318 6
16220 3
4475 8
8100 3
3319 4
1018 1
15481 3
16359 4
13226 10
6035 8
12616 2
11422 5
15926 6
13578 4
12169 9
9765 5
4230 5
13957 7
1877 4
8738 7
818 1
5338 9
14267 4
3901 1
7154 4
1369 1
13355 6
13779 4
16378 8
1866 8
13930 10
5941 3
7592 6
10249 1
14113 10
6459 6
4900 5
3958 7
6157 9
4923 10
3431 5
8165 6
1377 2
12508 3
5446 8
10523 1
13725 10
15642 3
1781 1
4303 9
14442 9
3959 9
8215 8
14548 5
16237 5
10080 7
11904 5
6461 8
7107 3
8837 2
10278 9
980 6
6026 8
6016 8
978 4
6482 10
14728 9
6425 3
3346 7
10099 10
4075 9
5176 8
6166 9
11643 3
14842 6
356 9
1924 3
3414 9
8440 5
9033 2
14841 6
850 4
986 10
863 8
4002 8
6630 9
10581 10
13600 1
5072 5
14014 2
14260 5
14034 9
1936 4
12011 4
1768 9
1527 1
6356 9
8563 10
14176 8
15756 8
13479 4
4278 4
7117 3
9573 5
9673 3
10426 5
1148 9
11687 5
7635 7
2963 8
3183 7
3888 2
9957 1
13789 7
13934 3
3208 10
1501 8
1169 6
8378 1
15843 7
230 5
2684 8
1365 8
2794 7
5529 2
4543 9
4637 5
3805 2
3860 3
4120 10
5441 3
10776 3
12845 7
13295 7
14229 9
15754 1
5844 1
13275 8
10493 9
5948 9
1681 2
6441 7
8807 6
6480 7
14860 6
13786 9
15822 10
9175 10
14099 1
3144 5
15190 2
3835 6
3002 7
9065 8
11275 9
3434 9
4478 7
6382 2
5162 7
16150 6
9458 1
14123 8
4511 6
7490 5
13881 3
16182 10
1070 9
3213 7
12888 5
13564 4
15071 5
14822 4
14341 2
2883 3
2298 4
10310 5
4709 4
5941 10
6380 7
2907 6
9308 1
2032 4
2200 10
6 1
15102 7
8142 5
1535 6
1632 1
6096 5
15736 5
10993 5
10637 3
5371 8
5637 4
9993 2
11344 3
14588 1
2715 10
5499 8
7538 1
11958 10
12611 3
2153 1
2063 7
1545 10
5448 2
14301 1
14575 10
14753 7
32 9
1754 5
6567 4
3075 7
4983 9
6145 4
9557 6
9338 9
15197 1
11814 7
5011 2
13755 8
6694 2
7449 10
13393 3
5248 2
9192 6
8152 4
16316 9
2971 7
15319 10
16382 8
4654 10
5071 4
10976 8
13725 4
1475 2
7902 4
8301 5
6179 3
4004 8
9783 6
15872 5
15733 9
3895 4
3887 7
2448 10
12539 1
8157 9
7229 4
15520 4
15861 6
4662 8
9242 6
11095 9
2513 4
8146 1
11354 9
365 10
15696 6
11255 5
4765 4
8465 4
9368 10
11145 2
11578 9
729 9
4149 2
6671 8
11770 9
1937 9
10227 1
3102 3
9123 4
8894 8
4920 6
4117 1
7132 3
9884 5
150 3
9766 2
14874 7
3854 8
9539 7
11254 3
500 6
520 7
6450 7
652 3
4156 7
13640 8
3097 8
5342 8
12612 1
692 10
8327 10
16219 10
10237 6
8884 10
7196 10
1508 5
2537 1
10491 8
11655 9
16319 6
191 5
2816 6
9598 2
4844 6
8474 10
11581 8
11758 8
14908 9
8204 4
13395 2
1879 6
6066 5
3277 10
5179 8
13846 7
13479 1
9479 5
16095 2
6375 2
9780 5
9996 3
11819 8
13710 5
12128 5
337 5
10740 3
9870 7
10158 1
10568 5
3051 4
11652 9
3580 3
4552 10
4905 2
8125 10
10824 1
13026 7
13407 5
12651 3
5735 10
1960 7
7470 2
10861 2
2027 2
4064 6
2552 10
1338 4
7361 8
7038 1
15969 3
3009 3
10748 8
2353 10
460 9
14400 9
13881 9
4079 8
4547 9
8634 6
5629 1
10048 3
8019 7
14997 2
5955 10
15114 1
15442 3
12087 9
10551 6
13099 6
9145 10
1102 10
3329 1
13134 9
14816 2
13468 5
5899 10
11536 2
6826 3
1533 1
4894 8
5153 8
9066 8
10694 6
12424 3
8163 1
4880 7
7141 7
5215 7
1378 2
3622 5
11915 3
11098 5
12154 4
1811 8
9325 8
6265 9
1620 4
4649 7
3250 8
9823 9
9877 9
15223 5
9228 2
8040 7
1924 7
6558 10
7231 1
11410 3
12376 8
15902 5
8040 3
12488 10
12882 1
14457 6
7086 5
8794 2
9982 3
14138 1
14405 3
4270 6
1 4
2338 4
9752 2
10505 9
13122 9
83 2
8943 5
4852 5
4576 2
7919 1
3869 5
10985 2
13793 10
14211 10
5997 3
7913 3
11662 10
11879 5
16237 8
11880 3
1146 2
1205 4
7491 5
12125 5
13690 1
11258 9
14766 4
9815 4
9413 9
12643 3
13271 4
11521 10
2514 9
3708 8
4513 2
12404 5
2398 3
5520 3
8900 2
12230 6
7411 5
14284 3
11056 10
11523 7
5240 4
9111 5
13298 8
14699 6
1197 7
8780 2
10759 4
12926 3
15017 10
7046 5
2504 7
15986 3
11715 2
4231 10
6415 5
9375 8
12066 3
10199 6
3113 3
6801 8
10133 1
12255 1
12717 2
7509 7
15537 9
3158 3
4099 8
8670 4
9070 1
13057 1
13686 6
618 3
11427 7
6075 4
13556 10
13987 5
8928 5
12668 1
8787 10
14299 10
9449 3
2046 7
8765 4
12458 8
14172 1
9802 9
5544 8
13445 7
3207 10
7438 1
14466 7
15074 3
6685 2
3974 2
5661 6
6312 10
9415 1
12348 9
15624 9
15297 8
6466 1
10172 5
5741 5
8871 6
11573 7
14794 9
11949 7
1567 9
11297 2
14084 3
9091 9
3438 7
4654 5
14917 7
11231 3
4303 8
8858 4
8972 2
10853 8
4169 7
5402 7
7722 4
7864 10
8926 1
9021 1
15679 1
4952 1
13610 1
1648 1
2700 6
4193 2
9155 4
15818 9
3495 7
1553 2
5188 8
6181 9
7939 7
4076 1
6428 7
12053 9
12529 3
16226 4
11942 6
6706 5
8184 4
4543 9
10412 6
7966 3
5522 10
7590 2
13188 6
6053 3
4159 2
3512 5
744 7
2920 3
6824 6
12437 9
11890 4
2284 2
9279 3
4489 6
9340 2
8029 10
7130 10
8797 2
713 2
8576 4
12499 2
1639 3
919 9
9162 6
12238 2
15825 7
5195 4
8012 3
38 7
2899 2
10714 1
15163 1
7059 6
4368 6
10045 2
699 8
2840 8
10323 5
14425 1
13805 5
9466 9
11572 5
16206 10
12557 2
7609 8
11297 10
5183 8
2220 3
15745 6
15770 4
13983 5
13785 7
15906 8
11358 6
11818 6
14503 3
1410 4
4877 9
1795 9
1199 3
3938 8
13301 6
14845 2
11235 8
8451 6
3805 4
9565 6
1292 5
1481 4
2037 3
2864 6
10163 3
15086 9
4447 8
13997 4
11865 3
6476 2
8922 10
14710 9
339 8
13802 6
1533 4
7344 9
8359 10
13432 10
13610 2
2137 7
1229 3
13377 10
3409 6
12040 1
1272 4
2740 9
13963 10
15775 2
13820 2
8618 5
457 9
2587 2
7209 2
10614 3
11310 10
13487 4
13939 2
686 10
9467 2
11855 6
1019 10
6942 3
7998 3
8467 7
10089 3
12684 9
13166 9
1109 2
4585 3
733 2
2476 5
986 2
683 10
12104 3
968 4
823 4
6490 10
10853 2
16023 3
10358 3
14950 8
11346 3
6548 5
8081 6
12173 6
7259 10
5881 9
1908 5
3030 5
3649 3
12834 1
12422 7
4950 5
6006 4
12822 4
1984 3
2663 10
3183 3
1384 2
10664 3
12153 3
826 10
3060 9
12035 7
110 5
2102 8
5025 2
619 10
1200 5
16294 3
4864 3
11397 1
6461 2
5105 10
16008 8
8681 2
13063 6
4038 10
9510 4
15266 1
8771 3
16141 4
11511 3
2478 10
4997 4
7158 2
12061 7
1443 5
5120 3
14688 4
14468 8
15245 1
2960 2
8937 8
9624 4
13217 8
2772 10
7639 5
326 1
5504 5
10706 5
13049 3
15128 5
16006 5
672 8
14615 6
1602 9
4849 6
12031 1
1807 2
3640 7
9802 5
11605 2
12668 6
13680 5
7096 8
3474 4
2054 3
5512 1
7471 4
517 5
9844 7
1613 4
8925 6
13531 9
14672 4
7771 7
14686 10
13788 2
904 4
2160 7
7395 7
9866 5
10631 6
10707 6
16151 7
1842 8
3858 8
4381 8
11196 4
14442 8
5826 7
12576 9
16303 8
10498 10
3725 5
2330 8
11290 9
7482 1
3248 1
5493 10
9285 7
10966 7
1266 5
5064 7
7665 1
8642 10
9922 5
10453 9
4178 4
1154 9
3342 1
4852 3
5071 7
6373 8
7575 3
10592 3
11779 6
12458 8
13544 6
3907 4
7588 4
3798 4
1073 4
16122 2
16261 2
14 9
392 5
14291 8
2403 10
9849 3
6143 6
3833 3
5519 7
9120 9
9218 3
14060 7
10001 1
8125 4
5786 8
11566 8
12079 8
9570 3
4313 3
9666 4
13838 9
12387 9
669 2
4962 9
7506 5
1372 1
6063 4
7687 9
13918 6
5885 8
11345 6
12491 6
11948 6
4290 3
8757 9
13824 7
5709 6
6131 9
12293 2
9281 7
8541 2
4038 7
10412 1
6679 8
1481 7
5289 6
13409 3
15730 5
16354 10
11910 9
191 4
997 2
2618 3
4488 4
5794 9
7495 6
8720 8
746 10
7346 10
6380 7
11141 8
13524 3
5884 3
8898 4
979 5
981 7
10489 9
16235 1
4095 8
8075 5
12542 5
10365 1
4015 6
14139 10
2478 2
2772 8
4691 3
7294 4
478 10
10547 5
10902 7
7533 7
8051 8
7579 8
14813 1
15456 2
2128 9
6941 1
8700 9
527 6
2540 2
9507 8
11188 6
3665 2
9557 1
12628 4
5766 9
9539 8
5770 1
8904 5
11881 10
15113 10
16282 9
2986 1
838 5
7176 10
3024 4
4492 6
5195 10
6990 1
10451 3
10932 10
5050 9
12867 8
7981 6
10275 7
12462 3
4362 5
13096 1
8571 10
614 9
3053 9
14113 10
13444 3
14045 8
3382 1
12419 7
12620 2
8858 10
12141 8
11592 4
5238 6
8742 10
12534 1
4680 4
13716 8
5879 8
453 7
3674 9
4524 6
12162 2
12545 8
6093 9
10740 2
10995 6
13190 2
5267 3
685 2
1103 1
1936 7
9979 6
15832 1
9418 5
2254 4
3220 6
3469 7
6231 8
15462 6
373 7
15286 10
1670 9
9963 6
13933 4
5816 6
11297 1
5950 6
4603 2
12197 3
7134 6
6997 5
11450 2
10560 9
9948 7
2787 1
3306 10
12907 2
3826 8
3568 4
3490 2
4177 1
12681 9
232 1
13562 8
5791 9
4152 2
6989 6
3755 1
4076 9
4869 7
13286 10
10648 5
12337 10
7847 9
8126 9
9477 10
11474 1
12904 9
547 8
14225 2
7659 5
1000 8
3222 1
4488 9
8824 1
11140 8
1910 7
14315 5
9027 6
667 7
14431 9
1562 1
4753 9
7256 7
7342 2
10101 9
7236 9
8232 5
2622 5
7682 4
9050 4
718 10
13901 7
14145 5
9690 8
11438 5
13790 5
15468 2
6109 2
16208 3
5572 10
14789 2
13509 7
13827 1
2783 2
13277 2
852 1
1670 9
14077 3
15495 6
8464 5
11023 4
5961 10
11528 2
11234 10
9434 6
7355 1
8470 9
10489 8
10971 2
12766 8
12770 7
14109 2
8015 4
2344 4
10432 7
11145 7
15619 5
7914 4
10912 3
12760 7
15513 8
6039 5
12842 4
13230 2
945 10
12807 4
13554 9
16264 6
11903 7
16215 4
8862 7
14835 6
4647 10
10171 4
12748 10
5247 5
13084 4
11587 9
3417 8
4793 9
6198 5
9106 9
10770 6
3931 6
2330 2
13376 4
4904 8
11893 4
7414 3
8979 4
14996 3
11466 1
2523 4
2727 4
4499 7
6307 8
209 10
4877 1
3227 2
15899 2
2003 9
14617 1
7585 7
11995 2
15531 3
5460 3
10242 4
21 1
8220 6
3807 1
12040 10
14317 7
7338 4
5939 2
10417 8
12376 1
14539 10
14733 2
8199 10
9667 9
6250 3
3552 1
11628 1
15595 6
925 4
5526 7
2565 8
10635 7
9916 5
14683 2
13911 4
3365 9
5468 4
1194 2
13506 7
4079 4
1906 4
2360 10
8585 10
14055 5
14792 8
15819 2
14125 7
10806 2
1409 3
3849 4
3990 2
5956 10
11536 7
14752 10
11712 6
5809 7
14048 5
10077 6
15535 6
1584 1
9103 6
8689 5
2735 8
5551 3
6575 8
13265 9
15171 3
974 4
3644 8
12825 4
2581 2
4435 3
10396 2
10704 9
12660 5
14141 9
3440 3
14132 10
5020 6
10711 3
5720 1
8052 6
14251 2
8489 5
288 8
7679 10
2477 4
7267 3
7103 4
6462 6
15917 10
15434 9
6193 7
1305 5
2855 6
4347 5
15995 4
282 2
6248 6
8366 5
8945 7
9278 9
10926 4
11206 10
14119 9
564 9
13562 1
2445 9
4349 4
5345 9
5611 3
5874 9
246 3
15332 3
9360 6
4027 1
935 4
2905 1
3974 8
5596 8
8626 4
164 1
5530 8
11785 8
1441 7
9890 4
14834 8
15931 10
5908 10
497 9
955 1
2135 2
5930 7
7564 7
10948 2
6503 5
10518 2
15418 10
9207 9
6493 2
6708 2
5255 10
15302 1
6771 3
6005 6
392 1
73 4
8783 3
14441 3
7834 8
4446 6
16110 6
2860 8
8417 8
3944 6
10626 1
14025 1
14357 10
262 2
6937 8
13944 3
3183 2
1815 3
6938 7
7745 2
8641 2
13416 2
6132 3
12732 8
14177 5
7450 10
12266 9
12538 3
14304 1
2593 5
11391 1
11221 1
15166 5
9550 3
3319 9
3812 10
4843 10
7059 10
14475 3
2712 8
2805 2
11501 7
14864 6
2292 3
9777 1
15904 4
11039 9
2689 10
5247 7
2013 7
2923 1
6838 7
12805 9
930 3
16198 10
10871 3
13988 1
4809 2
5292 9
15316 3
16255 10
10817 1
7419 6
15245 8
15654 5
6267 4
1210 10
4964 7
4851 10
8925 9
12394 4
16122 1
12870 4
11023 9
9389 7
12119 10
1076 7
3345 9
9004 4
13790 2
12048 5
12156 5
1913 9
2365 9
6165 5
6392 7
9347 2
10825 9
5193 9
9789 1
2305 1
3847 7
982 9
4211 10
9222 2
7441 1
6604 1
5135 3
14914 1
15505 1
11558 3
11397 9
14474 7
955 6
6394 2
10016 1
10838 6
11426 8
5379 6
6175 3
2580 3
6111 2
12681 2
9287 7
6895 1
4309 7
11770 5
13385 8
16225 10
12234 1
3246 7
3930 5
5471 9
6813 1
11401 7
7447 9
14288 2
12413 9
2568 7
9625 6
9793 8
13353 3
4014 6
11914 9
10408 7
14643 9
5042 8
11110 2
16167 1
5680 7
12827 6
7008 8
12906 9
10153 4
11801 2
71 10
5022 8
12510 6
6320 10
6506 8
5239 8
3204 4
10211 6
2345 3
4930 10
5838 10
8233 6
4685 5
3359 9
8462 4
15918 6
5465 10
9133 9
4519 10
8704 2
10313 10
14310 10
9685 10
1379 10
4811 6
10016 7
10834 6
11951 7
7996 5
6890 7
5161 2
2773 6
11007 9
10520 5
9473 10
13094 10
13330 1
5528 6
5730 7
2480 10
12447 7
3642 1
5244 7
10479 5
12505 6
14550 7
11885 4
4591 7
13938 2
2010 4
5605 7
15261 3
2333 5
6760 6
8459 4
11666 1
15132 5
4397 4
2131 9
4102 6
4215 6
15962 9
7179 4
3532 7
572 1
1849 7
7730 6
13219 2
11516 8
7946 2
8377 1
2018 8
2673 5
5779 1
11000 7
13580 8
1126 4
8754 5
9560 6
12176 9
15718 5
3932 7
5665 7
1230 2
14313 4
545 5
8045 8
4050 4
13293 8
4109 3
6308 3
7785 7
686 4
3895 8
5887 3
10128 6
12087 10
12559 3
135 3
9240 4
11922 9
3774 5
6008 10
12675 1
974 1
15110 2
7649 5
15628 5
691 10
10917 7
12957 2
9180 10
5197 9
5724 8
6800 4
7217 1
11028 6
7235 9
7047 1
13488 5
11089 6
10345 9
5869 9
2620 10
2973 4
3182 3
4638 9
5160 5
9784 8
6080 2
6454 6
1877 6
6334 9
8380 3
1696 7
5171 3
4635 7
6667 2
7447 1
8549 3
12789 4
5120 6
15952 6
1672 10
8205 3
10596 1
12368 5
2460 6
9659 4
5413 7
2272 10
7257 7
1206 1
10121 7
1199 7
15555 9
16379 9
7702 5
2021 1
9896 5
13032 8
15797 6
2711 3
12864 3
1295 8
12169 3
14112 6
2285 3
1685 2
9870 10
11774 8
12492 9
15983 10
3722 4
6020 9
13493 7
8921 4
3503 7
9147 2
726 5
14983 9
12657 8
3651 7
7582 10
7627 7
14891 1
15287 9
3591 6
16262 9
2061 10
2355 9
6329 4
15338 7
12347 7
11539 6
1276 7
3402 4
9574 8
15720 2
3733 10
14552 3
6387 9
8229 7
9207 5
13067 3
7180 5
13708 7
15332 8
10302 10
5698 4
7534 3
9825 9
3611 5
5392 4
4163 7
8558 5
12848 3
10374 9
1847 10
2107 6
11869 4
2986 6
11177 4
9670 4
12082 9
2169 4
15884 4
1610 3
2854 2
5411 1
8602 3
262 4
1716 7
4787 9
6535 7
4374 4
12754 5
15709 7
12674 7
1956 2
2355 8
8915 5
112 8
8154 1
7528 3
9688 10
5114 2
5574 2
6407 8
13659 3
14630 5
10115 1
11454 2
583 4
14372 7
12766 7
5833 3
7583 9
9101 7
14682 6
5640 5
123 3
3316 2
4234 3
13046 6
749 1
13294 5
7112 5
10719 9
14204 2
4560 5
2222 8
198 10
2086 1
1837 6
2076 10
2233 1
6695 4
10880 1
542 8
9978 8
6638 9
8577 6
6201 7
5962 8
10284 7
11346 9
6176 9
11619 4
12347 8
93 7
2425 6
288 4
4772 9
5839 5
6214 2
1729 6
1568 8
7695 7
9671 8
10358 1
10596 3
14814 5
16078 4
14937 6
5721 10
3264 7
3468 9
1640 10
3760 3
10020 9
3507 6
4197 10
6374 5
8968 7
10608 3
13592 8
13740 9
245 8
15904 7
8611 4
11317 1
1360 4
2611 3
9159 5
13830 6
13332 3
6382 3
3707 3
6494 7
7367 4
9925 3
13134 1
4072 5
8251 5
9465 8
583 8
2352 1
4518 10
12397 9
381 6
13771 9
8927 4
13343 1
6739 2
12778 8
13107 10
2172 4
8919 8
5781 2
388 1
6405 4
13838 7
13654 2
1874 8
7228 10
15418 10
9262 7
4962 1
1318 2
8093 8
14961 2
9448 7
6628 9
7725 10
8872 1
6781 3
447 5
10347 5
1565 2
3644 7
5868 9
7124 2
11132 10
15715 8
16337 9
5630 6
8423 10
9199 7
14792 9
3613 2
12075 3
6198 10
15184 10
13692 8
2222 3
13776 1
11292 9
11923 10
8851 2
13478 9
2419 9
9999 2
3775 6
7746 2
10308 4
13733 7
15090 5
9740 7
9762 2
11062 1
2635 8
3267 9
6034 2
4713 10
3256 4
7430 4
9504 7
4886 10
1350 2
11604 4
11516 2
12996 4
1809 2
15361 9
9099 8
1825 6
9049 4
12144 2
12700 6
3113 8
4626 5
11061 10
11808 8
16321 4
371 1
2509 5
10584 7
12208 10
14928 2
16158 8
13179 7
12559 2
6280 7
3581 3
13365 5
10831 2
295 3
9592 2
4798 8
10135 7
12215 8
8068 6
7367 3
3463 3
12641 3
124 7
4867 1
12118 3
10006 2
2629 3
13871 8
1529 6
4075 8
1542 2
5454 10
7046 8
7229 5
12515 6
11423 10
6512 9
10337 1
2969 7
1841 4
3409 1
10998 3
13131 8
11408 9
4466 3
2382 9
9329 1
12243 4
15449 7
12022 9
6654 7
8170 10
14688 4
1259 8
1 5
6757 9
8013 7
15501 3
9827 2
11315 3
1197 4
9927 3
3423 1
5818 6
7339 4
9691 7
7448 7
5716 7
5981 8
7989 9
11090 5
11627 7
11681 5
15487 1
15841 7
16296 9
8530 10
4251 1
14919 6
4092 9
9178 2
2760 4
4036 8
5051 9
14470 1
11451 10
1304 10
8133 10
12209 9
1294 8
1152 4
11617 10
11855 1
7568 7
5136 8
7260 4
1572 7
1826 8
2544 2
4630 9
15693 6
8009 3
8958 9
2886 3
5845 7
14727 8
15012 2
3670 8
5121 1
3930 5
4098 5
7085 7
8270 10
5569 9
4856 6
6592 2
5450 4
14970 9
10611 2
13092 2
11963 3
14131 9
6716 6
6993 6
8939 10
31 9
12453 7
2684 6
5552 4
5554 3
15003 6
373 3
703 4
10436 6
4403 10
1641 5
14631 6
12413 7
11557 3
9857 8
9571 5
3519 2
3962 10
8031 1
10059 9
13851 10
5670 7
12492 5
15424 5
191 2
9969 1
12982 2
2340 2
9208 7
13015 8
15412 5
4219 10
4207 7
5579 1
6257 7
9438 1
13618 6
13708 6
8929 5
4405 7
5803 7
3910 5
8948 4
10041 6
9202 2
6782 1
12350 8
3114 6
3338 1
5448 10
13213 7
14946 9
213 2
3216 9
13078 1
3960 8
1801 3
3722 10
4394 7
6235 10
9001 3
14827 3
2174 3
13024 5
13840 1
8047 4
2781 9
5848 5
8537 8
10356 8
13712 2
14401 10
15481 1
5389 9
6327 5
11602 1
15477 2
8718 8
3750 2
1101 8
11459 6
15903 3
3246 7
9028 2
4608 7
7008 2
7603 10
10186 2
12430 8
15723 6
2738 3
13009 9
1413 1
670 9
4935 5
10538 10
14013 6
13921 8
10424 9
3237 8
4874 9
7066 3
11728 4
13079 7
6772 5
7083 8
8593 2
12774 3
13043 3
3513 2
1155 6
3953 3
14133 6
10312 5
10453 8
12934 2
15691 9
15492 9
13349 8
15935 10
3813 7
7693 3
9067 6
12370 8
12878 10
16242 8
7555 7
9515 3
764 4
6853 10
12036 2
12639 8
6845 8
1084 7
1979 2
12069 7
14243 1
3235 8
4171 10
15569 5
15041 4
1759 5
4170 6
6353 9
14141 2
8883 1
7476 3
3500 9
11450 10
15300 2
6202 6
15779 10
5590 2
2987 4
12613 8
102 8
992 7
6161 8
6980 8
14228 3
14315 9
791 3
8702 7
9135 7
5079 2
8818 5
1098 1
1721 4
7917 4
8242 10
8378 5
10243 8
12850 8
67 7
14931 1
7364 3
11341 10
7711 9
8283 7
10204 5
13511 10
467 3
11160 2
2774 3
1807 3
2662 9
9908 10
8034 3
7680 1
9502 3
10824 8
15256 1
15779 10
14785 8
9952 10
1804 6
4881 10
8834 10
12262 8
15238 1
6666 7
778 4
8471 10
3922 4
7315 3
9010 6
12691 1
13662 9
3216 9
12453 4
8029 9
1095 10
2117 10
5861 7
6118 2
7352 3
10690 5
14343 10
2109 3
10937 1
9198 4
8681 9
1578 3
3664 8
12185 6
1196 2
3025 4
9433 1
13712 10
2219 8
303 8
8011 4
3712 10
6406 8
12480 1
5314 1
3230 4
8709 1
12466 5
2639 9
8184 9
14668 3
3642 3
10431 4
1368 6
13461 3
3840 3
6459 3
7876 6
8871 2
4819 1
1417 4
1501 8
4853 3
7018 5
12105 3
12622 2
228 5
8991 9
8861 7
9274 9
259 7
7643 8
15191 2
13908 9
754 10
7947 7
3749 9
5400 5
57 10
2285 10
13816 5
3544 10
3607 6
11503 1
13481 2
1130 9
3004 1
10602 4
3791 3
15279 4
1557 7
1940 4
6258 1
1117 1
386 4
1995 4
6078 6
11029 8
14356 7
531 4
5076 9
5673 7
1907 4
3875 3
6973 10
6361 6
2362 10
10069 3
102 7
9688 4
6523 6
13663 6
8503 2
3139 2
6449 6
13294 4
2632 4
16002 7
11479 10
2095 7
13811 3
6683 1
9604 9
15289 6
15863 9
780 1
12316 1
8486 6
799 6
2172 4
2645 5
9237 1
12855 4
11886 1
7515 6
4479 8
15237 8
15638 6
16353 6
5585 4
2895 10
7544 9
8288 4
9370 2
13615 4
14423 2
12358 6
1555 7
6106 5
10236 9
2630 3
14024 5
15593 4
9881 3
5172 9
11378 10
9648 10
14083 10
5161 9
7232 1
11531 1
14243 9
11875 4
7965 6
12175 3
2352 4
7524 6
12025 8
15269 5
12345 2
15001 6
1233 6
3097 3
7299 5
13983 3
16072 3
7226 3
15171 1
14824 1
8088 3
1095 6
13411 9
9874 10
14529 6
2424 7
1221 7
5910 4
13333 1
14703 7
982 8
9884 2
3175 3
13837 2
10893 6
10973 5
13093 9
363 4
14796 8
10834 6
1378 9
2490 7
5003 4
11295 1
14851 3
11479 9
13737 10
1753 5
2986 7
4372 3
9843 7
686 4
9530 3
5847 5
15062 9
6405 2
13678 2
15745 1
9484 10
10103 5
10622 7
14320 7
1883 7
4944 3
14834 8
9654 9
10681 5
13258 8
6324 10
185 9
12723 4
2315 7
4162 9
7104 1
7751 7
10057 1
1989 5
8250 8
8507 5
6717 9
3288 1
9302 6
12738 6
15224 10
1969 4
1203 2
11185 9
770 4
825 1
5557 6
255 1
2842 4
4854 7
5038 4
6357 1
7241 1
14742 2
2161 7
9655 6
12540 9
13956 2
8329 8
9101 8
1470 8
9606 4
5961 5
3165 3
13458 7
14030 7
16086 9
22 8
7820 10
4751 7
2232 10
7702 8
580 4
10087 1
8324 9
719 5
3037 6
12232 5
14508 2
3227 9
10702 10
15233 6
580 6
1762 3
8296 4
14995 8
11537 5
15378 6
7290 5
283 3
719 7
1147 6
797 9
965 8
14253 3
14592 3
14300 9
1566 6
3489 10
9484 4
13559 9
16314 7
4926 4
7570 10
12663 4
3066 4
4557 1
9919 5
3138 8
15704 5
12809 3
15128 9
6747 7
4468 4
4343 3
7284 9
12563 5
14225 10
16230 9
583 10
686 2
3345 9
564 5
12828 5
7180 2
42 3
12298 2
8597 9
15099 7
15540 4
11908 6
249 6
7559 2
2552 1
13378 4
351 8
10897 4
13321 6
15628 2
12017 9
12150 7
7894 4
4639 9
8305 7
10867 3
5925 6
14942 7
3960 7
15964 3
3773 9
9174 10
6215 1
13308 9
929 7
205 9
12093 4
7436 9
6187 5
13263 6
15164 2
5236 10
14148 5
5973 3
12584 6
117 7
15466 1
7799 8
14395 7
14517 1
13664 1
15018 8
208 2
2784 10
8860 4
2866 9
4526 2
12218 4
8876 9
11469 6
151 6
6029 7
6765 6
717 2
10236 4
5915 3
4670 6
11582 4
15392 3
312 6
14448 2
2677 10
12368 8
3549 8
4136 1
2160 4
8614 6
5254 7
6080 2
3777 6
12582 6
2 2
11354 8
742 8
3115 5
12706 8
228 1
5943 8
1225 4
9087 9
4277 9
7336 10
8842 5
10623 6
15273 5
15599 6
4362 1
13272 4
3743 1
9483 7
396 4
9861 2
7223 5
3258 8
8934 8
1628 8
2250 6
2925 6
3945 8
3220 3
10262 9
6552 9
2279 3
13337 4
16038 8
527 3
1993 8
15716 3
5501 2
8970 2
12950 6
3373 5
7804 10
6099 8
15331 1
10244 3
2026 4
8691 3
1986 1
11592 7
2875 1
7205 9
15346 2
12877 9
1080 5
5667 2
11872 9
10026 3
12687 9
1443 6
2394 3
3075 4
9035 4
15751 6
124 9
2293 6
6860 4
1735 8
5075 7
12753 9
9274 1
5878 2
2169 5
12763 4
13440 4
15286 2
1641 2
6243 2
16311 4
6460 7
9565 6
14213 4
15112 6
8045 4
1397 2
10228 5
14660 5
10492 9
8644 3
1283 4
2084 4
12652 10
15289 1
12929 6
4767 6
5529 4
12424 6
13088 1
4087 3
12918 7
1621 10
10900 7
13588 10
14969 9
15994 7
19 4
11192 6
10188 7
5448 6
13101 7
569 1
4237 7
8725 9
10489 10
14097 1
16094 6
684 10
1214 10
1265 8
14043 6
2037 5
9785 9
13883 6
12647 2
11078 8
7420 3
1260 1
1877 8
4336 2
5724 9
4216 9
6926 4
2230 1
3014 10
4131 3
11567 6
12400 8
13913 5
3306 10
14309 10
3388 10
3975 9
15574 3
4340 7
13518 8
4761 10
6456 7
12952 5
6825 10
4741 1
7279 4
11760 7
7275 2
7882 7
15905 10
11065 10
9166 10
13898 5
13973 9
14209 7
6530 6
8191 6
7696 1
12362 8
3797 8
13196 5
9311 7
11604 2
5181 9
13129 8
3438 7
2790 1
13364 8
9485 7
12159 2
13566 1
14344 1
14545 6
10545 2
3663 5
3826 8
6430 9
8907 6
13561 9
16051 6
10491 8
15362 1
8517 4
14230 6
11116 7
13768 6
3273 6
9548 1
3928 4
6052 9
1177 10
16156 3
6499 1
3981 8
6578 2
11019 2
11259 10
14794 2
15644 4
16034 1
15635 5
9927 10
1478 5
7665 10
6717 5
8227 7
13985 8
9105 9
11102 10
13241 10
9577 5
4734 6
13291 6
8338 7
11428 1
6906 2
15690 6
7464 5
8400 3
11707 8
6505 2
6987 10
7698 1
9466 9
2568 1
15359 8
2937 8
3580 2
11449 7
469 10
4935 10
11971 5
5966 6
8586 6
5390 2
8608 7
8935 6
10141 6
8906 5
2659 9
11767 5
8432 2
13860 2
14536 4
15290 6
5816 6
15456 6
7965 9
1752 1
10561 9
425 5
9018 5
16032 5
551 2
4016 9
4097 2
8185 10
9340 7
15974 5
7621 9
7984 9
11546 5
6622 4
91 3
7272 2
15811 7
5024 2
1304 5
3120 6
4412 3
12343 3
12421 6
13254 8
4388 7
10320 9
16197 8
2477 3
13946 2
16138 8
12673 8
6282 10
4015 5
13693 6
4016 3
6599 9
11620 4
8949 9
7526 3
11556 5
6616 9
9134 4
12254 5
8158 6
14427 8
7726 4
11469 10
4265 2
1674 4
8501 2
16285 9
9320 2
7143 5
15820 5
10368 6
1310 6
5675 5
10499 9
1272 3
6181 4
6769 2
8767 4
12041 1
12875 8
13229 8
15755 4
16375 10
12567 3
5245 10
52 5
1074 8
11704 9
11282 10
13631 8
4487 7
7349 3
10303 2
15086 7
16146 10
12078 8
13101 4
7409 7
8755 6
13281 5
1893 1
4801 10
9097 2
6767 1
3985 2
14315 9
3342 3
12881 1
8426 5
4609 4
1802 8
4528 10
8444 5
10121 6
10777 4
12419 10
9145 3
2522 6
3195 7
4993 9
2003 9
6008 8
4359 2
6153 4
221 8
10142 4
14125 8
3228 9
9877 2
3321 8
8053 10
9836 4
16288 4
4124 5
16148 1
13836 1
6539 4
15431 1
16172 3
11508 1
10253 7
5107 5
5782 3
5307 4
15128 8
1087 8
3018 10
5536 9
16223 10
12727 2
4572 6
11160 4
519 7
1330 5
525 4
2010 4
1374 9
5552 5
9022 2
4403 7
6999 8
7053 7
9662 6
13808 4
16104 9
7376 6
10956 2
14624 2
1229 5
2995 2
14615 2
596 9
6634 10
15264 3
3173 10
4558 6
11298 5
16164 1
13316 5
2449 6
15215 8
1452 9
5428 2
15726 2
7812 5
13923 9
709 4
3874 1
14715 2
4896 7
11006 10
2342 7
7555 4
14775 3
15317 7
8718 5
10533 6
1054 8
6166 6
5668 2
9639 8
9371 7
5340 6
794 7
9454 8
4966 5
7400 2
9075 4
1125 7
3742 10
7718 9
146 10
12927 5
11777 3
12080 1
8131 2
8708 10
8720 3
9654 8
10628 8
14262 7
11473 9
1323 5
2718 4
1508 1
8611 7
10571 3
15198 7
10755 5
1008 5
3026 1
2830 7
6861 4
2746 9
7251 7
5473 5
5742 7
137 2
391 8
7504 8
2884 7
7577 1
11882 9
2094 6
5783 8
10737 7
11333 1
14040 6
7031 6
12325 7
4882 10
7226 6
11137 7
12004 10
13972 4
13777 5
925 7
7415 2
3323 10
5372 5
6245 10
6179 7
8520 10
180 10
11849 3
1528 1
5653 7
5954 2
7037 4
13148 7
15861 1
42 4
1065 8
3563 9
13214 4
10030 5
9162 5
1500 3
2731 1
5287 4
12314 9
14003 5
12103 6
2406 2
6676 2
9092 4
3756 5
5445 5
11150 4
13469 6
8347 5
14823 6
5820 8
2884 6
6881 1
8163 6
11369 2
3998 8
2852 3
12053 3
12894 5
7265 8
10725 5
12083 7
14687 5
16139 1
6806 3
13880 1
2663 8
12588 5
6358 7
7257 4
7550 2
16095 7
8968 9
3063 3
11276 3
13947 9
936 10
963 6
3875 5
8938 10
11119 2
13226 4
325 4
6895 8
4909 9
10149 6
4055 5
14760 2
12980 2
2027 2
7268 10
4202 6
9610 9
930 1
14382 9
5980 10
8856 9
12454 8
12540 1
14585 7
8441 10
377 5
2694 2
5013 4
5102 7
9529 4
9086 2
8826 4
1561 10
6666 8
9384 2
916 8
9948 1
10307 10
1279 8
9654 10
2184 10
2295 3
6939 10
15106 7
15923 2
633 10
13338 10
5300 8
11929 5
13551 5
16255 3
7380 8
733 1
14296 3
7993 5
4112 4
5981 4
9003 5
9600 7
13028 6
15604 8
8963 10
10211 1
6107 5
15399 8
7858 1
6427 4
2937 8
7902 8
8162 4
15314 3
9288 4
4849 10
3463 6
7624 4
11456 8
3536 1
12540 2
8391 8
9381 8
12207 6
12321 1
16144 9
14286 7
10922 4
5870 4
7973 8
14023 3
685 2
1331 4
10258 4
3750 1
5794 6
14243 9
11955 3
11408 4
5821 8
5837 4
7502 9
10625 5
59 8
8158 3
3802 5
3322 3
8488 3
1131 10
6045 6
7057 2
7185 7
7728 1
8445 2
12508 9
14908 5
15394 9
13959 4
1458 9
7978 9
7118 6
12204 4
16098 10
2267 1
4984 5
9772 10
11147 3
13944 8
224 7
3815 1
9551 10
3010 8
15475 7
2077 8
2161 5
2952 5
4408 4
13174 4
15710 10
9401 5
13758 4
2851 1
4892 5
8792 1
12608 10
949 1
8562 9
14586 8
15707 10
1644 4
3059 10
4337 6
4933 10
5763 9
7251 10
14546 5
12280 5
14506 9
5913 5
15526 7
14783 7
7915 9
9811 1
7999 5
9699 7
9842 5
13752 9
550 7
8011 1
12037 5
2343 2
3830 8
9681 6
14162 3
4266 2
6681 1
1673 8
6619 10
10723 2
9740 1
4614 10
2847 7
9269 9
11472 3
13014 1
13937 7
101 7
3401 7
16076 10
5584 2
15300 4
8689 5
1077 7
6026 2
1420 3
10248 6
7545 7
6201 4
7108 6
820 4
1489 10
5939 5
4523 10
5597 3
11166 9
12961 3
432 7
16283 9
8878 8
13199 4
4383 6
5893 7
6715 10
1150 4
14595 10
3790 2
2356 2
9239 3
9636 3
9913 3
14877 7
16279 5
14931 4
13989 5
2671 1
3766 5
10845 4
13279 3
14654 3
6751 6
9823 8
947 9
8941 5
9618 10
9792 10
11143 5
2672 10
4214 4
1111 10
1176 3
3167 2
14 10
2751 4
11378 8
2556 3
12252 7
9334 9
7428 10
1814 2
2157 3
3159 10
12329 5
12937 2
12838 7
6842 9
2059 10
12949 10
559 9
3780 9
4121 1
12408 3
5918 9
6825 5
8740 1
11412 5
14947 10
120 4
12068 7
13780 5
12880 10
4167 3
5048 7
7453 6
9920 3
15692 10
2014 7
7952 6
9186 3
8101 7
12415 4
14075 6
9293 10
15843 2
8966 1
7757 1
3991 8
8943 6
13364 4
1774 4
6247 6
9768 9
10844 9
11695 4
13305 6
4359 3
8683 1
299 7
6357 10
6368 1
7491 8
7291 9
12767 7
3484 4
10066 3
10504 4
11050 8
13100 10
3245 7
3572 1
7711 4
15776 10
9397 5
2600 1
5145 6
7678 7
8970 5
12175 4
10672 10
13693 1
1856 1
2405 3
6548 5
9079 4
14267 7
14574 7
2911 4
10391 1
10699 9
13469 9
643 2
7482 7
13810 9
7413 10
11161 3
15070 9
981 6
6737 5
4822 7
4454 1
15532 2
587 9
13579 2
14564 1
2194 10
2797 9
7358 1
10114 5
12122 4
10901 8
4892 8
3089 10
3403 4
15212 9
1128 4
12995 7
2552 6
12942 7
4721 3
8598 4
10393 1
14659 3
15012 3
4518 5
895 4
16278 3
6289 3
10934 10
3736 8
9569 8
10812 1
16160 2
3075 6
2086 6
5384 7
2163 3
3756 5
5427 5
708 9
8373 6
6976 3
3296 10
10413 9
10865 5
922 6
5012 1
5676 7
13051 3
7153 1
10336 7
11266 6
15603 9
14924 3
3227 1
13288 6
1613 5
8169 3
8675 1
14256 6
130 9
6408 7
13190 3
10495 8
315 2
12045 9
14509 8
10567 4
9184 1
9086 9
13002 5
15934 6
12597 6
10576 6
14792 10
4856 6
3166 7
16237 5
156 3
8242 5
5905 1
9146 3
11634 1
260 7
7655 10
4946 8
1183 5
8537 10
3741 1
1943 8
6696 7
9438 3
10560 1
16070 4
2176 1
13890 3
10680 10
8846 1
9790 8
11951 8
9949 9
11032 7
15527 2
9967 6
7288 4
7688 5
2777 10
2908 5
12798 8
5479 3
1394 3
1806 10
10064 4
13797 5
9937 8
7145 4
14903 5
14828 3
15790 10
13671 2
3628 2
4703 1
10925 1
14467 3
15038 8
4696 5
1857 10
6218 6
9228 2
12217 6
13424 8
588 6
6784 8
3562 1
10930 5
2757 2
6554 9
14841 9
11365 3
12927 8
14239 1
4493 9
6203 6
12056 6
16191 7
1184 8
10565 6
2399 10
5888 1
10488 1
11756 8
199 7
2272 3
9035 2
15579 10
3086 1
3903 6
11831 8
14951 1
15348 7
1258 7
3201 8
9302 2
9321 10
13550 8
15470 1
1131 3
13843 5
2695 9
4796 10
9724 1
339 7
12765 8
13147 8
5541 2
1033 10
1567 3
4506 10
7141 7
8498 7
8863 8
13529 7
13287 5
8242 3
5413 2
6749 8
13366 10
15497 10
15246 1
9351 10
5906 5
12776 8
15231 2
13266 1
1251 10
1502 3
7169 7
13476 1
4855 3
8319 5
1863 3
3128 4
4115 2
6419 9
8853 4
10116 6
11330 6
11171 2
2237 7
1550 10
2391 3
4537 6
4930 5
11357 10
1161 5
2488 7
5380 4
14167 2
162 8
1172 8
3592 4
11571 3
1283 10
7534 10
1607 9
15948 8
2756 3
2610 3
3274 3
7941 3
8309 9
13599 8
314 10
2235 5
5782 5
6594 9
2372 8
4145 5
13496 3
15601 5
9303 10
1687 2
7368 5
13183 8
15449 9
5341 10
12503 10
5549 10
10862 4
9599 5
6797 3
7474 10
2858 1
11773 9
14284 1
13083 4
5891 9
8575 5
10466 9
7456 4
5546 1
2461 6
3925 8
7531 3
10049 6
10167 5
2874 10
2623 6
5412 4
7707 9
10626 10
11579 10
15354 9
11468 2
6979 3
12076 9
12492 3
2320 3
5170 8
6493 4
9988 2
766 2
2676 3
11853 9
3027 6
6260 8
6747 4
9916 10
14818 7
2401 4
2748 3
13744 1
1772 3
11544 2
14240 3
6645 2
938 2
4342 10
10368 1
14725 5
890 4
11910 7
12479 8
648 7
14640 5
1854 2
11472 3
14403 4
2093 1
2422 9
2628 4
5189 10
676 3
833 7
4777 4
11286 9
1240 3
6542 10
1836 4
7378 2
14686 5
16172 10
4904 9
14348 2
692 5
6278 2
10217 6
9160 6
6565 8
10414 8
137 2
5221 4
6633 9
1349 5
51 9
1299 1
9349 2
7098 10
973 2
4036 9
7500 7
13117 2
3765 2
9196 8
3274 10
10277 6
15456 4
2156 5
643 4
8605 1
1681 6
4307 2
10444 3
12840 3
833 1
3898 4
5385 1
329 10
7890 3
8552 5
10977 5
1454 5
9428 9
9285 3
14862 2
10663 1
2792 10
5004 5
12616 3
1343 7
4533 8
15875 4
5581 10
5662 3
10231 10
13539 1
793 10
11422 8
14911 8
11678 2
9012 10
1611 4
2398 9
7919 6
11149 4
12485 7
517 6
9939 1
1257 2
2968 4
3738 9
1754 3
1270 5
6214 8
7880 5
12358 1
12416 1
16275 7
14912 8
2740 5
15770 1
4787 4
4906 8
10227 7
1019 10
6044 7
14340 10
8891 8
5965 6
6435 10
16260 1
3729 4
13075 6
6833 2
11676 2
13179 7
13746 10
196 10
9963 6
8058 1
1978 3
7009 1
3149 6
9144 1
12875 9
15170 10
15292 7
502 2
4807 10
8433 3
3017 1
4912 5
5789 3
10598 10
14125 7
15255 2
2048 5
7429 4
3252 6
12703 1
5907 8
13812 1
14322 5
2556 9
12815 8
4345 8
8339 1
12380 10
1836 5
3228 7
3590 6
7204 10
12685 5
15332 9
24 9
964 7
7628 1
11067 6
12130 8
12657 2
14736 7
2004 9
2371 1
2151 5
1631 5
11108 9
12881 7
14244 5
10031 10
9512 2
6846 10
7888 3
9445 6
9492 8
10830 5
13553 9
13907 6
2871 4
12624 2
1438 9
2614 9
3039 7
13765 7
1001 4
7866 7
10888 2
2232 8
5066 8
8527 4
2521 9
9074 9
13442 9
5302 10
5561 4
7725 6
4818 9
3325 3
11037 5
12011 1
14490 9
681 3
16290 9
1069 5
6527 7
8420 4
8936 1
12401 6
13574 3
508 2
821 2
14360 1
7012 1
14702 4
13567 3
2548 2
8622 10
7581 9
3398 7
6955 2
8013 5
9240 6
14166 5
7683 6
7922 1
11963 6
13664 2
10849 7
15066 1
15279 9
962 6
5404 8
4894 9
511 1
1419 4
1669 6
2193 1
2307 3
5613 10
7367 9
10424 4
15896 3
8362 10
1801 10
2434 5
5083 4
9737 7
11766 3
14684 2
7435 2
2534 2
3400 9
7385 10
12590 9
12732 5
206 9
423 7
13806 9
8585 1
9198 5
7896 5
13991 2
14286 1
9074 9
3378 8
5920 9
8248 7
8682 6
10131 10
10774 5
12177 7
15177 3
4771 2
3425 9
12338 5
16158 3
3176 1
9730 4
1199 3
5864 6
11680 9
4810 4
8169 6
10672 7
13929 8
15575 5
8661 9
9844 4
9527 6
11733 6
15386 4
9690 8
10040 2
9353 7
3258 2
5098 10
13393 7
2312 4
102 8
7905 3
8965 2
14223 4
15295 10
13965 7
4211 9
4568 10
10373 7
3505 9
3528 2
10351 5
12114 2
13291 2
13553 4
15976 8
10313 3
6244 10
1430 7
3479 4
8929 2
10296 2
6400 4
110 6
3866 9
5991 1
6218 7
12889 5
12245 3
9358 9
10689 9
7668 9
8056 2
14637 4
15500 10
12780 2
1925 6
9398 5
12549 2
8325 5
9848 6
15362 5
1180 10
1808 6
234 1
7915 1
14103 1
8124 9
9579 10
9704 3
11001 4
9679 2
12998 6
1303 1
16283 10
14101 1
15484 9
10571 8
15480 5
12863 9
5992 7
4919 2
5669 10
6058 3
13098 9
14540 9
6992 4
9500 2
10489 1
11960 6
4948 9
11604 2
14687 4
7603 6
10506 6
1211 2
4088 7
5011 8
4793 4
8795 4
10753 6
11214 4
12426 6
4092 3
1175 7
14606 1
8899 6
9685 6
889 8
14034 7
2424 1
5091 2
62 5
2364 1
12259 4
14099 6
1020 1
4987 7
6603 3
9185 8
2726 8
12365 10
14443 3
11232 8
12612 10
9650 10
5703 10
2343 4
5498 10
5640 8
8344 6
13682 8
15505 3
10127 3
3203 4
12583 2
3967 9
14941 5
1485 3
11484 4
12690 6
1019 8
14977 10
14731 7
4874 1
7741 10
11518 9
13494 3
707 5
2370 9
6407 3
11987 4
13881 9
16091 3
11448 10
7814 2
9356 4
8689 3
11205 3
5278 7
16159 3
15417 5
5755 9
6098 8
6888 2
12935 9
480 10
11201 6
1580 8
13372 5
333 8
1212 5
2552 6
13597 5
185 7
6057 8
74 10
15404 1
4583 5
15134 2
681 4
16001 5
1053 3
11816 6
2045 6
5689 5
12913 7
14825 4
4895 3
7672 9
9272 2
12880 2
3420 2
11628 9
2777 5
13699 5
16256 7
6215 3
13078 3
5301 8
840 7
564 10
13536 7
9972 8
10649 4
11675 2
13859 3
15409 8
10087 1
10062 1
15967 3
9249 7
6766 2
16234 1
10360 9
14936 3
4531 3
2015 8
10263 3
12777 1
485 7
1101 8
5518 10
10500 4
9045 7
1467 10
3577 2
4181 9
4620 4
7991 10
12305 7
5355 4
12802 4
10256 4
1369 3
12626 6
12885 3
8739 10
14914 8
11336 10
7263 10
7398 3
9049 10
12876 8
10472 8
13823 7
11118 5
8026 10
2976 6
394 6
1184 10
1014 4
12241 6
9429 7
10926 7
3553 7
10167 7
10386 5
2611 7
12741 10
2269 5
11739 4
2864 1
7592 9
6018 7
6818 8
13671 6
7760 9
4985 2
10671 5
12478 8
13047 8
7100 5
12816 9
4580 2
7611 8
7941 2
2068 1
4017 2
6157 1
9232 4
11910 4
13841 2
2526 3
8012 6
7536 10
6720 3
15862 8
16203 6
7903 3
15065 9
10130 6
15030 6
5472 8
6098 4
1641 4
7107 5
3635 3
10628 10
14984 7
12679 7
3887 4
282 3
677 5
8933 6
12064 8
14738 9
13069 10
10905 3
5029 4
1714 9
5354 5
5408 6
895 8
5782 2
3933 3
4647 9
8491 1
11747 10
13739 5
2753 7
835 8
11344 7
11281 9
5552 10
9485 4
6317 8
279 5
10151 8
8092 6
3616 8
2955 5
5200 7
15730 5
9841 2
14081 9
2320 6
509 9
1203 1
12715 2
12776 4
13258 6
1822 8
8009 10
13948 9
341 1
1487 4
2230 1
11423 5
15830 3
8431 4
2377 2
2829 2
7338 4
16242 8
4240 6
14928 8
2468 8
7950 8
8031 2
10371 1
86 10
1253 1
6856 1
14708 4
894 10
7047 10
4893 4
1046 5
14539 5
4688 5
9620 1
12506 8
14868 5
775 5
13068 2
5161 9
2111 9
3125 2
4235 2
14815 2
3399 7
4631 10
10603 9
4232 5
1693 8
7655 8
3535 7
9880 10
11471 1
11084 5
8105 4
14160 9
5558 5
1361 9
1677 1
9528 5
10646 2
15938 10
1053 6
10123 10
5223 2
2405 3
9135 3
10600 4
5095 7
4440 9
9890 9
11543 3
15556 6
1678 1
16165 9
7513 6
12657 7
15060 3
14750 9
2824 3
2726 7
5408 1
5776 6
12474 6
13065 3
15169 7
1352 7
84 3
4200 4
14983 5
5676 3
10748 9
1364 3
5900 1
5900 4
9394 3
13441 10
15749 7
5447 6
5516 7
8055 10
8335 8
7362 6
16141 1
6419 1
10054 1
4901 3
867 2
6679 9
16294 3
321 4
6173 9
9087 10
12152 8
9235 3
6556 1
12843 1
10892 8
11656 1
6708 3
10439 3
13514 1
9008 3
4710 9
1766 6
8814 4
10111 6
10725 8
12841 2
3948 5
13739 2
10416 3
10745 10
11344 5
1079 5
12605 6
11287 1
5692 9
13571 6
1550 6
8874 2
7699 4
16201 4
12445 8
14286 9
9819 4
11446 10
10545 10
11414 10
122 6
14379 2
3371 5
3931 9
5002 6
5642 4
9956 9
11889 7
8954 7
6554 3
4890 1
11839 7
11049 6
3261 4
9603 2
12531 10
13507 8
9364 10
11368 8
10488 1
2230 4
4138 8
15059 6
7080 7
1371 8
14751 6
14766 2
1067 5
13179 1
5165 3
77 10
6491 5
7276 4
1109 4
3025 10
6869 7
2921 2
3869 3
1353 6
4353 2
6637 9
11957 6
7581 8
7804 1
14021 1
15103 6
5028 7
4687 9
465 2
12782 5
13523 5
4541 10
2644 6
5302 10
11059 3
15070 9
11492 7
9959 9
9589 5
12976 3
6927 8
1775 3
6571 10
11702 5
12954 7
11692 4
10363 10
10281 5
8779 1
9658 2
8457 2
628 4
7283 2
1945 9
2860 1
13939 5
5593 1
5796 8
15467 7
3347 6
11824 7
5409 3
8182 1
10255 4
14773 10
8999 1
13861 7
12504 10
8951 3
15955 6
10555 6
4085 3
3272 10
8557 4
1209 7
8356 2
2625 9
2606 10
6537 6
13356 9
14615 1
10641 3
2770 6
14900 1
12562 1
9353 3
15636 5
333 5
8863 6
12670 6
8192 1
14 2
6461 2
9886 7
13770 7
10067 3
9362 10
8943 5
6958 8
7183 10
8930 6
10987 2
3877 3
8106 6
14885 1
2063 6
6346 6
11315 5
14433 3
14700 2
1202 5
9272 2
7421 2
2280 6
6687 4
7172 2
9749 3
877 2
23 9
8119 5
13135 5
4435 2
6123 9
7674 10
8341 9
9047 2
12793 10
15752 8
10434 7
3267 4
4165 10
5419 3
7255 2
7576 5
11597 4
15223 5
1314 7
13079 6
9313 2
2475 3
7608 10
1331 6
8454 2
3628 1
9553 7
11280 1
9875 9
12592 5
1447 5
4080 8
13970 9
9304 3
2480 4
5866 3
13183 9
2557 3
2219 3
12310 7
10793 5
14758 1
3687 2
13785 10
16258 1
10439 3
6628 1
9768 1
11686 7
13436 9
2499 8
4014 7
1529 3
860 4
4375 8
5028 9
12941 6
4817 3
13401 7
1309 9
11290 6
15268 10
9811 9
4395 2
9765 2
12686 9
12205 8
3584 6
1923 3
8188 5
11017 2
13773 9
14500 10
5208 2
6566 10
13750 5
11847 10
1315 3
97 10
2002 6
5851 4
6627 8
10689 8
12720 8
14334 8
589 8
8294 1
4006 6
9896 6
1946 3
3172 9
6377 5
14207 2
16367 2
9940 10
3938 9
4763 8
5752 7
11831 10
11269 5
15457 6
9283 1
10892 10
10907 2
14499 4
942 6
3115 4
11398 8
4591 1
6523 6
573 1
4778 7
7174 2
1280 3
5530 5
9931 4
13443 4
4999 7
10088 1
12615 6
2853 1
4701 9
11096 10
11427 9
12629 2
15323 10
15690 6
1329 8
4774 10
10927 6
12394 8
4561 2
5797 8
13410 3
13673 9
8616 7
713 1
11186 4
2460 8
12005 6
7900 7
8793 6
13399 1
3716 6
5601 2
1067 9
13382 8
3800 3
11626 9
15966 7
16191 5
185 3
1473 2
10987 10
12226 9
10905 3
9547 4
537 10
5149 9
1759 7
1766 8
5311 2
6663 5
11497 3
577 2
6118 2
2292 5
16071 3
12159 3
12787 9
313 10
966 9
635 2
8950 9
1446 4
14925 7
2175 4
2698 1
11107 9
811 10
14668 7
6537 3
7479 7
11683 5
11812 4
13176 10
16263 1
8413 6
2120 5
2493 7
10958 5
13400 8
15683 3
8926 2
2003 7
2308 2
10190 8
12617 10
9845 1
13454 1
8523 2
10752 3
6827 4
11228 8
11838 10
12742 7
14754 6
4956 6
3662 8
8853 9
3219 6
5414 7
10794 1
13011 1
690 2
7427 2
1943 10
6759 3
8325 8
14822 6
2615 6
7536 3
11257 7
3896 9
4398 7
5254 3
9332 6
9735 3
11690 1
12381 4
6005 9
11541 5
14925 5
10333 3
4960 2
5123 3
152 7
15789 10
3962 10
6349 7
6911 3
15436 7
7987 9
16082 4
8320 4
11360 7
5287 8
11603 9
6723 6
12316 7
13490 3
2703 8
3149 3
4447 6
10952 1
11095 1
11749 5
14903 6
14501 8
11266 8
3791 10
3162 6
11657 10
14328 10
7140 4
15791 5
5278 7
8672 7
9788 10
11224 7
10257 10
3343 7
14833 3
8513 3
13172 3
16169 8
11137 2
10196 10
12703 4
1165 3
15358 9
15620 7
15899 7
12938 5
15435 6
3552 9
9624 8
3093 5
2061 5
3110 10
4633 10
5120 1
8349 7
13850 10
15199 7
1013 2
3408 8
551 5
8565 5
3068 6
3787 9
8275 9
12879 2
13320 3
14094 2
4896 6
9037 9
10998 9
11897 8
12363 2
13690 9
14266 10
10188 8
7278 2
8940 7
9946 6
12627 9
1493 7
11867 1
6032 8
134 1
10278 4
12319 3
14948 1
16254 6
13363 7
10008 7
3755 1
4505 1
8547 10
15756 8
4266 2
15907 1
9248 9
13769 1
2644 1
2687 7
1628 3
14301 9
8463 10
6260 6
8065 1
16222 5
6910 8
6364 4
2565 9
6705 4
2464 1
1794 2
12212 4
4727 8
8465 1
7335 1
5563 6
7362 6
10080 10
304 2
484 7
767 3
7868 5
5691 1
15122 1
676 4
8396 6
10806 4
6066 6
16013 1
3078 7
6207 2
10501 6
14474 8
5443 6
16327 1
14417 7
4092 3
293 10
15769 3
2480 3
6072 3
16149 9
919 1
1805 5
5339 5
6222 4
3152 1
9762 1
542 5
1729 9
10023 2
94 3
7736 8
12569 3
5807 6
11408 6
13545 6
6994 9
14149 8
4961 7
7443 8
13968 2
943 4
3908 8
7468 1
11184 5
11362 3
11585 1
14767 2
15837 10
13608 6
13178 10
1874 8
16118 5
9844 7
1233 4
8765 10
9498 9
2358 4
6081 1
6794 4
12591 8
299 4
1125 3
1789 10
12687 8
12921 5
1432 2
10333 1
2048 5
10608 10
6030 1
8789 1
9005 5
13430 10
5115 10
14499 5
7471 5
6175 3
9490 3
5 8
407 8
10848 7
7170 3
12550 5
10762 6
12466 7
302 10
1426 3
9098 2
7868 3
8259 1
10844 3
10909 10
15674 10
549 5
16204 10
5483 2
5689 7
3003 2
16067 6
1424 3
12385 8
7683 6
6435 2
5646 3
6266 2
6330 1
7863 3
1943 2
15890 2
15664 4
14826 4
3334 7
11316 2
509 6
15336 4
3395 10
7871 10
2950 3
5928 4
6588 6
14579 5
15838 3
7927 1
10177 3
4972 10
15235 10
2137 2
6205 3
6813 3
1246 7
11280 7
12548 9
2298 4
14356 10
5496 1
7104 3
5113 4
2351 9
7677 8
9326 7
3950 7
1420 2
10574 10
1757 4
13101 4
383 1
13629 9
15895 7
6721 1
9624 4
2471 10
2726 9
6951 9
8388 1
239 10
6837 4
7601 8
4975 3
5150 7
15771 2
16321 10
8695 6
13755 1
10234 6
14679 6
2626 4
8654 1
10597 1
13510 1
13619 9
13433 7
7666 8
14524 1
1741 1
2078 8
11566 8
10886 4
3667 7
1224 9
1640 9
11303 9
14881 8
3046 7
14291 3
3801 2
2288 4
4335 4
13151 3
1967 9
4578 10
2002 7
3510 6
12230 2
12481 8
15878 9
10768 2
455 3
779 7
11489 9
12653 1
13553 8
12983 3
7287 1
7313 5
7612 8
8931 9
12633 1
696 5
1009 6
6605 3
12681 3
7488 6
14459 10
161 9
15608 10
4583 1
6576 7
3509 1
3628 3
4872 5
12858 8
8729 1
13227 4
5930 2
6479 10
12262 3
475 6
1378 4
15885 10
12135 2
14921 3
10856 8
1354 5
2959 6
6770 1
10399 3
16188 3
10998 9
11007 5
9361 6
3166 9
8330 1
9384 1
6910 3
10225 7
7181 2
9129 2
9102 4
5598 6
10899 2
7717 4
7930 10
9117 6
12359 9
124 5
14087 1
6860 10
8225 1
1072 9
2883 2
8624 8
2505 9
14092 6
6575 10
6376 4
1207 5
14076 3
2142 3
14291 3
14789 6
5111 10
10399 2
8111 7
9674 2
216 9
8834 1
6066 7
11976 10
12770 1
12983 2
13462 10
12411 6
3582 6
6916 3
8615 2
12903 5
1509 4
3280 7
1112 9
6466 9
12541 10
14138 4
3872 10
14047 7
14138 9
14524 4
3662 10
2485 5
8009 3
9322 3
13976 4
2486 3
13823 4
3723 5
5487 5
8572 7
2267 2
7654 9
11575 8
12607 3
13401 4
16363 10
7580 4
2018 6
2204 8
11425 7
8965 8
4646 8
13992 4
8034 10
4387 10
10838 5
4359 7
16286 3
3495 7
3671 9
10608 5
14510 1
8426 5
10271 10
7914 2
9635 5
12006 7
14657 10
1994 4
13337 6
4696 7
14232 9
14980 9
14993 5
16012 2
5072 3
1279 10
2399 6
15040 5
1804 9
10423 3
12700 10
14266 10
4628 10
15269 2
5373 6
6540 10
12020 8
12763 8
13020 9
11549 9
6366 1
4547 10
9911 2
12710 2
12983 5
976 8
13399 3
8867 7
2339 2
7908 7
16358 1
7968 10
1879 2
12247 1
2307 8
7128 8
8647 3
9911 9
14055 5
14258 7
3439 10
9251 9
10047 4
3418 2
14962 10
1375 2
3757 9
7909 9
10236 9
14599 3
1726 5
3005 5
8677 10
2865 7
5562 10
6905 10
608 2
14126 4
15583 9
2215 10
2902 1
8766 4
13064 4
16132 6
12352 3
6150 1
15713 4
34 4
11209 3
12128 2
4628 7
1035 5
11782 8
11443 5
198 9
6323 4
11039 7
5769 7
6783 7
10085 3
15971 5
4188 9
7487 6
10558 4
13939 6
677 4
3112 9
13229 7
716 7
7015 9
15745 3
8536 1
8491 4
2189 1
4641 2
11594 3
393 2
4298 4
4439 10
7398 9
2901 10
7853 6
3549 5
8015 3
9949 2
12848 3
14056 10
1264 3
5538 5
4967 7
16330 6
6647 9
4098 4
3200 10
14614 8
5524 1
13528 9
15178 10
6745 3
1300 4
16254 10
5418 3
5242 1
12166 2
4923 7
10253 9
2280 7
8171 5
2941 1
1126 10
5856 2
2363 7
6030 8
11617 7
4222 6
7133 1
15511 6
4565 6
7627 9
8122 7
8929 8
9178 8
2787 1
6258 1
5917 5
3043 10
4188 4
11777 6
9475 7
9767 9
14618 6
15256 4
1401 7
9899 7
13787 4
11269 7
10192 1
15506 5
7723 10
10059 8
15318 4
7422 8
14684 6
13748 2
6679 7
3542 10
4251 7
12889 10
5372 10
13782 8
1770 8
16281 3
3188 8
12705 6
6025 6
15180 4
1645 10
13632 5
13911 4
3846 7
3167 6
9510 8
11909 6
13566 6
9673 8
12679 7
2122 1
8724 8
8804 8
9388 5
1087 3
8091 9
11035 6
13187 1
13971 1
588 8
2029 7
943 8
11868 2
8547 8
8604 9
9112 9
9847 3
10379 7
15609 7
7006 7
1180 3
12688 8
10890 4
11938 1
9026 2
7917 6
14651 4
3627 2
5569 4
371 7
5958 7
15001 7
3036 7
9642 1
12410 4
15728 3
14725 3
334 3
1784 10
2752 7
155 9
13206 8
1523 2
12534 7
12923 6
3486 1
8121 8
13044 2
14659 9
10263 10
13467 4
3807 10
14101 8
4227 8
8676 7
10940 2
14493 4
620 5
1079 1
12789 5
4335 10
13060 1
1457 4
3462 10
7896 1
10203 10
13132 6
10471 3
11365 4
6837 1
9750 8
9783 2
11355 9
11620 2
11919 7
15573 6
6883 4
3481 2
15732 2
6595 7
9340 7
6333 3
11482 4
5971 7
9724 9
12535 7
4999 4
13139 10
3733 7
3915 2
4178 9
12263 10
12832 9
6198 6
15250 1
4239 1
14072 7
3918 8
2096 9
3193 6
5805 3
3553 8
15460 2
16287 4
8342 9
11840 4
2066 4
7765 3
4985 7
3633 3
4439 7
12022 7
8036 1
6089 10
11099 8
15953 7
13211 3
12915 8
12531 9
10441 9
15629 3
2271 7
2525 1
8354 10
16123 10
14048 5
11334 9
15536 1
3071 10
12271 3
12418 2
9903 2
8620 8
300 6
11466 2
2556 7
14948 1
1506 2
12903 2
6941 1
12545 9
3786 1
4115 7
11961 10
525 4
15578 2
9130 9
3680 5
9147 4
208 2
4693 6
14540 6
12846 6
14189 5
14324 8
4097 3
1792 3
2420 10
7241 4
7424 6
11596 7
12569 9
543 7
15700 5
585 1
10622 2
10856 9
14397 6
14515 2
15167 1
15199 3
1086 1
8415 5
7013 3
4947 10
8726 6
12746 3
885 6
1359 3
1931 10
9618 4
13825 7
5251 3
7160 1
14576 9
4366 4
7292 3
9588 6
12965 4
6516 2
5065 10
11479 2
14211 10
6824 4
3057 10
10666 4
3475 6
6651 2
14662 5
679 4
7353 2
7229 3
634 1
2146 1
14956 5
15624 5
2093 2
8153 5
9480 8
2277 10
4381 7
8862 1
12606 8
13979 6
600 6
9205 1
3698 2
8121 7
12731 3
6827 3
5144 1
6035 2
4615 4
4710 7
9543 3
15602 8
231 6
11871 4
4351 3
15389 10
21 6
3507 5
10382 9
14186 5
1754 4
9411 1
11044 6
7487 10
11127 5
2224 3
2486 5
10597 7
14620 7
3423 2
15208 8
12991 9
8133 6
12652 1
10686 2
8065 3
3269 7
14697 6
15254 3
16273 8
7804 5
885 2
9391 5
10100 9
12905 3
9941 2
6440 2
7415 6
11505 9
502 1
9655 8
7407 6
6361 1
3819 9
1721 1
12143 5
15369 8
15663 7
603 10
13812 4
2828 1
8942 6
12010 10
9439 9
3094 5
2423 4
3116 10
3291 8
3982 6
11717 5
14158 9
16229 3
4560 3
9247 2
4086 10
2609 4
4295 4
11012 3
12090 10
13438 4
12151 4
5585 1
6220 9
5579 3
11248 4
12268 1
12834 7
13809 10
3148 5
14204 5
6957 2
8527 3
10190 5
11254 2
305 8
11530 1
1323 6
1182 10
3158 2
12707 8
10722 3
11674 2
279 5
9926 7
13281 2
2804 4
5484 4
6332 2
6517 2
11312 6
517 2
663 2
10048 5
1891 4
16133 5
11130 5
11558 4
15688 1
15974 3
6216 5
10113 9
5853 2
1586 10
2736 6
6953 3
958 7
11884 8
12342 6
8800 5
9674 1
9515 4
13919 3
15191 5
13486 8
10042 7
948 7
13104 8
4399 1
3249 6
11169 9
11353 9
9154 10
6842 2
1691 1
3741 9
12120 3
6139 3
4453 4
9200 10
3752 10
10687 6
11560 1
13220 4
16051 4
5837 10
12686 7
3391 3
1100 10
13843 6
14518 3
744 1
2776 3
12244 6
8115 9
8825 7
11148 5
11337 4
13580 1
11942 3
13108 6
16060 7
5142 8
15160 1
409 9
5912 3
558 8
4351 7
15436 8
869 2
13765 5
4516 7
9130 3
982 6
13276 6
6108 1
6255 9
3658 1
9775 5
9855 10
11423 9
12080 9
658 9
1177 3
12254 2
7100 2
2747 5
4608 4
9251 8
857 8
4543 3
5924 10
11127 7
7286 4
13842 7
7073 9
3707 7
8606 7
13675 6
13714 4
1855 10
15180 9
3008 2
13069 4
9588 8
6933 3
415 2
897 7
3585 4
4551 1
10119 10
10829 6
557 7
6208 8
9904 8
15696 3
2178 5
2893 2
10197 4
14762 1
4331 6
2926 3
4757 6
9841 9
5871 5
9677 9
3952 8
6854 8
5814 5
16277 9
14707 10
937 3
7399 5
14435 5
3332 2
5559 2
7278 8
15068 5
10497 9
10694 8
2481 7
10968 8
13512 7
14685 8
1764 1
13523 10
1269 8
10677 1
13086 5
13679 5
13884 2
6087 5
8804 10
5788 5
8046 8
1632 7
5583 4
2705 10
14826 9
15112 9
4359 3
5073 6
8199 4
769 1
2317 10
5745 5
1664 10
8244 10
9209 5
15108 3
15268 10
15304 7
79 5
8046 8
9611 2
13195 1
13633 3
9742 8
6297 5
1554 10
2320 2
2789 7
4673 8
6387 7
9763 1
12479 9
14373 1
15797 4
10052 9
5705 9
16288 2
11680 9
8575 2
5387 9
4379 4
7454 2
10656 6
1943 4
5978 5
13759 2
4903 2
217 6
10194 4
11423 7
12192 3
10745 4
6731 10
5651 1
6396 8
6589 5
11211 1
12886 6
12970 1
5283 5
12015 6
13989 7
14071 10
4950 2
3827 2
2800 10
3504 9
4187 5
6337 9
8931 6
4429 2
10585 6
6017 9
9878 4
11833 2
5561 2
4919 7
7411 6
13066 7
13388 2
6673 6
2875 2
4585 5
15088 7
7623 5
10698 1
15279 10
4027 2
6073 4
14553 7
2006 9
4092 6
10555 4
11965 1
12067 5
12266 1
16122 1
15396 6
2610 3
0 8
2362 3
2750 9
3811 3
3834 4
7911 6
9413 10
15254 5
2495 3
16124 5
11498 10
2848 9
5249 3
5949 6
8415 3
2241 5
8657 10
15591 1
699 9
6844 10
12377 9
4282 5
5180 5
10866 5
11068 3
15137 3
11738 10
15522 1
3579 5
12465 8
3477 2
8068 2
10029 1
390 1
15973 2
10437 8
2786 6
10350 1
11518 1
13072 9
8820 1
2248 3
6053 4
7507 10
10699 4
11393 5
15053 3
8259 10
9839 6
305 1
1184 9
5959 4
12213 8
6040 7
13261 4
13739 4
3599 7
12944 3
13947 7
3648 9
8484 1
12928 6
16022 10
88 9
503 9
6452 8
845 3
5078 6
7731 2
12527 6
15576 1
12688 8
9246 7
1210 4
4473 5
6985 7
9490 8
11874 1
12979 4
9531 6
3086 3
9513 2
13453 5
13678 5
85 4
16117 6
1156 5
702 4
6324 9
9859 2
36 2
15095 2
4833 4
13720 7
13925 1
16217 3
56 3
164 1
12091 2
3992 9
7913 7
4135 2
5158 8
12674 3
7895 7
15898 7
2246 5
4249 4
11308 6
13890 7
14118 6
3007 6
1655 7
4513 9
5107 10
7386 2
12708 5
16309 8
15205 5
12139 9
14533 1
15358 8
11716 2
12151 5
6045 8
2655 2
1879 6
3672 3
637 4
8692 3
3009 5
6045 9
8072 9
10515 3
16087 9
1722 6
1016 10
1911 3
6200 6
15090 4
384 6
13481 10
7477 5
3978 5
6475 2
9664 3
196 9
12695 2
10978 8
3797 9
10677 4
11456 10
12611 5
2770 2
7891 7
3129 8
6309 2
2959 1
9778 5
15177 8
13078 6
6818 4
8381 3
11850 5
52 3
8963 4
11805 2
5415 10
9064 7
10530 4
10844 10
2368 3
10981 4
2154 7
4649 8
8707 4
10615 3
1404 3
2121 1
1003 8
5950 5
12094 10
13969 6
512 4
2891 6
4040 5
4590 10
5461 3
7922 7
12949 1
190 6
5431 6
10493 2
6722 2
5121 10
6407 9
7995 7
13911 1
15849 6
1222 5
11617 10
5722 1
7856 2
13831 2
14556 7
15257 3
1582 7
13914 9
600 1
2132 1
3678 1
11802 8
13400 8
3906 1
9107 8
15613 6
2738 1
5316 7
7616 1
10882 3
11084 2
14543 2
16213 10
2655 1
14039 2
4850 9
138 5
15573 5
5230 6
5911 6
8746 1
10046 6
14385 4
10366 7
8416 8
13377 3
10677 3
4776 4
13620 4
15252 10
502 1
64 9
11524 8
8715 3
6774 4
9853 2
6171 6
13576 5
6495 7
12804 3
12940 2
14986 2
670 3
15117 1
13638 4
3472 8
7352 3
859 10
1438 9
4699 6
13918 7
4226 6
1012 2
1291 4
13564 7
1885 6
2251 5
904 5
2469 3
3016 9
4116 2
14093 6
9936 6
8632 7
2793 7
6007 3
6432 9
10068 1
15173 2
1792 2
3522 2
4921 7
7379 9
2271 10
15065 7
1117 4
11137 1
2857 1
2467 5
195 9
13265 5
12299 8
1497 10
12704 1
6243 7
9131 3
3537 6
6010 7
12653 10
15590 4
227 1
9298 1
9336 3
6046 8
662 1
7536 10
3568 1
6928 5
2020 1
4892 8
11639 7
3904 7
15765 2
13597 2
4226 4
6599 8
11851 9
12409 9
15109 1
11315 3
15867 6
7002 9
4573 1
9255 10
16318 2
16033 4
8433 5
7783 2
2461 7
2261 1
465 6
9218 2
15374 1
5260 7
5696 10
6827 8
8276 7
13149 3
16292 8
8795 1
2287 3
157 2
6309 9
13783 6
10954 9
11240 2
6855 8
8455 10
9029 5
9119 5
1617 7
3540 3
7418 1
10365 9
5223 4
1951 8
3241 4
4605 3
4616 10
6852 5
8255 2
14305 6
15792 9
6638 5
15829 10
5432 8
5883 9
15484 4
9242 8
4874 4
16272 7
5660 10
2599 7
3108 8
6755 9
15411 3
2872 8
7160 3
14515 4
6499 8
477 6
4313 6
16054 10
15318 3
4809 2
5492 6
9778 4
15276 8
15485 2
15968 8
6480 3
4474 10
14019 5
2447 3
16379 7
6963 8
7376 6
12815 6
15014 5
8647 3
14158 8
1960 8
8220 6
5704 8
9933 3
12435 10
13518 6
225 9
9715 6
7463 9
16153 7
265 3
1584 10
7492 8
8914 6
3299 7
9463 2
11249 6
11806 3
4905 3
4669 9
16 3
7770 10
2907 9
5044 6
5691 7
10804 5
7572 7
12766 3
14803 10
8283 8
6294 7
9719 4
2769 10
2960 1
9198 10
4661 2
6193 5
2631 8
12330 7
14016 2
15871 10
13709 10
1233 6
3074 4
1891 6
4531 2
11978 6
735 9
15155 3
9217 9
749 9
14481 9
12830 3
13895 7
5211 10
10146 8
10504 3
3479 2
5832 10
11173 8
12102 2
16267 8
831 10
7704 1
2036 7
7432 7
1906 4
10546 6
11051 9
11988 9
1121 8
9793 9
459 1
3803 1
5456 9
7790 10
11582 4
1052 4
11047 6
11346 9
12457 1
8925 10
7417 2
7960 9
10709 4
8875 4
4475 3
6578 1
14383 3
1309 1
15638 2
4206 2
9114 8
1312 1
11044 2
5975 3
5243 10
10457 6
15165 4
4092 10
7461 9
14111 5
14567 10
3029 7
13320 4
7381 3
2662 2
5867 9
6511 7
214 7
592 2
1205 6
3378 6
12070 9
11048 7
7577 6
8574 7
15205 8
12259 6
13293 4
441 9
15985 2
6648 1
7286 3
62 2
10919 2
12132 6
2736 5
2249 6
2733 5
4495 2
15653 10
836 2
11807 9
6181 9
4106 10
7303 6
8993 7
15639 6
9118 1
6169 10
1737 2
3416 5
15397 4
115 10
1187 2
10149 9
9738 1
6879 1
11344 4
6741 10
12699 6
5612 3
16176 7
2736 8
11391 4
3882 1
526 3
10953 4
7652 2
7602 4
14075 1
7164 9
7254 4
16002 10
1559 1
15707 9
15430 10
2567 4
2685 1
12812 3
5193 3
15608 4
8668 10
7419 2
8848 6
9402 7
1307 8
4194 1
16349 10
15454 8
8549 2
4668 6
7278 7
3159 8
14082 8
5058 9
156 1
15730 10
830 7
5806 9
1992 10
3822 5
4675 2
10498 4
12509 8
2337 10
15009 6
7856 4
4724 9
8751 6
8349 7
7000 4
1703 10
9063 7
11797 4
14869 2
3076 2
8109 3
10746 7
11447 2
13356 8
16206 8
13150 2
2040 2
9268 9
9947 9
2009 1
3233 4
12780 7
7352 8
15661 5
9060 5
14483 9
10569 7
11360 2
10678 3
9740 1
15254 6
9705 10
1868 8
1953 6
7973 1
12019 5
1698 10
13708 5
6789 7
9805 7
16104 5
11731 8
4606 4
2967 8
14919 6
7177 10
6862 4
6989 3
7223 9
11192 4
13129 9
14056 8
9005 7
4741 8
1747 9
10779 10
1880 8
15930 7
7299 7
11541 2
8204 7
11656 5
6079 10
4073 10
12776 5
1741 4
5071 1
14762 5
2564 4
13415 5
3981 1
8462 7
7776 7
8433 2
14842 9
15150 4
10034 8
4532 8
4540 8
15830 3
4761 4
9311 4
11555 10
7513 4
11173 9
7665 2
3709 6
6928 1
356 1
12737 6
7865 7
2886 8
5259 10
9651 2
4306 6
6603 5
7016 5
8179 5
4719 5
9343 8
11674 9
15271 4
1293 9
8424 10
16111 8
2811 6
8530 4
11306 9
11309 8
2410 6
3183 2
5771 8
9579 4
846 7
16238 8
5198 10
14313 6
4553 5
15804 9
303 2
10021 7
13838 3
2502 9
1810 9
6557 1
11900 7
12984 6
5360 8
14270 7
2277 9
11590 3
11049 6
13396 2
3221 2
14257 5
2141 5
2455 4
3973 4
4430 7
7768 2
7807 5
7993 3
10066 9
12593 7
12805 9
15094 6
12292 7
5432 1
2665 8
6444 10
6547 2
9128 6
12327 4
14219 7
930 4
6385 7
3837 3
1544 1
5012 10
1621 6
8431 4
7402 10
14589 3
2814 7
2973 7
3764 5
3378 7
526 4
16134 7
8670 4
1789 6
5453 8
11273 4
13157 2
15021 6
13675 4
7244 1
78 2
226 3
5000 9
15112 6
7306 8
11808 1
12452 7
1474 5
3917 6
14644 1
13835 2
3204 8
13775 7
11338 4
15418 8
3287 4
3445 5
5728 10
7400 3
12365 8
5113 1
11886 9
552 10
857 6
1414 9
5447 4
8919 5
9155 7
9415 5
15841 9
10882 8
6063 10
5572 8
8388 9
10219 10
10339 8
10426 6
14312 7
15333 6
4946 5
5920 3
6935 10
12769 10
5491 2
12237 9
2473 8
3558 8
7869 6
13841 1
8918 5
7392 6
10748 2
7906 8
8224 5
3183 10
4474 9
1806 2
15186 3
2243 1
7302 2
1010 8
9978 5
9573 10
11607 1
3332 1
10767 9
9706 1
3946 4
9893 6
5408 6
1686 2
7919 3
2758 6
4334 7
8175 3
10277 10
5831 1
12250 6
6384 7
10838 8
299 2
5341 3
7821 9
4141 5
12527 9
8640 6
1437 1
1707 4
15967 4
6520 8
9675 2
13788 2
243 5
2121 2
13213 3
112 9
5028 10
5262 9
13799 6
14657 6
8253 8
3604 8
7160 2
5103 6
9403 1
13375 5
6005 2
7256 10
8767 10
7508 9
2412 4
4886 2
7721 2
3277 4
7217 6
5957 4
13061 3
16343 9
9398 9
9420 2
8280 2
2895 6
6039 8
15617 2
1705 9
8772 3
14210 9
6942 8
10785 6
10023 2
13660 3
13585 2
14913 1
2677 6
5028 3
9846 1
14289 8
141 3
7450 3
4629 9
15289 3
11389 5
15576 2
4840 5
12813 8
15911 7
9384 6
10797 8
16 10
155 7
1043 1
11814 10
12161 9
6901 3
12593 2
12856 1
4557 6
967 5
4069 8
9925 7
12688 10
284 5
604 5
1212 3
1538 4
10456 4
7227 10
11385 7
3474 7
5378 2
13331 8
14525 4
12924 5
3646 10
9815 10
10056 6
4648 3
13612 10
4538 4
4243 10
12780 1
15246 2
1432 4
16070 8
1947 7
10576 9
3795 7
14715 2
15878 6
12382 3
926 5
1376 7
3057 7
4249 3
8176 2
2638 7
15722 9
13633 3
8752 1
7892 7
16172 7
11892 1
980 3
11049 6
2115 6
8092 5
15717 10
7396 10
7344 10
9628 7
1580 1
413 1
349 5
3842 10
11562 6
14995 5
15443 10
16050 6
13277 2
2101 10
7332 6
3796 1
12546 8
13714 9
15403 5
15866 6
1321 6
1376 8
14156 2
8367 4
4563 9
3417 3
7510 9
14903 1
7423 7
3417 10
6372 6
4732 9
7582 2
8976 8
13487 6
585 9
14812 7
4263 2
3773 1
8676 8
15790 10
4026 4
12094 1
1845 7
8489 1
6187 10
1496 8
15080 2
7499 9
3119 3
10728 9
15477 4
479 3
345 2
10623 9
2658 8
5246 9
6045 7
7492 3
9968 5
5453 6
1195 3
2612 2
11456 6
4798 3
4333 8
11375 6
5482 5
6369 7
14402 5
14486 4
14874 3
1139 4
15366 2
15408 9
1336 3
14640 2
462 1
4584 10
13583 8
3881 3
6435 2
4666 10
16114 10
14031 7
10482 4
4979 6
5131 7
6416 7
12241 3
13185 5
6846 8
3308 2
3544 8
13344 8
7721 10
14377 10
15306 8
16228 10
11948 10
15372 3
15804 6
13900 7
5833 5
578 1
10526 9
15049 2
12460 3
7738 5
4830 7
8098 9
10436 7
4819 6
15887 8
15409 10
2506 9
2704 5
10819 3
8859 10
15731 8
4018 7
12230 2
3920 6
4942 8
8476 7
11065 7
12166 1
119 6
12876 5
1505 10
3354 9
11779 10
15795 8
16200 5
16364 6
15509 1
3311 7
12946 8
384 8
5684 1
7808 6
283 4
8239 9
5127 10
2795 4
15776 1
3949 8
5884 5
10404 4
5954 2
12113 7
7549 5
6440 10
4853 2
12267 7
14070 8
10968 7
8909 8
11603 9
1420 10
1723 6
6076 2
4289 3
13232 8
13856 3
10691 5
1843 2
15031 4
8024 4
13647 6
14218 9
556 3
2155 5
7723 5
15554 3
16093 5
8957 9
15570 10
16129 3
1643 2
12637 4
1526 3
7142 8
2968 3
6098 2
10385 7
13476 6
5208 8
14048 2
10318 2
5392 1
1407 2
6860 10
7736 5
7470 7
4828 3
8610 8
9142 1
11062 8
11349 2
676 9
1817 5
9212 7
4879 3
16279 1
9937 10
11683 4
2011 10
2333 7
5527 5
11589 6
11217 8
3542 5
4840 8
10251 10
11611 7
2641 6
241 3
11685 4
15810 8
7861 6
8866 8
15702 10
13729 4
11467 3
10116 1
14226 1
2912 8
4276 6
11718 7
530 4
15079 10
8633 9
3059 7
913 3
4036 9
1234 10
6124 1
6720 3
9173 1
482 3
2263 7
1059 8
10974 4
7390 3
5203 6
5970 1
6030 8
8894 6
9530 8
2200 4
15098 4
3868 2
5647 9
9177 4
10508 8
1467 9
9783 8
13523 6
934 6
9244 4
9865 9
11456 6
15779 3
15814 6
1413 5
9573 5
11480 1
13626 10
6135 10
1734 2
13017 1
1165 10
11730 2
4967 7
9104 2
700 2
932 3
8573 5
14069 2
1251 6
5565 3
15452 3
7583 3
878 2
3918 6
4020 3
11921 6
14999 6
10754 5
1717 9
2321 3
636 8
5471 4
7633 7
8219 6
4935 3
10197 7
15446 2
14684 1
2080 5
2998 4
6479 5
10410 3
332 2
10611 7
12732 9
7255 4
11529 5
15564 6
8831 1
11578 9
1133 2
10601 1
8789 3
8816 9
4988 1
785 3
11562 4
15292 5
9637 9
59 8
6580 7
2385 7
9064 1
12902 9
11824 8
1795 5
7877 5
7481 3
12114 8
3746 3
11178 1
11585 1
2710 7
10143 6
14800 3
5255 8
8000 4
9283 3
14022 4
11182 4
12007 4
10870 2
4415 8
4882 10
5586 2
8403 4
10139 5
10357 5
16216 10
13807 2
5487 10
9369 5
13822 10
2373 7
9008 5
13767 10
10794 5
8324 1
11136 4
5026 9
1913 5
1299 8
6570 5
11100 1
16121 9
14067 7
10814 7
7456 1
5390 3
7747 2
8456 5
13985 6
14717 7
16191 7
452 1
7339 3
11129 10
2592 3
5841 5
878 6
5677 4
7570 9
14302 7
897 8
13312 8
6233 7
5417 5
4303 10
4956 9
16034 10
7133 4
2724 6
5266 7
6178 8
7747 3
499 8
9080 1
14004 5
3226 1
4437 8
4488 7
16163 10
6579 2
2363 4
6096 4
546 10
15890 5
11622 1
1901 7
157 7
458 9
8104 7
4098 2
12541 9
15647 1
9212 1
11083 5
14448 7
13038 4
7148 5
6296 5
11991 5
15589 5
4441 7
10961 4
11355 1
12844 3
8149 7
11293 4
13753 5
14872 10
11431 8
13799 5
3721 1
4036 10
7563 5
9236 7
9264 8
12269 1
16131 2
554 2
1220 5
1199 4
11940 10
2107 5
10691 10
13113 10
13339 3
15529 10
434 5
2595 3
853 6
8380 6
11290 10
13156 8
16022 9
14129 3
13036 8
5320 8
6691 6
3594 8
4594 6
8532 10
14453 6
15262 9
16069 9
8377 9
6114 10
13240 2
6766 6
2364 6
886 4
2788 10
2805 10
5211 9
10223 1
11666 3
12422 7
13430 9
704 8
6164 5
5984 7
15596 8
2889 7
4078 10
7418 9
15924 9
1790 2
9294 8
5185 2
3962 2
5181 4
7588 3
10033 7
13097 2
7198 4
11960 6
7552 10
15413 5
4467 2
1769 7
15298 6
12216 1
3567 7
5050 3
14197 8
8643 9
11989 8
7203 1
5292 10
2084 4
9442 9
13411 9
844 10
15786 8
15499 8
8243 6
13606 7
14533 10
323 2
14035 9
14103 1
15501 8
818 7
4607 7
14092 7
14591 10
8210 3
14752 2
8328 6
5093 8
5324 2
14559 2
16233 6
9526 10
3135 6
7589 4
7595 1
8765 7
14049 3
14447 3
15867 6
9487 4
4608 3
4045 8
6127 10
11627 5
10448 6
12789 5
13696 4
11231 1
2200 8
1197 2
14515 3
3580 7
4651 1
7310 9
9345 9
14184 9
1570 10
4827 3
12328 8
15810 8
6829 10
9770 10
2136 9
1144 1
9202 1
191 4
1168 10
8496 5
6620 8
7846 4
12098 10
15226 1
10093 4
5289 1
7006 1
3034 2
8119 5
13590 6
16294 1
3203 4
7627 1
2918 1
4681 1
11952 7
8862 3
10979 9
12814 1
5154 7
3998 1
4101 7
4502 9
8007 8
14399 2
2770 9
5582 7
8500 5
7381 1
13137 7
2722 7
8485 10
3209 7
4136 2
6297 6
12778 10
66 9
12236 8
1181 3
2169 1
2299 4
8287 1
12263 5
14259 7
13019 9
10659 6
10215 10
14190 10
213 1
6543 8
9496 10
3875 5
11888 10
6959 1
8923 3
15928 10
574 8
1978 8
15337 3
4182 5
13102 4
498 10
13278 1
3629 8
12841 10
2933 6
3251 9
5334 7
5645 1
12575 8
4767 10
1702 8
9573 8
3873 2
5156 1
15844 8
10554 2
12414 6
9685 3
11296 6
4549 1
138 5
8120 8
13697 8
4294 8
11687 6
3406 10
13077 2
5976 2
3293 3
10229 5
12089 9
15035 7
2128 5
7313 4
14029 6
30 5
12903 10
12076 10
6264 8
2189 2
14333 6
866 8
10136 9
1418 8
5602 9
15918 7
13878 3
2179 7
5340 10
7575 10
14044 1
10850 6
6439 9
7040 2
572 4
829 6
13491 1
3483 10
1020 8
12501 1
15041 8
15142 7
555 2
5950 3
11961 9
8324 8
450 9
1471 2
11334 5
622 6
1619 6
3963 4
9226 4
1705 8
306 5
11058 3
4182 5
4378 1
11522 6
13885 2
7459 8
14836 3
13096 5
5217 7
14920 2
7784 9
2754 7
12974 9
970 7
7891 3
6378 6
7325 5
15971 8
7077 3
11067 3
2951 4
2998 4
4475 8
4493 1
14413 6
1641 6
8810 5
6194 4
4568 1
6894 4
2455 3
3591 7
14173 1
14271 3
16148 10
10509 5
6637 1
8255 7
8088 7
7923 7
14674 2
9694 9
4445 1
6241 3
8168 5
12230 6
10119 1
7442 3
16142 10
16177 9
3102 10
14300 8
7569 1
3078 8
14693 3
2867 1
7853 10
1553 4
1669 6
10632 7
5703 9
7725 10
356 8
3186 3
5580 8
5706 7
7872 6
15898 7
10452 4
1057 1
5599 2
2531 10
10026 1
8909 9
10671 2
6909 10
13719 10
4373 9
7805 3
11277 3
14780 1
7286 6
516 6
11401 8
2943 6
4165 6
5493 10
15189 8
5511 7
3547 7
12107 10
12423 7
14940 8
15930 3
8462 10
10187 6
8768 6
9482 6
10779 5
11742 10
14113 3
14445 10
427 6
11668 9
13044 8
8027 5
5186 6
8861 6
10389 4
6830 4
5301 9
2108 4
13452 4
2643 9
2788 10
4506 4
9051 4
1831 7
12858 9
3350 4
9890 8
3825 2
9612 4
323 7
4062 6
3065 3
11594 3
16298 1
11621 6
11116 8
11896 2
10086 8
3107 2
12774 2
258 5
16007 2
9272 7
12166 7
8647 6
3393 4
16187 3
15037 3
4236 6
7266 6
11508 9
766 4
2523 2
1672 4
4582 8
4718 4
8505 2
16317 10
950 4
9705 10
3321 3
3163 9
13248 1
14022 6
688 5
9887 8
3020 10
6043 3
12023 3
4069 2
743 7
520 9
6408 9
8447 3
3976 4
5656 8
6139 5
1621 3
11441 4
14375 4
9672 9
7421 2
5214 5
10302 4
13787 7
6129 7
5961 2
1821 5
795 9
3280 7
7073 10
14229 6
13708 1
6494 3
320 10
13437 6
3372 10
8217 3
10674 6
9610 8
12597 10
11562 10
15564 1
5096 10
15396 1
4085 8
15413 9
6917 9
16286 5
3287 8
5510 2
5660 7
10845 2
12547 9
6058 2
12787 9
12187 5
3407 7
206 3
11300 10
8888 10
10757 7
5238 6
12311 2
15122 8
9299 8
6320 6
7410 10
11645 2
12833 1
3217 6
6980 1
4771 2
5097 10
5916 8
7375 7
10573 3
11684 7
15450 2
15719 1
1362 3
2747 7
7481 6
10811 8
15835 4
582 3
14220 8
638 7
6417 4
6356 7
1249 6
4500 9
9935 5
6993 9
7663 5
9113 1
4606 10
3591 9
10097 3
11384 9
11472 3
11869 5
7813 7
16088 8
13271 8
520 10
12368 5
16278 4
2066 6
6865 6
2860 4
5098 5
6948 2
10310 4
13380 10
13694 5
16144 10
3419 2
10017 4
3218 6
4963 2
5498 8
2092 10
11963 6
7817 10
5218 10
9911 5
10974 9
12842 4
1529 10
2804 7
10497 5
2524 2
3168 4
10183 5
5408 9
3794 9
7758 1
3959 8
11552 10
6780 4
7773 2
12668 3
14884 4
2403 3
14491 2
6017 8
15353 7
10859 5
11660 4
14540 7
12897 10
9872 1
12335 6
585 4
14536 2
733 7
8151 7
11993 9
615 9
12513 7
455 2
7097 4
2256 10
6709 6
12658 5
478 5
5733 8
2926 6
8393 9
12939 10
5874 10
9080 6
11461 2
949 4
14160 8
7707 4
3821 6
3270 7
11468 1
5992 4
8055 8
14567 6
3426 9
5425 5
7775 5
9197 6
13530 8
5746 7
9655 8
14571 6
4853 5
1162 8
1427 2
1589 4
8124 6
1384 10
12200 3
15306 6
3169 1
6924 3
13893 6
12297 1
11350 9
8449 8
13622 10
9811 6
1338 9
6017 3
3831 3
8203 1
14484 9
1365 3
15973 5
9202 1
3986 1
6094 5
8297 8
8958 4
11359 8
12253 7
1757 7
2761 4
2781 10
14381 1
6042 2
9085 2
11157 2
13745 5
15721 8
4104 6
8116 1
9390 2
13605 1
488 8
13734 8
5101 5
12251 9
5109 8
6066 10
13123 10
8368 2
3920 6
362 7
10378 10
2078 9
14278 2
6751 9
9014 4
1655 8
2821 3
3156 2
3404 7
13304 7
6131 4
15925 9
2945 10
6865 7
12130 9
14139 2
14507 3
1702 6
15869 10
11348 8
4907 4
5967 7
13785 5
428 1
4546 5
12399 10
6684 1
10391 8
2780 8
13962 1
12121 5
2015 6
10021 3
14051 2
847 2
10059 5
14121 2
2721 7
13391 8
13845 10
9518 4
6813 8
3927 2
10280 2
4880 9
2258 9
5572 3
5946 3
6149 10
13297 8
13887 8
14852 10
15353 6
11104 2
7398 3
14276 2
2181 4
4402 3
10509 4
12986 5
13818 9
1662 8
12405 3
627 7
9026 9
7675 4
3364 7
15633 6
14661 3
3359 7
318 2
10464 7
11003 5
16119 5
15688 6
7463 6
3860 3
4122 10
5964 9
13100 8
15868 6
5408 10
15052 9
2180 7
6840 2
7737 2
2153 3
3048 5
5028 5
2985 1
4810 10
10316 8
10363 1
14306 8
14069 1
15329 1
15437 7
7183 3
5943 8
8532 9
8930 10
10578 6
7917 10
11269 10
1440 9
7248 2
68 10
9422 10
3464 7
4041 3
5125 1
14109 8
10303 7
7517 3
15617 7
16115 9
973 4
2346 10
9241 4
3007 4
9126 7
4794 8
15370 7
3019 1
2607 7
11915 6
11099 2
8867 1
16149 4
16248 8
237 7
5780 2
445 8
4917 1
10512 1
4231 10
9103 1
14286 6
5573 4
7788 6
8712 2
13934 8
4768 1
2042 2
13539 9
7674 10
15570 10
15857 2
15662 4
16205 1
14900 3
13581 3
6849 7
14723 1
2791 5
12562 2
3303 5
3521 6
4002 1
10818 8
11345 7
11848 1
284 1
13222 3
85 7
11830 8
12601 9
15651 8
21 2
1216 3
1866 8
15857 3
3288 9
8594 10
7146 8
11621 3
925 2
11220 1
6596 7
9310 10
9712 8
4082 4
8811 7
10486 10
11702 5
10286 4
2290 9
15026 5
133 1
3211 3
11188 6
11015 7
6064 5
12266 10
13336 3
6419 8
5601 6
6566 1
7878 1
8368 2
690 3
4147 4
10006 7
13072 9
14021 1
6667 2
11817 9
15472 9
10604 3
194 1
6329 6
8264 2
10837 1
6734 8
12479 10
1007 1
6230 3
10265 7
10602 1
10957 7
11908 3
11332 10
12389 5
2940 4
11760 6
5193 5
4601 7
972 5
13230 10
5860 6
4312 6
4370 3
9533 8
12003 9
9565 7
5235 9
4825 7
21 9
4959 3
16379 5
9081 10
2028 9
8562 1
11672 10
13994 5
1696 10
14316 3
5878 2
9320 8
1005 8
16144 6
14014 2
13284 1
12005 6
8714 8
14410 9
14912 9
1466 4
7971 10
5883 8
2371 4
10068 7
3403 2
949 4
7897 9
7472 6
13837 9
9386 3
5877 10
6826 6
12800 8
6681 9
11257 4
3415 7
5742 9
5779 9
6136 9
8881 4
14728 3
6378 7
10440 8
13493 7
15927 7
8914 2
7080 1
2949 10
10688 6
6468 9
14406 2
15606 1
10016 10
13043 1
105 6
2123 6
2641 6
8357 5
4220 5
7745 7
12838 8
13654 7
14530 1
412 3
1364 6
1440 7
12304 2
9180 5
515 5
760 9
1061 9
1381 7
4036 4
2333 4
3014 5
1222 9
4073 1
6721 5
5517 7
4702 6
9627 5
2066 1
3119 1
3728 9
3779 3
4075 5
5564 3
10432 3
11060 9
1599 9
9743 3
5695 4
9551 3
15779 5
3507 4
7964 2
15061 5
13279 4
6476 6
10366 8
1700 1
6631 5
14082 4
7126 3
816 4
1067 4
16101 7
7089 1
495 5
6467 8
6192 9
8197 9
9548 4
11455 9
1796 10
13454 3
12639 8
5201 3
10196 10
10588 1
15469 5
416 6
8885 5
14813 9
2380 1
7388 4
5216 9
9802 1
790 7
3117 7
5542 3
9810 6
10338 9
1137 7
6333 5
7443 10
4297 9
15831 8
549 8
1955 6
1278 8
15191 3
16010 3
9363 6
2795 1
3187 3
4229 4
7614 6
13025 7
13585 6
14032 4
16176 5
7971 6
3280 1
14661 1
2633 9
819 8
1462 6
4083 2
2659 9
5075 4
8184 9
7570 9
5539 10
2577 6
4081 3
4702 1
8254 1
14823 1
1648 1
7084 4
11267 2
8610 1
7480 1
8471 8
15558 4
834 1
5119 2
6040 7
5966 3
15626 7
16334 2
27 5
4825 3
12221 5
10857 5
8625 10
5921 6
9143 4
11492 7
8803 7
12177 6
6959 10
6432 10
3081 3
9977 8
14458 10
8580 7
7116 2
3434 4
11305 5
10908 4
9059 9
7098 9
13558 10
1007 4
2043 7
3300 8
11534 8
13207 10
11292 5
14223 1
16327 3
628 2
1097 2
9918 1
13561 2
9462 6
7054 7
9896 7
10395 1
11974 3
1991 9
16184 8
3047 1
5587 9
12324 5
1501 7
16104 10
5781 5
4084 3
8808 10
9921 4
12969 1
461 9
15960 9
7859 4
10758 4
12368 6
9746 6
3725 5
9297 10
9938 1
6515 8
10717 2
599 4
7796 2
8115 4
4327 10
86 10
3737 7
4576 1
9378 8
10231 3
10418 8
357 8
370 8
15529 9
2802 4
6148 5
6391 1
8410 2
12156 5
16339 9
4963 5
8630 7
4571 2
12578 7
2238 3
5205 7
10010 5
15780 6
12520 4
360 4
5250 1
2141 5
14162 6
1672 7
5547 2
7052 1
11735 3
5171 4
7879 4
12335 9
13303 7
14559 5
15721 9
13396 8
1019 5
15774 2
677 3
12836 7
7801 7
8502 3
3892 10
2479 8
5706 10
5963 3
11448 8
12595 6
12803 6
6386 5
8096 10
6414 8
5384 6
9428 3
10748 1
14209 5
14277 2
1700 2
4011 7
10125 6
6237 2
15669 3
7824 8
11271 6
14639 5
11061 3
3875 9
5792 3
9499 3
11264 5
1974 2
12527 3
13715 3
12428 3
6688 2
13758 2
2026 7
5050 6
4727 6
14401 6
3909 8
10261 8
15371 4
188 5
7427 2
14772 7
6786 7
8595 3
10206 9
11147 9
15594 5
1272 6
7832 5
5114 1
5936 6
7259 5
15377 7
2778 5
10242 5
653 7
3678 9
12253 10
349 9
4682 4
2801 8
8722 3
5577 10
7845 4
1218 5
1421 5
4228 6
4479 5
13333 3
2509 5
3129 9
5963 5
7183 7
3639 3
8478 10
14437 2
7432 7
10980 10
11154 10
12406 8
13785 7
5063 5
12586 9
3741 4
3754 3
6165 6
6314 10
9975 4
15389 8
4779 1
11729 3
2835 9
3906 9
6384 2
8509 4
3512 1
11041 6
359 7
2110 3
10134 8
7984 3
8194 8
13589 10
14029 10
14448 1
701 3
14436 10
8332 7
7622 8
15659 2
3229 5
7596 6
2940 7
3632 6
14549 4
9579 3
7497 1
7942 6
14784 6
6354 8
4321 7
327 10
2121 1
13935 2
14061 1
14294 4
4763 10
10630 9
5169 5
6412 10
10665 5
13316 4
1134 10
12188 8
15117 2
2717 6
4984 7
12789 8
6843 7
14366 5
7471 9
8530 8
10482 7
12679 1
1396 5
8625 9
839 10
2906 7
15496 8
14863 1
13264 8
12701 3
3851 4
5908 8
6474 10
14774 4
603 7
1348 6
3050 7
13006 7
4718 10
7117 5
9609 6
13490 6
11595 2
3508 6
7621 3
9726 6
8433 2
15831 3
12377 8
506 1
5827 3
9571 3
1517 4
1928 6
2005 1
5328 7
6529 2
13696 2
4332 2
12533 10
10951 4
3792 8
8445 3
8539 9
10154 4
14137 6
1287 1
15084 2
2355 9
14377 1
6248 10
8079 7
14745 8
2729 2
9542 3
14198 4
6560 4
4471 5
13264 5
14694 4
14466 1
11190 7
10433 8
6618 4
12382 8
10690 8
3041 5
3215 4
12119 10
14699 10
3473 1
2769 2
3854 4
7009 8
88 10
2804 1
15397 5
2269 2
2876 10
5592 8
11787 1
13198 2
13573 1
15251 10
13757 8
4293 3
3082 7
853 10
7913 6
211 9
3981 7
9270 8
10959 10
11061 8
12484 7
1115 8
6974 9
11791 2
4155 10
8911 7
5333 10
1437 8
1950 9
10993 4
15793 10
10146 10
13498 1
9376 3
5079 9
1812 5
7713 8
5395 1
11679 1
9880 4
2450 2
13654 2
16136 1
15191 10
5425 3
12543 7
7877 2
10643 7
12854 8
4803 4
9149 4
4320 6
7441 3
1014 4
15220 6
2198 8
1846 4
2207 6
7193 2
8442 9
16319 3
16355 8
2589 6
3262 1
8182 8
853 1
1153 6
9576 7
10970 5
8680 1
2428 1
3305 1
4695 6
10852 8
12951 6
14656 3
6767 5
9563 5
44 10
14101 4
15059 9
4557 2
5631 4
5938 10
13150 1
16352 8
11863 4
2551 9
8657 3
5855 6
4319 1
9883 9
11668 5
8416 7
5498 2
15829 6
14806 10
7115 5
11749 4
12817 4
9536 7
7082 4
10112 4
4515 6
4887 2
8813 1
10862 1
12361 1
14726 2
1930 10
5490 3
4973 5
5915 2
14231 9
489 10
1198 1
1534 2
3657 5
10101 2
10548 10
8987 2
9620 4
1082 6
2432 5
5020 10
9482 5
9939 7
12475 3
954 7
14384 1
9793 10
10838 6
9104 4
3255 3
1515 9
13378 2
11921 5
7565 6
4036 1
10180 1
13051 1
2753 7
11618 7
2554 5
3400 9
4988 9
5568 4
387 7
5199 4
11930 6
4681 7
9073 3
10901 8
10748 3
7266 6
11797 9
3931 8
8324 1
306 8
10042 6
15267 1
8752 3
7451 7
7718 3
9503 6
10737 10
1765 10
2768 8
6078 7
7383 8
11069 8
12876 5
692 8
13344 1
12497 7
15088 4
6182 2
13224 6
5098 9
4930 5
15833 3
5266 10
11390 4
10876 7
7974 4
9578 1
3519 3
7038 6
2797 4
11633 7
13988 8
15493 3
9993 2
4284 4
6403 2
10740 1
15186 2
16187 10
844 6
12042 9
1836 5
8970 2
8868 9
6181 8
6528 3
8460 6
8489 8
13270 10
14807 4
15932 5
1900 4
16184 2
12114 1
5260 4
4428 9
5839 10
8411 4
9174 5
9313 3
937 3
14859 10
11583 9
3192 2
6376 10
11164 2
14137 6
2053 3
14451 2
9316 1
3138 10
4558 8
8187 8
11087 5
1305 9
2475 9
12447 7
7143 10
11750 6
16322 1
55 8
549 3
14873 3
7879 7
3916 1
8509 8
5647 4
7383 2
16142 9
8305 9
15167 5
14256 7
16271 7
6739 8
7438 4
1762 6
10270 10
16090 7
7203 2
11069 10
7665 9
15657 3
5277 4
6409 8
936 10
2252 4
13742 4
16346 7
8910 1
2625 6
15457 4
9832 2
2547 5
4394 3
6231 3
15449 7
1380 5
14748 1
11689 1
15064 8
6289 2
14381 8
1628 1
1742 2
14925 9
10889 9
2057 1
6468 5
9416 6
1499 1
5982 1
13217 2
4398 4
6874 5
13912 3
14765 3
2001 6
9514 9
12447 9
2732 8
7922 6
9846 2
10462 1
15622 1
11987 4
10185 1
10104 4
5479 7
9372 3
2325 3
7361 4
6001 4
4502 8
4812 1
9352 10
11346 6
5522 4
10349 8
5256 7
11011 4
11652 6
5670 3
15754 10
12574 10
16119 10
5840 2
11227 1
12220 3
723 9
13087 10
4789 8
1872 5
11280 3
2689 5
10708 6
6670 8
8239 5
16029 8
2722 9
12321 10
2904 10
2969 4
6443 8
14979 9
817 9
3600 5
3219 4
8896 3
2541 4
7891 2
8960 6
13071 9
7054 10
1632 1
8988 5
11487 4
8846 3
14195 9
10496 3
5843 10
8672 1
10562 9
8065 3
15243 4
3250 1
4538 4
5513 7
8642 10
15554 4
6129 6
780 2
8161 3
6898 4
13338 1
1856 9
8548 6
14694 3
14369 8
16268 2
14230 6
1429 2
680 7
3920 9
10467 6
11241 7
15943 2
13316 6
3978 9
3770 2
9151 6
11025 1
7360 1
6925 1
8155 5
12196 9
14917 9
11842 2
5423 1
14274 3
1719 5
2035 5
6382 8
8689 7
1454 3
7146 9
4755 8
16269 10
11893 2
8283 3
6077 3
4391 6
10394 5
11493 7
12458 8
5080 6
6200 6
11373 10
3708 2
4509 1
6848 9
9765 7
15847 5
9630 3
10224 9
7923 10
2922 1
9467 4
1533 1
3840 6
6959 4
8241 5
517 4
14022 2
8432 9
8202 9
14761 4
2836 1
5951 10
8600 10
6673 5
6641 3
8443 2
10475 4
14258 4
12419 6
13032 1
5050 8
7878 9
8117 2
8390 1
12167 6
4240 1
4855 5
5273 7
5288 2
12518 4
1222 5
7828 7
7470 3
13240 7
8272 3
14335 10
4708 8
7881 4
8726 8
13706 1
9107 1
603 1
1964 3
8611 6
9065 5
12763 7
8282 5
13059 5
494 10
13856 10
1627 7
14420 3
1791 5
9222 3
14087 5
12708 8
1205 5
14098 6
12669 2
6557 5
3829 3
4898 7
10933 8
1133 3
2754 8
11778 3
12458 3
14613 2
4522 1
13886 8
11305 8
10517 7
15582 7
8759 3
2748 9
5174 8
11259 5
11933 9
12165 1
12896 2
999 4
13881 7
703 7
9214 1
8084 4
3799 7
14572 5
975 7
11663 5
4870 9
1115 5
13100 2
4848 7
13055 4
15419 8
14773 8
4548 5
12718 9
14175 2
1153 3
11875 5
2988 10
12826 7
2384 6
4221 4
7521 4
13206 2
2280 10
2851 4
3209 1
5391 10
9261 10
12790 1
2422 4
16300 5
12370 10
11808 1
9781 5
8418 5
8920 9
9290 3
15735 1
16093 10
9242 5
9169 5
16057 1
845 4
6604 1
14584 8
1863 1
1011 5
2331 4
3295 9
6470 10
7142 9
7536 4
8589 7
9863 5
10586 8
10353 5
5466 8
13087 1
12994 2
2488 7
10110 10
9341 7
5356 7
4467 10
12692 9
865 4
13567 3
2641 2
4601 9
955 4
8027 5
14939 1
16065 10
16080 8
14944 4
11671 8
8010 6
8114 8
9077 3
10445 2
11585 3
12366 10
12569 10
15851 10
13 5
271 3
914 3
13317 10
5247 10
12893 9
9370 4
9171 5
10115 7
11865 1
14775 1
7307 8
10409 3
1378 4
10566 2
14998 6
1163 1
5009 5
11674 2
2879 1
4330 5
8963 1
13327 5
13694 7
2180 2
12526 1
16083 7
7021 9
6215 3
16077 10
1574 5
2745 1
9307 6
5528 7
6422 3
7420 1
1875 7
15521 9
9655 2
15760 3
4064 7
13284 2
2177 2
13773 5
13447 3
1963 7
7743 5
13112 8
12712 7
13524 6
1959 4
7245 8
11690 2
4935 4
11996 1
12290 4
9767 2
15732 9
9026 5
566 7
4038 10
13237 4
7499 10
1101 10
10882 6
328 8
15035 3
5018 3
3667 4
3891 1
4716 5
8667 9
12614 2
12783 3
12996 2
14070 8
14870 5
3671 6
15771 9
6804 3
11266 6
10740 4
12807 2
3908 2
4159 9
6312 1
9748 9
11477 4
14279 7
15410 6
13302 2
3589 7
4567 10
14501 5
1873 2
9780 9
10744 2
1482 1
7039 6
11518 3
5555 3
11297 10
16166 1
541 9
15994 6
12830 10
3177 10
5433 8
9335 6
15209 5
15988 8
10755 1
5893 9
359 8
8364 7
13030 9
15227 7
1233 1
3218 10
448 10
15778 3
6614 4
9043 3
10523 1
10835 10
1148 10
2450 7
14099 3
7452 4
12941 10
2873 2
6565 5
2390 7
11685 6
4403 5
8179 8
219 6
344 3
9602 9
11713 9
5362 4
7395 10
7650 4
15561 5
16093 4
9159 8
8259 3
9265 6
2084 8
12471 2
10831 10
3206 1
11398 2
13608 6
14692 2
15856 7
15928 3
6326 10
5285 10
1803 4
1854 8
599 10
13694 7
10826 4
12556 2
13237 9
15639 6
4240 5
15325 5
301 5
2333 2
4473 4
11509 4
15615 8
11490 1
4021 3
14362 3
6868 10
10333 10
12300 10
14214 3
13962 2
6698 9
13214 2
14390 9
1462 8
2750 6
9654 5
13628 5
14847 1
9980 8
14719 9
7412 7
4616 4
11808 1
9033 7
4051 9
9302 9
12217 8
2084 6
10392 2
16130 3
8226 10
11763 1
16380 10
5051 7
7613 4
5305 3
6255 10
6682 1
14750 5
14124 10
5608 2
5490 9
10796 5
13964 6
14502 6
478 9
6331 5
9218 5
15961 5
3234 2
5447 5
13993 9
3582 5
12148 7
12862 10
5612 10
6018 3
8382 3
6068 5
10771 9
8407 3
8828 2
12532 6
16001 5
14850 9
13328 6
4015 3
5647 5
6277 6
9225 7
15600 6
1475 10
6388 4
5216 10
6670 6
8124 2
9013 5
6506 9
9264 1
9960 4
10231 2
439 7
5474 8
3719 2
8720 8
11542 8
12199 1
10348 5
537 9
9933 6
12007 1
939 8
1357 3
9323 3
2222 3
7106 9
2485 7
10755 10
12702 10
360 7
674 3
3711 10
6785 9
11631 1
11876 2
13833 3
5891 9
8432 6
16351 4
3697 10
6588 1
10712 1
11028 3
853 8
872 3
2219 3
6121 6
6118 7
4892 4
15543 3
4969 8
10925 7
13616 4
14236 5
15010 4
15998 5
12287 6
5766 5
11371 7
12603 9
5202 7
9548 5
1539 3
5571 4
10775 2
11929 5
6237 8
10152 1
14261 7
8015 5
15525 3
12246 1
8521 1
14798 6
8994 5
4961 2
5106 8
14070 8
9671 2
4635 3
15812 4
10845 5
16291 6
5240 7
6013 2
2954 6
15596 2
16038 9
14444 6
10129 9
12906 10
12968 6
1328 4
1300 1
1021 1
13170 1
8546 10
13137 3
13162 2
2617 3
12536 7
12315 10
977 10
10784 7
8524 3
1225 8
4752 9
4772 7
12086 1
853 1
7544 2
4642 6
10412 2
11387 6
2885 9
9488 6
5912 3
11338 10
1186 5
11339 10
9044 10
6653 7
10562 6
13789 9
12824 5
14726 4
3164 9
5379 6
6055 8
7963 5
12105 10
14845 6
1182 7
14161 10
4749 3
11617 1
3312 3
4843 3
13643 9
4554 3
2034 3
16134 7
8725 5
2287 8
7811 2
9065 2
9122 1
10790 8
8958 9
12884 3
6178 4
14226 8
4876 4
5222 5
5713 2
8860 9
11243 3
13669 1
13794 9
13805 3
14759 6
7072 2
8068 8
5405 4
391 2
9111 9
12865 1
1602 5
12273 2
14380 10
8828 3
10065 3
13958 4
15240 3
12027 1
8491 8
4041 9
13465 5
311 8
1734 1
4774 4
5079 4
15893 2
7957 5
11547 5
14735 3
14328 7
3988 7
13474 7
16082 9
2406 9
2796 8
6133 1
8921 1
11199 3
13847 6
15417 7
1616 5
7933 10
12453 7
7816 9
15369 5
14091 4
7899 7
11810 2
15633 6
1606 3
8001 5
3233 5
9445 3
13383 6
16368 3
15822 1
1684 6
12325 8
9808 8
1003 6
7302 4
9799 8
11018 8
3972 7
8047 1
123 7
1641 5
7325 2
14552 3
184 1
10370 8
3655 10
6261 8
12542 8
2117 4
14259 7
11552 8
6200 5
14991 6
9662 8
559 6
11620 6
3043 9
2535 7
5372 8
5476 5
734 4
7177 7
2644 6
10739 9
12608 9
6216 6
8823 10
10810 7
5496 8
15329 9
1937 10
2432 6
11641 5
12871 7
15121 8
15714 8
15931 2
8765 2
10132 5
14758 8
1958 9
15829 10
7351 10
12475 8
10594 3
185 10
14128 1
2856 7
12165 5
13443 5
105 10
3941 9
14513 4
10028 7
4930 5
8697 2
1651 1
5168 3
10111 5
4068 1
10170 7
12312 9
14609 2
12018 7
10392 10
16238 10
2348 5
3649 8
4423 9
9964 4
14828 5
1802 7
15984 8
10464 10
13448 5
87 7
14272 4
14445 5
15948 4
2411 4
14387 8
11437 3
4632 7
10336 1
14796 9
4718 8
14397 1
8167 9
9209 9
11049 5
3326 3
9094 3
3932 4
1113 1
1461 2
2554 9
10597 1
6473 9
11396 3
15299 8
2891 5
11720 9
6742 9
1284 5
9850 5
2074 2
12124 7
11885 4
3450 3
9523 10
11434 4
13649 2
15741 2
16340 2
10757 3
2338 6
9493 4
10809 4
1520 7
1643 10
5830 2
12752 7
13095 10
1173 3
11481 2
14461 3
832 10
14591 7
2771 4
6076 4
8833 1
5346 5
12370 9
8535 1
10033 4
14373 1
14142 1
14053 3
4534 6
3756 5
12763 9
7753 5
8026 5
3498 8
8341 3
5256 5
6613 8
7120 5
297 6
8306 7
14067 7
6819 7
12232 5
13153 6
14391 6
1534 10
1718 9
13369 6
2811 9
3265 5
5760 2
11491 3
14260 5
14678 2
377 1
10836 4
8261 4
13893 3
2866 8
9749 9
12148 2
9574 8
1004 3
10075 4
4719 4
10342 7
1488 7
2165 10
11094 5
15191 10
1349 6
11669 7
2567 6
3430 8
5043 1
7908 5
14664 9
6455 9
7281 10
13452 1
8609 1
9886 5
11598 4
5483 8
15557 8
12512 8
4669 8
9123 4
6855 6
13086 6
2835 10
232 6
15273 10
668 2
8828 7
13206 10
6644 5
7532 5
11726 7
12558 2
836 3
946 10
12411 1
128 3
3099 10
6155 7
14086 4
460 10
5583 4
4661 3
8565 2
12172 6
1653 3
2238 8
239 2
5330 7
10621 4
3781 10
6131 10
11528 2
13148 4
7138 5
1439 4
14206 7
9491 7
11789 2
12402 7
14580 9
14593 10
12818 7
3559 5
5542 2
12730 3
15759 7
16156 6
1981 9
12183 4
5541 3
3694 4
4377 7
5598 1
5766 10
11819 1
15783 6
3701 5
3273 8
2709 1
8849 1
10189 6
11821 3
15630 9
154 9
1377 5
6789 9
11667 7
13780 1
789 3
3334 8
3801 4
6640 6
7463 4
1010 6
15704 10
7820 2
4393 8
12087 2
16181 2
5852 10
5424 10
2970 2
12826 2
2786 8
3316 5
1101 3
2523 1
8047 3
9009 3
272 10
6068 8
15472 9
2440 5
3453 4
7469 2
15040 7
15872 8
16117 10
13944 3
15497 7
598 4
1430 4
13545 8
4407 6
6870 5
9613 1
11581 10
13790 6
1863 4
3844 7
222 1
5779 5
5363 6
4627 6
2713 6
9183 7
8492 3
6491 9
7139 7
2615 5
7432 3
9820 5
10415 5
12031 9
9189 8
11499 10
13530 3
15236 2
2374 8
12275 4
531 6
3088 2
3738 7
11379 9
10439 7
2606 5
7112 8
4949 3
8379 6
797 1
7475 3
5592 3
4790 8
3996 9
6676 2
9696 1
154 7
15475 7
9053 2
5452 6
8950 10
10813 4
10915 7
1471 8
1233 3
7260 7
11517 9
4293 3
6767 8
9346 2
1381 2
530 3
8249 8
2822 10
5639 10
13962 2
10809 8
3057 9
11464 2
2564 4
8339 1
13117 2
5357 3
12234 6
13043 1
8488 7
298 1
10368 3
3837 5
4689 2
13530 6
15523 3
15979 5
1243 4
3518 3
7496 9
14301 7
5485 7
4791 10
5797 7
11166 1
11147 4
6275 7
4925 1
9342 2
3886 9
6071 7
6188 10
10865 9
13491 8
15901 5
12960 5
7609 4
6882 8
172 7
12165 5
8494 2
971 7
5406 7
3124 1
9564 7
1584 10
9987 2
10398 6
7723 9
7409 7
7608 6
11156 2
11024 4
16286 3
8498 4
4567 8
12443 2
3959 6
6830 5
8733 1
9244 5
1298 6
15617 8
1586 2
6548 1
1193 3
7005 6
13068 10
1810 3
4958 4
10400 7
4997 7
10831 3
14729 8
9919 10
3992 3
11018 1
10780 7
8304 3
11636 5
16238 6
9891 1
8055 5
13568 3
3555 6
4293 8
13545 7
14081 8
13854 10
4206 5
9596 5
15489 4
133 7
538 2
2125 3
15632 7
12596 7
4294 6
13128 10
3042 5
7225 4
9644 3
4526 4
3754 1
4645 1
13383 10
10111 2
13891 5
96 1
288 10
6949 3
3778 4
12122 9
6427 4
13181 2
518 4
5802 7
9417 5
12773 4
2886 6
6760 7
9009 10
9348 7
14889 4
706 8
757 2
15193 9
8976 8
175 5
312 2
6950 7
8557 8
6980 1
2169 4
12807 5
15660 1
11231 9
4746 9
3006 4
14044 10
73 6
2003 4
2201 2
4023 7
816 5
1796 7
10995 8
2987 5
5196 10
8223 5
12263 1
15384 4
4131 9
15920 5
14517 2
12401 6
11920 5
12394 4
6643 4
16010 2
2538 10
2921 3
4332 5
4388 1
1697 10
9305 10
5292 5
15370 9
3417 3
12088 3
2270 6
640 4
3655 6
12089 4
3651 10
1470 2
4886 3
4968 8
6516 3
6681 6
8930 9
9455 1
15030 3
11473 10
7256 1
908 2
15163 8
3069 1
8313 3
9375 2
13989 8
8379 8
13018 5
11690 6
13925 8
7927 3
8260 5
9840 2
9113 7
2577 7
1073 7
9966 3
1120 2
1262 4
7149 2
11522 3
2694 1
7290 3
8734 10
12002 3
12050 6
752 4
10956 10
4951 1
5323 3
11899 5
9815 6
14970 3
142 3
808 3
11487 9
13112 3
13914 2
9805 9
16250 8
1969 10
14789 4
11619 6
6813 1
12844 4
2976 8
4963 5
5750 8
9115 8
14834 10
13335 9
5817 10
6513 4
10852 6
10378 5
9140 7
2262 5
2492 7
5344 4
10538 4
10683 3
13122 1
3094 8
5951 4
8332 4
10203 10
2820 4
5040 2
11390 2
12898 5
16352 7
7023 2
7690 6
1431 9
432 9
863 1
12515 2
3226 4
295 4
961 4
6593 10
14481 10
630 10
12959 5
3896 10
16055 3
13523 3
11785 4
475 4
5064 7
16103 4
2068 9
14622 2
4233 8
839 9
847 8
6369 2
1128 2
6713 3
2950 7
7242 7
8319 5
12115 6
13063 10
5551 10
6819 8
3672 4
5237 3
5321 10
9552 2
13115 1
13219 4
2439 1
11272 4
1419 4
536 2
2544 10
2584 9
13341 7
15119 10
3661 4
12233 5
3352 4
10973 7
12256 4
13109 1
766 10
16251 1
11315 10
5455 6
13954 6
14787 8
14859 5
11292 9
4123 10
16012 2
422 1
6601 10
11233 1
951 10
1600 3
6019 5
3286 5
5671 3
1489 7
1829 4
3765 4
10058 4
2371 6
3520 9
4341 10
6159 7
1260 1
1841 6
14386 5
7121 8
2767 2
10668 4
11028 9
14185 1
795 9
4697 4
3605 5
9277 3
9752 6
11734 9
13842 3
14190 6
16203 4
12796 5
13664 5
11459 2
4963 8
7203 8
8243 7
9447 5
12661 7
10067 6
15654 7
13559 4
7081 5
10656 5
13508 6
1627 3
13376 8
5194 3
8126 4
2515 6
3434 4
8439 5
10842 1
11910 6
14746 2
15347 5
3751 7
5309 2
7150 8
7342 7
7393 3
8709 10
12167 3
1266 9
6551 7
10072 8
1222 1
4452 6
2363 6
3435 9
1994 4
3033 6
9518 9
13977 4
15440 1
14043 5
14691 10
1186 8
9025 10
7733 4
1820 7
414 1
5443 3
8383 2
12883 10
15699 10
2302 8
12794 10
4377 3
15448 2
8137 6
4512 2
6640 5
12554 5
13499 3
14473 8
14608 5
133 9
8834 3
215 1
7399 7
4702 3
4954 10
10560 8
1301 2
10745 9
7673 10
14784 6
8476 8
11402 7
13683 6
15025 6
266 10
8015 10
5194 9
16072 3
9139 2
2791 5
5910 8
362 10
11954 6
11479 8
13719 1
2012 1
4909 8
6491 1
7035 8
13349 7
13486 10
16277 2
2995 1
3695 2
3793 4
4856 2
8694 5
13040 10
10038 2
887 9
11637 7
5079 5
7400 1
13234 9
15288 10
16134 5
6570 1
12324 6
2164 6
3015 2
7212 4
4141 5
4638 9
3676 10
4606 6
13739 2
13820 9
1816 7
14639 2
12502 5
15105 9
3587 5
4190 1
8549 2
355 8
15385 4
4298 10
10670 8
4460 9
16359 5
3918 4
9341 1
13534 4
6297 2
16075 1
6134 8
11725 4
11855 5
15956 6
10357 8
2502 10
10719 7
12015 1
2195 7
15367 3
14435 3
2910 2
7083 8
11927 10
13831 8
4263 10
4211 8
1182 3
2441 1
8257 8
15414 3
15534 9
4973 7
6388 3
12161 7
13934 1
5463 7
8133 7
8136 6
15164 9
4946 3
11917 6
4142 3
7959 1
9951 5
14333 5
1009 3
22 2
2565 3
11735 1
2736 7
4125 3
14731 1
8980 1
6243 3
4999 10
10108 5
11244 2
5669 1
10912 5
12492 6
10027 7
8842 2
2750 10
3883 3
6672 10
7614 10
7740 2
8320 7
8472 6
9337 2
13509 5
646 3
219 5
9834 4
1210 9
6298 2
10645 5
11187 9
14723 7
1172 10
1467 6
3099 1
11791 4
9108 1
7246 9
3168 2
3246 10
7362 1
8558 7
8849 7
9531 6
13119 7
7860 9
3991 1
12859 9
1195 4
5815 1
13050 7
7867 1
9586 10
11168 2
4511 3
12804 9
4949 10
14467 10
710 10
1934 3
10033 1
7921 6
2578 2
12977 3
4425 7
13450 10
3008 7
14486 5
7562 2
2496 4
5857 9
8258 5
13446 7
1310 3
1144 3
3280 3
7600 3
10571 3
10945 1
12599 5
15330 3
1088 2
2245 9
7506 9
5475 6
7569 8
190 7
11851 4
15996 9
14382 8
15695 6
16152 10
4995 7
8349 3
6572 4
7106 8
4169 10
16373 5
14237 4
8239 7
8581 2
11468 10
11706 5
1715 6
5816 9
13717 2
13643 7
16226 8
422 8
2264 4
4553 9
5243 9
158 3
9799 3
4855 6
1744 4
7812 10
10314 1
12146 6
16007 3
3092 5
9498 2
3384 9
3808 5
6361 4
8908 1
11383 2
14616 5
13186 8
5269 7
488 2
11172 5
6389 7
6523 5
11881 8
10525 3
3505 10
4161 6
4351 7
4620 6
7642 5
103 2
3992 8
15796 1
4153 6
5370 5
15460 2
11136 4
10392 6
11637 2
7176 9
8490 10
143 10
10009 10
5138 4
8630 6
15889 2
874 9
14327 7
14110 5
3530 1
524 9
1526 10
4952 4
9396 2
5757 6
6188 7
12181 3
10370 1
1198 9
2166 4
5743 3
3202 4
7244 10
5083 3
15223 9
13632 10
1546 4
964 7
1259 1
14857 4
6169 7
16030 5
9505 2
6314 2
6523 5
856 6
513 8
12322 5
10273 2
9047 10
10282 1
11730 4
15278 7
7480 7
13529 10
4190 2
8999 5
12998 8
4986 7
11824 10
442 2
5414 1
2086 1
15580 5
5847 1
13330 1
15604 4
15921 7
12596 7
13973 1
13092 3
86 4
10567 1
14891 6
13690 5
13979 2
7108 2
11043 9
16079 5
8893 6
9172 8
15269 2
2094 5
12663 10
2256 6
5330 7
9228 3
4784 8
11503 10
2605 4
11706 7
2707 5
3164 8
9476 3
12114 7
7860 9
1234 5
13103 8
10278 3
8264 6
6293 7
14581 6
14930 4
10426 3
2620 5
9698 7
13700 7
15330 3
162 7
13369 9
2985 2
2868 5
5513 7
11728 9
12448 2
12812 9
7319 1
15439 3
4978 4
7532 7
9564 7
11929 5
13062 10
497 5
2358 1
3626 6
7489 9
9695 1
5388 6
2296 5
3745 1
6926 6
14623 1
12708 9
3858 6
2391 1
369 6
11475 8
7527 7
2576 1
5570 5
6685 2
8744 9
11834 10
12144 7
12931 2
13298 2
15747 4
12334 9
3685 7
9446 5
12302 6
14344 10
5787 3
6120 2
7425 5
14202 8
2675 1
4749 5
6133 2
8551 9
10471 7
777 9
5802 8
5405 3
10039 3
9043 8
4993 2
14377 6
15692 9
11811 9
7317 10
3050 4
9905 9
1661 3
395 9
9247 8
6085 2
10880 7
2912 2
610 10
3840 10
7604 1
15422 6
352 4
15495 7
5461 10
1071 6
3462 8
10075 10
14246 10
16139 4
2081 2
2194 7
8026 4
4047 6
3040 1
7122 5
10465 8
11612 7
15742 2
8586 6
7751 10
12711 9
3438 6
3583 1
5823 5
10393 5
473 4
9966 8
11771 8
6730 10
536 6
6987 8
7166 5
7234 2
13033 7
165 1
15846 8
5915 6
11913 1
9439 9
10105 6
13982 5
6346 1
15991 10
12467 6
3359 5
8874 9
1719 4
9939 10
1885 3
16097 4
14859 8
13773 9
9471 2
13062 3
2801 1
6481 9
7698 5
8879 3
10480 8
11343 4
15164 2
15230 6
11819 6
14259 6
6547 10
9568 2
15761 1
3973 9
6157 2
5847 9
10537 1
12013 10
11433 6
6555 10
2676 2
7481 7
16341 5
404 2
832 6
1372 8
12144 7
12603 10
4708 2
7510 3
7703 10
13533 5
1651 7
147 4
14356 10
15807 3
1191 6
8076 3
6077 1
2748 10
7220 7
8679 3
9691 7
8732 4
9410 2
14076 2
3770 8
14338 5
8170 3
10114 4
3965 8
1406 1
3555 2
5139 7
5800 3
16141 9
6379 2
9611 4
6933 1
8776 1
9057 7
9258 8
11720 1
14684 2
15872 6
4256 6
9176 3
3413 4
16174 7
4256 4
7675 6
9572 9
14209 8
14842 3
1644 5
14300 3
4410 5
7802 8
10754 1
14340 2
14369 10
16346 10
523 1
10149 7
1302 8
11152 10
4097 6
1641 3
11345 1
6625 2
5795 1
13303 7
8647 9
6848 1
6121 10
10504 1
11133 3
12339 2
15068 10
1434 10
5934 2
9376 9
6481 4
6071 4
8395 5
10176 4
132 8
8376 8
3451 4
3847 4
15593 6
1732 8
7331 3
14853 5
504 8
9233 5
4561 6
5239 8
6452 5
6754 4
9963 10
10721 3
12052 9
14184 8
14202 10
1352 3
2111 9
11754 1
11323 5
8754 2
10973 8
11194 8
685 5
4223 1
2914 4
1047 3
773 4
13856 2
10309 6
12656 5
13599 7
13923 8
721 2
11700 5
695 10
15349 4
14293 7
2955 8
6550 3
7592 8
9372 5
2038 8
3101 8
3203 1
4944 8
7118 3
8883 9
814 10
1355 4
7211 9
2636 7
1412 3
5686 4
14633 9
16215 10
14076 3
1579 7
10025 3
10637 5
9125 9
8204 4
3860 5
4597 9
8921 2
5269 9
3956 10
5824 6
3710 5
4921 3
8381 6
15043 8
13725 8
2668 6
7580 2
15647 4
1459 5
2219 7
15893 1
12487 6
2862 5
7067 10
14658 5
1460 3
1539 5
14328 9
4325 1
7092 2
13552 10
14438 6
5475 5
3305 1
2936 1
11896 2
1183 7
9831 5
2170 7
4340 7
4533 9
9571 9
4554 3
7156 3
10502 10
966 7
16275 3
7996 2
3893 4
8427 6
44 5
6589 5
2701 10
11917 4
12727 9
13564 3
2902 5
3115 7
2348 7
4924 8
9829 2
10779 8
11777 1
12092 9
8289 6
1380 7
8664 7
7790 1
8084 4
9524 5
13641 2
11622 4
1601 3
14414 7
11194 6
13612 6
487 4
2894 3
3374 9
5712 2
15283 3
3780 5
2404 4
13690 1
5901 9
12998 3
9772 10
6253 9
5759 3
9980 5
11914 1
13641 10
14376 2
13772 7
4157 8
7573 5
15552 1
1359 8
6524 1
5231 5
9301 2
11820 3
16343 10
4768 1
6540 5
12566 8
2763 7
145 7
8895 9
15963 8
1717 9
2389 10
7868 10
8533 8
6062 8
6262 2
9708 5
12955 4
5524 6
8990 5
14135 8
649 7
14486 3
3420 8
8395 10
7141 5
7449 7
10097 6
11374 9
1452 9
6410 1
11358 10
12747 8
5624 7
6512 10
15587 10
1782 9
9294 5
7238 10
6940 9
7780 4
8261 3
4446 9
13070 7
12558 7
8748 8
11216 6
6567 7
4117 7
14197 7
13997 5
14042 7
880 5
4342 8
14840 6
4995 5
2048 5
3012 2
6326 1
2822 5
3397 10
6662 5
6946 3
8797 2
11734 1
553 4
2854 6
7323 3
7766 6
13040 2
13173 6
612 4
5750 9
12815 10
7685 3
3257 3
9364 2
645 9
5944 3
5964 10
11095 6
15298 4
9633 10
3303 5
6178 3
2368 6
10264 6
11078 2
9753 1
3941 2
12109 9
9050 6
4763 7
11185 10
15460 4
4346 4
4195 2
9381 7
2701 9
5928 1
10334 3
10992 1
11345 1
7147 8
3529 6
6516 8
7189 1
7483 4
9618 3
15443 8
15549 10
7192 2
12657 6
13636 10
4975 5
4575 3
7840 7
7991 9
1226 9
8894 5
15542 7
3733 9
9838 4
4637 6
10345 5
1060 6
4097 4
4797 4
7916 5
8713 4
16112 6
1906 2
9354 9
2295 1
9453 2
758 4
9065 1
12374 10
15015 10
15303 4
4166 3
1931 2
6416 10
543 3
5489 10
6890 10
12644 7
13513 8
15242 6
1520 1
14949 10
7968 6
5037 5
5232 1
5465 8
6051 5
13674 9
16199 3
1289 3
5516 1
564 3
8230 5
7603 10
6770 4
2644 8
5233 10
6473 3
6908 7
10083 4
11813 7
9914 5
14392 9
11673 2
11209 1
6915 10
7971 4
12686 1
13771 3
8942 6
10814 9
12616 3
16325 5
2813 2
16120 9
10148 1
6798 3
9344 8
16333 3
1893 10
3995 4
2655 3
8677 8
10065 6
3465 6
7212 10
9322 3
8202 1
13913 5
15766 4
11545 10
5264 2
7784 10
15386 4
1235 2
11521 4
13532 8
9063 6
2253 7
7713 3
6467 4
2632 1
4343 1
9657 9
12375 5
13521 2
6705 7
12463 4
11907 3
5648 8
9174 9
15523 3
620 1
14282 1
4885 1
5027 10
5431 2
8006 8
122 2
14559 1
2336 10
6910 2
11768 9
12779 5
14314 1
14712 6
2994 7
8629 2
10739 2
11018 9
16145 10
724 2
15434 10
6737 1
11762 4
7122 9
14634 10
2131 4
9856 2
10738 5
6608 10
14722 8
16217 3
6753 4
9386 4
16052 7
4855 7
6693 7
10625 5
3689 5
4085 4
4701 7
11843 4
3748 3
2358 10
11974 8
897 2
4824 10
6980 10
9829 6
11962 6
14880 3
9205 10
5927 2
6023 7
14767 1
9041 5
3776 6
3502 10
12956 10
3655 1
2119 5
12890 1
10893 1
15973 5
4973 10
11498 3
1231 2
14384 6
9751 10
5130 8
13660 8
14563 4
4205 5
5540 9
12776 10
5096 9
10806 2
13575 1
8683 8
4657 5
146 5
6058 5
5636 6
8487 5
13314 5
2089 9
14173 5
13552 2
9878 9
628 10
988 1
1150 6
1270 6
8178 9
8586 1
4139 4
11406 5
6711 3
10836 7
15621 8
14686 2
5617 3
5885 10
12906 1
2267 9
9203 9
2811 7
2097 5
7705 5
8163 1
14301 1
11178 7
4730 7
8338 8
14515 10
1132 3
6579 8
1219 9
1522 7
14846 6
9100 6
15007 8
16129 9
1356 3
16340 7
7334 5
3799 9
6533 1
12140 4
12607 7
7338 3
7064 9
8030 2
15907 2
5655 9
6660 3
8735 1
10521 7
13367 8
13773 9
14825 1
15797 8
9321 5
10936 2
7132 5
11142 7
15792 8
12645 8
12968 9
14677 2
3373 7
5626 9
15997 5
11158 6
7847 8
8591 9
5916 8
10807 6
15124 4
76 8
5258 8
3929 1
6929 3
7738 4
9352 8
12522 10
13617 2
4953 3
11846 2
4730 1
7711 8
12203 6
1708 4
2310 4
12610 7
4061 4
8799 1
8319 10
14829 3
15232 5
230 1
764 8
1406 9
2394 3
7343 5
3260 2
4475 3
9189 2
11175 2
15162 6
4660 6
7541 5
8269 7
12449 7
8449 4
7189 4
1691 4
2280 6
3084 3
4085 9
1040 1
14799 8
13990 3
803 7
4756 9
6736 2
11846 4
11211 5
4424 5
7218 8
5189 8
6743 5
12160 4
12375 2
314 4
10860 10
4063 1
11016 1
13939 5
14370 4
15399 1
8544 7
15724 1
4410 5
10182 10
6 7
5713 5
2748 7
8755 9
11463 7
5735 1
527 8
12249 3
12949 1
8675 5
13463 6
14327 3
14351 9
13098 6
4154 8
2442 1
11525 2
8343 3
16093 4
9996 9
15299 3
2342 7
3027 10
2019 6
9587 2
11560 6
4252 3
5124 8
11543 9
12801 4
2403 2
226 1
11726 6
12606 5
4248 2
13595 6
14137 10
14347 10
14213 8
12148 5
7891 5
34 9
8126 8
11047 1
15672 3
11941 1
9492 1
800 3
10073 8
13901 3
770 2
8851 7
3233 1
15848 9
6531 9
14244 2
4887 8
10285 2
14898 5
15712 3
9203 2
10135 2
11168 1
7821 3
8023 3
2358 9
6088 2
12561 1
11 3
5636 3
8229 9
15152 8
14670 8
3315 10
15866 6
10885 8
5011 5
489 1
8075 2
14527 2
13866 2
15446 4
682 2
7000 2
6562 7
6650 4
14946 6
12674 1
14474 3
9360 1
10311 2
11071 5
2085 6
16018 1
12089 3
8638 9
15005 8
191 2
10516 6
11837 10
153 5
6146 4
10460 6
10869 8
12635 7
12631 3
7801 3
10496 9
5922 9
9349 5
7693 1
1824 3
2961 4
2978 2
7225 2
11546 8
13293 4
787 5
13178 1
5646 2
6018 1
12611 2
15974 10
3300 4
15951 6
2597 4
15439 7
1837 3
7792 9
15545 6
5929 1
8811 5
11037 8
13743 9
7882 10
15131 8
6856 1
12604 1
13588 5
15029 8
7457 4
8735 4
4480 1
2594 4
6972 4
12516 7
16185 8
10318 8
8885 8
13266 10
12577 6
9955 1
10417 4
11957 2
1657 7
15914 9
3627 4
3779 4
4745 7
9723 8
12407 1
1143 1
558 2
4072 7
2696 10
9875 10
10230 5
10618 5
524 7
5664 6
4226 8
10169 9
3175 5
4562 3
9025 10
15496 9
14712 6
9797 3
200 2
12798 1
13540 1
13747 8
2679 3
6053 2
3484 10
14514 10
16368 8
6130 2
14969 3
13934 6
10369 3
12036 9
2433 4
16013 6
9564 6
6792 1
10840 6
11030 5
12918 5
14265 7
153 10
6006 5
1343 10
2303 5
6942 4
8665 5
10685 10
1970 7
8397 8
6716 10
6017 5
5194 9
7708 8
3477 7
8675 10
10677 4
2735 5
1547 4
9122 6
2740 10
10094 10
10651 2
14917 7
352 10
1185 3
1600 3
5503 8
11772 9
114 4
3319 2
8110 1
12313 6
15304 4
1284 7
9428 8
6628 4
15249 5
860 3
4416 2
5947 8
7452 9
8520 4
1772 2
14269 10
3570 3
4801 7
10389 8
11190 9
12361 2
5595 4
12515 4
5770 1
8139 5
10484 1
14358 6
5308 1
1224 9
13348 2
9356 8
10585 5
13445 9
1385 6
2301 5
16126 1
13244 9
5996 6
11015 2
11039 7
5994 7
9533 4
15533 6
11166 10
12632 9
285 4
2231 3
13035 9
3339 8
410 4
16319 6
717 3
4574 3
6528 9
11107 10
12254 1
15440 7
5116 8
14916 3
4600 7
7139 9
7768 4
2436 5
828 10
8184 10
4042 8
3685 2
8260 7
9526 8
11432 6
12673 2
348 8
10002 10
14039 6
4856 1
9904 8
13142 9
745 5
12559 8
14993 9
8162 5
9278 5
10319 10
13825 8
1192 6
4038 6
4359 9
11185 5
15293 6
16370 6
1343 9
2118 6
3483 1
16158 7
9785 4
8404 9
1436 4
8092 2
3537 7
4043 7
11822 3
13898 8
6344 3
9493 6
9506 2
11505 5
15898 3
15785 1
1198 4
10173 9
15982 9
3575 2
11477 4
9570 4
884 3
5197 2
6045 2
959 3
4182 9
15270 7
13184 2
5486 1
8030 2
12318 7
15671 10
15162 6
11628 6
1668 8
13782 7
953 4
14190 3
11007 5
2535 1
5220 7
7527 3
10449 8
2018 9
6320 8
4455 1
5069 1
12471 9
5277 4
16008 4
6840 1
2729 8
13421 1
7718 6
875 8
11742 3
5303 5
9314 1
10871 1
12134 6
2480 7
14298 2
6069 7
11065 9
10420 7
9290 3
13120 3
15045 8
15609 1
9086 2
14265 1
10646 8
1760 7
10384 10
420 4
483 8
4926 10
7093 5
13085 5
9168 2
11692 6
940 9
8463 7
10276 1
12198 9
7612 2
5076 9
10212 3
1798 6
2001 6
2172 2
7533 9
11579 1
3471 5
12051 10
10320 10
7035 4
3289 7
12366 6
1 9
7355 10
15097 7
3729 10
1900 9
8224 9
13066 7
1404 1
2255 6
2527 8
2866 10
7222 6
1334 6
3140 7
3370 2
955 5
6178 9
7251 8
5089 4
7424 8
11555 2
11521 1
15614 2
9177 5
12915 2
345 1
11108 8
9750 3
7192 10
11022 6
11958 8
13980 8
6170 10
7382 1
10647 10
3474 10
5943 4
14047 5
3830 7
6644 5
13269 10
9319 7
3673 9
2824 5
7266 4
8442 10
283 3
5865 8
13926 9
13461 4
10423 10
3557 9
7017 2
15511 8
6841 5
153 1
10545 5
7081 9
10655 6
11481 7
297 9
13701 8
8951 7
12411 6
1619 2
1634 1
2531 3
6160 2
5149 2
4566 10
6211 5
8754 3
13889 10
15491 2
495 7
13920 2
11290 9
9064 4
9387 9
11747 9
12067 10
3843 8
6282 7
9342 6
10944 5
16237 9
1771 8
2994 1
6262 3
6705 6
10904 7
12051 8
1042 9
2018 9
11910 10
5371 1
12209 7
5659 10
12457 8
5175 5
9992 8
2994 6
9484 5
13507 7
2970 5
12393 1
14652 10
933 9
1680 2
4074 10
5651 2
3503 8
15099 8
10245 1
34 8
690 10
1093 8
16120 10
15305 9
15490 10
12223 3
5636 6
7706 9
10733 9
5314 4
1720 8
7127 10
6997 9
13190 2
14100 10
15551 10
13052 7
15782 7
10672 9
10065 8
16004 6
3271 8
8466 9
6912 3
8059 6
9778 3
2484 6
15136 2
5935 8
6970 7
10714 3
14138 5
12341 4
7810 7
5047 9
6947 9
8714 3
11963 5
6103 3
10548 8
4646 10
5258 10
14691 2
1129 1
8149 2
8285 8
3768 3
7368 6
9265 10
15955 1
1131 10
4322 1
6554 2
9099 7
15394 9
819 5
15730 9
7948 2
5360 5
4221 4
4513 2
9047 10
6899 4
9411 1
16184 8
6785 8
7154 2
2444 1
7803 2
8989 7
12139 2
4682 6
7113 7
7308 7
1194 3
2459 2
14718 9
8994 7
7229 8
4927 5
998 10
14451 5
1748 6
10877 1
3917 4
5854 9
11230 10
13795 9
2603 3
5546 4
8663 10
3401 1
3947 1
4242 9
6726 9
11279 1
16182 3
14949 8
13017 6
13882 6
3028 7
8780 5
6736 10
7818 8
7273 6
16316 4
5019 3
9710 10
16051 8
8686 8
11827 2
9175 1
6584 1
4144 9
5418 5
6761 4
10354 10
14892 5
589 8
10293 8
12695 2
11890 3
903 6
2725 1
3413 10
7779 2
9593 5
11063 7
15705 4
58 7
1691 1
4314 2
9688 5
4726 3
5734 4
15933 6
8401 4
14475 7
1404 7
5079 2
14521 4
8853 6
15777 8
10466 1
6960 1
8086 10
4744 5
15173 6
15175 4
790 10
2129 5
11962 10
7218 10
3080 5
8838 4
12348 6
14606 1
4466 1
9310 9
10897 5
13521 3
5467 2
7726 1
4028 10
4609 3
6532 8
9713 7
9994 10
12892 1
12969 4
15694 1
10195 7
3324 8
9545 5
7208 9
12329 4
12652 4
13580 5
7023 5
8920 6
11152 6
1099 2
2343 1
4635 9
11268 1
8045 1
10099 9
15297 10
15325 8
1176 9
44 3
15813 10
6589 7
7324 8
7932 5
2600 10
16294 3
6371 7
8050 9
8331 10
9547 6
8185 4
11540 2
15920 9
15939 6
5658 5
13989 6
1378 1
5104 3
3011 7
10405 10
64 9
6224 2
13070 3
13487 3
10530 4
10805 4
662 6
4797 4
13107 3
2491 10
2517 9
15824 8
2723 1
11703 1
5878 7
3253 4
8286 5
9825 3
7166 8
473 1
5285 10
6374 6
7686 2
11593 7
12728 4
13801 4
16137 7
11918 9
7765 8
5187 7
1389 8
6673 10
9671 1
1782 5
8200 6
12220 5
9328 10
13368 1
1583 10
13574 8
8521 1
5540 4
7089 5
15848 10
11430 9
8896 3
10084 5
5798 3
6962 9
8266 5
8299 1
2433 5
4075 10
3154 10
3748 3
11151 2
12855 10
7153 10
12425 3
12787 8
5689 5
11998 7
493 2
2291 1
4317 10
2912 8
12410 8
12692 8
1818 7
449 8
2786 1
5364 5
9963 8
835 3
5888 8
10718 3
8434 7
4400 4
10681 6
789 8
8147 1
15069 4
10787 4
7270 1
9913 4
14531 2
3154 10
2300 6
3299 10
15781 9
8668 10
12409 2
6018 8
9020 1
11433 2
7891 7
602 10
12674 6
8940 5
11899 1
9271 2
6722 7
4409 6
8878 8
14867 9
2059 6
8526 9
14555 6
8672 1
12120 10
12914 1
14302 7
16074 2
1079 4
14390 7
5199 9
10323 9
3439 8
10052 8
14587 3
14787 2
6678 8
8268 1
13842 2
14522 5
5976 4
8859 5
8380 8
15047 8
15019 7
15738 6
1956 7
8439 6
1862 7
2130 9
15070 6
3015 7
11625 7
12534 9
14110 10
16070 3
2701 1
5951 7
5661 6
15878 2
8866 8
13999 6
4979 1
1827 6
6803 2
2684 1
9495 5
5561 8
9058 8
12384 2
1261 8
1313 7
1434 9
4076 9
3288 9
3063 2
3822 4
6366 7
15089 5
15520 5
7009 7
758 4
4615 2
468 6
15055 2
4573 1
8307 8
10246 7
13184 3
2069 2
3785 7
2634 8
9045 1
4864 10
199 10
3421 4
7338 7
4320 2
9712 6
13858 1
15522 3
11273 5
11612 6
1087 1
5995 7
12698 3
303 7
2123 8
3139 7
9381 3
15757 9
11730 8
2856 4
5936 9
7621 6
14378 9
11327 10
15311 9
1684 5
3681 1
13793 6
4624 3
2976 1
6875 9
5711 10
11184 2
11427 8
12581 8
15822 6
2608 5
769 8
6482 10
8080 9
8911 3
15163 2
1684 5
1689 8
2394 7
12456 8
7149 7
1554 6
14584 8
4431 3
10488 10
13120 9
15143 10
15375 3
15471 7
15575 9
13822 6
12661 9
8269 5
9928 4
6043 1
918 3
7935 2
1633 1
12502 10
4921 4
6648 3
8658 3
14726 9
1213 5
15971 10
8112 9
681 9
2609 10
5561 1
14023 5
15083 6
8191 2
5180 2
3832 5
16087 10
11575 9
11881 6
12231 4
13311 9
13291 2
11990 4
9620 10
14963 10
6105 5
10212 4
10619 8
5734 7
7366 7
9781 8
12818 2
7705 8
15560 9
5785 2
3157 4
12729 9
13706 5
14759 10
2178 1
6619 9
10349 7
9904 6
4235 9
6354 4
1081 9
12469 6
2876 8
10819 5
10855 6
11726 10
12905 5
1923 7
1567 5
6082 6
7690 10
15821 3
1195 3
2462 10
2159 9
2572 7
8116 9
7685 5
5844 1
9686 10
13107 2
15191 4
15666 1
12219 8
2934 4
4483 2
6132 2
7254 4
12293 4
13130 9
2397 10
5212 7
1600 9
2204 6
3944 9
3048 2
1132 4
3784 5
12669 9
3887 4
5509 7
14598 6
14873 10
8706 10
1505 7
5589 3
1295 7
2097 7
13147 4
14219 9
3702 1
7038 2
8652 4
15783 9
1882 7
2157 8
13905 9
6164 5
13147 6
13967 4
8792 1
9492 6
8826 10
8472 9
10198 2
1185 3
13431 9
3253 1
14850 9
14848 7
3657 6
5521 10
6073 4
1169 2
67 7
7936 7
3557 10
3659 7
15196 1
1737 6
9886 7
5239 7
13484 8
13075 9
9333 7
9437 5
14983 4
15565 4
893 4
7517 4
10577 2
11081 7
3088 7
7680 4
1947 4
8998 6
13831 3
5308 4
9206 4
15193 10
13214 7
4419 2
15786 3
14379 9
3099 5
13435 2
14406 7
2501 7
15020 4
14484 8
3245 5
14326 6
5205 5
11123 3
12976 6
7174 7
7552 7
9175 9
12646 10
9840 4
10101 2
11318 6
5107 6
6697 9
5506 4
2364 2
5639 7
9244 2
13640 9
113 10
7528 1
8047 3
2101 8
8091 5
14115 5
3300 2
7253 1
8331 5
1667 10
8080 10
2073 2
6319 5
299 6
545 7
1344 6
1624 2
1861 9
10353 10
7350 8
12036 7
4446 1
16122 2
2272 4
12884 2
8065 4
12128 10
698 10
721 8
7777 10
6361 10
7855 8
12487 8
15118 9
812 6
15875 4
7280 3
9804 5
11629 9
14050 9
16336 8
932 3
12931 4
11601 7
6293 1
12862 10
7501 6
14040 6
4661 10
3021 2
6044 10
13699 9
16036 4
1562 3
5094 6
15851 4
3470 8
4096 10
10361 1
1165 10
7533 5
12444 9
5857 9
1274 5
3080 9
4991 2
6765 3
15954 6
16257 2
2046 5
11334 5
351 2
3279 10
3344 4
11422 8
3740 9
10938 10
5135 6
6372 2
7520 8
8958 2
15115 3
1955 8
9432 8
5321 8
14200 5
265 3
10693 9
15061 6
1947 10
13294 1
914 9
14841 9
14 3
2912 7
12244 1
7439 2
9007 1
14180 3
749 2
6578 10
10273 7
14672 4
995 10
8146 7
15772 2
7687 10
3696 8
5023 10
15230 3
342 8
15036 6
3907 7
10615 5
11082 7
11277 7
2295 8
2710 1
5759 9
13509 10
1605 6
3784 3
4920 4
13322 3
13602 3
14155 2
1491 1
738 1
10324 2
557 9
1841 10
1900 10
4435 9
14807 9
12361 2
8499 8
179 1
1586 7
11522 3
4100 9
8389 3
13244 5
14753 3
15627 9
1030 1
14098 6
8055 3
16148 7
13291 2
14852 4
1976 5
2379 5
7007 6
3652 1
5031 1
7082 1
9017 3
12497 3
70 2
1208 10
3103 2
9177 4
4826 9
7053 7
7790 2
9654 9
12995 9
16028 3
6560 1
13639 6
1642 7
12157 8
589 7
4232 8
8515 7
12058 8
7104 4
7045 2
12757 9
1786 4
2016 1
12456 10
11738 10
8580 9
4734 9
5082 4
5432 5
6600 2
7469 5
2245 8
13017 10
3499 2
3631 7
12088 2
16022 3
5829 4
2105 4
1148 9
9816 7
6465 9
12185 5
15304 5
10941 3
15182 9
3506 8
7872 10
10539 8
14188 3
6965 1
13832 5
14109 6
6104 4
8350 8
11964 8
13086 2
1593 10
13209 2
6656 5
8284 5
8520 4
2047 8
6472 2
2456 1
16383 8
9203 10
10896 6
7342 7
4308 1
2033 4
5483 5
4183 10
6636 1
5661 1
15893 6
4887 3
11847 6
8460 4
10942 5
1552 4
1931 7
2074 1
12692 8
10795 4
3245 8
16352 2
2835 7
8621 8
10919 10
789 2
11273 10
1841 10
13233 1
3969 1
6205 1
14606 6
3723 2
15055 5
6048 1
13247 5
5899 3
12278 2
481 4
15615 5
8324 4
15727 8
15477 5
3416 2
7779 9
6347 9
12414 4
14346 8
12149 1
7479 2
14742 2
4428 2
9771 4
3723 4
5605 4
14613 1
15579 1
2554 7
1714 6
2277 9
15659 2
4002 1
6193 1
11504 6
13566 8
7399 5
6303 1
7117 6
3076 3
7858 3
12060 9
2530 2
16010 3
10065 6
7137 7
10029 9
12974 5
15802 3
1722 7
3938 2
7193 9
4323 2
5328 1
10683 7
11577 7
12852 3
3453 5
13780 6
15909 10
16234 4
621 6
3225 6
4875 6
3439 10
5044 3
12793 3
16377 5
10201 6
8478 9
8066 5
10468 9
12962 3
13466 6
247 6
10844 3
13116 2
4672 6
6209 9
14426 7
10967 7
2350 4
15992 8
13844 3
8810 6
11048 10
13193 2
1951 3
4858 2
10134 7
13136 8
2309 10
2510 5
534 2
16055 5
9409 2
8099 2
3161 8
78 5
6704 4
10339 8
16094 9
8291 8
9470 2
15550 4
1313 3
2650 5
9348 6
14223 5
11288 4
13032 2
8600 4
5536 6
7867 5
11491 10
12877 2
98 10
529 3
11401 2
422 10
6965 9
10895 4
13426 9
15932 10
9311 2
5271 2
5878 3
8623 2
1545 1
5297 9
6992 2
8963 1
10532 5
13315 7
14309 10
15507 9
7079 5
1301 2
7214 2
10470 5
1080 7
2915 3
9945 10
11115 4
11287 8
12603 10
14035 6
12895 3
9660 3
6748 4
7932 6
12596 3
16332 6
230 2
6999 10
6521 2
12 10
8040 9
6835 9
14104 9
15059 7
15074 3
15194 1
11700 4
6133 8
13555 9
2052 9
2283 10
3749 3
2804 7
3001 2
7807 10
14610 7
3809 6
2147 1
9252 7
14539 7
4682 6
6311 7
9862 7
12537 1
13070 10
15669 6
12140 6
15314 8
12898 6
501 10
16374 8
3089 1
9668 7
16078 4
672 8
3508 2
7632 8
8487 10
11567 6
14350 10
15369 4
16249 4
8011 1
8831 4
9073 8
14944 7
6525 1
8437 6
15042 10
974 4
4051 3
11552 2
8172 10
11553 10
6599 5
8043 1
10177 3
4452 3
4733 1
6533 9
14464 9
3087 3
9134 9
12908 6
5884 5
11315 3
13309 10
15173 1
15765 8
4659 9
5030 1
6715 2
6785 8
8361 1
8589 9
1122 7
5176 3
4813 10
5471 6
12304 8
8424 8
1601 9
11898 1
9013 3
13708 3
13972 4
15417 3
5272 6
6956 3
6223 3
9796 5
14954 2
530 4
10046 2
10397 8
16082 6
2165 4
16079 7
1116 1
6816 4
7924 10
13546 5
14399 1
1091 3
4477 7
9983 1
10451 8
15875 7
1370 1
11105 10
5683 2
9327 1
2512 6
845 2
10946 4
775 6
15619 9
7303 8
13156 7
2977 9
13738 3
2259 7
15251 10
6354 8
2732 4
11885 3
12938 8
1644 1
16217 8
112 6
2910 5
7587 10
13959 4
1190 1
3518 10
10310 2
5705 10
15165 6
13835 9
9124 6
7370 6
5695 6
4530 8
784 8
1339 1
8461 10
1928 4
11648 9
13052 9
13667 2
13497 9
13704 8
4557 4
16160 10
5274 5
8072 2
11815 4
2485 5
12339 9
13905 10
12434 4
14868 8
7685 2
9002 8
9816 2
11272 5
15241 6
5002 5
6998 5
6412 1
15126 4
6061 1
11982 5
313 7
677 6
1284 1
8650 4
13172 8
1474 7
15162 7
8696 7
8505 1
8551 1
8584 8
9828 6
995 9
2644 10
7868 4
12732 4
2278 8
12076 2
3440 8
12079 1
1890 1
11990 4
5481 7
8340 7
8477 4
2437 5
3569 9
4382 4
7554 8
8498 5
13309 9
15525 5
4653 5
15252 3
4589 2
5067 10
6343 7
10972 8
9207 7
14217 8
7948 3
1224 4
7209 3
11332 1
6655 7
1658 8
10787 3
12212 4
8137 9
15616 4
6361 10
9981 4
10800 4
10951 4
13988 2
9069 5
11631 3
2194 2
11956 6
12888 10
16234 9
1192 10
10552 6
12987 9
11748 2
6859 9
3423 2
5260 10
6739 3
10741 7
1008 1
1597 2
10816 4
4989 3
14430 8
8252 2
9655 8
10032 10
2746 8
2074 10
9374 2
7535 8
7966 5
10741 9
5700 2
12520 5
3832 6
4103 2
4629 4
5294 10
9053 1
9232 6
10672 4
12998 10
8202 3
12242 1
12524 7
12977 4
2176 1
8338 6
6125 8
5343 7
7546 9
12155 10
9593 9
10822 1
13663 6
7216 2
8117 10
13515 3
13968 5
14099 5
15683 4
3812 9
8712 10
3917 10
10304 6
357 6
598 3
1452 2
9845 7
4761 1
6323 9
10738 9
1082 7
6090 3
1090 6
2234 9
15623 4
6324 9
9622 5
4732 10
5420 9
10863 4
14564 10
15959 8
1711 8
2329 6
898 3
9525 2
13347 2
8153 6
9038 1
240 8
5357 8
8680 10
9737 2
4427 2
17 4
13986 9
12964 3
1842 7
6856 6
9451 8
4573 9
8691 6
15911 8
9656 9
5768 1
1629 6
2268 5
6508 10
9493 9
6844 5
8987 10
12613 10
15398 5
15444 7
14425 5
7883 7
3480 9
3863 1
6204 4
9739 4
13885 3
6893 8
8188 5
1574 2
3833 5
14768 8
16270 8
2495 3
10093 1
2903 3
10759 7
11883 6
15953 4
957 10
1746 6
15035 10
3711 4
4023 6
5432 9
6463 1
8979 9
7014 3
8514 8
10938 1
5901 4
8065 2
9844 1
16009 4
9905 7
5172 8
16013 6
4789 9
7311 2
15018 4
9809 9
11548 9
671 2
5309 4
12546 8
5761 2
4550 8
5873 6
11481 5
12765 8
13508 10
13830 5
1483 10
11263 1
2 7
2492 5
16342 1
1475 1
13534 5
11712 5
14127 9
15543 5
14561 8
11769 2
2894 3
10407 7
2130 10
15616 7
13246 5
13066 10
10206 8
14895 1
778 1
3771 8
3432 4
7993 7
12900 7
15884 5
2061 7
10879 8
14023 4
6335 5
10923 7
12057 4
12379 9
599 6
1665 9
9387 1
3032 10
5908 4
10654 4
1165 5
4087 8
2911 6
10188 10
6316 3
4562 9
9815 7
12931 4
3107 3
6693 3
7389 1
9361 7
11286 6
2857 5
8495 9
12425 5
6305 5
2390 2
7429 5
10447 5
2908 6
9744 7
1145 4
3110 8
13669 6
2448 2
2709 8
5655 2
11850 2
1799 8
2781 7
9571 8
10881 2
14389 3
11951 7
165 10
16267 10
237 4
5283 8
10353 9
10048 10
13925 4
2476 4
10114 2
4905 8
6030 4
2830 3
344 9
6158 4
12954 3
8503 5
14172 9
15137 10
10524 7
8766 5
14128 8
13022 9
3402 9
6882 1
4561 1
4912 9
5084 1
7138 8
10012 8
13717 9
13744 6
6692 5
7154 6
1859 1
3092 3
5582 8
9804 1
8499 5
7135 2
15076 6
3124 10
6448 8
667 3
10088 1
12385 3
1331 2
2336 3
4073 8
3312 4
10714 2
12410 1
14701 1
2146 1
5081 7
7976 1
12776 2
11845 6
15979 5
790 1
301 5
15964 6
9539 7
3424 6
12426 10
5397 1
8770 6
10747 5
15438 7
13587 10
4800 9
1003 6
7460 7
1575 3
1938 6
3551 2
5688 7
199 10
8699 7
14224 4
23 10
12173 1
7960 3
6339 4
5663 6
10916 6
13753 4
15486 2
15576 2
340 7
5103 10
3622 9
14636 2
6956 4
7666 3
7842 4
11142 3
15562 4
16014 8
16039 3
12484 10
7368 2
55 8
5646 2
9253 1
4955 8
9480 8
8041 2
12015 7
16088 4
159 5
4232 4
4572 3
8322 6
559 7
9480 6
8818 2
6946 2
15861 6
5966 6
11058 8
15087 3
15880 7
556 10
1867 6
14348 3
2749 4
12845 4
12813 2
14534 1
5672 5
11192 4
15860 5
14582 6
125 7
4852 5
4316 4
7737 8
12860 4
2487 1
9189 9
4185 3
13287 1
16318 10
1040 8
1105 8
11241 2
8632 6
4137 3
7861 4
5063 6
7714 1
8070 2
9704 6
13292 2
6606 5
16038 10
7662 7
5600 1
7138 5
3217 10
3709 10
12519 1
8703 2
8793 8
11830 10
12888 6
13403 1
1988 4
2055 7
11158 5
13487 9
10233 1
9517 9
10139 6
10972 9
1488 1
13287 7
6627 2
4130 10
8182 6
11388 5
14026 9
13647 10
15899 5
453 2
1896 6
214 1
12340 9
5384 4
3223 5
15044 2
15426 8
14086 6
14626 8
14685 6
5958 1
7279 5
8522 6
11918 7
9023 2
1952 10
13714 8
5290 10
12678 8
55 8
11469 7
13237 7
14637 10
11077 7
6877 6
10966 9
13117 1
3308 9
5213 5
3770 9
3698 9
15629 5
12243 5
5112 4
5284 4
7224 7
14771 8
1999 10
4009 1
9479 9
9144 3
15638 2
7467 10
9560 5
1428 3
9825 10
2356 7
7549 6
10655 7
7733 8
1884 4
13643 1
15017 8
6622 1
8486 9
1115 5
14166 9
12498 2
5360 7
14549 2
15743 3
13168 5
15229 1
13089 6
10919 3
6634 6
8355 10
11942 4
16186 7
3755 4
2228 6
12632 1
7736 4
12398 10
15413 7
1297 5
10447 7
14016 8
2478 8
6218 1
6359 8
7208 4
7574 3
8138 10
15464 9
15936 5
6423 8
11406 10
6456 5
7385 9
10377 4
12580 10
504 9
6547 1
4400 4
4651 10
5417 9
5134 2
8922 1
5488 9
14482 5
3197 7
7381 10
8878 5
1625 1
1447 6
10403 1
11198 6
8787 5
4340 7
9412 10
9741 5
370 8
697 2
13412 2
1667 1
5409 5
5785 10
9453 9
2592 4
12636 10
13360 3
8105 9
3818 5
4673 9
6015 8
6246 8
11448 2
12895 5
14971 6
15373 9
198 10
4984 7
13855 4
11789 9
6599 8
587 8
11822 4
7286 5
8357 6
3017 4
6390 9
8364 5
11398 8
12492 5
3522 7
14141 7
4559 10
3258 1
3359 2
14673 3
14219 1
9251 3
4728 5
4804 1
4968 6
10219 10
15826 7
1704 8
13839 7
4434 9
4166 7
8816 10
8212 8
1211 4
1792 3
15423 3
3002 9
7426 4
4059 2
15035 7
886 7
3765 2
2130 4
2661 5
14013 8
2294 2
10672 9
4477 3
10029 8
9651 8
13365 4
607 7
10951 9
12721 2
12871 4
5791 2
12254 5
6617 1
4281 10
7449 2
10692 8
11377 6
13212 6
1722 7
828 4
10014 7
15481 9
3724 2
8017 4
14869 5
9170 5
6862 9
409 7
9605 9
13181 8
5767 8
4979 9
15088 5
11555 1
5146 9
11970 6
2734 1
2346 8
6638 5
1282 6
11220 1
12723 9
2855 9
8764 6
9178 6
15747 4
16202 5
6218 2
2592 2
15366 8
12860 9
7791 4
11136 7
14910 3
15571 8
14962 1
4153 2
14823 10
6022 1
10124 1
12589 4
4744 2
14722 5
4492 10
5064 3
13527 4
10183 4
13431 4
11117 5
11740 7
13304 4
6688 6
8529 3
5253 7
4913 2
14939 5
539 10
4437 2
6895 7
11469 1
1964 1
2437 2
15718 3
15286 5
8457 8
11417 9
4577 2
9049 5
726 1
6945 10
844 6
967 7
11899 3
6118 2
8253 5
9878 8
928 4
8192 10
2333 5
3216 5
15493 2
3653 4
6409 1
15696 2
2163 10
6891 4
9319 7
8607 1
11533 6
8888 1
15350 7
15809 3
6171 9
12769 3
14932 4
10499 3
6972 10
11225 2
7834 9
13393 4
13076 1
4195 2
519 2
14302 2
14707 2
5152 10
3054 6
10409 10
12297 9
15549 10
2539 7
2658 1
2660 6
8102 4
3294 5
4277 9
2381 1
11854 5
1069 2
3941 6
3958 9
4672 1
3036 9
12133 3
9061 1
8083 8
12160 2
13395 4
13778 7
449 5
3263 10
5462 1
3145 3
12032 1
8959 9
9044 4
14272 8
1884 4
14037 3
1812 4
5903 1
16209 4
14873 2
294 7
5022 9
9517 3
6993 5
14852 9
7697 10
3137 4
8682 4
13097 5
16135 9
2835 2
6389 9
8277 10
10355 3
12281 8
594 7
2968 9
8075 9
16249 10
12902 10
5172 5
12622 8
1425 2
13114 5
8114 6
9752 8
11460 8
9153 4
4420 4
947 1
13204 4
8831 5
11560 4
11899 4
14835 4
1474 5
9077 1
5176 8
3799 3
12384 5
2332 4
5877 4
4239 7
5596 5
8886 10
1617 6
1969 4
11197 10
8834 7
6469 2
9720 5
14464 6
15505 3
15858 7
16204 6
526 1
2404 7
536 3
12316 7
1570 2
6979 5
7506 6
9365 9
1620 5
629 3
16348 10
15385 8
12845 4
3953 1
15503 4
1115 8
10149 9
3646 8
3052 8
10711 10
3253 1
7367 10
15702 2
13511 9
6140 3
2698 7
2510 2
5332 8
15984 5
7085 10
10659 8
11553 8
10121 5
9653 1
10106 4
4689 3
14966 7
2003 5
1021 10
12540 10
3651 5
5748 1
7744 2
2384 2
2722 7
3863 4
4785 8
10193 3
5526 8
6602 8
6964 4
13152 7
15096 4
11899 5
1641 9
6266 5
4236 8
10140 1
1217 1
2963 4
5354 7
270 7
14356 2
525 7
1065 10
8407 5
9125 10
4528 1
8073 3
1970 1
12654 4
8698 9
14002 4
5330 7
5379 2
7976 10
13128 7
11335 6
10700 9
1908 10
4448 1
9934 6
11110 1
11208 4
11981 3
13678 5
14945 10
2775 2
3423 4
10534 3
9920 7
3328 2
7767 9
11917 5
12899 4
2 1
15945 10
15961 3
10113 5
12010 4
10449 10
4051 9
3936 2
7281 4
13016 6
14122 10
14796 3
726 4
5834 7
5963 8
15673 8
13124 10
3904 10
5341 9
5809 9
7672 3
8014 5
9420 7
11407 4
550 1
1331 10
938 4
14913 6
13284 5
14997 2
1080 1
5117 5
6780 3
12393 4
5791 6
8134 8
12197 4
12422 7
15285 1
2577 10
1194 6
16209 1
13171 9
7561 7
13598 3
13751 9
5875 10
2680 7
11771 3
5975 4
15536 3
1679 7
5970 9
688 5
4346 2
3493 7
5836 7
9087 5
10849 8
10905 3
13228 9
11885 5
4177 3
7221 10
3478 9
10987 6
13289 1
9574 9
10090 9
6606 1
2907 10
6406 6
7750 3
10053 2
6774 6
2371 6
3894 9
10456 6
347 6
1858 2
10260 3
10820 2
5561 1
3718 9
5565 6
7372 1
10758 5
15059 1
4184 5
6420 9
5737 2
10667 3
2996 9
15344 6
1504 7
11546 9
979 6
7110 4
324 8
11220 3
4051 8
3785 10
14397 5
6956 9
12870 2
13308 8
5949 1
10642 1
13151 1
1224 7
14981 10
13813 3
13445 10
4491 10
7215 4
2450 1
13316 10
5834 6
6099 5
9592 9
2072 5
5967 5
11412 7
207 5
6819 4
9360 10
10535 10
13674 1
15506 5
3150 9
12370 6
10175 9
2325 5
3955 9
10082 2
10534 4
2253 9
13248 8
1491 10
6471 2
14726 9
141 2
15172 2
14373 4
10978 8
16046 2
3354 7
3993 1
5091 3
1439 7
4455 7
5557 5
7321 9
8282 3
16058 3
2028 1
12085 8
16345 7
10714 1
6538 7
8540 5
15196 7
1964 5
6690 8
2750 2
4888 2
10226 8
8901 3
12498 5
15488 7
2063 7
7150 5
14305 9
2446 4
9879 7
10691 8
16140 8
626 4
9990 9
7250 9
10538 8
7938 6
6246 6
3010 8
13979 10
12455 5
9583 5
729 9
6406 8
77 7
6479 10
4517 7
13446 4
11070 2
11564 8
2993 6
7948 4
4001 2
8027 9
4443 2
7615 6
3292 5
6236 9
6549 6
5991 8
10479 4
4845 3
5242 7
5491 7
9732 2
1532 10
2309 9
1759 7
9326 7
9862 5
15240 6
15293 8
5054 1
15313 5
11416 1
5563 9
3281 1
3470 8
6042 3
12414 4
13423 10
13847 3
13187 10
1117 10
1800 7
9159 6
5054 8
8632 9
12161 7
14145 8
16015 7
691 9
4037 6
6666 2
12773 3
6533 6
3660 5
14806 3
13882 10
6075 1
5287 9
10708 7
10709 5
6828 6
4149 8
6494 3
7951 9
2726 2
7962 5
1094 3
9651 7
12513 10
12540 7
9498 2
15 4
3913 9
13567 8
10709 6
15219 6
1902 3
10118 8
983 4
13737 5
3230 7
7334 2
9675 3
13409 3
9220 3
11730 3
4923 1
11331 9
16345 6
14708 8
1397 6
8774 3
400 10
3589 5
2340 1
4718 4
11269 8
195 1
14042 3
3224 5
5188 8
9518 9
13421 7
14420 4
1521 10
13899 7
7426 4
5843 6
5871 1
12766 5
6403 4
10040 9
12951 2
14271 5
14336 10
15262 2
3871 1
1669 4
10961 7
5608 6
9356 4
7047 3
14251 1
1153 6
13634 2
604 7
1009 4
9131 4
3268 5
10304 9
2812 3
1699 2
5315 10
9944 4
8445 2
13791 7
4340 4
10044 1
1890 8
11447 5
3243 1
1410 7
6925 9
13785 6
380 8
4751 6
6565 5
6373 5
3409 3
11225 8
16175 9
2777 9
2689 5
12303 5
12494 9
8090 10
2023 3
9487 3
13877 3
417 3
2075 7
4038 8
5030 10
7028 6
8896 8
9589 1
13081 3
14252 7
15212 7
6051 10
8415 7
9962 3
15290 4
12654 5
12978 9
2567 3
11294 10
16369 10
10631 10
7021 1
5201 10
10497 8
358 5
367 6
1174 1
1612 3
13237 7
14005 4
8666 10
2844 3
4455 6
7916 6
4577 6
2303 2
11482 2
7176 9
2760 7
16335 10
8083 10
9331 9
10147 7
16072 3
13605 6
2839 1
1149 10
7260 10
119 7
13331 8
4723 7
9218 10
5399 4
11877 9
14012 9
4939 5
5238 10
6910 4
8357 6
2413 5
2918 3
6796 3
8051 9
4657 1
5023 3
11064 5
13207 6
1396 5
6924 9
6897 9
9263 1
3725 5
6642 9
7027 9
7890 9
9269 6
12185 3
1546 5
2349 8
11706 7
4722 2
8331 5
8850 9
12831 7
5431 8
9082 1
12043 3
7613 3
13208 8
8752 1
12130 3
10008 5
13054 7
14176 9
619 8
962 3
4167 8
11817 2
13880 3
7778 8
11209 7
13595 5
13950 10
7916 7
13175 9
5079 6
9598 3
10912 8
11219 2
16223 5
2285 10
2399 1
2762 5
5067 10
9756 3
7611 9
13649 8
14318 10
8044 6
12688 9
15359 3
11577 8
16264 2
2479 8
15662 4
360 10
1889 10
15890 10
3265 2
615 3
8664 9
2792 2
8817 1
8274 7
15208 10
11026 4
304 3
8858 9
15553 5
11599 6
4017 8
8248 8
91 8
7978 1
11719 2
11418 9
4449 9
7004 7
14590 7
16112 8
2909 3
15999 6
412 10
1903 2
3706 5
5919 3
7073 1
127 1
1657 8
7991 9
11512 7
3217 5
4456 8
10270 8
11967 10
434 2
9181 9
7179 1
8760 6
2911 8
1396 10
11254 10
9041 8
4608 2
13412 4
445 8
4972 6
3368 1
13912 5
12138 5
13046 7
1481 9
14083 8
6037 10
5951 2
6593 5
10351 7
13693 4
16277 4
203 8
650 3
879 8
5847 9
166 7
11965 10
8543 3
912 6
8665 9
5365 5
1000 5
1368 4
2492 7
12221 10
9203 2
9178 10
10660 3
488 5
1546 10
8182 1
15397 1
12382 8
6184 5
10086 3
10906 7
8149 6
6135 3
7739 10
2013 7
3458 9
12721 6
6141 4
13433 7
11495 10
11913 6
15942 7
5905 4
4622 1
1770 3
2005 1
10263 6
1046 6
5463 6
8639 4
7847 5
3502 10
5307 2
10224 3
4971 8
14067 4
7561 10
7929 3
12181 7
13864 4
7652 5
3787 1
12668 3
4655 6
8889 9
12481 10
15104 1
15012 3
8372 6
9450 1
12950 1
15356 6
15572 7
2316 1
2920 10
8777 8
14546 3
5934 1
8812 10
15076 2
15461 1
460 10
1305 2
14996 6
12330 5
13462 10
4918 9
15295 1
15644 3
221 2
9895 7
7665 4
6180 4
6646 10
11509 9
13331 4
15350 4
80 8
204 7
1181 4
8547 7
7632 3
8077 9
9793 8
2048 9
1624 8
16037 5
4395 10
6090 7
13409 8
11376 9
4802 3
16268 9
4004 1
4065 3
7606 1
3921 9
5029 6
8896 3
479 5
9436 1
11219 6
14553 4
404 10
13516 5
176 5
4902 1
7055 2
8566 1
9798 9
4711 1
7928 7
6054 2
16149 10
1851 6
3905 4
9271 8
13230 10
15132 7
376 7
7854 9
7177 5
5366 1
10474 9
15165 2
3000 4
5351 2
16375 8
11699 1
3267 5
984 8
10008 6
16080 8
2110 10
4450 9
14680 2
15242 9
2732 7
952 2
12045 1
5274 6
15471 4
2644 7
7680 1
13436 2
4954 8
14411 7
3207 8
3262 5
12324 1
7562 9
6615 8
11618 3
13560 8
409 6
15218 2
5202 9
8715 10
10017 9
11169 9
12612 6
13816 3
14040 3
593 5
3416 10
13061 2
2997 3
10338 6
9731 6
15573 7
5245 7
11329 8
12998 5
15281 9
3683 6
5611 6
10237 10
13855 6
7465 5
16264 10
10071 10
1549 5
13710 2
15884 8
11254 4
12107 4
7422 9
5899 2
11099 10
1216 6
1389 3
3042 9
6086 6
11203 8
8538 2
10522 3
11096 9
13787 8
10622 9
10585 10
8956 9
9562 9
4624 7
5235 4
6426 6
6975 9
3782 6
13203 6
1413 1
11444 10
11782 2
14153 5
14063 8
3573 9
4938 8
6843 3
2713 10
9318 4
5292 1
2707 10
11591 3
255 4
11671 2
3310 7
14952 9
8226 6
4240 2
5507 10
1951 2
7137 5
15347 2
2744 4
10603 5
11420 10
208 2
493 8
1550 2
651 3
4993 7
9142 3
4694 2
6682 4
8321 6
10448 3
12813 5
1694 8
476 3
1133 10
3514 5
4180 4
4287 10
8990 5
9610 3
9943 9
15894 6
3164 8
6123 5
10420 2
47 7
10576 7
2822 8
4905 9
5461 7
6151 6
12783 1
1391 6
8251 4
4394 7
11808 7
3892 1
4235 8
144 5
1907 9
13727 5
9109 7
6031 4
8609 2
8670 9
2236 9
3160 8
2433 8
5524 10
6337 5
8673 1
4224 3
7719 10
12790 10
976 3
8441 4
7103 8
8256 4
1159 7
11174 7
14852 10
1448 9
3753 7
6001 5
10621 1
12184 7
1131 2
1498 6
8105 2
117 7
1931 4
2399 2
4609 8
5214 3
8679 7
15294 6
1943 1
16171 1
6606 10
9111 6
10109 4
10279 3
10157 9
15014 8
6808 7
6561 7
14567 2
9136 3
6336 2
10435 5
12589 2
4165 6
4211 8
5884 6
9323 5
11764 3
1365 9
8027 3
295 8
3440 3
1070 10
9422 8
8702 10
13477 10
15549 4
5313 8
7681 10
15689 6
14238 8
9747 1
6671 10
965 3
2601 5
12922 4
13493 5
12209 9
11151 7
4445 3
5987 10
9188 4
11747 9
1239 1
7351 8
5076 10
11298 10
15946 7
3767 8
2191 10
4035 1
5713 8
8228 7
11705 3
6146 4
12600 5
16105 3
5373 4
6795 8
7779 9
7087 10
7003 8
4346 6
6418 1
10051 3
10720 9
13356 1
5248 1
3817 9
4975 7
8560 2
828 3
11766 1
5434 2
8582 7
14002 6
690 3
785 2
1715 2
1734 10
587 7
9496 3
9693 10
9757 10
6041 8
5641 3
4560 2
7036 7
5996 2
7252 1
8387 9
10932 7
4623 8
7259 5
9053 2
7218 9
3225 3
8245 6
14126 8
14364 10
5461 3
1892 3
12564 2
7844 5
8975 9
11162 4
2016 3
7589 10
13331 6
15503 6
8479 4
8670 8
10565 1
12563 4
13802 7
1497 8
12412 6
6583 3
9280 7
11219 6
10118 9
15816 8
15725 1
6731 8
13606 3
8594 3
15356 8
15119 6
8324 5
3736 2
15038 3
8110 10
13860 8
15376 9
12373 5
4442 10
4712 3
11066 4
7619 4
8695 3
14007 3
15849 10
2109 2
9451 4
10927 3
3874 1
6223 9
15994 3
1515 6
15803 7
4966 4
5900 3
8715 4
9447 10
5454 2
3999 4
6874 9
12408 8
13866 6
16300 9
1060 7
14375 10
15698 7
14232 1
3947 4
4509 5
4704 2
15238 3
7555 2
13149 1
16170 8
6140 1
6902 8
9720 5
2958 7
3705 6
5772 7
14090 6
10897 8
9401 9
13679 1
14993 8
8540 6
3792 8
4169 8
10775 2
14988 10
475 2
1486 10
15589 4
11257 1
15470 10
6027 4
6675 6
12688 9
13390 6
13996 2
14833 8
1175 8
3433 8
3224 6
6835 8
161 10
2422 4
11805 2
12891 8
20 9
7673 4
14428 2
1859 4
14721 7
1263 4
4181 6
2479 1
7911 1
808 4
5887 1
1726 8
10947 6
11074 8
5702 1
10993 3
13607 2
8876 4
9789 1
4444 5
4596 10
10724 3
15012 5
2198 1
4161 2
15669 4
12496 1
7383 2
3141 8
3986 1
13326 5
8655 9
654 10
12277 2
588 10
10659 7
3954 10
4836 8
12859 6
4769 7
2165 1
1862 7
8827 9
12792 1
13342 7
15430 4
3282 5
13710 3
4804 4
5730 9
12241 7
12395 6
14865 7
16243 3
362 1
1982 3
14068 2
12136 5
4750 10
8717 4
14154 2
14701 2
14142 2
14162 4
11016 4
5136 3
596 7
8010 2
12741 1
13451 10
8081 5
15956 4
5322 1
6220 6
8882 9
9483 9
9771 7
11861 1
11064 5
2072 4
12280 7
3738 3
12881 4
95 1
913 9
936 9
2987 5
4164 6
8696 9
3918 3
11698 6
1922 6
2939 10
188 5
3108 5
10302 10
10711 7
14208 5
14912 5
2193 10
1929 6
8737 1
3886 7
7281 7
4894 4
13187 8
2131 4
11342 2
12745 3
1383 6
6900 6
7976 7
9668 7
10162 7
13933 10
15418 1
356 9
547 2
1004 3
734 6
5544 8
6973 8
4009 7
7349 6
9365 4
9496 5
14671 10
1719 2
10737 1
8658 1
7020 2
9496 7
8126 6
12168 7
13653 1
8519 4
742 1
12906 10
6920 6
7473 4
10697 6
15342 2
8547 6
2943 5
8574 1
16052 7
4250 2
4631 3
5201 3
9448 4
11434 10
3070 5
3201 6
3830 7
7032 8
9978 1
13870 2
2816 6
3185 3
4729 9
10785 6
9005 6
1828 1
2352 4
9942 2
6579 9
12126 10
12757 4
14979 5
760 2
1156 1
979 9
12812 4
10546 9
11988 7
13116 8
14704 8
1062 9
7872 3
1220 7
12623 1
14189 2
2055 5
5739 4
4463 6
3314 9
4563 10
9643 2
10854 3
12185 3
12645 9
16282 8
940 4
3066 7
7505 5
8492 1
14468 1
15833 1
5051 9
4347 9
9345 2
117 7
13419 8
6216 6
11466 7
7521 7
13828 8
2582 1
5278 8
2248 5
1700 4
5834 10
9208 4
5275 7
14030 3
2210 2
12594 7
8192 8
8722 8
926 8
12740 10
7137 3
6211 8
12146 2
7023 6
261 1
359 5
14587 8
8465 7
14647 5
5111 4
9667 1
920 8
5411 2
4992 1
4542 8
11046 3
536 2
5775 1
6378 7
11155 9
11549 10
4436 3
10668 10
5733 6
11574 4
12894 3
3273 9
8420 6
10545 6
15143 6
15476 10
15820 6
1655 4
10638 3
5685 7
6519 3
6889 3
7513 3
8034 7
11164 6
12436 7
16369 10
9576 7
4075 3
8263 10
3078 1
68 7
11901 10
4763 6
11135 8
15228 1
6782 9
15780 2
11208 1
216 6
7865 2
9404 4
2763 5
2804 8
13781 2
10904 5
1142 7
5974 2
13727 7
14103 7
14149 9
15725 10
917 7
802 7
2399 10
7402 9
15050 8
184 8
545 6
5793 8
15187 6
7779 1
5844 1
12598 3
3859 3
11450 4
706 1
7994 10
11699 1
16227 1
1558 6
13279 7
8693 7
14242 6
4722 1
9184 4
15034 5
2134 1
6558 4
9419 5
637 8
14204 7
263 3
1867 9
11756 2
6499 10
4725 9
9544 4
1218 6
6793 3
13888 4
6707 10
7673 7
4445 1
15913 5
2756 1
3010 1
2701 4
5487 6
9264 8
3916 2
9468 7
12733 1
15663 10
12931 9
15952 3
14064 3
14638 2
2095 3
11289 10
11817 9
14672 9
4086 2
9440 8
10469 3
11513 9
12549 9
14264 5
14655 10
876 4
10536 6
418 4
2514 3
11859 10
8157 10
4404 1
4460 4
10318 9
1003 8
2965 1
15789 2
6245 9
1242 2
10214 9
10400 6
4916 2
186 6
11856 9
2565 2
16375 3
96 2
8755 5
1327 4
6551 5
5936 2
6731 3
12172 4
14048 9
2085 1
3141 5
9192 6
3441 5
3497 5
12951 8
2997 10
9698 9
4153 7
13867 7
858 7
11865 8
3772 8
4614 3
4873 7
9110 1
3102 2
2277 5
13576 1
5979 4
14553 6
3284 10
12692 3
6367 1
495 6
13170 3
5094 7
8496 10
1351 4
875 9
3137 5
3403 7
4889 1
9477 3
13337 5
5699 4
12501 10
13971 7
3075 5
6372 4
1541 7
321 10
9034 10
4792 6
5880 7
8113 3
8719 1
9457 3
12177 6
14572 2
7932 6
10106 2
1940 7
5443 9
5503 8
14485 1
2667 8
11330 10
15475 5
6870 10
8721 8
10518 5
4616 5
4167 2
13154 4
1342 10
5013 1
12033 5
14740 6
1033 6
2291 8
3240 9
13196 5
5357 1
7821 2
12210 10
1204 10
12751 7
1185 3
4973 2
3366 8
13428 2
14507 8
12537 5
11307 5
7332 10
11682 9
13786 1
15126 8
15859 9
13932 3
14665 10
6168 10
623 10
1745 4
10757 4
12854 1
9356 10
9055 8
10586 7
12919 9
13852 7
14163 9
4431 6
4257 1
9354 9
10972 8
15460 9
141 10
6423 10
2778 10
4021 2
3970 7
7847 4
7903 9
13781 9
1457 7
2017 1
2405 3
10424 3
8848 6
8256 1
1913 7
7803 3
12158 10
153 7
3058 1
3886 8
13587 10
3210 5
12950 1
5490 10
11007 10
3629 2
3828 3
9592 5
15063 6
9504 6
6325 9
10697 4
13861 9
15428 5
15696 7
6896 8
16361 7
10590 3
3265 10
9908 4
11217 8
14524 10
14404 7
4528 8
5342 4
4281 3
14227 4
15660 2
2362 5
16353 9
15925 3
6650 10
9863 6
4327 7
6636 8
8875 9
10976 10
13992 2
3857 7
1918 8
1727 4
8331 2
4322 5
8852 8
15025 3
1978 9
2726 9
15185 6
972 1
15511 6
4941 5
7152 4
9711 10
2642 7
14152 10
8905 8
14140 6
14290 9
15726 9
13245 10
8372 7
11582 9
14034 5
1546 8
15797 6
3680 5
11598 2
12073 2
15703 5
3055 5
10348 4
15181 6
15274 7
4983 4
15875 1
1871 3
15827 1
2994 5
13116 10
8764 8
15667 3
11172 3
12980 9
14241 7
14614 10
287 2
2169 9
14202 4
3961 1
8117 3
9010 3
9573 5
12701 6
1154 10
13850 10
9467 9
9149 5
9232 9
10322 5
13043 5
7210 6
10681 7
8456 4
16208 1
5027 8
7399 4
5131 9
7359 5
8483 3
9160 10
1664 7
2713 10
11007 10
4910 8
9655 2
15406 3
2026 8
2594 4
2768 2
10413 8
12660 3
9942 9
11986 1
11378 5
13024 9
15554 2
3549 9
11618 8
10624 7
14047 9
4870 9
10429 10
12906 6
13505 10
13711 2
14447 2
14769 6
14288 9
7960 4
10412 1
3683 4
5046 8
8750 4
10187 9
13504 10
15235 6
2515 5
13774 4
1976 5
3859 6
8024 9
9383 7
12783 6
6358 4
3768 10
11016 8
2487 1
12096 4
4887 4
2086 1
6444 3
12891 1
1022 10
738 10
10504 8
13396 1
10492 4
12669 5
13623 7
4961 9
8367 6
8987 9
4663 2
3656 4
1778 2
2947 9
8406 9
9877 2
6038 8
9806 10
14317 7
14542 10
14744 7
14225 2
6857 3
3538 8
5200 6
6091 9
3155 7
5649 5
11914 3
5143 9
12511 2
1785 7
4580 7
7646 7
7949 4
4305 8
9183 10
405 9
2237 3
2921 4
3492 9
13502 3
8540 5
16215 3
12089 8
14319 8
3229 9
6758 4
14623 1
12679 3
6825 7
10743 2
2585 10
14959 8
12961 6
9478 2
12179 9
2295 5
4238 6
851 2
433 4
6912 7
7451 6
8974 5
10612 4
14192 8
11300 8
11401 8
14577 5
8419 9
11129 2
10567 3
13128 8
16162 9
219 5
569 4
2610 2
788 9
7323 1
16241 7
13232 2
5372 2
6598 8
7927 9
9078 5
12438 9
15157 9
3908 6
4214 7
10228 5
15600 9
1907 3
1062 8
7914 8
11961 8
14861 2
1111 3
4155 10
14545 2
12504 3
8149 1
1084 10
11794 2
3906 10
4024 1
8688 6
14438 5
2692 8
11949 5
5386 6
16252 7
13785 3
6536 3
1228 3
8524 4
15079 10
10941 9
16009 8
2266 3
6425 2
12326 1
5404 3
14034 2
4328 2
14552 5
3468 8
3021 2
15816 1
6985 6
6677 2
633 1
8094 3
9606 8
10790 7
11079 5
11458 2
9789 7
12059 3
5918 9
295 8
9008 6
11833 5
5063 3
8436 10
12823 1
14240 6
14601 9
1578 2
1735 1
8704 3
12748 6
9216 2
15172 8
529 4
9963 5
3728 7
7477 2
11057 1
12021 4
8388 7
1427 7
14933 9
2292 8
7608 5
13800 3
4260 7
15197 4
11759 5
9791 6
7077 8
7351 9
12024 5
16275 4
10499 5
11281 1
12872 10
5287 9
6561 10
15196 7
4020 3
912 1
5205 5
6530 8
13348 10
2617 8
11424 9
6769 5
6438 7
7762 9
4032 2
15847 6
5015 7
15613 7
9538 9
9065 1
15408 4
12433 3
5042 6
1058 3
9516 1
10522 2
708 1
6402 10
5889 5
15103 1
16215 8
1393 7
12089 8
10943 2
7660 3
7885 10
2778 4
7452 7
8490 5
6684 10
42 5
530 5
986 9
14289 3
11509 5
10483 4
794 9
6590 8
7893 5
11927 7
16194 4
581 7
13605 8
15562 1
15437 6
9196 8
5668 5
1340 6
12188 10
15461 1
5105 1
13767 10
4924 1
10391 3
6512 8
7082 6
8685 7
11237 4
14991 3
14739 5
4555 4
8150 9
1901 4
8808 3
11433 8
4350 10
9212 6
4316 7
7405 5
11635 8
2359 4
5566 1
5234 2
10161 4
16098 8
11503 6
13687 8
3430 1
9346 6
14507 4
1784 9
3045 7
3449 2
5325 7
11074 7
10547 6
10201 7
11824 3
5919 1
10919 8
13861 10
14594 7
15643 8
5938 7
8835 5
10882 6
6244 9
16264 8
4429 7
7111 8
4427 10
13578 2
9097 3
3546 6
14310 8
5269 9
5558 3
8407 6
9349 8
14872 2
809 9
1961 7
2454 5
2965 2
14684 1
4442 1
345 2
10172 8
9009 4
5985 10
13435 4
14412 6
10343 1
6289 2
7937 10
8758 9
6751 1
9673 1
11640 4
5424 4
10606 7
16287 8
4177 3
8478 10
9023 5
5543 1
10301 8
1960 7
4712 3
11400 8
14518 10
15071 7
765 9
14957 6
7629 9
12607 10
8718 7
3274 8
11304 6
10309 8
6845 2
7446 4
8147 10
9825 3
13002 10
15398 9
7467 8
11577 3
15740 9
13222 3
3111 1
7572 7
280 6
11902 1
6294 5
438 2
14471 7
6525 1
13227 1
9540 8
4624 9
5217 7
12269 7
11356 9
2644 2
9204 7
4776 3
1325 5
9726 1
12432 7
1915 10
85 1
6912 1
1006 5
2560 7
12318 8
10214 10
12395 7
566 8
10773 5
13055 10
11282 6
2495 9
8613 5
4872 1
11921 9
16163 1
3479 9
11278 4
12074 10
6196 2
13957 4
3690 10
14950 1
13692 9
11161 10
16283 1
1681 6
1723 7
1237 8
5264 9
8068 1
11644 7
9383 9
14993 3
15463 7
16150 9
13987 3
9368 1
3644 9
5581 6
6277 3
10211 1
11673 2
5943 4
7910 1
4033 4
6495 5
13520 9
8110 3
4737 1
8947 6
5692 10
15260 8
142 10
15178 8
729 1
10089 8
5905 8
5590 7
9106 9
4761 10
9705 6
16098 2
3893 2
7493 2
10839 2
185 2
2413 9
13987 4
7226 5
13017 9
13591 3
15808 9
4396 8
6183 4
10653 8
9981 3
14232 6
12486 9
15266 9
4414 10
6900 5
9214 8
13040 2
15569 6
8318 3
9751 10
4602 5
15963 3
5836 6
8253 2
11531 2
1022 10
6497 3
6917 1
3736 7
15228 10
10386 1
6677 8
14752 2
10936 9
6266 8
13713 3
16331 1
13223 8
1561 3
3497 7
9773 1
3472 1
8280 8
13783 9
9562 9
5541 1
8164 5
5113 6
7528 10
421 1
11334 9
1904 4
6729 1
9400 8
8811 6
15838 9
1428 10
8920 9
5080 10
14911 8
11654 2
15399 1
13563 7
12399 10
2511 10
5387 9
7684 8
3445 10
1231 7
4259 9
63 4
3973 3
9069 9
1306 7
4155 9
12374 8
7835 5
8190 4
13596 3
5807 1
14537 1
2097 9
1235 9
12604 8
13840 5
15111 10
15272 2
1123 7
7967 5
13584 7
2679 1
12826 5
4748 6
12047 9
16364 3
2917 9
10678 9
840 4
236 7
3820 1
7093 3
140 8
1995 2
3267 7
14940 8
1149 4
7814 5
15315 4
565 6
12795 6
1951 7
9915 8
14621 6
4419 4
5280 1
9474 7
10151 2
10263 10
13701 1
324 4
7990 6
4006 7
5541 8
9119 2
367 9
1871 10
4250 6
6510 7
7768 2
8684 3
16161 8
160 2
1919 7
11766 2
16282 4
6486 8
11999 4
16283 6
1397 8
9855 8
15121 10
7995 5
11056 4
14788 1
681 6
3079 3
886 1
15464 5
15527 1
5683 6
7494 8
10264 9
3459 6
6212 8
9282 2
13185 2
11480 5
12963 1
3887 7
4710 10
7298 4
7325 2
15272 7
2466 4
2684 10
14843 2
9059 6
275 5
5753 1
582 9
8609 10
4531 9
9689 8
15632 1
14919 3
15670 5
1997 7
8601 4
5007 4
11774 2
13730 7
14435 3
2808 2
3144 10
1686 5
8547 2
11722 2
5267 1
11944 9
99 10
756 8
1767 10
14667 6
1766 3
2337 3
5972 10
10124 5
12798 4
16202 1
1473 2
5054 2
6945 3
11106 8
1929 2
255 7
7394 10
10217 2
10426 9
10982 10
14073 8
1274 2
2504 8
8027 4
15969 2
532 1
10196 1
2730 4
5115 6
7598 5
4549 6
10156 3
11984 5
9936 8
8025 3
8587 2
10320 6
5685 3
7669 1
8705 6
9519 7
1540 2
3021 4
8365 8
2874 2
890 1
7293 2
8542 2
401 10
2924 6
11324 8
6582 4
9520 2
8057 7
1238 9
12674 6
13483 7
1941 9
9694 7
5252 10
14738 9
7150 7
14074 5
7505 9
12424 2
6059 4
3652 4
12908 8
7522 6
8970 9
14366 1
6472 10
8804 3
12436 8
4768 8
13710 5
9834 4
6054 1
6059 3
5126 1
3353 1
2280 8
4964 9
14728 6
13901 1
576 5
3432 8
4258 7
4762 7
8130 7
8663 6
9027 9
334 4
3431 8
2905 4
5221 1
6473 3
12233 7
3201 8
15660 5
16161 5
8790 5
10298 6
12582 10
2024 4
6944 5
594 9
2368 4
2371 9
16212 4
13540 9
7585 1
9081 10
4023 5
9799 4
10716 9
10204 3
4198 1
15743 10
14312 2
3634 1
13314 6
14174 3
4057 6
7485 4
9511 1
10601 3
659 7
2451 6
9186 5
3534 5
7076 2
1029 7
7258 4
9822 9
13638 6
15129 1
1472 10
2718 8
2816 10
4921 5
771 3
3172 3
2866 8
11650 4
8964 9
12533 7
3262 5
9892 4
10747 9
12013 10
11315 4
11546 4
13558 3
7620 8
6890 3
11797 9
3724 4
5638 10
14879 3
7354 2
15116 2
4599 3
11449 9
9829 3
1727 5
3397 10
12 7
5000 3
10589 7
10660 10
16294 9
4771 1
5377 5
184 2
5047 4
6879 3
9645 2
12837 6
13999 5
13132 6
3634 9
13021 9
4638 5
6869 1
15890 6
9039 4
9473 9
7545 5
7586 2
9465 4
13484 8
15082 7
3354 2
3714 2
8004 5
8067 5
9280 1
9751 9
13436 10
15608 7
513 7
2269 3
14287 6
15159 3
2472 4
11942 5
333 5
8816 6
13857 1
13827 3
12210 8
5579 7
14484 7
2815 5
9656 5
11036 10
11978 9
2296 4
5538 6
5713 1
5591 2
13463 8
14583 7
7538 4
7842 4
9625 1
7628 7
7657 4
13695 4
4403 8
13856 3
13988 9
4798 6
4907 9
5614 9
9867 5
16380 7
6175 9
14277 7
13501 1
12181 6
3117 9
3643 2
6165 3
12559 1
13172 1
3411 6
8249 10
4535 5
7335 7
14395 2
14613 1
15568 1
15464 4
8972 3
4440 9
4215 3
5210 4
8761 7
16109 6
11263 2
10396 10
16296 5
11485 7
1509 10
2449 8
14430 3
3574 1
14430 10
3927 7
1106 6
883 3
10431 3
10481 5
11084 5
7606 7
6570 10
6280 5
1967 7
11630 3
14289 4
7143 1
10241 1
2531 6
13253 8
13955 9
15179 5
3867 7
10920 6
5346 5
15177 9
11146 10
5995 3
6968 6
7307 9
11534 2
11801 5
859 9
3328 8
9437 7
4791 4
15168 3
10912 4
15038 9
9849 4
734 7
3526 7
6120 9
16131 7
2776 8
3865 3
7078 10
3058 8
13639 10
8008 1
10421 1
14518 1
16167 8
11638 5
2641 5
12254 4
4776 1
6855 10
10412 1
12116 4
3391 1
4979 6
1639 8
5644 9
9733 6
9434 9
9562 4
11769 6
12240 10
14069 4
16102 10
2073 1
10039 9
4583 2
15325 9
7815 7
8925 1
14818 8
701 4
2649 10
14627 7
15742 4
1754 7
6493 4
7252 6
10754 3
12077 2
15875 8
12633 2
1532 6
10633 1
5541 7
13049 1
14615 5
6826 6
7927 6
6914 1
5436 3
5707 6
2608 7
5695 8
1604 2
7241 9
7999 9
9971 10
13556 10
13759 8
14633 10
3031 9
8643 6
461 2
3376 9
1246 4
1671 2
9758 1
5034 4
14638 6
4358 1
2892 9
5802 7
1511 2
6154 1
8071 10
7568 8
5266 1
6531 8
8758 6
10253 1
5049 6
10979 7
3928 1
4643 9
4936 8
5444 4
1877 10
2625 1
13527 2
13067 4
6461 1
9660 7
6888 10
14591 4
16058 1
16107 5
7763 7
1141 4
2603 10
6254 6
7613 4
9625 4
12350 8
12886 9
14560 6
14906 8
9441 10
12851 1
11989 2
8649 9
5934 1
1506 1
5513 4
11665 9
13632 1
12641 2
3641 7
12828 9
13176 1
13245 1
12704 8
7430 8
8134 4
9615 4
15219 3
15628 4
982 10
15815 5
4873 1
15611 10
7846 6
11748 2
739 2
15977 10
10920 4
7143 8
7324 8
5190 6
8124 1
14992 10
3312 9
16314 4
8978 4
7859 1
10116 3
13975 3
3030 7
12577 7
12609 7
4906 3
5274 8
10519 2
663 7
9541 5
14444 10
1464 7
6122 2
15111 9
4270 4
12364 2
3573 2
6800 7
9036 4
11021 3
13760 10
3391 7
4779 8
13587 2
3262 5
496 1
2275 8
5343 9
9884 6
4648 9
14958 4
8879 4
2796 2
10946 6
12557 2
6451 1
9702 1
10583 6
11832 8
927 9
11516 5
9718 2
5312 7
6311 3
9011 2
12304 7
8360 8
5187 7
7707 1
4298 3
4810 7
6776 9
8241 5
9163 6
10513 10
13847 5
14749 4
15451 1
2546 10
3120 10
5887 8
6458 5
9055 8
2662 8
837 7
6795 6
3565 7
10043 5
380 9
1593 9
11744 1
1245 9
7437 2
2415 10
8807 3
14280 8
14969 4
2798 8
7339 1
209 3
14447 2
15195 1
1538 5
859 6
2007 4
6039 2
8244 6
2064 6
2840 2
14793 1
13836 3
5472 10
15806 7
267 9
1444 1
3858 2
7595 10
11359 2
4342 7
1440 6
10793 10
12312 7
15920 5
6945 4
14207 4
14168 1
4224 4
6146 2
13020 2
667 5
9341 5
2052 1
7022 6
13840 3
6464 1
7972 9
9916 1
11091 9
922 2
16108 7
3789 7
14059 1
8812 5
12400 8
9596 6
7283 2
3159 5
7792 8
14929 6
6668 5
7785 1
5851 5
11778 2
14302 10
15786 9
9041 8
4394 1
418 8
15492 7
5620 1
12787 2
2312 3
2858 10
6530 4
10989 9
3636 10
11431 1
14038 10
16147 10
906 2
2105 3
12356 8
11316 2
13099 5
12695 7
6284 3
6637 7
547 3
7492 5
4837 4
8695 10
2363 9
7075 6
14783 7
9683 1
1976 6
9926 6
15125 3
128 8
1643 2
2965 7
7833 9
7612 10
15715 7
461 4
3969 9
5062 5
5982 4
8994 4
10543 10
10968 8
6246 5
12465 3
5605 4
11861 2
12340 10
9033 4
7218 9
10700 8
3723 4
16022 3
14777 8
6046 8
3469 7
8991 1
11118 5
12312 5
14705 1
6661 5
9530 5
7403 1
12138 7
11473 8
13311 8
13937 10
7583 4
1245 2
14912 10
3949 9
4561 3
4735 6
10908 4
14529 5
2518 6
16297 1
283 5
3603 6
13513 3
8846 6
391 8
6979 8
4932 7
2419 1
5440 7
6741 4
8653 6
16362 8
11977 3
14326 9
7586 3
13877 6
5150 1
10048 7
15752 5
818 7
14103 5
11790 3
5881 10
7270 10
9373 1
11595 5
5534 5
16225 8
5752 2
10217 5
10535 7
10568 10
13250 5
3438 5
6259 4
8493 4
6014 7
9650 1
10241 9
10584 1
10621 5
10988 6
13279 6
13404 6
15474 7
10745 9
15108 1
1307 7
3771 10
4815 5
1107 1
4981 7
12849 4
7211 8
6241 5
14356 8
81 7
2626 7
6463 9
1646 6
4896 2
6329 6
7636 9
9581 8
14134 2
4071 8
3309 8
11748 10
11831 4
12481 4
14451 2
14570 10
15828 2
8552 3
6210 1
6351 4
8814 7
9687 9
1655 3
10125 8
6469 6
15470 8
4450 5
4457 5
7620 6
11614 3
14525 1
14399 5
13604 1
11503 5
1495 10
6062 7
12396 3
1797 5
4104 2
7605 9
10359 7
10422 4
11694 5
16006 3
561 4
6546 2
12991 5
1778 8
10978 1
946 10
6373 4
9949 8
3941 10
3358 6
4121 4
8079 3
13698 1
15030 10
1897 7
9740 1
12055 1
12997 3
11534 5
6027 6
11179 1
4463 3
5126 6
5380 5
13826 6
1484 5
3301 9
13368 5
10481 6
4755 4
998 8
8386 5
7669 3
10248 6
9352 5
13697 6
13952 6
14396 10
2926 2
6053 10
13342 9
12120 1
1395 9
7380 8
763 1
14116 7
4253 3
7208 5
9411 3
11776 2
1516 8
13986 4
6376 7
1283 7
12020 6
6849 6
7660 9
10156 8
15119 2
7506 4
2464 2
15396 9
2323 6
9425 3
4671 6
7923 6
9001 5
10525 8
12699 8
16291 2
5327 8
7862 7
2652 9
3599 3
2757 10
11242 10
12303 7
1732 8
15189 9
552 8
8305 2
7477 6
2289 5
12291 1
15323 2
9387 9
13997 8
14920 8
16201 2
7353 7
296 8
13680 1
3907 10
7475 4
7932 7
9639 9
1169 1
12894 5
10960 2
15847 1
11817 9
1087 9
6998 3
3773 6
8942 3
4102 1
7464 6
8202 10
14442 4
4573 7
8354 1
10809 9
12170 8
3503 7
10866 10
4626 2
4804 1
5763 3
15987 7
7362 2
13895 1
4741 9
6054 7
12595 4
15545 9
15010 1
1845 7
9232 1
4597 3
8091 8
12887 10
14824 6
16232 8
739 4
1648 1
12558 10
15110 10
10375 5
14219 4
2868 9
5405 4
9890 9
10675 6
4478 6
6013 2
2612 3
8901 5
7981 3
6728 8
6968 3
6173 2
4738 3
14972 1
1142 1
5514 9
7561 9
13332 7
168 8
3153 9
3496 2
11281 10
242 8
3462 1
12349 4
15006 10
8500 10
5570 1
10301 4
11205 10
15798 6
179 6
2629 2
10771 4
9942 10
3772 2
10805 8
14230 5
16296 10
13468 5
10339 4
8688 8
8145 6
12860 4
15987 3
1279 2
6013 1
3747 7
6278 10
5382 4
7276 7
11963 9
7921 3
11825 4
9209 3
15212 2
268 1
1604 5
272 10
8621 6
11952 7
9858 8
10681 5
293 9
626 3
13166 10
15270 7
1040 2
1854 7
7672 2
8365 9
16227 4
8894 2
5199 5
881 3
3681 1
6909 9
8040 9
14327 10
2211 5
15630 8
1456 6
3719 10
4147 1
11265 1
12720 10
13492 4
2451 1
6650 3
4018 4
14204 9
14856 2
16033 4
1362 6
8648 9
10671 6
6391 5
1572 4
13932 7
11594 7
9083 10
308 10
4678 7
4710 1
14966 5
4114 6
12818 8
13420 2
5387 2
2385 5
12886 3
7782 3
12586 10
8263 6
8005 1
12308 5
12525 7
2188 7
3069 5
5098 4
8330 8
13687 10
6116 5
6199 3
6330 2
3844 6
1220 6
4414 9
13389 6
15673 10
839 6
1926 9
1885 7
15387 6
4030 9
4258 5
1184 4
10680 7
15105 4
3615 6
10239 4
9174 4
12604 10
16025 4
9581 5
1839 8
8326 10
6109 5
16296 6
4436 6
13488 7
14591 8
11493 2
9099 2
12640 8
13580 9
5534 2
15696 4
10556 3
10578 7
16193 3
5003 8
12496 2
11183 10
6614 7
11007 3
6967 2
8678 2
3761 9
9073 2
9131 10
15647 9
3557 3
9005 3
1608 7
4860 6
522 5
2131 5
15873 4
10392 3
7046 10
12013 6
12684 7
7235 8
9949 8
8592 8
5320 7
6895 2
9594 2
10590 4
511 9
4279 7
5034 8
10752 7
12122 4
14797 2
3529 6
9425 8
13814 6
15855 2
1743 8
11620 7
12679 10
3617 6
6621 8
7257 6
7609 7
4304 9
2365 5
14882 9
7693 8
12783 7
8694 9
7093 4
15307 6
13121 10
946 6
8112 9
5400 5
10117 8
15845 10
5737 10
8316 7
4779 4
6980 7
10740 3
15379 10
11151 5
5524 2
15718 10
7220 9
6033 2
15526 4
3952 3
4641 2
4797 5
6469 4
7767 6
10890 8
11459 4
14610 7
15873 10
843 5
16092 9
9637 2
11388 9
13180 1
4895 5
398 9
9449 9
10030 10
427 6
871 2
14227 8
6316 7
15492 1
10444 7
3804 6
5534 5
16179 3
10831 9
8131 5
11423 9
9890 6
3592 6
9851 6
1297 8
14397 3
14920 5
12404 10
15750 10
7496 2
13601 9
3604 6
9298 6
4259 7
12785 8
4619 4
9014 8
5434 8
15876 1
16054 10
6216 6
9232 9
7331 3
15435 8
8511 10
15191 6
13953 9
5406 7
12179 2
10475 8
7568 9
10897 2
15398 5
2928 9
635 5
11877 4
6464 7
7954 8
15701 9
15907 3
5695 10
9304 9
15019 2
4690 5
10650 7
11918 1
12289 2
12075 5
11404 2
10708 8
12194 8
13027 9
4285 6
12875 1
14339 10
444 2
2439 6
11203 8
14638 1
552 6
15814 5
5804 6
14030 5
14781 4
1503 2
6759 4
2599 4
9198 10
9092 8
10879 10
15326 9
1353 1
6651 1
9971 1
1167 2
1444 3
1867 8
3282 2
9417 7
282 9
3653 9
9516 8
9738 9
3636 9
3687 1
2796 7
12034 3
4671 2
264 1
8755 7
2056 6
15531 1
7784 2
4483 4
8777 2
11103 5
1517 3
9684 1
4056 3
7187 5
3447 9
14621 1
3436 1
6302 1
8422 10
9436 4
11002 3
1291 3
4653 5
6999 8
14332 2
3630 9
10963 10
3518 10
4885 3
9255 2
14543 8
7527 5
13086 1
11288 10
10071 6
2049 3
15418 8
13764 8
12365 5
12161 3
13486 3
16034 5
5463 9
4664 4
700 7
3487 7
15626 8
3911 4
13809 9
6369 3
6588 2
9500 2
16113 4
10115 10
814 1
941 3
3916 10
6821 3
3458 2
14113 6
15478 7
6748 10
11463 1
770 8
869 7
3379 9
8311 4
4162 9
6846 7
14006 6
15316 9
550 5
4191 7
5416 2
12595 1
1755 10
3010 8
8658 9
14952 4
11835 2
15631 4
15799 8
5709 6
9251 6
14595 3
14279 4
11773 2
1609 9
12925 10
7198 8
9876 10
14297 9
5145 7
6842 4
2262 8
15845 9
688 3
11996 9
5061 1
5782 3
6806 3
7778 3
13593 3
16096 4
14557 6
13307 4
7234 9
2339 10
6525 4
838 7
14439 7
3014 5
4216 1
3427 4
4011 7
2791 1
13572 8
9584 8
15162 6
11343 2
2987 4
3758 7
3629 9
6110 7
11952 10
4375 2
14385 6
4437 9
7487 7
10302 7
12037 5
15686 9
55 3
2339 6
2546 1
9581 6
2251 10
7022 9
7584 3
12623 5
15008 4
3307 4
5925 7
6829 4
9945 7
11382 3
2093 5
2756 6
3864 7
6729 6
9547 3
11008 5
15357 10
16007 7
1566 1
4529 8
6657 10
11025 2
12412 2
15176 4
16062 1
14229 6
2757 7
6905 7
10236 4
7186 2
9186 7
13290 5
3060 5
8687 1
2359 4
13670 8
8136 4
5767 5
9987 8
7275 6
12872 6
1383 8
1459 10
14830 6
12012 10
9559 7
15229 8
1031 5
4378 3
7298 10
13894 2
14485 6
938 8
15202 4
13237 2
7351 2
8877 1
724 2
7660 9
15518 2
12357 6
8352 1
12512 8
13260 5
14698 9
15691 6
388 1
5904 9
4798 7
9558 3
12640 4
1438 7
2185 4
15999 2
4483 8
11515 2
13680 7
11437 10
7835 1
3905 5
9807 7
6846 1
11516 5
9460 3
9593 6
15034 9
899 8
12507 7
9746 9
4983 1
15949 8
2186 6
156 10
11819 7
1464 9
3810 6
7185 6
10380 9
1619 3
2357 4
11028 5
13808 3
15230 5
2650 9
11120 2
11867 2
13014 4
6201 7
13544 7
15867 7
0 10
732 9
13021 3
14721 3
14637 9
15095 1
15522 7
283 4
8702 6
15696 10
7495 1
4977 2
9008 5
12583 3
14708 6
15575 10
2384 10
15067 8
4874 9
5595 6
11152 5
11728 10
4940 3
4808 2
11750 4
6256 7
9598 10
16326 9
2046 9
1632 1
450 4
14780 8
13011 7
16330 6
10947 7
554 5
11589 10
8252 3
10183 7
6913 9
8768 2
3291 5
1524 5
5040 6
5119 8
8177 3
3581 1
4564 2
7050 9
2733 1
10132 3
12703 7
541 6
16290 2
15786 4
7311 3
9720 7
15236 2
15563 3
3146 6
3302 4
9215 1
11878 4
10371 7
15265 9
13279 3
10700 7
4017 8
6834 7
10579 3
14653 5
2620 2
2443 7
5166 3
12316 3
13597 8
14775 8
14942 5
9960 1
9296 1
11398 3
3630 1
7333 4
1357 2
15206 5
6807 8
450 7
9438 8
6703 9
5741 7
2543 5
10256 1
4799 8
9768 5
12408 6
3377 10
11915 2
5235 5
4354 4
5554 8
8120 8
254 7
3717 8
4479 6
15390 10
6093 9
9653 9
12729 10
8841 8
10970 4
7196 9
12389 10
9961 8
6572 5
14203 3
2290 4
10309 10
3911 2
8093 1
8221 7
2381 2
15718 10
4495 3
4494 5
5649 7
7716 3
14020 9
2784 8
4936 4
12258 10
4252 7
11679 8
14987 8
15439 3
8352 4
2221 10
10235 3
1535 2
2948 9
14960 8
13771 4
8981 7
6515 9
10075 10
11504 5
11701 3
10696 2
5242 3
6471 1
13189 10
14190 2
8019 6
15364 3
2291 5
15090 2
15180 5
14577 5
13981 5
2753 1
5699 4
8447 3
6706 6
5189 6
4231 8
428 1
7750 10
5769 5
16247 10
14211 9
12557 2
12786 3
8971 3
12547 9
3197 6
11378 2
7043 2
3107 5
6452 9
13737 6
1569 7
861 3
7253 9
4632 2
8297 7
9953 3
11086 3
12101 2
12251 9
2144 2
645 8
12034 5
4877 10
5628 9
14057 2
14381 4
2939 10
1710 6
13291 4
6281 1
8 8
2483 5
12437 5
11015 9
10055 7
2895 4
2220 10
10176 1
6272 8
3867 6
939 10
10664 1
14584 4
433 4
11320 7
11732 6
14102 4
7784 9
6397 5
3835 6
14664 1
3449 2
14601 10
8024 5
11104 9
7886 3
7209 7
8837 8
10870 8
14112 3
10019 1
11572 2
1373 6
5304 3
8560 9
348 10
8454 3
11869 9
13438 2
3691 8
15050 7
15036 6
8192 2
11179 10
13968 6
12191 1
8314 6
3034 9
4034 7
6229 9
11606 8
163 5
2217 2
12855 7
11417 10
15807 1
3582 10
4393 3
8882 8
9784 10
9996 8
15406 10
13735 1
14024 5
1835 1
8132 4
8293 9
5404 10
8832 3
837 4
15511 7
913 10
15926 8
2806 2
3525 4
2810 4
1460 5
5169 1
5444 5
15591 8
2973 2
3443 4
15283 7
3921 9
5042 9
10259 6
12938 2
15273 9
706 5
2031 5
10584 2
3093 5
8449 1
5643 10
11048 5
7328 5
12191 10
14692 7
6983 10
7848 2
6264 8
6258 4
8559 7
9167 3
2005 9
3333 7
5820 6
11869 8
1215 4
2643 10
13829 3
16347 1
8028 2
10028 3
13735 3
16348 5
11997 9
14088 9
8788 5
10975 5
9310 2
15440 9
9704 4
12055 10
4077 3
11149 2
14317 10
16183 9
11465 7
563 7
5917 9
8583 4
9717 3
841 10
7616 3
1513 7
15900 5
2521 9
5989 3
11631 6
15276 7
13836 5
306 4
6632 4
12036 4
14944 7
30 8
127 3
14164 1
12911 10
6041 9
6529 3
3190 2
3389 7
1152 8
13951 10
13617 10
12451 7
15812 2
5626 1
14694 5
2032 7
15015 7
4625 7
11227 4
14817 5
1212 9
2303 7
5923 5
3215 3
8438 9
6551 6
5138 2
14212 2
16069 1
119 8
13816 10
10869 4
10672 6
4056 5
11213 5
11999 7
14319 5
197 5
2779 9
14028 8
8780 1
4027 4
1162 1
2050 4
1559 9
6241 8
11215 3
11642 9
13739 1
14372 4
1077 10
9247 9
6081 2
13084 8
6906 7
9341 10
11159 10
12116 6
1002 1
6803 7
4056 2
15728 1
16161 5
44 1
6705 3
6065 6
10374 5
5877 10
3883 1
2440 1
6878 9
9635 6
12422 8
13806 8
1817 3
5498 5
11559 3
15047 4
5282 2
11912 1
12641 7
3577 7
10787 1
15852 1
5210 1
5727 4
7214 9
8599 3
2544 3
5997 7
2707 3
7741 9
9642 2
13560 10
15715 1
2835 3
16281 10
945 9
4717 9
459 7
916 2
3889 7
1109 1
9421 7
10288 7
25 1
2369 7
5375 5
563 5
9777 5
9075 10
7054 9
12351 1
1560 10
11793 2
10064 9
3770 10
11290 7
5205 5
3166 7
15037 3
16217 6
2326 1
8914 6
539 7
2050 3
14132 9
7267 9
13318 6
13761 6
2954 4
740 1
15844 5
11304 7
1402 1
9930 7
1089 5
1153 5
9520 10
2274 5
8861 3
4039 10
8532 10
11374 2
12575 9
13014 4
15700 1
1473 9
6701 2
7844 7
9439 3
11940 4
12324 7
3653 7
9111 5
553 6
14392 1
5603 7
13483 2
495 10
11422 10
12411 1
859 3
7949 3
10907 6
14082 1
11563 9
4203 10
12739 3
15612 6
3598 9
3911 9
6617 5
5264 2
5928 8
7340 4
3824 7
5362 9
183 3
5286 7
13644 7
13697 8
16325 1
5125 5
14301 4
11146 8
10431 9
6058 3
8232 5
9253 2
11289 2
13634 9
9306 3
342 1
6753 4
1722 5
4523 7
11498 2
1204 2
2363 4
2969 2
4431 9
5339 2
15062 10
1129 5
5175 9
13030 10
302 4
9505 1
11363 4
14441 10
14743 10
14942 10
3177 8
14257 9
12035 8
5915 5
6002 7
444 9
3304 10
2671 3
11969 4
12017 10
12402 2
14220 8
8683 10
14523 6
12392 6
6068 3
9939 4
10835 5
14554 1
14921 2
2948 9
3752 10
2463 8
2138 2
7297 10
9322 4
13203 5
13221 5
14032 7
14090 3
2905 8
3535 10
13888 8
4002 2
12720 7
13357 2
5724 1
10092 1
343 5
3575 2
5436 2
3264 8
6279 9
9214 6
10468 3
12078 4
991 9
3563 6
1768 1
7599 9
15066 2
7114 6
13344 10
5408 8
824 5
6375 3
7188 1
14033 2
14226 4
15593 7
874 6
12539 3
4751 1
8263 6
10683 4
2546 6
11310 1
11062 1
5092 8
13375 5
15773 7
296 7
5068 8
999 6
5861 1
12366 9
2328 4
5339 2
15519 4
514 5
8887 5
13600 8
13647 4
8919 6
9354 8
2599 4
2005 3
1135 9
2496 5
8000 6
8859 4
543 3
6716 5
15462 7
5329 3
15008 9
2287 10
6253 9
12279 4
3152 6
12717 2
7177 8
6976 8
6387 4
4694 9
10208 3
13127 5
15100 10
12214 6
16285 2
11887 8
12213 9
14823 7
15688 9
496 3
2751 5
12478 4
2786 3
12564 7
352 1
2729 7
4992 6
3037 10
10815 5
8094 1
4778 8
6116 3
9363 10
9938 1
12008 3
1523 1
7207 10
8316 8
9811 7
12414 9
13264 7
3122 1
12708 4
1397 9
15367 10
9851 3
11130 8
10922 3
14441 5
8697 10
3513 7
14713 3
14945 7
13027 3
13595 1
15584 7
1128 2
10963 4
4718 4
6837 4
948 3
1390 10
4467 2
13780 8
5529 4
11599 4
2067 8
4090 6
3199 8
6775 10
9067 6
11710 7
13394 6
11038 8
2381 4
14115 2
14210 3
1932 9
12619 6
5336 3
15750 9
1757 7
11142 1
14790 9
6869 10
13149 5
1765 1
5054 8
9851 7
5728 6
12376 2
15163 9
1028 8
1623 9
7262 8
8620 8
3925 7
5017 2
6048 3
6283 7
7399 8
10193 2
10997 5
13354 7
709 4
12300 9
545 2
13905 4
5573 3
12654 6
3005 3
2160 7
14413 8
2557 9
12675 6
210 5
1374 3
14884 5
8682 1
5495 1
9940 9
9718 8
10290 8
12489 1
13857 3
1439 2
2292 4
16027 4
12896 10
9687 4
9816 2
10094 3
11087 5
11404 8
1111 5
16175 8
12859 6
7582 10
12536 10
10272 8
1673 1
5190 7
4665 5
5696 1
6726 3
3613 6
12987 10
15770 10
16229 8
590 2
677 4
16245 5
4027 2
6323 9
8977 5
4580 6
9242 7
15581 3
15306 10
9024 3
15772 1
16108 1
1507 10
761 1
11390 9
5487 9
4579 10
7014 5
15445 7
5641 9
12383 9
2413 5
4378 10
7680 10
9731 9
2836 6
5072 4
10083 8
9770 9
11181 3
12782 7
5884 7
4189 1
3671 6
6071 4
8456 9
9690 10
1600 3
9384 2
6072 1
6577 1
9090 4
2882 9
788 10
7713 4
6177 8
7092 3
13285 8
15140 2
15481 8
923 7
11604 5
8219 7
10314 10
7071 2
13819 7
5861 2
8766 2
5670 7
12062 4
4965 3
1114 1
14159 5
13411 1
6786 10
10765 1
11335 10
14339 10
15473 3
9760 5
8156 9
9699 9
4201 5
5714 4
10914 5
3181 9
15374 10
6139 1
8346 8
7776 3
5068 1
2961 5
6798 10
1544 9
9306 5
7409 5
4705 6
9242 6
9890 3
3402 1
14261 1
12240 1
367 2
1940 6
12519 2
14115 3
9721 2
4506 3
6009 8
6638 10
7538 7
16205 2
112 3
1696 5
6650 8
2726 4
9049 6
4549 8
8237 3
11075 9
15194 8
15302 10
5256 1
16324 2
9848 4
6229 8
8077 9
9229 8
13419 3
16130 6
3762 7
10529 6
4100 5
14171 5
15346 7
115 8
10323 9
1901 2
15623 3
10535 7
9590 5
13049 9
13246 9
739 8
12423 10
1031 8
4235 1
1593 2
12879 6
6153 3
4940 7
5913 5
6571 9
12622 6
13995 5
14181 10
3282 3
4358 7
12363 7
9048 8
9457 9
14778 8
14887 10
2157 3
11050 2
7788 9
4287 10
10620 8
12045 10
3224 7
537 5
3964 4
2649 7
1120 8
7572 2
8372 6
9808 10
15529 1
4286 8
1945 3
12349 6
15117 5
171 5
2741 5
2877 6
14664 6
12131 7
194 10
10502 6
10922 3
14407 3
16074 10
2893 5
12375 8
710 3
9202 9
6482 1
1600 4
13616 1
264 9
14845 1
594 6
3713 6
4634 5
15057 7
7925 2
9808 7
11211 10
13681 8
12965 4
7218 2
8700 5
15675 10
1721 3
13392 3
5189 5
2311 5
4951 4
6507 3
15104 1
10141 8
12470 1
13034 9
5757 6
7713 1
6707 3
7582 5
6439 4
8982 6
14560 10
15250 7
15661 7
2448 10
942 3
7461 10
2146 6
7693 7
3852 3
4443 5
11888 10
15996 5
9198 6
10471 2
6314 3
7740 7
14381 8
12553 6
5656 10
1764 10
15842 3
8890 6
9007 9
13470 5
13962 10
84 10
6876 9
2657 8
8274 8
7502 3
5841 6
116 1
3590 6
15993 1
5974 7
2299 7
9388 2
13877 5
3906 7
4587 10
4840 6
1498 7
10347 6
7878 2
14365 7
15581 5
797 7
8349 8
10713 1
2472 4
3957 7
6745 7
14324 8
12952 9
9200 9
7749 7
10890 7
11903 5
11897 10
767 4
10133 8
11486 1
11354 9
13199 1
12793 2
10157 5
10318 2
15660 9
10527 3
11415 10
15329 3
236 6
12467 3
2062 4
8452 5
5632 7
7749 7
8979 8
12351 2
15980 4
9591 7
3840 3
9701 9
5327 5
6723 6
4918 6
9333 3
9526 6
12528 6
13559 1
15445 2
2073 4
617 8
5103 9
8602 3
9237 3
11394 3
14808 6
10789 6
8619 2
11361 2
8143 6
10091 9
13966 10
14035 2
16105 5
15449 5
15061 8
15745 7
3287 7
14164 5
10777 9
354 2
9973 9
2441 6
12600 2
3509 2
9965 3
704 8
6160 4
277 1
522 2
3248 3
13618 8
7577 4
3303 6
308 5
6306 3
7670 1
11950 5
590 3
14400 6
11541 2
2482 5
1962 3
7359 10
8208 7
12581 9
12715 9
15241 9
8900 1
12224 8
12013 6
9258 10
12897 10
12881 5
4277 3
9408 4
9763 1
13223 7
3015 4
14694 1
9621 3
2892 1
6704 9
3657 7
7869 1
412 1
15125 4
3470 3
15959 5
7242 10
12705 4
7481 3
5670 6
7446 4
10926 7
16372 1
1247 9
3466 7
3711 6
7959 10
15539 6
15201 10
14174 6
1803 2
5587 3
13560 5
1331 3
4717 2
641 5
9585 8
12325 8
13850 3
10440 1
13235 1
10902 8
13740 2
16265 4
3073 1
494 5
7133 2
1458 10
7226 6
10841 7
1868 2
7517 8
8391 1
13533 2
14024 10
494 5
1073 1
3192 1
6357 3
7114 1
1865 5
2041 9
5731 7
950 3
1095 5
15967 8
5278 4
11746 1
11966 7
10084 5
14026 9
6931 4
8344 6
14229 9
15980 3
1348 3
14656 1
13081 1
7806 6
14122 4
8430 4
6449 7
5229 7
5729 10
10819 8
5228 10
15788 7
289 2
9817 1
1776 3
6207 3
7268 2
10863 7
7674 10
1689 1
5738 3
9104 10
10976 1
12853 10
13077 6
3745 1
2397 3
5453 2
4852 5
8039 2
14310 4
16349 7
3983 8
11190 1
219 4
6960 8
10226 7
14512 3
16263 8
3218 7
3281 8
2313 9
14218 4
610 7
1292 4
2751 4
10896 3
3412 7
9262 10
10534 1
12154 3
587 2
13583 6
4911 3
7262 8
467 1
3750 7
4936 8
4882 10
11750 4
3914 1
4205 1
12158 7
15514 6
9164 2
11780 5
13979 2
14107 8
14683 1
2185 1
6760 7
11846 5
4956 2
4572 4
15866 4
2038 10
11696 9
6781 9
9949 5
3162 1
452 3
2490 4
13652 9
7115 8
4774 4
3383 2
4995 2
9918 9
13363 5
15459 5
14296 4
10242 1
3033 9
8233 9
15127 1
610 4
6909 5
14681 2
5816 10
823 8
14248 2
2353 10
1385 9
8753 1
16355 1
11975 5
8087 10
9732 1
9818 8
13351 6
1206 4
8416 8
7232 4
4173 7
6974 4
15142 8
15270 4
7017 4
6719 6
10538 2
13586 2
10436 6
9011 8
7346 3
16256 3
11356 9
12049 10
573 1
5455 10
8001 7
10104 9
3914 2
11717 4
14367 2
5441 2
6700 1
10469 7
11357 3
13888 10
1174 6
5356 4
11358 6
14150 7
1649 7
7130 4
4616 5
3024 10
5159 4
6087 1
6927 8
15726 9
3668 5
6003 6
6091 4
11475 2
3135 4
4053 1
5392 5
6999 6
10013 6
11522 1
1633 1
2052 9
3845 7
13129 5
3323 10
709 4
2785 7
4682 10
11631 1
3561 10
10533 2
10772 10
1417 8
2187 2
3320 6
11057 1
15601 4
9764 4
14483 1
7156 8
143 6
2043 8
15154 9
4310 5
9928 9
7275 10
11022 10
910 5
15494 9
3641 4
3761 9
11139 10
7029 10
3694 2
5065 1
12647 7
327 1
6141 3
13148 6
5045 5
7508 1
8098 4
13158 5
3064 9
8266 9
14119 10
14994 3
8889 7
9183 5
15535 8
10262 10
3889 1
6954 5
3901 2
6484 1
7924 7
9296 4
11226 5
13836 2
1513 2
6117 4
10860 2
13334 7
13952 10
14907 6
15706 8
3642 10
2112 1
3253 2
10427 3
11606 1
12109 3
280 1
1726 6
2678 4
8076 8
2882 10
4451 4
11613 8
4633 6
8474 1
1515 8
1809 6
2387 4
13852 4
9749 4
10073 5
3216 3
13108 2
15999 5
14343 8
16272 4
5054 2
6420 7
7895 4
11722 5
1950 6
2137 9
1783 6
8495 10
6872 6
8306 2
11174 3
16063 4
14064 4
3724 9
13165 10
3131 9
6801 1
935 4
15907 4
3937 10
9706 9
14296 2
14368 10
12706 7
12720 5
10607 3
11709 10
12387 1
6607 9
5126 6
11315 6
13875 9
14455 5
15296 9
15774 10
1191 8
3797 7
6290 5
16044 5
15869 9
1957 2
3463 7
6170 1
10019 2
10943 4
4398 5
12799 8
16369 1
1033 4
3482 1
14905 7
9330 4
7871 6
6719 7
11613 1
2562 1
8690 3
12756 10
4991 6
11603 3
9041 6
899 5
6973 8
802 5
6969 3
9922 7
13495 1
757 6
2099 8
4010 7
1325 9
10715 7
13452 6
5097 8
6281 1
821 7
7427 5
2266 4
10521 6
13516 1
12340 5
12616 2
1294 3
15267 3
14710 8
431 8
15505 3
5295 4
7029 3
8788 7
9906 3
14845 2
8552 1
4292 9
7627 4
12952 3
457 10
14754 9
14369 3
15180 7
5108 6
13039 9
15068 10
15992 6
3023 2
9752 9
7307 4
16288 8
7172 1
6862 3
3922 10
15376 4
1366 9
2814 2
7788 1
676 8
6202 7
6932 6
10945 3
11486 7
12170 10
14903 9
14060 1
4997 10
5926 7
10426 4
14792 4
11581 1
13333 9
15500 9
15615 9
2260 9
2516 2
2995 6
14585 1
16050 9
3545 10
7295 9
7719 2
7975 9
14552 9
6880 10
9988 3
6970 10
9733 5
11493 1
11736 7
11827 5
12506 9
13998 9
203 3
13625 5
10580 9
6579 2
12046 2
12180 7
2750 9
784 6
7724 10
1003 8
8467 4
10704 10
11708 8
1736 4
5921 9
12498 7
15366 1
16083 7
7711 3
3196 4
6439 4
2679 1
5347 2
15177 5
16071 3
1322 5
100 2
526 5
9361 10
8656 8
3528 9
9606 5
1786 8
6934 3
15679 1
1432 7
516 2
5995 9
4529 8
11634 2
5209 3
11174 2
11823 5
13955 10
442 7
1576 8
3610 3
10434 1
15112 3
14546 4
9351 7
11720 4
12716 5
14790 7
922 3
94 3
3009 1
7687 4
7765 7
9411 4
11895 8
12147 2
3208 10
8831 9
11130 3
11424 9
9836 5
532 6
3042 9
4916 1
11205 10
2483 10
11694 2
14936 8
15708 1
12490 6
3847 7
9026 2
3978 5
575 7
9761 6
5881 4
5542 6
2995 9
7221 8
12618 3
13320 1
13867 9
16218 4
16280 9
1933 8
2319 6
9850 6
8169 1
578 9
5873 10
11698 7
913 8
15926 3
10028 1
990 7
8832 5
9554 5
3295 1
5581 4
8206 1
11783 4
14855 3
15022 2
1387 10
1843 2
15574 5
906 10
5240 5
12711 3
6083 4
9461 1
10150 3
12427 9
1879 4
6117 7
11555 2
13731 6
3830 4
6114 9
12378 10
9321 9
10312 3
15345 1
2464 8
8076 7
10449 8
4901 9
9934 4
16316 5
12997 5
7248 5
467 7
1264 9
14613 8
9739 10
16340 2
4444 9
11395 8
10074 7
10516 9
11323 10
13084 5
2805 1
5635 2
3522 9
6232 5
4928 8
9652 1
12459 7
3279 7
9439 4
15153 8
9330 6
10750 1
16142 3
12845 6
9743 1
11466 6
12074 10
6113 1
10797 10
14668 3
2250 7
6652 2
6897 5
2458 9
3398 3
1719 4
10792 3
5453 8
5835 4
655 2
778 8
7696 5
10966 6
14992 9
6447 8
16033 3
1022 9
8042 5
4778 3
12735 5
13132 8
15275 2
1911 4
45 9
4449 8
8551 9
11060 1
14124 7
14893 3
9413 8
6313 10
14604 1
2138 9
3957 5
1622 5
10559 7
6805 7
8036 2
7447 6
10301 4
13251 10
7809 2
4194 3
6572 4
15881 7
1034 8
1708 1
6214 6
8779 1
2076 7
6237 7
7106 6
9564 10
13024 9
9332 3
1546 6
9622 9
7144 4
10496 10
11259 8
3884 8
7271 3
8915 7
14057 7
4744 7
6448 7
14265 7
16290 8
7609 5
14295 3
4466 1
5856 4
6508 3
1058 2
7735 5
5260 10
12803 8
3207 1
4417 4
5872 7
1946 1
186 9
10638 5
11886 2
23 5
2245 7
14599 4
10155 4
13417 6
6718 10
426 5
75 6
7977 8
14117 4
14678 6
15359 3
9012 10
14150 5
767 2
6290 1
4736 5
9494 5
12280 8
13862 10
14805 8
15497 8
1139 8
2400 1
16109 7
7205 5
7643 1
9125 5
11483 7
1615 9
2322 3
2416 8
8157 9
4481 4
10354 2
5910 3
3045 1
7624 3
5055 2
6269 9
7306 5
8384 1
10326 3
14221 9
14188 1
4513 3
5123 5
6742 10
7302 2
7832 7
7979 5
8481 8
9725 10
11876 2
12767 10
2531 4
6279 2
7132 10
4079 2
7308 7
9376 5
5809 7
8084 5
2305 9
5070 8
4139 10
4547 1
8965 8
9657 6
9042 4
15612 5
6524 10
7737 6
8781 4
9509 9
10643 6
12744 10
13363 10
15166 8
1091 8
1860 1
6608 6
8232 9
4351 1
13368 6
3194 4
7481 4
8343 5
5704 5
8196 3
9352 8
15252 5
13902 2
12307 10
10161 1
12577 2
7281 3
3054 2
7410 9
7768 4
13070 7
14024 3
584 8
3771 2
11516 5
1976 1
2811 1
10321 10
15708 8
9013 2
12840 9
13057 4
11231 10
4483 3
10981 5
12264 8
12953 2
524 1
609 8
3131 1
6524 3
4698 7
10009 1
14691 8
16327 3
16221 3
10681 10
5198 5
5681 10
6142 6
8679 10
1365 6
3405 7
13120 2
5124 2
12733 4
231 3
11155 4
15151 3
10556 10
10826 2
8274 8
5957 5
7288 6
11328 10
8265 2
13903 10
6577 8
12510 10
13473 6
2949 1
8951 10
3220 7
3931 7
7007 10
7176 6
9364 5
2040 7
3652 7
15756 4
5001 1
7155 4
329 8
6435 8
9872 1
12765 5
16012 5
11998 10
13881 8
10094 4
504 4
4372 5
12719 1
15687 9
436 8
9206 4
11379 3
15344 9
804 6
1359 7
15532 10
14525 3
10528 3
7516 2
8897 5
14687 6
15552 2
1049 5
2214 3
720 6
6637 1
8716 9
14820 8
1044 9
1049 3
14460 7
8759 6
10184 3
3684 8
1287 2
3104 8
6491 9
5520 8
1783 7
3583 4
15727 1
6134 4
4709 6
8292 9
4248 8
6080 7
1809 3
3338 3
9436 5
11728 9
7231 4
10148 8
4411 2
5638 6
5813 8
14649 10
14963 9
2202 3
3279 2
7086 2
4572 7
6616 3
13621 3
13908 7
15485 9
14825 3
5319 10
9025 9
5209 9
10470 9
2333 7
13263 4
3435 5
2895 6
11357 10
3323 1
13449 9
12432 1
16376 5
11108 10
13543 7
4209 10
11893 3
12054 1
1769 4
12247 3
15134 9
12642 2
9372 2
11440 7
16165 2
778 1
3805 2
3740 4
1598 2
5294 7
12064 2
12479 2
13075 7
14365 1
2691 10
14313 10
5243 1
9982 10
11127 7
11405 6
14608 9
15580 4
12457 6
5407 7
9023 9
13126 8
15814 9
5407 5
16158 2
3591 9
5327 8
13632 5
10637 5
15102 6
8623 7
5154 4
8513 5
13566 6
13704 4
3340 2
8404 6
13384 7
16246 6
11293 6
12742 5
3380 4
5124 6
4381 9
4514 10
6542 7
12957 3
329 4
3718 7
5137 3
6863 7
9336 7
10898 1
13133 2
3177 1
6631 10
6763 1
7212 5
11176 7
14403 1
14578 6
16223 10
893 8
1801 9
2003 4
1203 9
1835 10
2096 1
7465 7
9272 9
3060 6
15499 6
12367 7
7805 6
14262 9
8827 3
13618 8
694 10
716 7
2624 6
3082 8
15137 2
2183 10
4810 1
12622 10
8142 2
8767 4
3756 10
10076 4
10781 4
14870 2
15069 10
16351 6
7861 2
1629 5
14598 1
1968 3
2242 9
4384 1
11970 10
4900 7
10257 1
15144 2
2620 8
11980 8
15857 2
10375 5
10634 7
2626 7
11550 1
11481 8
9476 7
14277 1
11329 9
10362 6
1852 8
14170 6
13291 4
10279 7
5374 3
6217 4
11380 5
13925 1
15421 1
13447 2
15425 3
320 5
2450 6
10833 8
13887 6
5762 9
274 4
4812 10
6037 1
8584 1
13312 1
14629 1
11789 3
15894 7
15021 10
12940 3
822 4
10698 8
7781 5
9463 3
3023 9
3037 8
2842 3
2206 9
7691 4
11778 3
7931 3
14509 7
8753 5
11625 10
12440 7
3905 1
5389 4
14532 8
9096 7
4064 2
12301 1
11042 5
1096 5
8431 4
15527 4
5726 4
3743 2
5786 2
3739 5
3633 3
10268 4
11008 4
3437 6
6283 3
8652 4
5733 3
5938 3
11161 9
13452 10
13479 7
4486 2
12609 8
4854 7
7489 2
13196 4
2968 2
8564 2
8673 2
13803 3
4770 5
15073 9
14924 1
15770 7
5432 4
10265 4
7924 1
2564 4
8278 4
6276 3
13246 4
8912 10
9405 3
1902 6
5176 4
12578 10
7762 10
6404 2
2570 1
15256 3
13813 1
6366 6
7394 1
628 6
4054 2
12150 6
2179 7
11696 3
4923 1
3131 3
12697 8
13506 1
15629 4
6557 5
6334 4
9366 9
9184 7
6280 8
11101 7
8493 1
15429 3
7857 7
11344 10
15447 5
16005 2
16341 2
14939 3
2261 1
8343 10
14696 5
7411 8
9132 2
1909 2
14170 5
1753 8
7269 5
11030 4
8617 5
10430 2
11689 4
5455 7
7323 6
8993 4
12220 10
3538 8
12921 2
14958 4
11195 1
5897 3
4898 7
8858 4
14631 1
14873 2
2600 7
9674 8
862 5
12573 9
5644 6
6044 1
8459 9
9909 6
12301 6
12526 10
15415 9
16278 2
1707 10
2004 1
2921 8
12757 10
11328 6
6502 1
9082 1
11527 1
12408 7
2662 10
9298 8
12204 8
14806 7
5879 7
6273 7
9931 4
10965 3
15266 5
15380 7
885 8
2707 10
3242 3
581 9
13259 10
2005 5
9331 5
13200 7
13451 6
14935 1
15067 9
15976 2
664 1
2726 9
4861 7
740 9
5994 2
6718 7
7900 7
8854 9
12761 3
3731 3
7995 2
13144 5
11455 3
15496 6
1842 10
9367 10
14122 9
5097 8
8374 8
9813 6
13995 10
15225 2
227 7
766 4
11542 4
3995 2
630 8
13067 7
5880 5
14550 8
12493 2
1354 8
14873 5
2019 3
8301 8
5459 10
7694 6
8476 5
9400 1
9732 5
9944 4
10063 1
4878 10
1980 4
4829 7
5027 9
11271 4
12318 7
2018 2
14208 8
9366 5
14893 10
15562 4
12805 2
16028 5
5139 6
2029 3
16198 2
10504 7
8732 3
14734 9
1342 3
2543 4
2567 9
1917 8
6507 9
8918 4
11288 6
15636 3
16127 7
1547 10
3255 2
8405 1
100 8
1016 3
2908 8
10733 9
15612 10
5907 4
10827 2
10560 6
14896 7
15670 3
1257 7
7329 10
10752 3
7462 2
9470 9
6948 3
9609 10
4415 4
5705 4
7357 1
296 3
3792 6
8917 10
5572 2
9169 10
9356 2
13670 6
15095 1
544 9
15187 9
8381 5
4729 8
13518 10
1258 3
1679 10
14453 7
892 9
1599 6
1411 3
13662 10
13596 3
9434 5
13027 2
8876 1
13116 7
14455 5
5417 7
15517 4
11461 6
7031 9
8803 4
9736 4
720 8
12604 6
8526 2
8068 3
10885 7
12131 3
2776 10
7028 2
7681 2
5251 2
6664 2
6872 1
10963 5
14857 7
1526 3
1044 2
2468 6
2522 4
4158 2
5433 3
10265 6
15842 3
108 6
899 5
1486 4
16196 9
16113 8
1831 2
4831 5
11859 1
16211 2
651 8
13183 6
5713 7
8585 2
11597 7
3824 5
12396 6
13145 5
6172 8
2789 9
6457 1
9853 10
13950 5
1860 7
7174 4
817 6
3563 1
8598 1
6758 8
11482 2
14653 4
2877 2
5522 5
4862 5
8609 2
1948 6
3542 2
8221 1
11605 4
16148 9
7242 1
15543 10
6788 9
8976 1
13581 4
11810 2
12223 7
1685 10
9253 1
4922 3
11816 8
12581 6
13385 4
6775 5
8533 8
13320 2
16342 7
5329 10
8205 3
10285 4
436 9
12115 7
822 3
4698 9
13328 5
14764 6
15212 3
6690 8
11649 3
10208 7
8491 1
12487 7
12547 6
13735 8
7542 6
11223 2
8994 2
4842 1
1103 4
12040 3
5105 8
16036 4
12516 5
13162 9
11006 4
7430 4
10411 4
14853 4
12132 10
3586 6
9977 2
5736 10
12285 4
14453 8
14600 2
1181 2
1523 7
15457 2
6199 5
13294 2
5632 1
8611 6
1641 2
9773 10
10645 1
16045 4
616 1
2508 7
11284 10
10998 8
7027 6
14109 6
16148 7
9407 1
16185 3
10920 3
7642 2
8611 2
5686 9
6211 5
12564 10
590 10
12634 4
10323 7
10533 8
15207 6
1135 1
3546 4
15767 2
16255 8
9870 2
7941 4
4990 7
16196 2
1962 10
10420 6
16334 6
6762 10
11314 10
2361 10
4842 4
14794 7
15409 3
7055 7
1063 5
9847 4
14231 7
9069 9
9728 4
2394 3
8944 6
4848 1
6697 3
7907 3
14843 2
16002 7
4828 2
5929 4
9994 2
11512 10
4563 6
11627 10
9322 10
7796 4
12896 7
12944 8
15277 6
6072 3
6824 7
8543 6
14505 10
5986 9
6593 1
5637 5
8950 3
8061 8
10457 4
2941 10
12339 5
2334 9
4746 6
11483 5
1021 3
5004 3
5837 1
7326 9
12750 10
14134 10
15200 6
7748 9
7363 5
7617 4
7814 9
9847 10
13143 7
14953 1
246 4
10310 5
13900 8
10802 6
10285 4
34 6
47 3
6577 3
4914 1
6521 5
6833 10
6858 4
14522 5
15707 1
12442 6
16103 8
1615 2
7644 7
998 1
10032 1
1862 2
7335 10
8819 5
11608 1
12458 6
14650 1
2937 3
10163 3
12308 3
9940 2
11868 10
15583 8
153 1
305 8
12750 2
1328 8
13455 9
9685 6
15530 9
2552 4
3996 10
5040 1
6241 10
7985 10
15944 10
4618 8
13684 9
11873 8
1740 5
2384 5
14547 10
14217 2
9163 7
5012 7
4919 10
15285 2
2393 3
8138 5
4878 9
5110 7
7078 3
10831 5
14440 4
12706 10
5389 2
2683 9
14376 3
7434 2
7793 3
10203 2
5045 6
1186 5
7420 2
9388 7
5280 3
6535 2
6861 10
5518 6
495 4
4647 10
10165 8
12870 1
14591 5
1984 4
3582 1
10966 10
6905 6
7905 8
8146 4
10022 9
10501 7
12578 10
343 2
8188 8
11903 7
13695 3
614 2
3062 8
7854 4
6533 2
10356 7
11259 5
13219 10
14838 1
86 8
9535 6
10827 9
6675 7
15013 4
195 10
8996 7
11338 3
12040 3
740 2
13446 9
5703 2
6119 10
14713 2
2980 2
3263 7
12426 5
2416 6
5880 2
14237 2
15981 4
2575 8
14589 7
13354 5
9701 4
3322 10
3399 9
2077 10
8070 7
14418 6
15310 10
291 2
14473 2
436 6
618 7
14797 9
15079 7
2498 8
12712 9
10548 1
10352 10
11740 2
15695 10
4097 2
15057 1
15444 1
5545 9
667 2
12641 9
2187 9
8547 8
9769 9
5516 6
13414 2
5502 8
5849 9
15062 1
3206 2
2415 6
9661 5
13352 3
6414 3
7437 7
11372 8
13052 1
167 10
971 9
3644 9
11063 7
8391 7
13762 7
843 7
13471 8
5973 5
6137 3
12119 1
3216 6
12672 1
14714 3
4958 7
9437 2
14662 9
1351 10
8934 3
10284 2
1896 6
3171 6
6003 5
8004 10
8446 9
2524 3
2967 7
8251 7
5845 4
9211 6
8625 9
3097 8
3272 2
1136 3
12387 8
4363 2
7967 2
16143 3
7199 5
4294 8
187 10
14163 8
4211 4
9318 1
15823 9
661 7
2408 10
3199 8
6467 1
9974 5
15079 6
45 6
926 6
15232 7
12478 7
926 10
11785 10
5894 7
14289 7
11323 3
8237 1
6828 8
3898 7
11600 2
6949 9
7397 3
9704 6
15200 1
12819 7
4710 8
6316 6
7460 1
6074 1
9365 2
4803 3
6073 3
6989 7
12381 5
9200 7
10030 2
8852 7
6115 3
3031 3
3363 3
6403 1
5074 6
739 1
5585 2
10050 7
708 4
10088 3
1513 9
5306 1
5449 7
6466 2
9402 7
4511 2
28 10
3159 4
7843 4
9459 6
10822 9
10727 5
13950 5
487 5
3203 6
7243 7
1279 9
13091 5
6279 5
7015 5
7550 10
10634 9
12733 2
2630 9
1866 5
9502 2
13903 7
1880 5
7558 6
11958 7
12022 4
13115 1
13356 9
16168 9
2802 10
4472 7
11911 9
14568 5
3035 5
495 10
4515 8
4605 6
7125 2
2936 3
14222 4
7503 1
5745 9
8106 4
10798 10
1593 5
7110 5
8442 4
15699 6
1480 9
14298 10
1491 4
3810 1
11114 9
14578 2
68 7
9071 3
5358 7
10879 9
11408 4
16126 8
2385 1
2426 2
5910 1
8509 6
8905 9
12467 1
3645 7
80 2
11837 1
8536 5
12427 3
10792 9
8604 10
14871 2
4792 8
6414 5
6704 6
7586 4
11510 5
662 2
0 7
10501 2
9929 2
12588 6
13936 10
1693 1
3980 3
11249 7
8222 6
2517 2
2992 2
11793 2
7445 10
7286 3
14261 6
9569 10
7922 2
402 1
11575 6
859 10
4596 4
6677 8
4891 3
8981 10
3436 1
15131 9
7997 7
4382 5
9805 6
10600 10
12094 5
11176 10
10132 10
14966 8
12112 10
1314 4
4556 5
7386 1
14063 8
3816 5
11897 7
15188 6
15341 7
16157 2
1098 6
5699 3
13369 9
12286 8
7708 8
7240 3
12780 8
15512 10
6273 3
3760 10
14347 6
16112 8
6401 5
378 9
9862 6
14462 6
15096 10
16027 6
2549 5
3889 1
4869 9
7511 3
1677 2
2324 5
11755 4
10477 8
7301 9
11107 9
909 7
7550 4
5699 4
5926 9
7327 3
5627 5
13163 4
7260 9
13760 10
4025 10
6775 6
5864 4
7983 5
14753 2
15010 4
16101 3
8245 5
11529 10
13777 2
797 10
2391 8
4168 4
1244 9
3171 8
8848 1
14399 5
14876 8
15675 10
12944 9
7247 7
4738 6
209 6
9808 4
14789 3
11266 9
8807 2
277 7
1131 4
3320 7
4597 4
4882 1
15650 10
10791 1
3460 3
817 6
12471 6
8522 7
9215 10
12180 10
12930 8
1021 9
3651 1
9436 1
8710 10
12975 4
15853 2
15211 3
7389 5
12316 8
6661 10
12226 10
10865 4
13090 9
909 10
10394 4
5900 8
6596 2
554 5
10964 7
8869 10
10352 2
2001 5
6933 3
7461 4
13894 3
15812 4
15037 4
2164 4
2673 4
10125 8
10149 2
11071 10
1489 6
11155 3
9519 6
9542 5
15520 5
2476 1
4448 1
5837 7
10689 2
7723 7
12371 5
14004 10
16136 10
3511 4
3164 3
15840 5
6379 8
4895 10
5114 8
6236 2
6960 2
13078 6
16060 2
10872 4
10631 3
4833 4
11741 9
15262 2
1649 4
2601 8
6855 7
1640 6
13319 10
7477 1
4910 7
10860 1
12901 7
13358 5
15680 4
1507 8
4598 10
4396 9
9970 1
12337 9
14368 8
2048 6
13031 3
14085 3
4338 8
4457 8
5978 3
8293 10
10095 8
10594 6
7304 8
13013 5
2016 4
9190 7
5387 10
12042 9
571 5
5230 2
8871 3
12275 6
1973 10
3702 8
5900 4
649 10
5520 2
9165 9
9473 1
10142 8
15190 7
1307 5
2794 8
15400 9
2931 4
13770 2
5226 3
6979 6
2355 8
6769 8
11515 9
8398 10
5830 5
7803 9
10320 5
851 3
6274 7
7258 5
3162 8
2745 9
1305 2
3826 1
6886 9
15914 3
1905 6
3016 8
11217 1
8506 6
5251 10
4326 2
10077 2
13833 6
1018 7
8508 8
6346 8
6726 3
16232 9
3316 6
11855 5
4391 7
6526 7
10123 4
12443 7
209 7
3006 7
11409 6
12099 9
1514 1
5564 2
7024 5
10793 1
463 8
1302 6
2150 1
2201 5
8607 4
15268 2
12561 7
3155 2
6343 9
7021 8
10438 7
12946 8
14545 8
7658 7
12581 3
6944 1
6976 1
10078 10
2679 9
10613 10
6350 2
8450 4
8782 5
9232 2
1756 10
8876 3
12394 9
10959 5
14945 7
458 7
11122 6
10038 4
5484 7
4413 10
8909 3
10091 4
10907 10
209 9
6434 4
12046 7
12568 1
8799 6
11646 7
15039 10
15890 5
6825 4
15862 5
6794 3
4699 6
10463 7
10530 9
7646 7
6346 1
9243 4
10041 3
10062 1
2578 2
4019 8
12118 10
1616 4
13440 2
1759 3
13371 2
3406 6
3223 2
15909 5
5204 8
7658 2
14900 5
892 1
16374 1
1495 7
10045 10
3696 7
6461 8
15023 2
8013 1
2577 3
6349 10
15746 8
3552 3
12521 4
14798 6
9125 9
7003 5
11512 1
15629 8
202 5
13152 3
10705 10
14475 2
8864 6
7706 1
8281 2
10206 2
10943 7
12941 10
8068 4
415 4
26 9
6932 7
9131 10
13489 1
14604 5
2466 6
5425 6
6447 5
2466 4
4622 9
4754 4
9449 3
3278 1
5548 7
16324 5
4769 3
11063 8
4863 8
5148 6
3431 7
7283 7
3591 5
5502 7
4277 3
4994 8
14028 1
3398 9
3617 7
4517 1
11548 7
5762 6
12071 10
3335 7
10548 7
8764 1
5971 4
13497 8
13712 8
38 2
11848 4
10034 9
8675 4
8225 7
9389 8
15807 8
1768 2
2391 10
13183 1
309 3
8452 6
4480 8
4787 10
12025 10
9650 3
16077 6
11743 3
4846 4
16121 3
16348 3
241 9
5562 10
1051 2
4551 2
5604 9
224 5
1121 2
1403 2
8445 7
13999 8
9969 6
8662 3
11790 8
11982 3
6631 6
6979 2
10538 9
12210 1
15028 6
324 7
6365 2
11682 8
12390 3
14438 5
5641 8
11165 10
15862 8
6191 10
7339 9
640 6
3496 4
13037 4
8443 3
13607 8
7527 1
5553 5
11232 10
13684 9
15918 5
16331 4
4673 4
6242 7
6644 7
15260 2
13904 10
13856 8
13042 6
6526 1
9124 9
12692 9
11755 6
15020 1
5167 6
10766 6
9084 6
13268 7
5230 4
11085 9
5276 10
10658 6
1799 6
12057 5
4538 3
10066 2
15958 9
1001 9
3862 3
4579 1
4258 3
2994 9
7797 10
13876 4
586 4
4813 10
10420 1
5320 1
5460 7
7528 6
12153 2
13844 4
13919 3
6814 8
3602 7
14992 6
5398 3
6852 10
9369 7
12172 3
7172 8
13643 3
12964 2
2972 10
13478 8
11168 2
3285 3
10873 6
1603 5
374 9
5823 10
12104 2
6005 2
7787 5
10629 4
13585 4
10756 9
6915 3
10653 1
4902 10
7361 3
2106 4
7140 7
12741 3
10738 10
3625 6
13522 5
12334 5
9790 3
11992 8
12716 6
14297 4
3831 8
13151 5
6128 10
13795 1
7946 6
6400 6
3159 10
11842 3
3829 10
10699 5
9224 10
9727 10
9972 10
11025 7
10484 8
9856 4
4606 5
7196 6
12233 1
65 6
8111 8
1789 3
6631 1
7348 6
13498 4
714 3
10930 6
10034 6
7522 10
12231 1
6443 5
6968 7
12882 7
14213 7
15377 8
16356 9
3934 9
14839 9
7083 2
6496 9
2075 3
2307 3
15169 3
2323 8
10673 10
8424 1
14620 1
2325 6
4168 8
1870 8
9563 4
5761 7
13359 8
16316 9
1547 4
6689 4
8298 9
13105 3
5049 8
8127 1
11066 9
15387 10
2014 9
7214 3
14140 5
4416 10
16037 6
9026 1
1483 4
2386 10
3501 3
9580 10
9454 9
10017 8
10446 10
15776 9
11677 1
14979 4
12169 10
475 5
12382 3
14138 3
5847 7
5343 5
5558 3
13293 4
5237 7
7231 2
4662 8
5923 7
7761 9
10186 4
11674 5
10603 1
6074 9
8079 1
8623 4
578 9
660 8
1826 10
14129 6
15750 6
5778 3
4420 6
4687 5
14058 3
14082 5
3605 9
16214 3
6388 1
9189 3
6070 9
12352 2
3311 8
14314 3
11079 5
8005 1
8888 10
1712 6
8445 1
11771 5
10307 10
6315 4
11364 6
5933 1
1205 2
5096 3
9861 1
10604 7
2802 1
10234 5
5366 6
11447 4
8618 3
8718 7
15874 6
16313 10
801 7
6006 3
11910 7
14491 10
78 7
3909 5
10061 10
9925 5
11175 3
6271 2
11093 4
12439 2
8761 6
8246 10
11915 7
12827 4
11122 5
7508 4
1989 6
7607 4
10805 9
13388 3
13975 2
1659 6
14496 2
712 3
7401 1
7636 8
11300 4
13209 1
2685 2
13612 8
8613 5
13550 5
457 2
12511 3
6258 5
6270 7
9469 2
2935 4
3351 7
9546 7
5143 1
16270 9
9618 7
5334 7
10777 1
13008 8
2709 10
8739 5
5524 6
568 6
11655 1
11978 1
12438 8
2089 1
5860 7
7147 4
244 2
2730 2
2083 6
11184 4
4572 3
6138 4
2057 7
11430 5
5207 5
5934 7
10212 10
11126 1
2672 1
12634 2
5638 9
3287 5
78 4
14613 5
6922 6
2814 2
4486 2
6862 6
14589 5
275 9
13463 10
15504 9
11151 5
9710 2
2486 1
15147 1
14550 10
8039 3
4236 2
14702 8
12310 1
10687 7
9037 7
15490 4
2032 10
3286 7
13295 6
4438 10
9068 7
13360 10
13605 4
3327 2
10329 10
14847 10
10743 9
14287 2
16264 7
10316 2
5361 9
10015 8
13343 3
14364 10
5462 7
7293 6
2176 5
5037 3
4906 7
7448 9
1575 6
9178 8
13543 2
14507 3
7988 6
4844 6
9620 7
2067 2
2336 5
9083 5
7824 6
10221 1
11238 1
14974 4
1773 8
13143 6
5632 7
11536 8
5810 6
8128 6
8651 9
11223 8
13199 4
1737 7
5245 8
5623 5
10173 7
11613 2
12399 4
16267 8
1439 4
4847 4
1508 10
15639 9
14650 6
1020 2
9836 7
14785 8
5014 4
7219 4
12779 3
100 10
8157 4
1117 6
13921 6
8207 7
13478 2
4228 8
178 9
6860 9
8497 9
7615 9
10680 5
8560 7
6000 7
12693 9
7033 5
7653 4
1023 7
2959 7
2488 7
10893 9
3077 4
10849 9
14295 7
8691 4
2363 10
13345 3
5776 4
14848 1
1196 10
2509 8
3510 7
7892 1
10786 1
10628 2
432 6
10910 10
2535 1
985 3
7544 3
5368 7
9815 8
14249 10
15531 4
15980 10
522 5
1220 8
11011 6
9129 8
5675 7
7197 3
12215 4
2517 4
3030 2
3180 6
8028 7
8943 8
6863 1
20 3
5470 2
11339 5
13332 6
3231 9
5954 5
13811 2
775 5
15263 10
8890 6
13241 10
13943 2
16285 1
777 4
7970 3
546 1
15719 6
3350 10
14203 5
9536 10
12836 7
1537 3
1565 7
3998 1
2415 7
12706 6
5659 4
7512 10
8222 4
9172 7
13636 1
13055 7
4867 1
11909 4
6781 8
9072 4
1332 2
11276 9
6020 10
8191 4
14846 2
7047 9
3690 4
5097 9
14210 7
5629 3
7050 5
10474 1
433 8
7595 10
16176 4
8683 5
13874 2
16247 5
7701 6
7919 10
9461 5
6936 1
12363 4
7736 3
8120 6
3480 1
3828 7
16126 6
8405 3
11663 1
1061 2
1140 3
1464 7
2624 9
1583 3
12395 5
9341 8
14606 8
7056 9
16365 1
415 2
14071 4
14327 10
11869 7
7726 9
10896 4
11052 8
16056 1
225 5
6842 8
11067 3
9954 6
9399 9
10013 4
728 5
1002 1
9056 1
14996 5
7232 1
5705 2
8333 10
4167 2
113 10
7510 5
5196 1
6694 4
7071 6
14548 1
8383 8
8100 10
11013 2
4443 3
11438 2
14146 1
13154 8
16230 7
4453 3
13791 10
8999 2
1530 4
6418 5
12387 3
14300 6
15640 10
8798 6
10707 9
6921 1
14283 4
672 6
13520 2
13718 7
5067 4
6716 4
12446 8
13875 3
5279 2
15777 9
9219 10
1989 3
13985 2
13706 1
12860 5
5650 10
6109 8
9578 10
11139 2
7036 7
10502 9
11723 1
16000 1
4012 5
967 3
11403 5
14649 6
16208 5
1894 9
4664 2
4842 6
13247 4
846 4
8946 6
4620 8
9391 2
1360 8
3654 2
12915 9
11177 1
16117 1
9068 4
9256 2
12807 5
5012 10
11874 8
111 7
4564 9
7554 7
9046 4
12283 3
2375 3
6404 9
2290 7
6919 9
9776 4
9829 10
10299 2
3663 3
1880 1
3808 10
12081 10
14436 7
6615 5
1588 4
7182 2
10918 8
11323 3
14398 7
7310 3
4406 8
14186 2
4033 9
11018 4
1534 7
704 8
14836 5
412 4
7082 10
4198 5
13127 2
2868 4
4559 4
6030 3
7055 5
8747 4
14981 4
9329 4
1127 6
4725 9
7783 2
4041 1
6008 2
5148 5
13103 4
15998 9
14785 8
12759 4
7318 6
12015 5
8899 5
9329 10
14936 1
12589 6
14214 8
8955 4
1463 10
5442 9
8031 7
12610 9
1047 7
2336 1
12932 4
15146 1
5973 8
9927 10
14786 7
16088 6
15721 5
8172 6
14154 9
16197 4
6763 10
7989 7
8140 1
4981 8
13916 8
6575 3
7556 6
12276 2
4238 7
14576 2
2143 6
13724 8
7231 6
9574 2
10688 4
16370 2
74 4
13928 9
15554 5
5911 10
7008 7
2293 8
12708 8
6329 10
3719 3
13133 3
14228 6
3162 7
3516 1
913 7
369 8
2119 3
11103 10
15392 2
153 6
3129 10
12721 6
1361 2
4922 5
3385 8
9563 5
4227 9
9036 3
15571 3
9562 5
12755 4
13171 1
14481 6
817 4
5543 4
11304 3
7181 1
14396 8
11111 4
2122 4
3927 5
11936 5
1385 7
6304 7
6325 8
1558 1
7087 9
6717 4
12301 10
9817 6
8045 5
8416 10
13797 3
240 9
2957 4
2711 4
10353 1
16091 3
8876 2
8534 3
12068 10
14681 9
225 3
1959 3
283 8
7356 7
9665 2
556 8
904 10
1068 7
3455 8
11247 7
2195 5
15714 10
8148 8
8253 9
7911 4
3257 1
6638 2
16118 8
910 7
10774 8
12919 2
12207 1
4721 5
7536 10
1 8
4380 8
11833 7
4471 5
15415 9
15581 3
5389 6
5561 10
12353 7
2298 6
4581 3
8186 2
9584 1
15622 6
1115 4
15404 1
5117 4
8303 7
10031 6
12733 8
13036 6
2716 6
5856 3
10113 4
2467 5
2572 5
10811 8
13359 7
15474 9
10988 6
5217 4
7351 3
9174 8
11156 10
7441 5
4020 2
5350 3
4581 4
9709 1
11193 9
14925 2
16325 6
9908 1
14295 8
1046 3
7320 4
6632 10
6994 4
10543 6
10684 7
13784 2
140 1
15438 6
9827 7
4244 10
15199 1
10403 10
3590 9
3386 10
8813 9
13389 6
1819 8
4089 4
11208 4
15211 9
11850 7
13567 2
15594 5
4297 10
13566 6
2611 2
7715 6
5236 1
7052 7
3986 4
8845 5
10064 9
9463 3
10277 2
6843 2
14453 3
2762 2
3404 4
13784 6
16086 4
3004 4
4303 6
6621 3
4466 1
159 8
8312 7
8417 7
8371 3
11683 6
15624 2
14534 3
6030 8
4948 8
9186 1
15903 7
2262 9
7797 5
15760 6
4731 10
6483 6
9757 9
2569 5
11507 7
1 4
7270 1
14460 2
7884 8
2403 7
7667 5
8195 7
9826 1
11140 3
12528 3
16247 6
5231 6
14285 8
11827 5
11145 10
10770 9
12873 10
2888 2
3357 10
15471 7
4798 10
5738 6
10030 3
13906 3
14623 8
15401 2
312 7
2810 2
7977 4
7366 7
2108 9
7575 3
7925 6
13813 7
14657 9
1595 2
3357 7
11842 5
15297 7
4476 5
6850 4
8961 5
11820 7
7273 4
426 2
1719 7
7594 10
7845 1
11794 7
275 1
369 8
3278 6
3765 9
14187 6
6409 3
14423 1
2736 3
4550 3
8919 3
14812 3
15205 5
6449 1
15892 6
8368 10
23 4
7157 1
7320 9
7943 2
2967 9
5033 5
16331 4
9779 8
13025 4
1350 2
2788 9
15421 6
14644 6
6648 1
770 3
12054 2
12685 7
12764 9
13497 10
3239 3
210 4
7458 1
3594 6
9374 6
16081 8
1829 8
10781 5
2984 2
3654 9
10511 4
4742 3
8357 10
8482 6
410 5
4327 10
11456 2
5540 6
15067 10
1483 10
1517 7
10214 6
7829 8
9133 8
13655 7
1311 9
3460 9
12945 1
10711 3
6130 2
6192 9
10698 2
1834 7
13595 7
5580 5
5649 1
11389 6
3191 10
3360 1
5102 2
11613 10
8881 3
10062 6
3055 2
4364 3
3840 5
4937 9
7466 5
7307 3
15421 1
14834 1
3967 9
11258 8
3205 5
5728 9
12107 1
12305 4
12812 3
1887 1
3175 3
3252 1
5588 3
2507 9
783 6
2770 1
16287 10
4693 2
678 8
12548 2
16289 2
1389 6
156 10
4223 1
293 7
10712 6
3020 1
7647 7
12054 5
3976 8
3106 9
11390 9
14679 6
8804 3
5879 7
10307 1
10550 5
3138 9
12816 6
13379 1
3540 5
5828 8
9893 7
3917 4
5946 5
8099 7
9715 7
2371 6
2844 3
11841 6
4756 3
6505 3
6663 6
7940 2
8748 6
1560 4
11992 10
4365 3
15525 2
10361 6
14699 2
16264 6
1147 1
15254 10
9573 7
11264 9
2633 1
3046 7
3087 6
11185 4
11625 5
375 7
6644 1
5455 4
13373 6
12474 8
9543 2
12508 3
3108 8
6126 10
10848 5
12124 5
15871 10
3540 5
4228 8
5206 4
4766 5
9800 10
10936 7
13098 5
15889 4
5317 10
6238 2
15323 1
13350 6
9336 9
9899 5
11915 7
11986 7
10423 7
8197 8
16356 3
6418 1
8008 10
11653 7
2387 9
5037 2
3257 4
14829 3
14866 3
6840 9
15885 6
15856 3
11114 6
9281 9
12356 4
6593 9
6856 3
9250 3
518 4
3229 6
12021 3
3548 3
11035 8
11673 10
5840 7
6729 1
14511 1
8306 1
9626 5
12369 3
16005 3
12520 5
9015 8
10937 2
887 3
2690 1
4421 1
3984 1
12709 5
9459 1
12203 3
1845 2
3791 2
7484 1
2171 10
11399 2
6564 6
11820 5
985 4
9574 3
8826 5
9104 3
12649 8
13996 2
7275 3
4656 8
7714 2
11066 5
12224 7
13317 1
14789 8
15258 9
361 9
6178 2
10296 10
14107 5
15555 10
2070 5
4406 5
6446 4
9267 3
8599 8
12471 3
4183 7
12046 4
12317 9
6467 7
4473 8
10179 8
11355 7
492 9
1611 5
4472 8
5858 3
2201 4
1660 10
1734 9
7279 8
4896 4
11963 6
10740 3
121 5
569 8
2565 3
1676 3
1884 8
7113 8
216 10
4429 5
8712 5
11931 4
13348 1
5643 8
6012 7
9771 2
2852 7
2970 3
6019 2
6517 8
9967 9
14768 3
594 7
3569 6
4996 2
5376 5
13539 6
2048 5
3691 6
4858 10
956 8
6158 3
6253 5
8137 5
12162 2
14593 5
14975 3
148 5
2597 1
4263 8
12472 4
8605 6
16219 5
3992 4
12097 3
391 2
6368 1
9905 6
14740 3
311 8
9194 5
10326 5
8061 2
11606 4
2749 2
3667 8
4003 3
11041 10
3632 4
5046 4
6012 5
10443 4
6709 3
12734 3
8396 3
16271 7
8801 7
14196 8
4058 2
5824 2
8075 4
15880 4
4323 2
4574 6
12076 5
13531 2
5262 1
1055 7
14541 1
1829 7
742 9
8473 1
717 4
5138 1
16348 7
9003 8
8562 8
668 6
5530 1
9886 8
11863 3
12728 5
7157 3
9421 5
5731 8
9753 10
11117 9
14851 6
5476 2
3039 10
2981 10
726 6
6257 2
11265 4
420 6
5793 1
7851 6
9000 3
1171 9
1884 1
13803 7
8123 2
10388 7
13290 1
5528 2
3695 5
9677 6
3695 3
1684 2
12692 2
9487 10
4829 5
9543 10
14738 2
4986 4
10025 9
8476 4
15627 1
8078 5
5795 2
11990 7
9770 9
14304 4
8437 3
758 7
16187 7
5386 9
7600 7
11140 4
14019 7
1925 9
11181 5
7951 2
14426 3
5516 2
6735 10
7381 5
14557 5
8517 6
14299 4
2125 8
8342 8
13323 2
1860 9
12371 3
10505 1
5329 6
13485 2
12719 4
477 5
9079 4
10543 9
14706 4
15764 1
1402 1
6490 3
5818 4
3821 3
1900 4
1177 10
13282 6
8692 3
11320 5
7051 2
10377 5
4536 5
7694 5
12003 5
14932 9
6889 1
3196 5
186 6
2144 1
6704 8
6683 2
12614 8
15043 3
12285 6
7618 9
10492 6
14720 8
596 6
2402 3
4179 2
14982 7
9201 6
14760 1
5403 2
2375 2
14150 4
15202 9
4580 9
13046 5
16354 1
3994 3
1617 9
11008 3
2673 2
645 2
5718 3
6315 7
11920 9
4033 10
8205 9
9875 8
12445 1
2091 6
4184 8
8456 5
7667 6
5498 10
10602 9
4622 9
1565 7
5899 7
6300 4
10522 6
4259 1
12872 7
15783 9
3053 7
7133 2
13643 10
15221 3
863 10
7989 8
13710 2
1151 5
14419 6
6371 1
8804 6
16029 4
173 8
810 10
15716 6
13978 10
527 1
10143 8
9093 10
9294 8
9688 1
11232 6
13238 2
14276 8
12847 6
13482 8
14825 1
20 1
2158 1
9235 1
13130 3
9520 7
16292 2
7784 1
15181 4
16080 2
1126 10
14572 2
3764 7
14392 2
732 6
10378 10
8205 5
13654 10
5249 7
13641 6
12892 3
13567 9
9159 8
8209 10
13252 1
14628 2
2326 4
12691 10
995 2
10728 2
173 3
11913 9
8375 2
6690 9
8405 9
8651 6
12221 9
16380 3
3285 8
1059 10
3018 1
4881 2
6900 9
7648 4
9452 3
9728 3
11629 5
532 9
10514 9
3658 8
3950 8
6428 5
15085 3
16098 4
4702 6
2859 8
8016 3
1278 3
3414 9
1669 2
14709 6
1709 8
4542 8
8124 10
12056 7
5795 4
7822 8
9172 7
13011 2
16205 2
1209 8
9652 4
7253 7
2488 9
10018 7
11957 2
2274 6
7683 9
9421 10
13145 5
7710 5
7835 5
9303 8
13299 4
3459 5
11043 9
12603 6
10981 9
11080 10
4507 5
12808 8
7082 8
5172 6
8836 10
7366 9
1182 6
15081 10
9218 6
6478 2
10599 6
13094 3
14570 2
1756 4
4276 3
11250 7
2134 4
13882 4
9599 1
8822 4
482 9
8065 5
9407 7
11881 6
1709 8
6614 10
14281 3
5393 3
7989 4
9554 4
12088 10
1334 10
14306 1
5964 7
9196 7
9399 8
10358 9
13066 4
13197 9
15413 3
3238 8
4532 8
7777 9
12142 9
9287 3
10317 1
5191 1
9512 10
15861 1
1568 3
8807 8
665 9
4943 10
589 9
6567 1
9164 10
14952 8
15377 10
16315 9
13217 8
13558 1
5860 2
6974 3
9722 4
7886 5
12238 3
7769 4
9721 8
1954 5
10600 1
10696 9
4560 9
5473 5
8578 1
1469 10
630 9
7877 2
3996 1
5132 3
6996 1
7836 5
9529 10
13912 5
4924 7
11921 10
6699 10
2162 5
5907 10
11186 5
12694 10
1870 1
3822 8
3421 6
5242 1
8143 7
13488 5
2900 8
13620 7
4431 3
8877 1
8205 4
1572 1
4265 2
13396 1
12841 1
11480 2
49 10
626 10
15341 10
9489 3
10428 4
12440 7
13872 4
14407 6
449 9
2411 9
9133 6
1716 5
11578 10
13851 10
2238 3
2489 3
4778 8
4602 3
16216 9
5881 4
9167 6
3349 4
9269 2
14701 5
16303 2
4200 5
9968 1
13294 8
13459 9
14342 10
5337 4
8538 10
1753 6
2088 2
2861 4
7669 1
15363 8
8935 4
983 1
5255 6
10681 10
11554 6
12264 4
2110 8
10411 3
1070 6
5833 10
10639 10
2965 10
12509 5
13045 8
11195 1
4382 4
7455 9
11721 9
853 5
1547 3
3184 2
4546 9
11574 5
392 1
12422 5
2474 6
3528 3
1371 2
9256 4
2917 1
5309 7
8647 8
11490 4
13310 3
2908 9
2601 3
11810 9
12003 1
13326 5
1766 9
4127 6
4596 9
9111 2
10522 9
3229 10
7866 10
3681 2
7417 9
4376 9
7023 9
6466 9
13136 5
14948 9
1490 6
367 4
14339 7
14977 10
2655 10
14104 2
15403 8
5097 7
7253 7
16208 3
2319 8
2188 10
10959 2
1245 10
1885 1
7728 5
6775 5
5914 8
16218 7
254 2
6188 3
9889 7
10719 7
11006 2
4964 8
7773 8
9481 6
11956 9
2034 2
12049 5
5819 4
5223 5
8966 2
12806 4
282 3
447 5
4021 7
4320 3
1066 6
14606 10
2931 3
3891 4
4892 10
5278 8
13590 6
15019 6
15180 10
2728 1
2889 9
3564 7
1650 1
10574 10
7225 1
9175 6
10604 5
2618 3
4486 6
10683 3
9034 1
15111 3
2520 3
9755 5
6515 7
10585 2
12550 2
641 2
2032 1
149 5
12570 6
8116 6
2985 2
5107 3
3087 6
4708 5
1440 10
8503 9
16158 9
9449 5
5999 5
4277 1
9113 4
3807 10
5430 9
10794 4
3311 7
3806 6
4512 9
1286 2
10075 3
15517 5
6376 9
4411 4
4407 3
6126 8
12425 8
1906 8
8588 6
15807 8
6254 4
8718 5
11223 10
13531 8
1444 1
3473 2
10270 8
1271 5
1775 10
9791 10
9265 5
10474 2
6947 9
8922 5
13622 6
685 3
4979 2
8791 10
11762 9
1597 5
11834 5
7049 7
5491 3
7435 6
11274 7
12337 5
12756 9
15941 2
3845 10
6 6
8612 9
11547 5
10483 5
7801 2
12666 1
4993 8
13940 9
5045 8
9745 10
2869 2
6383 4
12826 1
15349 5
7677 7
5083 10
1629 10
15050 8
9585 2
12491 9
1368 1
815 7
6400 1
4902 9
15546 9
7297 3
7551 2
6349 8
7082 3
5737 6
5752 6
9051 2
11865 4
15152 1
15767 10
1839 6
10599 10
14008 10
436 6
15870 5
11328 4
11713 1
16137 2
4816 2
4974 10
7151 9
16194 7
4197 4
4563 9
3205 10
12047 10
7624 7
4772 10
6180 1
6990 10
4214 4
3567 3
2482 9
15227 10
4227 10
10818 8
5560 1
11590 10
4934 9
7589 8
3444 3
9978 9
312 4
10489 6
6421 9
2619 7
14448 7
13281 8
10077 6
1988 7
2172 9
10132 5
14396 10
14161 6
4795 5
8688 5
4554 3
3387 5
12030 2
15619 1
12839 5
736 2
7164 2
14734 10
15271 5
15528 5
16270 2
11287 3
15054 5
15722 7
7974 2
13604 6
1655 3
4184 6
7850 1
4833 9
11131 1
1704 4
1926 10
4288 5
2384 6
15177 1
5380 5
10550 5
11933 9
1849 7
14687 1
9680 10
13207 5
917 7
1852 3
3110 2
10009 3
10664 7
1567 4
15234 10
1059 4
2691 3
16277 3
11530 3
3168 8
5042 9
6563 1
11931 9
14399 7
11237 4
8871 9
9315 2
11052 2
15407 8
16081 9
11406 8
10806 2
9753 7
9534 3
11546 8
12867 6
188 4
6402 7
5039 3
7873 7
9753 3
15677 2
5104 4
11101 8
7379 8
10761 8
12696 8
1122 10
6748 6
3264 3
14516 8
11665 6
5182 7
11971 2
13966 5
1536 4
7187 10
2727 2
5546 5
16044 4
2206 4
3272 5
3904 5
11058 6
6823 4
12508 2
1655 10
9757 6
12863 9
15217 10
6576 10
6770 6
6172 2
11197 6
15247 8
4140 8
8457 10
9809 3
6421 3
15920 6
6779 5
8318 3
8572 7
3618 4
13308 9
15935 8
5814 3
73 4
4374 8
1279 4
2415 6
15898 2
8943 3
15870 4
7877 4
7402 2
11116 6
6961 6
13118 4
14752 7
3119 1
4256 9
4516 9
430 1
6278 1
9319 6
15778 1
273 8
3185 8
12700 4
12020 2
8552 3
7102 8
10105 4
10176 7
14262 2
2734 3
3151 7
15241 8
10811 5
3369 9
8455 7
9547 8
3737 7
14453 4
6930 10
8184 3
10381 2
879 5
3565 2
12510 6
13975 8
13617 5
11145 2
5254 7
12514 1
2300 6
9609 5
490 1
15704 10
5159 1
10341 9
12323 9
13885 10
1468 10
1478 7
12625 7
11459 3
7155 6
11464 2
9039 3
11825 6
14924 8
14820 1
1749 9
2877 4
8475 10
6464 1
897 9
7708 5
1306 10
14887 3
11020 2
3223 3
8040 6
9606 3
15080 8
3707 2
2264 7
5435 1
6213 1
5527 3
12922 8
3917 6
16251 3
1396 10
7039 5
4814 6
5032 3
5767 3
9268 3
3835 5
7036 3
10097 6
13353 3
15019 6
2227 3
2694 9
8725 6
830 7
13065 4
10483 9
2522 6
589 5
9061 4
15399 1
9041 5
10117 8
2384 9
828 9
3447 5
989 9
6571 9
13614 10
12004 3
10987 10
11972 8
1482 2
3610 2
6810 2
9420 10
2233 6
15280 2
9227 6
10400 10
14316 7
6439 6
13556 3
3482 9
12097 2
15767 1
10124 9
8893 1
14244 3
15028 7
16234 1
2327 1
13927 9
11231 8
5665 8
7300 8
8396 2
1463 8
13017 4
2670 10
5082 4
4146 10
16203 5
1294 9
755 10
9967 5
7109 8
1756 3
3498 9
4719 1
7797 7
4916 9
12162 1
5036 9
12777 7
637 7
13598 2
6203 2
13128 4
1627 8
11941 5
16156 6
9688 9
9371 3
14367 2
481 7
2957 10
1854 1
14952 1
15301 3
4998 8
5809 6
15443 6
5817 1
13901 9
16125 9
6756 3
15332 2
2869 5
3635 5
9556 8
335 2
9573 10
7333 7
608 10
659 5
15885 4
13253 10
16162 6
5108 9
9247 2
11318 4
13672 3
15907 3
16367 7
485 8
3122 6
7263 6
13213 3
15972 9
15069 8
7285 8
4469 8
16297 2
5402 4
5913 9
6814 9
9421 1
13122 9
16140 9
2550 5
5620 5
5071 8
3092 1
13364 2
14242 6
10439 10
11446 3
10701 5
2846 9
10147 3
11854 3
16025 2
2566 6
12048 3
7421 1
14988 1
4727 6
9223 9
15239 4
1668 2
2286 3
2775 10
7382 4
11602 10
15488 6
612 8
4301 8
16335 6
15500 10
12553 5
9519 2
3307 2
5380 8
13727 3
3640 4
6820 4
14020 10
7120 2
4373 2
5606 10
8626 7
11662 6
11346 5
4798 8
8558 9
3803 5
15046 2
15687 5
1776 10
5057 8
11625 7
13562 4
9423 9
9534 2
14860 9
7920 7
10753 6
6744 3
6725 9
11296 6
8836 10
1693 6
15939 6
7484 4
1665 9
2282 8
9710 10
5519 4
12833 7
8360 10
13870 7
997 6
5223 3
6061 4
8259 5
9447 3
3631 2
3555 6
4816 6
9171 3
5311 5
14164 8
2996 1
8894 6
11569 8
6430 2
2819 6
11110 7
4271 4
1586 8
2961 9
14785 8
8677 10
6404 5
5859 10
14285 6
15478 10
9785 7
9859 4
10043 9
6451 5
9949 7
5591 3
1696 2
14129 3
12118 4
14850 7
9073 1
9268 10
12028 6
12829 9
16310 6
15140 2
10813 2
3586 7
11830 1
14237 2
12391 4
15494 2
10507 6
4731 5
7512 6
4827 2
8510 3
14353 6
15167 8
731 4
14363 7
4973 7
14781 10
14648 6
6654 6
2098 7
14903 9
1859 1
6382 1
4819 9
9115 3
12251 8
2047 4
2837 6
3907 10
5517 10
2675 6
6949 3
5253 6
6912 2
13154 6
15946 10
6734 6
6646 4
14217 3
15020 6
15155 2
13977 6
5091 10
8055 5
14219 2
6181 5
809 5
12889 8
5370 5
8084 6
5032 6
6794 1
6379 7
5038 5
5010 4
6891 2
1333 9
10253 5
15573 6
4303 5
10233 1
11283 10
11750 6
13189 5
15643 5
5260 7
7006 2
1304 5
6982 6
3013 3
2311 2
6287 10
14102 3
14748 4
6019 1
8544 1
9728 4
3623 5
11430 9
421 7
9486 2
16077 5
721 3
14397 10
6110 4
7830 10
5584 10
5370 7
11146 1
12296 4
1525 6
13066 2
4446 2
10378 3
15312 8
3158 2
7523 8
3782 9
11901 3
9356 4
11543 1
16141 8
8508 3
2086 6
9395 2
8400 7
11869 2
1168 5
1466 7
6576 6
16361 5
15160 9
8501 10
16210 8
2365 4
14881 1
6872 2
10264 9
6608 7
9848 5
10764 4
11540 3
4004 7
10153 6
6462 3
9196 4
4109 9
10393 8
1640 6
4246 6
15278 4
11353 6
16198 7
15022 6
12991 6
6690 4
10735 10
1370 9
2543 7
15319 2
5114 9
6034 4
11691 1
4530 6
13963 7
2004 6
2376 3
2019 1
5486 1
7932 7
9881 6
11851 7
257 7
12787 6
11370 2
10362 9
1167 1
12178 7
3196 2
12500 8
12248 9
8628 9
6839 6
16262 7
15829 6
3819 6
6021 10
11302 10
12236 6
7681 8
12190 5
15255 2
5727 2
6487 6
6871 4
15420 2
11329 7
2152 8
2460 2
4577 5
58 4
7984 10
15051 3
4019 6
6868 1
13576 4
598 4
8982 9
13421 8
1321 9
3586 1
4174 8
13771 10
1536 7
3412 10
6333 7
14266 3
15261 9
3134 1
14760 2
15303 4
15839 4
3191 3
3364 3
16294 9
6358 9
12603 8
15247 6
9340 5
9748 5
9867 6
876 10
13352 7
13037 2
8390 6
5537 8
10718 3
13077 5
9379 3
9847 7
13747 3
9010 1
15139 9
12082 7
11773 5
9043 1
9975 6
6854 8
10932 8
2185 5
7248 5
13131 8
3749 9
3869 2
13459 4
6917 8
8095 10
10145 10
8815 8
13585 1
35 1
2265 8
3790 4
5809 2
1906 4
2063 10
3069 4
6321 9
7512 8
10044 1
15141 3
1713 5
4648 1
13254 8
12742 2
2279 4
13780 6
16244 4
16344 10
14400 2
9913 7
12025 1
1150 3
4405 5
10474 9
10740 3
7130 6
8279 7
11787 10
14342 9
405 3
3249 1
3094 2
4970 4
14548 1
9974 7
10627 5
3090 7
10848 1
1697 9
447 10
8946 2
13102 4
13985 5
16155 10
12525 9
3251 9
4383 9
5365 5
9532 3
2686 3
15693 3
15436 8
9304 5
10699 5
12210 4
12651 6
1407 8
2043 6
10114 5
4660 6
371 5
5218 6
8056 4
8097 7
15431 7
14708 6
2966 5
11680 4
3225 9
5588 6
4091 8
16317 6
11978 6
14273 8
15845 10
222 5
2563 1
6697 1
13874 5
7286 5
2555 7
7745 5
8673 6
13134 3
15764 8
4679 5
16282 1
4423 10
8822 2
9211 2
10120 5
15313 10
2885 10
1767 9
8404 7
2844 1
12920 10
12534 7
6863 8
7028 4
11059 2
1037 6
4925 4
10488 6
2795 9
6778 4
7289 4
15760 6
3528 6
15696 10
6678 5
8267 8
10076 7
13562 2
81 1
3990 5
8118 6
8486 10
13194 9
6297 10
8244 3
11853 7
3381 1
15494 7
16185 8
10555 8
6036 9
6337 6
11046 3
12171 8
14586 4
3571 3
4212 6
7357 10
12611 5
4935 4
13983 4
6120 9
10130 7
4785 1
11503 9
12538 8
11689 10
13323 8
12068 10
1705 8
1024 1
3566 9
6669 4
11701 4
11895 9
14721 7
14042 5
4437 3
5317 9
13130 1
16020 9
9108 5
7480 8
7981 2
5757 8
5989 3
8949 6
12052 10
15431 6
2981 2
3983 7
11961 4
6096 7
2688 5
8207 8
11924 10
13576 4
15744 8
15680 7
2599 7
12324 1
433 3
464 5
2332 9
4131 6
6060 4
13410 7
5733 8
13261 1
15159 3
16184 5
6544 6
11947 7
4760 5
12063 9
3401 6
13035 4
8561 1
2237 3
9275 9
5217 3
13909 5
2444 5
13491 9
16171 3
12414 4
3211 10
977 7
3079 6
8210 6
10303 4
12371 2
3775 1
6134 4
12012 8
2232 9
10382 8
14117 7
12226 8
8730 1
9361 6
10271 5
11398 1
744 9
5702 6
5531 3
6348 3
8475 6
4256 4
8515 10
13699 3
15790 10
2142 8
3549 4
7959 2
15360 1
7915 2
10331 9
14173 3
4452 3
6347 7
16213 6
2568 9
5422 8
7264 4
1575 6
14518 9
8622 2
5968 7
12855 3
6867 8
10089 3
10508 9
15084 6
15253 1
306 3
11482 2
7967 3
10855 7
13354 8
13718 1
14417 1
66 7
4747 5
10601 7
13487 7
14673 8
14720 4
2883 1
3383 10
9836 8
1709 4
1023 10
11195 8
13207 1
7940 3
3431 7
13266 4
1366 8
2058 10
3243 6
9392 8
13911 3
2516 7
13111 1
7483 7
7651 7
9723 2
14352 5
5012 6
10012 6
8994 4
16338 3
8435 1
613 4
15451 6
7625 2
8015 2
14019 1
4457 5
6988 6
9085 6
15959 8
14425 10
12009 2
14393 2
14619 2
1868 10
15200 2
15539 6
1015 6
1974 1
2500 1
3429 8
15645 6
6125 10
16375 5
3209 7
4257 3
14231 3
9465 7
9910 9
4893 4
11807 3
4059 5
9428 3
12255 4
7183 7
8644 1
9044 4
10373 7
15579 2
1238 2
1922 2
3446 1
9163 5
5732 2
7353 5
10013 4
10159 5
14203 2
16214 2
2232 7
4596 10
856 9
7918 10
4844 2
14012 4
7961 3
11785 2
12850 4
13157 6
13364 10
1371 10
3893 4
7968 5
13344 2
12420 5
2243 4
5405 1
12302 3
254 7
11790 5
6062 7
12526 10
10411 5
10575 6
3371 3
1636 4
6872 5
3471 1
7826 4
10931 3
13292 10
14074 3
15737 2
1199 4
8123 7
7712 7
4861 8
5380 4
14131 7
421 2
1369 7
4554 8
3975 3
3785 8
14709 8
9070 1
2051 1
3497 8
3608 4
12593 1
7905 4
8534 8
14303 2
14781 4
8376 10
5151 4
6600 3
12427 4
6071 4
6771 4
8769 6
9744 4
15609 4
9803 7
10876 6
7274 1
16284 10
8456 4
12182 6
7880 6
11888 7
10259 1
12729 8
13715 3
15948 3
10072 6
2432 8
9363 9
11785 5
6633 7
11255 8
13958 8
3015 8
15090 2
11964 5
10411 1
4739 1
6988 9
10726 9
10861 3
13287 6
6789 4
4894 8
8085 2
8528 1
10832 9
16143 9
846 9
4263 10
8959 8
1213 4
14331 5
10931 3
8585 6
10511 10
4815 9
9754 3
11857 5
13378 4
2128 8
2898 9
12835 2
11692 10
8454 9
2305 8
4901 9
12231 3
8099 1
9407 5
12310 6
12797 2
13462 6
3468 4
8029 6
2312 10
8685 9
6289 10
11074 9
14461 1
7257 6
3269 6
4192 8
1257 4
756 9
15817 6
92 4
9899 9
1969 8
6217 10
5942 4
14333 2
6950 7
11823 3
4601 5
15621 5
6573 9
11300 1
15334 2
8455 5
1176 10
7907 4
8125 7
14769 2
2700 4
3610 5
2522 4
11243 6
13083 9
13197 1
1773 3
3456 6
3666 7
4665 8
882 8
8603 9
4427 10
14152 7
14825 1
421 2
3689 8
11632 5
16261 4
9029 6
2925 9
8533 6
10080 9
2612 7
175 3
11229 3
5607 5
1057 10
12127 9
15006 3
437 3
8268 10
3130 3
2083 4
4175 3
13179 4
12901 7
12871 8
8284 3
13651 9
3565 1
2966 1
3210 4
11637 7
5251 5
13245 9
10207 10
11947 10
9519 7
265 7
9765 9
4821 6
11000 2
11553 4
12641 4
1217 10
9942 6
7543 2
12091 9
6686 8
12048 2
3677 2
10951 9
8369 8
5816 1
791 2
1659 2
14238 3
5171 6
8267 5
13640 10
1240 4
4038 1
3501 7
1964 10
9917 5
11100 6
14837 8
5937 9
6851 10
811 6
8570 3
11375 4
4048 10
2125 1
10308 8
482 4
4278 10
5593 8
13653 9
2847 10
5272 6
16162 6
4633 6
13133 5
9993 3
6375 7
8221 9
9650 2
9727 6
15322 1
8485 6
3535 5
4788 9
8594 6
14407 10
77 1
4671 6
4595 2
8468 2
5559 10
7366 10
7695 6
9799 10
10089 8
1360 3
10677 4
9958 1
183 8
1228 9
14062 5
7662 2
8834 9
10617 6
943 1
1782 6
4681 9
4888 1
11342 7
8602 9
6714 2
8161 1
11123 4
13249 4
15124 2
9262 1
6713 3
12540 4
7884 6
13516 3
4806 6
11474 6
11804 3
9690 4
10475 8
13354 10
13842 8
1147 7
4880 7
5998 10
9697 10
11302 10
12123 2
12696 4
6508 10
11076 3
11584 9
14382 9
15226 10
2544 10
8180 5
2022 3
1990 7
13361 4
5898 5
6254 8
5906 8
11652 4
13479 6
13590 8
2792 9
10953 4
14962 4
1855 3
4679 2
12827 7
13512 1
7128 10
12026 7
5875 9
1794 3
13905 1
4126 2
5893 7
10323 2
14203 2
14708 9
4082 7
4495 5
6675 6
7574 4
13848 5
5178 6
1781 7
9357 2
14541 3
4098 5
5779 10
11830 6
14350 6
7424 5
8378 6
13690 5
15429 2
12072 4
10652 7
5871 9
5724 10
15165 6
16215 5
452 5
1614 4
4225 4
7463 4
4605 9
6441 3
15236 5
12668 3
9686 7
7032 10
10887 2
10889 3
6023 3
9763 1
7998 7
3208 8
474 7
4935 5
14135 7
3520 4
9594 1
426 1
8269 6
6404 5
8414 7
9935 9
14666 10
15226 6
15271 3
10245 1
6142 9
14828 2
15806 3
5618 2
9255 6
1797 8
15067 1
1750 5
3845 6
5988 9
6670 9
9885 4
4112 1
4123 4
13101 2
12940 6
4373 6
13620 2
104 7
13308 6
788 10
2237 3
7498 1
13616 9
13821 4
4773 2
621 6
8076 10
9310 7
4331 6
4859 1
3056 3
10169 4
12476 3
12911 2
6771 7
10380 2
15053 6
4264 4
10844 6
11659 6
4335 4
15795 7
10828 3
7294 7
10685 1
5926 1
6778 10
12437 7
4125 1
2161 7
12535 1
700 6
1106 10
9773 2
5010 10
14469 5
1634 9
8655 5
8104 1
5122 8
9503 2
12252 5
12444 3
12393 2
793 10
478 4
7931 9
8080 3
9723 1
14872 2
641 5
2935 5
6754 3
3883 5
708 3
15037 1
7706 1
11010 4
1942 5
1787 2
11964 3
943 3
7213 5
10114 5
11270 10
13719 4
15204 9
8940 9
6862 9
974 7
4058 7
8713 10
1181 3
2412 6
2543 7
2150 5
8977 5
5087 1
7475 3
900 6
1159 6
2621 1
2381 2
12546 7
7047 4
9011 2
9098 2
6760 7
8190 9
9631 7
12553 3
13142 5
2821 2
4479 10
8797 10
12093 7
8850 7
14805 4
6702 4
6923 5
7230 7
10868 6
14187 9
11280 9
6152 5
4844 1
6858 2
15600 3
3599 6
12031 3
13161 8
5423 6
7642 4
10233 8
4076 7
4777 8
15296 4
509 8
10697 1
12619 2
15706 1
15919 8
4103 5
9275 10
8007 8
7930 1
7978 8
9514 6
15712 3
14196 7
4257 8
6271 3
9316 8
12792 7
693 3
10229 4
9130 8
13641 10
2729 10
5418 4
5952 8
7286 1
8678 3
10305 6
11804 7
6232 1
14950 9
9685 3
11092 5
16320 3
14866 1
8080 8
8873 1
6542 3
11791 2
884 1
4352 1
15362 2
4867 1
4867 1
12590 2
13397 5
14918 9
11339 8
14432 1
10390 3
8669 10
4205 9
16211 6
15229 2
740 7
6028 4
7490 10
14057 9
2161 9
3301 9
7459 10
8172 4
8254 6
14833 6
11193 4
6777 6
9591 3
3375 1
1444 5
13230 10
9838 3
5243 7
12676 1
3489 1
3264 7
5313 3
5485 1
8734 8
15800 1
16227 7
1657 4
9040 9
1265 1
3676 9
920 9
10100 5
11600 8
11634 2
2816 6
9525 8
14538 2
5342 10
9539 8
11424 7
14117 1
9799 6
14621 1
2239 4
6395 9
10612 9
10627 9
410 5
676 9
3708 10
12413 5
759 1
15289 2
6085 8
6286 6
16184 8
4082 10
4142 9
6523 10
9248 3
7635 2
11470 8
1795 3
15727 8
9852 8
12433 8
12340 1
635 7
1958 9
4822 7
9287 2
6391 7
5022 3
6411 3
14484 8
934 10
4528 2
6686 4
7579 10
6005 6
13603 3
3889 10
4214 1
5595 2
1083 10
10485 3
1819 10
6107 8
12072 5
16271 6
5392 6
7438 7
5387 2
8503 6
13425 1
16329 3
13185 1
16104 8
6925 3
10827 4
13901 1
2537 1
3637 3
16178 2
7693 9
877 10
1744 2
6742 1
2339 3
9517 1
504 9
2803 3
3305 4
2582 8
14678 10
2091 2
8086 4
8712 5
3049 2
4819 1
7233 4
5077 10
13613 4
15729 8
3267 1
6104 9
10158 5
4916 8
9817 2
15186 9
1327 1
8256 1
14012 9
15766 7
10022 4
4197 3
6778 8
1149 8
2222 4
1648 8
10734 6
1116 5
4572 10
7330 2
11279 6
12096 8
13170 4
1304 4
4769 4
15037 3
5077 4
7044 1
13628 9
14716 8
1233 9
6700 5
3218 4
4786 8
634 8
3612 5
4224 10
340 1
15253 2
1273 3
14115 2
1073 7
4474 4
1398 6
12117 5
12641 1
3537 2
8527 6
14211 1
13415 10
13580 2
14357 1
2157 7
11604 3
12406 2
11529 8
4071 7
6683 1
13934 9
75 6
8304 3
14922 3
575 5
8366 8
4041 7
12138 5
1318 3
3965 9
4790 9
8887 2
13216 1
14238 7
6708 1
10656 7
15335 6
3133 1
4283 10
4591 9
1590 2
8731 3
12761 3
1200 9
757 8
9052 9
8290 2
9731 3
1665 3
3161 9
626 2
2914 8
5249 4
6384 3
5181 9
9644 3
3494 3
1213 8
4330 7
8107 7
13675 7
15559 7
386 7
3456 9
1953 4
15947 9
5215 6
7664 10
12336 3
15120 1
15386 5
16100 10
6972 9
14431 1
12758 6
10360 5
13558 2
1096 9
2380 8
233 9
5760 7
13807 7
13513 10
3299 8
4226 7
13365 8
13708 9
15721 1
14100 9
8500 5
3888 3
5748 2
11325 10
11632 5
14036 3
2917 9
1217 5
13587 1
5489 10
7179 6
14521 10
14720 9
15257 8
2983 2
172 6
5272 9
5959 10
9143 10
11728 6
12486 4
7262 4
6619 3
4134 1
65 2
5924 8
7752 10
7916 2
9197 1
13434 9
12335 7
5594 1
16082 6
9982 2
11503 6
15280 7
3259 2
4648 9
10467 1
13747 4
3955 1
4889 8
9309 10
5716 8
14990 10
1972 1
9604 5
13612 8
3853 6
3125 9
16257 9
11366 1
6380 3
7740 7
8224 6
12059 7
1596 7
4142 10
14710 2
14808 10
1254 2
14370 8
616 6
13655 5
2786 4
7275 2
5947 10
5416 8
9045 4
11642 3
406 8
1643 7
2739 4
3439 5
13564 2
6970 5
2483 3
12897 6
13918 9
4395 5
4106 3
8953 9
12471 2
576 10
1488 7
4064 1
3067 1
9692 2
5221 9
2492 8
3348 1
4548 7
12790 1
10885 10
2313 1
4734 4
6959 1
13946 10
6102 6
10553 5
14607 7
15933 6
983 4
8035 6
11939 1
2638 10
135 5
7757 2
10496 1
13045 5
13471 1
14951 3
13742 9
2676 5
11890 4
5896 7
3969 8
5304 2
11088 2
13445 10
14324 9
28 6
7016 3
8835 9
8164 8
10190 5
7846 9
14562 6
808 10
1182 5
2260 5
2103 5
6340 2
8665 6
14984 5
11542 6
10255 5
7211 4
3530 7
15557 4
11902 2
9719 10
16383 8
10716 4
1117 10
15818 8
14221 1
14725 2
4598 9
11003 4
5365 8
8654 1
9170 3
13437 2
16299 10
919 5
1041 10
1812 3
2182 4
16229 8
4836 5
14627 3
4738 4
7269 9
3696 4
3889 8
10562 3
3482 8
11137 6
14662 2
466 2
4443 9
13102 10
15042 2
10566 3
3153 8
10982 8
10048 5
7978 5
9953 6
11490 1
14187 7
3091 5
11848 10
8500 2
3677 3
3827 7
11315 5
9741 5
11868 9
41 1
3288 5
11873 5
14385 10
9473 3
12159 4
10838 6
1783 8
10111 7
5563 6
10742 10
4543 10
12520 6
396 4
11115 10
240 10
970 3
2479 8
9638 10
6418 1
15305 3
11838 3
12270 2
520 9
6167 4
5865 4
6309 10
7921 4
10913 6
1161 8
2393 3
11796 7
1731 5
11366 1
1528 10
8567 4
6097 1
5820 10
12841 10
7067 4
4422 8
1255 9
6441 4
11899 7
14113 6
2304 3
2402 10
9924 6
15944 6
10531 3
6569 4
8546 1
9711 1
14047 8
1593 2
7473 5
6253 9
689 5
11997 4
2344 1
14932 3
3837 4
8187 10
13146 2
7750 1
8650 7
662 1
2420 4
12535 2
11702 10
8216 7
5878 2
10120 1
14724 2
2563 3
12778 10
7696 5
6303 2
13778 5
15716 4
3140 8
2376 10
13517 10
452 7
2930 8
12966 1
7119 7
10847 9
11611 3
1383 6
3891 2
1826 9
16168 5
7514 5
10063 1
15303 2
6228 7
13239 7
6438 6
5718 8
8782 7
10518 3
13164 10
2321 4
14380 4
14706 7
6181 10
4164 7
1991 3
14734 3
8040 2
1386 2
5830 10
5497 5
6329 6
3307 9
2226 2
1416 7
9622 6
13568 1
7997 3
14118 4
713 9
867 1
12566 7
11417 9
13783 9
14627 2
2034 5
2366 8
10082 10
2346 5
1929 2
5075 9
5591 5
6249 10
12439 2
14063 3
793 7
4570 8
3430 9
8169 6
13316 4
11285 2
9960 4
14222 5
3814 3
16239 7
13776 1
8489 2
1076 5
6338 10
3193 4
13390 8
14694 9
1485 7
13514 4
1806 7
10303 10
14253 1
2339 8
2966 6
6081 10
9403 5
10383 6
13498 7
9956 2
2222 8
16123 1
11878 5
13891 10
278 8
4722 4
10809 9
12474 5
13603 6
3121 8
8449 3
14839 3
10631 7
8270 5
8572 8
10140 4
10810 9
14581 1
1429 10
3111 6
7752 3
13765 4
6125 8
2092 5
2392 7
3274 2
4680 7
11582 4
16371 8
2547 10
10299 2
11727 10
12257 7
13762 7
7960 8
4595 10
12098 2
5288 3
8167 8
12006 4
2520 5
1435 3
5101 8
3181 7
8150 2
7488 1
8417 8
16340 8
15417 8
7904 2
10119 7
15104 5
5383 6
5991 2
11233 9
12933 8
6950 9
3675 2
11730 4
7171 10
2438 4
9063 2
2724 1
2975 9
3472 6
4585 2
6512 8
1777 6
13112 3
263 7
15457 1
16053 3
10478 1
12260 5
12884 7
15121 2
346 8
3536 7
4390 8
12509 2
15599 10
11086 1
8363 10
7535 9
11403 4
11699 7
14206 5
3293 4
3670 1
9631 1
7549 4
6888 4
604 9
6013 4
1113 5
2962 7
12839 9
8822 7
7363 9
2059 7
8588 1
1517 7
1285 2
16049 5
12525 1
7094 1
8454 1
15488 9
2427 7
9712 8
4496 4
14069 9
5186 8
14885 1
6119 10
1260 7
5021 6
5226 9
9370 4
11952 10
1815 1
6613 4
2097 9
8087 3
10010 3
12767 1
2875 3
7367 10
15092 1
11804 10
8285 2
8424 10
15862 5
14909 10
4121 7
15271 4
11745 7
14778 8
3929 6
363 10
14355 3
2777 2
5870 8
13305 2
3785 6
14901 2
13188 5
3237 1
16019 3
3158 7
4588 8
1060 9
2445 2
9563 8
12517 3
12834 2
15831 7
6304 7
13207 8
4258 8
11135 4
12355 9
2408 7
2509 5
10254 6
3893 2
13407 3
6223 3
11597 4
11369 5
4478 2
7517 4
12072 5
2321 7
695 4
3939 10
12671 1
4651 8
11140 10
7844 4
14095 9
9300 6
14291 7
1370 7
1513 4
2395 10
9967 4
15439 10
9792 3
6421 9
10293 1
13727 1
1725 9
182 5
3445 3
7033 5
8604 9
12373 10
14329 1
15449 4
4011 1
8485 2
15937 2
11672 5
2863 5
10579 10
6647 2
9328 3
1325 6
8650 4
15062 6
3597 8
966 4
13280 9
10307 6
4131 3
1208 5
9102 1
10446 8
7927 2
99 5
14768 1
8772 7
12206 1
13453 6
3415 4
81 10
11535 7
103 1
5960 5
6988 2
9520 7
12469 8
14261 4
15800 6
2176 5
289 9
15786 7
4849 10
5899 3
14559 8
9761 8
4686 4
7813 7
12829 1
605 2
1257 8
14189 10
12008 10
540 9
2585 5
11613 4
16135 2
16377 1
1155 1
4141 7
4376 10
4764 6
1721 10
15875 2
5384 4
12837 4
5817 9
15813 3
1099 4
3272 1
9597 4
7595 5
9391 2
15297 8
4336 4
14747 1
10227 10
13360 3
6803 7
8406 7
3340 7
10765 1
13708 10
15669 10
6007 5
10000 5
13102 2
3797 2
5230 9
9943 3
2185 3
6466 1
6870 4
7878 2
8171 8
9190 10
10977 7
13041 10
2682 3
11066 7
8084 3
11416 1
16086 4
2094 10
13285 1
771 6
14500 7
8715 4
6139 2
11692 9
15774 9
7778 7
9213 6
4987 6
9257 8
10547 5
11495 6
13462 8
14148 3
15841 2
807 8
2999 9
4880 3
15069 9
10316 7
12912 6
14849 4
2784 10
13080 3
3092 3
5545 6
14232 4
1046 2
10988 10
11426 7
15616 1
5614 1
6213 3
8385 7
10840 2
692 2
9918 1
11426 10
5796 1
6907 8
7245 10
8605 8
13302 1
13709 6
14752 9
14987 8
1821 9
6862 5
7717 2
10775 8
12203 9
12686 5
3298 8
4082 9
2537 10
12473 2
14641 8
1333 7
1360 9
1964 5
1748 3
1742 10
5645 2
7242 5
1293 4
10140 9
3131 6
6494 6
3082 10
14427 2
2846 1
6446 5
8349 3
10650 3
11201 3
14194 4
14577 3
2791 1
15871 3
12083 1
14049 2
14673 5
4685 6
4633 3
5813 10
8605 7
10042 7
12111 4
13109 6
13307 4
4434 5
12505 7
5432 2
12533 3
14710 6
3479 4
8869 8
3602 8
10378 8
15086 8
5657 4
12417 6
345 6
12868 3
5622 8
185 8
4648 9
12827 10
14591 7
14748 1
2525 5
4330 3
4460 2
15992 3
8304 4
15220 8
4686 5
974 4
13381 6
12730 6
5795 10
4612 3
12685 9
5976 8
15820 2
10636 2
16312 1
48 6
4139 1
13165 3
3680 6
2350 2
6523 10
7110 3
7132 4
7150 8
11284 2
9775 7
10882 6
10890 7
13044 1
805 8
3724 9
3341 6
4609 9
10578 10
11649 7
13647 7
2280 1
14511 7
5384 3
8695 2
1665 6
11421 10
2816 3
14516 6
5092 6
14665 6
4145 6
4588 8
14021 8
3912 5
7041 9
13381 6
13506 10
3302 8
4483 4
8636 4
10486 7
2669 9
3446 4
11203 2
11478 7
11519 3
12722 5
1136 7
9771 7
13594 4
14473 3
15399 8
365 9
3482 6
4296 8
8218 3
7647 5
14013 4
727 9
2043 6
1845 3
7246 3
2149 8
8732 1
6635 5
8757 1
10294 7
11829 10
15500 5
893 9
2208 7
3231 9
9708 8
13020 7
15146 3
12687 5
15571 3
16185 7
14166 6
15995 7
6509 7
6392 10
10055 2
11362 10
16292 1
3058 1
3418 2
3796 8
3919 2
3059 8
12123 2
13746 7
3993 2
6757 10
16190 1
10536 6
15481 8
15870 5
8080 1
7053 8
12839 3
4666 8
10504 7
5245 5
7079 2
14867 5
1695 9
13596 4
10025 7
11791 8
5314 1
7121 7
7138 9
9615 3
6133 1
13877 5
513 2
15690 3
6132 3
7169 3
10268 9
14457 8
16132 9
5311 1
11908 8
14075 4
14782 3
8820 9
7740 1
3649 1
6371 7
5347 6
6337 3
14784 6
3522 5
10955 3
6092 3
8169 4
2050 5
3331 3
2937 6
10795 5
11109 7
12 2
2981 3
15908 9
2354 7
707 7
8814 7
9395 7
3911 1
9579 3
13483 8
1531 10
6709 5
14140 8
1226 8
11601 1
8303 7
7476 2
10132 7
5270 6
6621 3
11897 4
14143 3
175 1
3099 10
4368 4
2869 10
16088 10
12399 3
6891 10
3777 8
3818 1
9544 9
12642 5
6022 1
5962 7
11020 7
11757 1
2633 1
13182 5
12721 1
10123 1
11815 7
13890 1
3996 8
6578 2
8273 6
15846 10
6635 4
8928 2
608 4
4657 8
15115 4
708 7
13185 1
1707 1
1467 3
3809 4
584 5
8493 10
11381 5
1583 6
10393 2
13423 8
11850 7
15121 6
4177 6
11845 7
10522 10
11098 7
11848 5
13531 2
16272 1
1010 7
2018 4
4963 9
13658 5
14100 4
543 8
950 9
2640 9
3176 10
11862 8
13778 9
8858 5
12319 1
14938 5
4888 10
4893 4
6549 8
5876 6
7162 3
6937 5
13141 3
1610 6
6285 10
9226 5
11406 9
14696 2
398 1
930 2
2079 9
2687 2
2243 4
14803 3
2382 5
3098 6
13810 3
2144 6
3395 10
13867 9
7635 5
8727 5
15146 4
12796 10
2922 7
7349 2
15632 10
8765 5
6122 9
13073 4
13164 6
14331 2
4646 4
10496 1
2795 4
10138 2
14465 5
15885 2
4590 10
8782 4
1234 4
2422 3
13328 4
8693 5
11886 4
11975 6
12488 6
12567 1
7403 7
2917 1
9412 1
9717 1
9868 6
8118 1
13562 1
11224 2
8153 7
15122 9
4855 1
7703 6
14167 6
7846 1
13441 10
16238 10
10960 8
2645 4
6126 5
10773 3
9834 10
10225 6
13114 5
15811 2
13544 7
8904 7
12774 7
364 4
4684 10
7749 7
3045 3
1259 2
7024 3
7758 10
11285 6
14958 9
3776 8
5044 6
5707 6
6188 7
398 5
8567 4
1850 8
12070 5
11308 4
6423 7
9661 9
12262 7
12272 9
2776 6
3266 7
9984 6
6207 9
7012 4
7887 7
8139 10
1311 7
13394 3
12912 1
14590 9
1917 10
2549 9
9207 3
14505 3
4307 3
13424 4
15792 8
4354 9
4566 7
4078 8
3931 8
14706 1
1922 10
5362 5
8132 10
9669 6
14505 1
2103 9
3589 4
15730 7
12944 9
1242 10
1928 5
8740 3
10435 5
13134 10
5930 3
12065 7
9520 10
15516 10
11520 7
12372 6
540 5
9394 6
9703 3
14475 4
9219 9
9968 1
1949 5
4975 8
11241 9
13118 8
5682 8
10356 4
4442 2
13270 6
13887 6
14369 10
1099 7
14463 1
1743 6
2928 10
8080 5
3854 9
2698 3
4613 4
15100 8
13386 8
14442 2
15763 1
3347 1
4112 8
693 10
6435 7
6689 1
14757 4
7286 6
2226 8
10216 8
12298 1
1064 5
2766 6
4577 3
9135 1
1617 10
11640 6
3935 6
4654 9
9353 1
6352 8
16005 3
8700 5
14386 3
102 2
1949 8
13860 8
8309 10
6929 5
13902 5
4142 7
9279 6
5832 10
449 9
9987 10
10935 8
14791 10
1454 10
8603 3
3236 4
6092 10
8880 4
11869 2
6312 2
2948 4
10172 2
10461 10
14225 9
1431 4
1728 1
3392 6
15029 10
8396 7
13791 10
8391 4
13121 9
4701 9
2045 1
848 2
4224 8
14002 10
14308 4
1422 10
3421 6
14502 1
9688 2
6667 10
12317 2
12748 10
2619 8
10119 3
6714 9
14856 8
14970 8
3026 5
12060 5
4408 4
7205 1
11235 7
6524 3
7817 6
10576 3
10618 8
16201 8
9203 4
10423 6
5636 3
42 7
2021 2
7780 10
8933 10
3680 8
10353 6
516 5
696 3
831 6
13945 4
1396 1
6464 3
9838 5
13666 5
14776 3
899 1
1630 10
11653 7
7792 4
5349 4
7776 7
8183 8
4850 8
11823 4
9217 5
10778 5
12985 9
14142 1
15821 6
3994 5
9238 8
1386 3
7289 9
10930 2
15728 8
4006 2
4033 6
2577 8
5506 7
6925 8
14647 5
7851 1
11885 1
14516 2
1968 1
3763 5
8003 2
5737 1
5546 5
3430 1
3924 6
13171 8
3548 6
12330 1
1786 10
12198 5
15464 2
6704 5
12849 10
13575 1
6114 7
8914 10
11042 1
12222 1
12722 10
7894 1
12862 4
5376 9
11534 8
13650 2
14261 8
537 8
2548 8
9990 2
14063 6
14529 9
12914 3
5183 7
10090 8
10988 9
1777 7
5430 7
3298 9
6788 3
12626 7
14685 4
15960 3
230 6
4547 3
11586 1
14737 9
10775 8
5414 5
10758 5
9283 5
9875 3
12935 10
2957 2
10549 10
6741 6
9430 2
11386 8
12174 1
193 9
2779 6
798 3
10594 7
9761 1
291 8
896 8
3213 3
6853 3
13667 10
6607 10
7497 10
8420 1
479 8
10514 5
4034 3
15410 9
7644 1
16353 7
4488 1
3738 2
2418 4
4084 6
13126 7
5771 6
2464 7
9733 3
10230 10
15002 8
15251 10
11820 6
7848 4
9710 10
10452 5
5681 6
6729 2
9408 2
1564 8
372 8
12022 3
10761 5
6712 5
12914 10
13676 9
15381 8
3310 9
4316 1
14810 10
519 10
16043 4
5790 3
12693 5
1536 1
5544 2
7652 5
9658 3
13570 10
1143 6
3648 7
9971 10
9161 9
11354 6
8377 8
11359 3
8121 6
6085 8
139 8
2975 9
12090 6
12055 6
5172 4
12295 6
4384 5
4257 6
16163 3
12383 1
11731 1
5315 5
5658 9
12044 6
1376 9
2655 2
11188 5
10624 10
7637 7
8600 5
14131 7
9677 2
1435 7
5573 9
3531 1
10811 6
4780 4
8405 4
14932 4
6987 7
11729 3
12775 1
13648 10
2993 10
7119 1
11680 1
10289 8
8171 9
634 8
9587 7
1860 7
4031 4
5730 5
7533 1
6286 2
9643 4
14965 5
14520 7
249 2
1868 1
11066 3
8339 2
9370 3
11854 8
5723 3
6293 5
15782 3
16068 6
1615 8
6185 5
3904 4
4627 1
5265 3
5393 9
5442 5
14375 1
828 5
15084 4
6609 8
8775 2
812 2
960 9
1305 9
15836 4
519 4
13809 7
595 7
14832 1
14775 3
7843 7
11733 5
15568 3
13110 3
6622 8
8108 9
6896 7
7677 6
8542 8
14402 10
14682 3
8880 2
5837 5
11452 1
15104 8
1330 3
58 9
10596 8
13930 7
3685 3
12301 3
10391 3
5507 8
423 1
4274 6
6727 7
15672 5
9622 6
2261 3
9014 3
8553 5
8015 9
2058 5
3723 1
11322 1
14613 2
1193 8
11818 6
13271 3
11470 7
13185 8
14400 6
830 3
13386 4
2036 4
4809 6
7397 5
9970 6
16218 9
2897 8
3003 5
5147 4
4536 6
12171 3
959 9
6649 8
6633 6
7114 1
12144 8
10835 3
9803 5
513 4
15732 2
10567 6
13679 10
434 1
2159 8
11635 4
11541 2
15678 7
10769 2
319 5
2660 5
3766 9
7670 10
11586 9
9347 4
13584 8
2847 3
3005 8
4062 4
7634 4
581 8
13459 8
6595 4
6304 3
133 6
16131 4
8737 8
6047 8
8103 4
8409 9
11207 8
13726 6
4830 6
12000 9
12383 3
14693 6
13032 1
623 8
15976 10
10785 10
5337 4
6507 10
1603 5
2741 2
5355 8
15765 4
5690 1
10048 3
1029 9
1843 4
4905 9
5337 5
9401 4
11034 6
11350 4
8010 7
7112 4
4614 7
5235 5
9800 2
15502 10
674 8
14529 5
5757 9
5130 7
6868 4
12216 4
8999 4
11656 9
15289 3
5549 4
11039 5
1843 2
10945 8
6214 1
8284 5
8329 7
10007 1
4986 8
1899 6
5403 8
9465 4
13404 10
2703 7
3501 7
9970 8
15121 1
8236 3
9761 4
9777 10
663 8
8525 7
3070 8
6212 2
10297 2
10864 10
12710 2
3702 6
3837 5
14032 4
7911 4
2569 8
1198 10
6790 10
12163 10
12818 10
3803 7
12933 7
3491 6
9141 8
11878 2
14705 5
5294 10
5192 4
4542 1
7098 3
8090 9
14917 5
5191 4
6336 6
12151 6
8392 5
12354 7
14813 7
15250 8
796 9
1692 3
1988 5
8867 3
10129 7
13515 3
14849 2
6026 7
9274 6
13233 10
14142 2
15769 3
2368 3
2379 9
11315 10
2607 9
6485 4
6710 9
6978 3
9472 2
11819 1
13235 6
671 4
726 10
11815 1
5391 7
8819 6
8966 4
4363 1
2333 10
13879 1
5522 3
9100 7
826 9
5988 10
2629 2
15053 7
1716 10
4005 5
9080 8
173 2
11337 2
7261 9
13047 6
13259 9
2098 4
2718 9
3581 5
14845 4
10377 8
7503 10
14544 9
6164 9
3309 6
6382 5
1297 7
2011 3
3085 10
10576 8
3223 3
6062 5
6506 4
14823 8
2224 7
3143 9
10921 9
15204 8
14615 8
7880 1
1802 6
11130 5
6961 9
15715 2
11023 7
6793 2
4250 8
10545 1
11975 2
15068 8
170 10
3753 5
12759 6
3338 5
2763 5
2034 7
7772 7
11954 8
13650 5
4457 4
6358 3
10413 2
7988 1
9394 3
4321 5
15831 1
16372 8
461 10
14685 8
5765 6
7445 4
8091 1
298 4
1793 8
9850 10
1363 2
3951 3
4022 9
7022 8
15384 10
12869 6
7485 7
12190 2
12573 6
13218 9
3747 1
5856 10
3460 4
5269 3
5291 4
12377 10
15358 8
1671 10
10970 10
11560 1
1841 9
2750 7
7516 8
6331 6
7918 10
6639 4
8696 6
9047 5
11716 8
13074 3
7 8
10232 9
14362 1
2947 5
9566 9
1912 5
3168 3
7633 7
635 7
4907 6
11114 7
7220 7
507 4
2013 9
2215 10
14270 3
10996 4
15431 5
6134 6
1881 7
4749 3
4410 4
9059 5
3369 7
9606 10
4727 6
1930 10
7557 4
6444 10
6764 6
10406 8
13051 7
6239 2
14422 2
10924 2
12418 3
14078 6
14908 3
15047 10
11323 3
2632 7
5367 6
6157 8
1202 4
4923 9
3432 1
388 8
6102 2
6439 5
10648 6
14706 4
238 2
8375 2
2239 5
7243 8
7538 3
9781 7
13736 3
125 5
1310 2
1655 4
4571 5
4670 3
9985 1
16215 6
14387 1
5705 4
9333 7
13319 3
14660 5
10228 7
5477 5
14451 6
14656 2
66 9
10442 3
7003 7
13290 1
10041 5
8212 9
12023 6
13677 8
13712 3
15211 6
16160 5
4232 3
4987 9
5886 8
11473 8
393 10
9688 10
9115 9
14415 5
13982 3
10939 8
3879 10
6978 6
12755 5
7026 2
9171 1
5302 4
3878 7
12121 9
4230 2
4275 4
5017 9
6984 8
1635 6
5993 8
2499 5
4426 6
10716 10
11987 1
8396 5
11481 9
12665 8
14158 2
11161 3
2525 1
5476 10
2527 10
14508 6
14878 10
3352 2
9456 8
7189 6
10116 7
8017 1
1990 9
3690 5
5182 5
3151 4
5427 5
12812 6
9452 9
15658 2
993 10
4416 1
14661 5
7344 10
15550 8
6190 8
8253 10
474 6
4301 7
6658 8
11325 2
12711 8
2357 3
7901 5
9312 2
9852 6
10187 9
10798 10
1920 6
6916 10
730 6
3091 10
5697 5
138 8
808 8
2759 7
2474 8
14890 6
13253 5
6570 2
7597 9
648 4
2228 7
3962 5
5841 3
14381 1
12226 4
10271 1
13724 1
11237 4
13712 10
6971 4
3056 7
3699 3
4549 1
8902 10
8832 5
1487 1
6516 2
11573 10
2411 9
4028 1
4872 7
1678 10
14744 8
13546 4
14919 2
814 7
6678 7
1054 10
4334 8
5057 5
12404 3
14575 2
3145 7
6815 5
10669 10
11590 9
9578 3
1771 9
12346 8
8669 9
6326 3
756 5
790 7
2174 10
11596 9
14895 7
6806 7
8585 2
16035 3
145 6
3181 1
13270 2
16094 3
14386 2
606 2
12727 9
4905 4
1601 3
15268 7
4524 7
7701 8
9827 3
2035 1
7577 5
6867 6
13516 7
8763 6
8449 1
8944 5
14219 9
1530 3
4236 10
4805 5
7730 10
4096 2
9097 5
3426 10
6884 3
16193 6
9330 4
16005 2
6545 10
13881 9
2983 7
8945 4
9150 1
13488 8
4682 6
6225 10
16151 1
999 7
6187 4
15083 2
1385 3
4626 7
10174 7
11635 6
13146 5
782 10
4557 6
1818 8
12368 10
558 6
2126 7
3823 1
10049 8
2275 5
11844 3
11562 7
13198 2
14832 6
2562 8
2670 10
7670 1
1711 10
10609 3
6423 1
7787 4
9355 2
2108 4
3985 10
4688 7
2874 10
5467 6
1652 7
13592 2
10061 9
6125 8
8770 6
15975 7
4487 1
12879 4
1742 9
449 2
15169 5
5968 8
8209 9
16373 9
12557 2
2533 2
3378 9
203 6
3761 2
7868 4
14857 10
5159 3
16206 10
9897 1
10853 4
6680 3
8956 10
15371 7
2104 10
3481 1
1827 7
10370 3
7635 7
6345 4
13448 6
733 3
14231 4
3416 1
5437 8
7236 8
8132 10
12768 10
12667 7
14340 10
12707 1
2414 7
2483 9
5210 3
3358 9
9212 5
12206 10
6825 6
13773 1
16087 10
5066 6
81 5
7881 6
9680 8
12355 6
10391 4
7585 5
16312 9
2827 2
9428 4
2849 6
4813 6
7845 3
4913 9
13457 1
7373 8
10767 6
14542 7
2150 7
6947 2
8759 5
15666 8
3494 8
2861 5
3139 6
7489 5
15171 1
3234 7
14943 1
10596 7
14318 8
6139 2
11849 6
14010 8
14742 6
4275 10
14033 7
12964 4
11045 5
8296 6
13384 9
15694 5
2633 4
2116 4
6211 9
6085 7
7251 10
1268 7
1392 7
3233 8
4572 8
3875 4
4369 2
9153 8
12272 7
12705 3
11475 3
3404 1
4145 3
15874 9
10309 9
9442 2
11665 8
5619 3
9527 7
14984 2
16135 2
3746 2
483 8
6903 1
8856 4
16280 4
522 8
1592 5
13420 8
2913 8
14306 2
2948 4
14951 6
10314 9
13018 8
13272 6
16031 10
16232 10
2199 10
2702 10
14684 6
3762 7
332 1
12441 10
3061 9
1388 8
1087 4
3337 9
8972 7
8464 8
12546 6
4974 3
5548 5
2150 2
6170 4
10429 6
12043 6
1858 1
5918 6
716 6
5324 2
14377 8
14801 2
16298 1
5794 4
6297 6
2945 10
7738 2
8700 5
11479 8
14954 1
5210 4
14955 9
12658 7
1846 10
2337 5
3154 1
10395 7
9582 3
791 9
8198 4
13933 3
9270 2
12457 6
7409 10
8801 3
11095 2
15047 3
5191 10
2877 10
4027 7
9012 9
14018 8
14228 1
15656 5
16184 3
3933 4
459 2
545 3
11311 10
11799 2
15222 9
10152 7
6780 6
8242 1
9403 10
12785 1
13125 4
14417 6
13679 10
2828 9
13020 3
14450 9
6155 5
12813 6
7123 9
12802 6
14300 2
11847 10
16355 2
5904 6
14156 1
1102 8
15474 5
9314 6
7961 5
6552 8
15557 3
15965 4
1900 9
1275 8
7231 5
10906 3
5229 4
13037 1
1334 10
1227 10
11793 9
10087 4
2635 5
14470 4
13820 1
6515 1
9977 5
14649 1
14930 3
3716 3
7688 5
14791 7
4928 2
9792 7
10153 10
425 6
6602 3
15406 2
2208 3
8891 3
14687 4
8919 10
5527 2
4178 1
321 7
12759 10
1065 4
10510 7
3120 2
10403 9
9646 3
12828 3
113 8
2614 1
2761 4
7550 10
11801 5
5808 2
6996 3
12900 5
2899 4
4561 7
7862 3
2369 2
10813 3
14849 3
10663 8
15851 8
5060 1
4671 5
9335 4
5827 4
1376 2
5644 5
3500 7
16154 9
15456 7
15710 8
3173 8
4873 3
14435 3
940 1
2665 4
5058 1
15860 9
10110 5
14502 9
292 2
3076 10
5148 5
11169 9
1633 7
13211 7
11923 3
12379 2
12723 2
115 2
4458 10
6216 8
14751 1
5389 8
4742 9
14668 9
7414 2
8031 10
9937 10
12005 1
12991 2
4022 10
8410 6
8973 7
7460 2
15911 8
363 10
1838 8
4278 1
13900 3
3601 7
2780 8
2357 10
11538 4
7661 3
14414 4
14808 6
195 3
3214 1
14665 7
10341 3
6744 9
15704 7
2344 3
14495 3
8335 4
14324 6
8918 1
5289 2
1850 2
8662 4
11040 6
5550 8
15606 9
13090 9
3354 7
6259 4
14739 3
172 1
12675 8
7509 10
13330 9
15639 2
466 4
3556 8
12276 6
15651 8
3852 5
4030 8
2066 7
2814 1
12073 3
6352 3
11786 5
3781 3
4108 10
4503 6
8891 6
12402 5
2287 7
2432 7
15138 4
3019 7
366 8
10594 4
15478 2
71 3
9435 3
8749 8
7011 5
12667 5
3012 8
14486 7
9885 6
5391 1
5403 6
2078 10
16151 7
13899 7
14375 1
5602 6
11786 4
8983 10
1867 7
4316 7
6152 8
8798 2
9299 1
12672 1
13355 3
12845 4
15833 1
6105 7
6569 6
8795 4
11788 3
12386 10
3794 3
8798 5
15836 2
15913 6
6597 2
6934 2
5179 4
5181 5
15861 5
4556 4
16278 3
8886 1
9030 10
10229 10
14115 3
151 10
572 9
9746 9
14540 10
14349 3
1413 5
3765 2
3778 2
12826 1
16061 5
8337 6
10700 6
8285 6
1076 6
11774 2
7212 8
14666 7
1875 10
7291 7
9916 3
1739 3
1188 10
3024 9
619 8
3285 4
470 6
11988 4
8523 2
4875 10
9659 6
3498 9
4300 5
15511 5
2879 7
8967 9
9614 2
14720 2
175 2
5766 10
2348 4
11671 5
9048 10
12924 4
777 9
11097 3
6172 6
12799 4
2273 5
3467 5
10129 4
13095 8
16178 10
6039 7
8150 9
11038 6
3947 2
5061 6
11982 6
8246 7
8084 10
10928 2
12483 7
8142 1
13701 6
5365 2
5739 2
14993 2
5121 4
16267 5
12129 3
8742 7
10638 8
4411 3
5598 4
8243 10
9664 4
13616 6
3137 2
6878 3
16018 1
5727 10
8029 6
13133 4
8065 2
12637 4
9773 5
11267 4
7871 6
8676 10
15840 10
13835 3
15616 6
5394 7
13099 8
13309 7
14674 8
3017 7
5972 8
1293 5
12436 9
1280 4
5180 8
10357 5
10809 4
5677 5
14201 10
15713 8
2171 7
3903 4
8758 6
9242 2
15641 10
491 6
8878 10
11128 1
13956 5
3273 1
2310 3
14591 2
2887 8
7422 7
4189 7
11179 8
11380 10
9280 2
11528 4
1718 8
2673 5
15493 8
2952 7
11396 1
8445 8
10707 2
241 7
11476 4
10844 8
4329 9
12201 9
14847 6
3762 9
5097 5
10382 3
2196 4
11305 1
6892 9
7816 6
10326 3
2300 6
13603 6
10042 6
2710 5
10555 3
12577 1
3114 5
4934 8
4725 5
10113 8
7575 4
5348 2
5753 3
11753 1
3136 1
4308 6
8150 3
11246 3
12232 2
5767 10
6997 9
9494 2
12586 6
5220 6
14960 3
9754 4
10113 4
4344 7
10607 2
16226 3
8787 4
12333 5
6619 9
9022 10
15018 7
118 5
372 7
10531 5
9674 5
13290 7
6587 7
8053 7
12964 1
4685 5
4692 7
10715 1
2416 5
9857 2
7418 8
8218 2
15380 5
16149 10
2659 1
15764 9
13645 5
14158 9
601 8
10572 2
1085 5
1496 10
2253 8
548 4
3319 2
8770 8
14586 9
1468 6
3178 4
13832 4
13819 4
7365 2
15179 3
9625 6
10537 6
4045 3
12991 1
7272 9
3751 5
14735 10
14213 1
15934 6
6402 8
5129 9
7709 7
15000 4
4478 5
13976 8
3446 5
12762 7
14222 9
14024 6
6875 5
6247 7
1754 2
15304 5
7505 3
8610 8
15380 1
16079 7
800 6
2236 6
6796 2
3019 2
9198 2
11330 7
12252 4
4606 5
4663 8
4777 4
3548 5
1183 4
9259 5
7860 7
10541 8
14398 9
15292 1
14214 7
13357 10
7033 3
7870 9
12564 4
13814 6
14474 2
16310 8
10880 4
14152 8
14799 6
3577 4
8497 7
4976 6
13277 6
15250 2
9151 5
9693 5
1153 7
2943 4
5012 4
5043 3
14363 1
2039 6
6112 9
7631 5
12521 8
13133 7
1206 1
11407 7
6123 6
16330 6
11602 10
13374 3
14588 5
3324 6
7604 5
9399 7
4499 9
7197 8
1588 9
3397 9
3587 2
4230 10
11865 1
4883 2
10063 10
6987 4
2440 6
9551 5
12383 6
8995 9
6120 5
8142 3
915 9
4053 4
4143 2
5317 8
4406 6
11128 2
13166 7
8398 8
14006 10
15833 10
15037 8
1041 2
1823 3
5599 8
7926 10
10290 1
5195 7
37 8
7801 10
2165 10
5332 1
5677 9
8104 4
11392 1
12885 10
843 4
4883 6
3905 5
1793 1
5159 9
4540 3
8032 6
9879 3
5860 2
6409 4
5353 7
5712 1
8758 9
10574 4
10950 9
16201 5
14534 6
2080 1
12184 2
6634 9
8374 8
15732 4
15089 9
12463 4
13656 8
6385 6
9917 8
10609 6
11474 9
16063 7
2924 1
9343 2
10881 2
13530 7
13744 6
13167 4
15055 7
4279 3
5967 4
7210 2
3091 4
479 6
11607 5
7537 5
7665 10
10579 5
3607 5
945 5
10842 5
7523 8
13285 5
12826 9
13354 1
14917 4
5595 2
15021 5
9942 7
661 7
4656 4
9808 9
9956 9
4511 2
5186 8
5332 6
6252 8
8507 10
12965 10
15044 10
1233 8
3326 3
14579 6
3721 10
8829 10
15870 2
2240 4
2445 3
3569 4
8783 7
4774 1
12612 2
2315 7
7531 4
3620 7
4030 5
16301 10
5526 3
4029 7
13630 6
15850 10
1737 6
1932 9
1963 10
3774 8
7872 7
1313 1
1293 6
2960 5
1340 3
15360 9
11707 8
11873 3
34 6
11776 9
11592 8
7105 7
8144 4
9060 2
9224 7
3237 2
12519 6
845 1
7087 4
12102 4
394 7
10885 9
12653 8
1192 4
5815 8
99 4
832 7
1178 2
10182 7
14990 6
14322 6
5643 9
9583 10
10379 10
12948 8
5133 5
2427 1
1383 7
6038 9
5673 7
6446 4
1626 10
11556 5
6065 1
14610 6
15640 2
4920 8
9310 7
3645 2
12121 5
5489 2
13973 3
14810 1
16222 6
1826 5
2957 9
4094 7
8640 2
11350 4
13109 9
14993 9
15737 1
1487 3
9391 4
2683 5
10188 8
4864 4
11884 10
13406 3
8489 8
5618 2
1351 3
9220 4
8882 10
2885 9
12644 8
6121 6
270 1
12084 6
10514 4
6841 10
8398 1
8443 7
11321 5
14353 8
4756 8
12179 7
4860 6
2140 1
7152 5
10541 4
2294 10
3362 4
16362 2
8164 4
10746 4
7948 10
8425 7
10057 2
11165 5
12349 5
2082 3
4256 6
5616 6
8436 7
1941 5
10511 5
7168 10
7994 2
8508 9
16095 3
8818 3
11034 2
6235 4
5235 5
1153 5
13204 3
1072 2
13264 5
16112 2
11130 2
5739 7
7202 5
10544 10
12957 6
11086 8
8341 4
6934 2
7127 2
11813 2
4579 9
5131 7
10318 7
14515 8
15714 3
10135 7
13791 3
14335 5
15885 4
1630 6
3095 8
6721 6
7222 9
2537 2
10381 10
7692 5
1720 1
4060 4
5033 2
2895 9
1656 8
2795 5
24 5
8413 1
15604 8
16324 8
14199 9
10972 6
4097 3
2191 8
5531 2
6706 3
11682 6
14043 10
14882 6
3182 2
5833 7
6093 6
3618 8
15477 7
4632 1
10545 9
6225 6
9151 9
9414 8
10729 6
3772 2
3476 3
12438 4
10917 1
11794 10
6700 3
7749 6
12057 8
10963 5
5267 8
7399 8
8866 5
10145 4
11715 3
338 10
13271 8
9071 1
16133 7
12465 1
9500 8
8343 8
15057 3
8857 9
15474 4
3530 7
9013 8
8128 9
8201 2
3902 2
14195 2
590 3
5159 5
7439 1
4387 9
10656 4
13737 9
15426 6
16270 3
1411 6
14188 7
3270 9
12105 1
2373 3
11136 7
12952 4
15940 9
3482 4
3723 5
11408 3
7412 4
10337 7
11413 3
13505 2
1089 5
7333 9
10285 2
13353 5
489 10
8903 1
12655 1
14898 3
577 8
6734 8
14303 3
6079 9
6121 1
6752 3
10715 3
12281 6
1316 6
1729 4
6174 3
2210 5
390 1
1017 6
603 2
12485 9
912 10
6826 6
4178 7
8752 7
13719 10
10158 7
901 4
6680 9
6574 8
7004 9
15206 9
14177 10
8167 2
9471 6
10124 2
12359 6
15866 6
6017 1
2306 6
9504 10
10789 2
15262 3
1772 6
3883 2
14965 7
1723 8
3973 8
11570 9
3194 2
885 10
11803 7
8839 6
9171 2
5550 7
6282 8
6701 2
10897 6
14641 3
2360 6
3901 10
4070 7
4455 4
10498 5
8471 8
9505 8
13745 10
10128 3
15941 1
15542 2
1673 9
13377 1
14269 1
16033 5
9090 1
14700 1
13542 8
15858 8
12645 9
8743 1
11544 8
12589 10
4081 10
16034 5
761 3
9347 7
4278 7
8180 7
8337 5
10368 2
15287 1
2449 10
3161 7
3186 3
1629 3
11762 3
13732 4
9181 9
2997 1
4330 7
7337 3
13064 10
5648 3
13477 2
15537 4
3120 6
3640 9
12166 1
2392 7
8893 4
14374 1
14793 8
7814 1
12149 10
7702 5
12718 8
810 10
7929 3
7836 4
2525 8
8046 8
9190 9
14777 8
2170 8
14978 3
7862 8
5612 1
8785 8
15904 2
380 6
2691 2
5260 6
13887 3
10193 6
10454 7
11768 3
7158 6
252 4
765 4
8226 3
9164 7
10471 3
10612 4
12046 5
15902 3
14183 1
5563 10
10114 8
9244 5
7809 9
14137 8
14575 10
4346 2
7575 6
9990 6
12939 10
480 3
1811 4
14399 6
2847 6
9685 9
802 9
7332 5
8461 8
8971 7
1290 8
10584 8
3508 10
5948 1
6141 4
6535 3
13135 10
14711 10
16099 7
4546 5
1081 5
13639 5
9643 3
2217 8
10688 7
16286 1
10067 1
12308 10
412 3
2406 6
2487 5
6325 1
14139 6
9045 8
2254 5
4491 2
13018 7
5232 10
14190 5
14643 4
7646 6
9093 5
15912 9
5224 5
5644 9
11785 7
5706 3
9134 7
11909 4
14487 6
13949 9
6792 8
7261 6
12404 8
13398 1
1165 3
2124 7
15079 6
7534 9
180 7
9275 4
15064 4
5769 9
14976 6
2867 7
16290 1
10684 9
12415 10
1773 5
8127 9
13485 10
10585 7
1425 2
2282 8
2802 5
15122 10
10010 3
14201 4
10109 10
4244 7
410 1
1552 4
16146 10
6532 3
12917 9
15036 1
2312 7
4873 1
10497 10
13578 3
9021 4
9759 3
9998 5
10801 6
14796 9
8462 8
2630 1
13550 1
4702 1
1820 10
3253 6
3807 9
13429 9
1460 5
11646 2
11875 2
2958 9
6266 4
6497 9
16113 4
6306 6
4912 10
5416 2
2524 10
11460 10
2092 3
3282 10
134 3
2209 9
11249 8
1732 2
4586 3
14649 2
8443 1
3056 7
7045 3
11434 4
14861 6
13809 1
11443 2
14721 9
1659 6
15595 1
706 10
1896 10
10029 8
14422 7
8751 1
11185 8
15813 9
12039 7
12462 5
3800 1
9387 8
13691 4
1431 1
2256 8
12052 1
6958 4
16128 9
7431 8
4960 5
5886 5
10359 6
12218 7
13176 9
2090 2
3746 5
4515 10
13038 4
1262 10
1929 8
9550 3
16163 2
176 5
6436 3
602 8
5637 7
9744 8
11693 8
6550 2
8506 10
12947 7
1005 2
12689 7
8778 1
13637 1
8303 3
9238 10
14165 6
4258 7
504 8
4160 8
10578 9
10676 5
13881 1
2610 8
3270 8
16096 10
14139 5
698 5
11753 8
9914 7
8652 1
14073 7
544 1
6918 10
15895 6
2766 4
5124 7
6367 7
13621 1
7964 1
13442 3
5672 3
6984 4
9440 2
12300 5
13450 4
3155 10
5166 8
6406 2
8298 5
12288 1
8281 7
6273 10
9240 3
6321 8
2751 7
6730 10
11905 4
5657 6
7680 1
8769 6
9874 7
7202 9
5983 2
1918 2
9083 7
1897 7
16138 1
15158 8
8737 1
701 1
14085 5
463 7
14802 7
12994 8
12987 3
3486 4
9510 10
2437 7
2134 7
15524 6
5777 6
6672 3
8932 9
9939 1
10082 1
12627 2
15373 10
3572 9
9125 10
14865 10
5835 8
10492 6
11220 1
9419 10
7031 6
9888 7
12080 2
1316 7
2526 1
4160 6
4501 2
10805 2
15030 6
10856 10
342 6
2004 7
4682 10
7655 2
12079 1
6085 4
13229 5
1279 10
4146 6
7922 10
8170 5
7988 6
4669 4
10826 8
710 7
646 3
4231 2
4017 8
12922 3
6326 10
6768 4
9932 7
11387 2
6856 7
2756 10
5801 8
12274 10
13722 1
223 5
666 10
2126 4
4103 5
14944 9
12205 7
5196 3
8460 7
9486 10
10782 9
12712 4
12235 8
11724 2
16157 10
7958 8
11897 6
14166 9
15384 3
2503 6
3164 10
4317 6
1486 1
3609 2
426 9
8073 10
13384 3
12393 9
6977 10
16358 3
10244 4
11502 4
13006 7
13613 4
764 7
3015 8
5407 3
13785 7
6659 4
6276 6
6103 5
7946 8
12299 4
12988 3
1797 5
5306 2
4632 3
12387 4
6693 6
6405 1
4494 2
6881 2
2178 7
813 6
7283 6
589 2
1015 4
3791 4
16169 8
779 8
4489 1
1369 5
10702 9
10941 2
8580 10
5433 2
6432 5
4753 3
11265 7
9588 3
8104 9
13387 1
558 7
5615 2
13839 5
11807 3
3533 5
3596 2
3613 5
5716 2
13823 2
12364 10
6244 6
13575 8
11767 7
11746 10
9579 7
10984 8
2825 6
11376 10
8021 8
9867 1
1065 9
6896 5
14238 8
4713 8
6308 6
14349 5
1485 5
10305 4
3453 6
11758 2
2019 10
12887 8
9924 7
9914 7
6226 10
7751 9
12493 8
2549 9
4438 6
2705 4
16120 4
11783 5
12350 10
13386 9
13718 6
1177 2
2290 3
3392 1
3475 7
3405 8
15846 7
3958 6
2013 3
7132 10
9768 2
2289 2
8304 10
4397 4
7055 8
3363 1
8075 7
9197 4
14632 5
654 8
3220 8
5144 2
14107 8
9954 10
12668 10
8651 8
278 2
4158 9
5023 6
14328 8
9167 8
10549 4
15202 7
1191 1
2679 4
4615 5
10643 1
5125 5
14519 7
9887 10
2036 2
11951 3
9539 3
7154 9
10726 9
11735 3
13373 2
4257 7
5288 5
12014 10
12238 8
9187 5
7170 8
11429 3
14451 7
1189 10
5184 4
7709 4
7104 2
124 5
9241 9
14159 7
15743 4
484 3
5325 8
12247 3
5454 7
6235 10
6894 9
7971 3
11539 6
12987 6
2357 10
15580 6
769 3
10593 2
11849 5
11623 7
1296 10
9144 2
1067 5
903 4
10704 9
6613 2
8266 3
13946 8
12687 2
4270 5
13432 10
14697 9
3690 8
12707 1
9277 2
903 3
7512 9
8160 7
13821 7
16172 2
14239 2
2190 3
9955 5
11932 8
15807 8
14706 9
9489 4
12536 8
974 6
3046 5
13693 5
9174 7
6326 10
8423 8
14524 8
16313 6
1309 5
4300 3
3358 3
39 6
5621 3
6140 8
16299 1
4816 10
6479 6
12552 3
1578 2
7518 7
4598 1
7587 7
15255 7
6224 5
7347 10
7975 5
14258 1
14636 9
15366 3
1596 2
3034 1
4406 10
2725 8
1227 4
2740 1
7358 4
13683 1
4265 10
10372 5
12773 4
1474 10
379 8
1408 6
3058 9
5469 10
4942 6
13961 3
2005 3
13705 3
6652 2
4239 2
12264 7
12997 3
16346 9
1808 3
14176 8
3034 6
8733 4
13987 8
279 5
3352 1
5877 4
9789 10
12985 8
10651 5
11779 6
12959 6
6432 2
9350 6
8025 7
8817 2
14038 10
9531 8
2097 4
5683 3
6736 2
7436 10
14486 1
900 9
1504 4
7724 4
8890 6
9739 10
5642 3
16286 9
9892 10
2442 5
15660 10
3574 1
8348 8
10408 5
11178 8
16376 1
2224 4
197 5
6441 5
6693 3
748 10
1958 3
4090 2
208 6
1730 8
12723 5
5150 9
8119 4
3798 3
1973 4
10901 8
10924 3
848 2
8892 2
493 3
8124 7
11443 7
12529 3
14910 1
5685 2
13571 10
11440 4
11642 4
7006 6
2047 10
11192 7
10358 9
7138 2
13642 9
8734 6
9669 8
12286 1
15766 2
12405 7
8318 10
11853 1
14730 10
9394 7
9866 1
11428 5
12261 3
16114 1
3452 7
9510 4
909 1
1548 3
20 1
4441 5
11665 7
1892 8
7504 6
6062 3
14611 5
15633 3
391 8
3961 4
3379 6
1209 10
12895 3
6243 1
1861 7
2918 8
10267 8
84 5
1582 4
2286 4
7588 9
14296 10
7416 2
8666 4
11473 10
4692 10
1123 2
11381 2
957 4
1548 1
4177 2
277 6
15282 10
15318 2
13950 2
1819 2
6769 2
7426 9
5633 3
3868 3
15004 9
2028 9
5792 4
10627 7
12998 10
4729 6
12308 2
4445 3
12154 7
2752 3
8605 8
96 10
10629 9
16199 4
928 2
3382 7
10778 8
10859 2
5700 10
14294 8
3454 2
4675 3
12350 7
13751 9
16309 10
4963 5
2305 3
8177 9
2074 8
8911 1
14965 5
11398 3
12687 9
15842 5
4813 8
12519 6
6698 1
1339 1
11252 9
14774 4
4915 1
6652 6
7074 5
6877 6
9501 1
9957 7
13361 7
2613 4
4882 2
5401 2
5942 7
3676 6
14052 2
6186 10
7795 3
10631 1
12395 6
12942 6
778 8
13601 3
3006 5
6201 1
11371 10
11870 10
1126 3
12484 3
10028 8
1450 6
5350 4
2290 1
13596 4
14975 6
7599 9
7935 2
10757 2
15887 4
1893 2
6434 2
5390 8
14299 8
2938 1
11340 6
12232 1
15345 4
1983 6
1373 2
13437 2
15554 1
7386 5
7442 5
7540 4
7597 8
13499 3
13858 5
1875 9
5333 6
10696 5
13015 2
6680 10
482 1
12803 6
13338 9
3758 7
14223 6
12931 6
8214 9
14168 3
13896 6
10768 10
4265 9
11330 1
816 7
3523 4
15177 4
13772 3
2810 4
7601 6
7795 4
9418 1
9577 10
7317 7
13320 10
7085 3
4664 10
7315 8
8428 9
16218 7
4801 5
15471 8
11164 3
12927 6
2209 2
3074 6
15455 10
6850 6
7611 10
13423 2
6047 3
14296 3
10016 3
15316 8
7327 1
6528 5
9462 3
14222 5
10494 8
14372 5
8447 4
8469 3
9350 2
12919 9
13416 10
3146 6
8977 4
14098 4
777 3
6565 2
6782 4
8240 7
2212 10
1688 3
5466 1
13821 5
14467 9
7561 9
6475 4
1233 10
9338 2
11735 1
8992 6
5024 1
3456 9
8601 6
5533 2
8348 3
13307 7
7461 3
7891 2
5425 6
15353 6
14875 6
12635 10
5967 3
15222 5
2553 3
8944 10
9013 10
9128 10
15422 10
4839 2
5419 2
16217 7
177 10
6191 5
5640 1
16093 10
5281 3
12268 3
9965 5
7517 7
10821 2
13979 10
57 4
3517 1
4657 5
9737 3
13205 3
15435 3
15051 7
5558 3
8277 3
8494 6
7585 1
10306 3
6392 4
12269 1
15623 10
10648 2
11616 2
5035 8
14454 8
484 10
13041 2
7544 8
4334 5
11507 6
2505 7
5744 9
9243 2
9892 9
6626 10
9184 3
9254 3
8840 5
3 6
3737 1
11314 3
2560 9
4208 5
13570 5
15884 6
14162 4
6660 9
9527 4
13511 1
11156 6
3708 9
7928 4
631 1
15637 3
8514 9
4354 3
10709 6
10 5
870 6
15534 4
9774 3
12756 9
16124 8
2088 4
12165 5
9530 5
6846 9
5734 7
12546 6
4116 1
4333 7
9288 4
3851 7
15104 2
12034 6
14427 6
5587 3
8329 7
377 8
6046 1
11049 9
11041 1
7026 7
7905 7
10434 8
10582 2
15887 5
3969 2
14799 4
9427 5
11165 3
11451 1
12531 9
2664 6
2584 3
5118 3
2550 6
13462 6
14242 4
86 3
4129 5
11689 1
5499 7
601 4
4322 9
4020 6
3443 10
13932 2
5869 6
6802 8
9995 4
10191 2
14598 8
2309 10
2767 7
13944 5
7821 2
10367 3
851 5
1262 8
5618 1
11026 10
8317 6
15702 6
3184 3
3808 9
13664 1
4268 8
14692 3
6981 8
15170 10
5569 3
15585 8
1325 4
8413 5
211 7
5413 9
4476 8
3725 10
10124 2
15387 5
3472 9
5477 9
13061 2
5311 5
4072 6
5028 2
9136 1
1867 1
16284 1
2593 2
2929 2
1426 3
10516 9
2113 4
11897 1
1803 9
298 6
2214 5
10071 5
5735 5
2536 8
5462 3
6471 4
7444 6
3310 5
2 8
12209 10
4441 1
3695 7
11062 9
11648 10
388 2
4370 10
10103 4
15421 1
15618 8
2662 2
15947 1
1591 1
7970 3
9941 1
12967 10
14462 10
11566 8
6259 6
14382 8
1086 7
9308 7
11796 8
14219 4
14288 8
8426 9
9560 1
451 3
8810 9
2912 2
2558 9
14976 1
12526 7
15888 2
8857 10
1911 8
3842 10
15797 4
7207 4
7156 7
7462 7
8176 10
10339 9
14172 8
5035 4
5726 4
7538 5
5509 6
2698 5
5148 9
6437 6
11097 6
2659 10
4351 4
6208 3
8855 7
1657 10
7350 8
16325 8
1918 7
2723 6
2803 1
655 6
15530 6
6494 3
14567 6
1209 3
15339 6
7194 8
10147 5
2927 6
7879 4
13179 9
15509 5
2601 6
11407 5
8870 5
7579 8
14754 5
821 7
4645 8
9947 10
14451 7
7035 1
14371 9
12337 4
13282 2
8073 9
11198 9
15633 8
192 2
7885 9
1008 2
1075 2
3346 5
16079 5
15185 6
8308 2
9442 8
14663 10
14819 8
50 3
2396 1
10423 5
13463 7
12722 10
1254 10
7748 1
10715 5
13245 3
14106 3
907 7
2127 3
3814 7
11251 4
3865 6
6649 10
2362 3
7051 7
6499 1
7088 3
12771 10
2934 5
39 7
5506 3
950 7
5414 7
14446 3
14445 6
14562 9
9864 3
12045 9
16276 1
9870 5
1053 5
7461 10
11317 4
4345 7
7777 5
8663 5
10934 5
11972 8
13441 10
1155 7
1315 3
5909 8
8105 5
13975 8
5355 5
1825 4
5391 9
11091 4
16245 3
11925 1
70 5
11751 8
11838 5
10597 7
13863 10
12633 6
11231 3
806 7
8543 8
15977 2
15432 6
12657 3
5141 6
7109 7
10916 5
4005 10
8761 8
5852 3
9646 3
162 7
5101 8
10205 5
15642 5
3410 6
5568 3
2853 2
13391 8
15311 4
15391 4
6650 8
1785 1
6305 5
10850 4
3241 7
5575 2
8653 3
10547 5
3422 3
12798 6
2480 4
6522 2
4119 9
12759 3
9317 10
5814 10
10106 3
10784 7
2926 7
12503 3
13740 10
7313 7
15065 9
1425 7
8869 6
1272 5
8255 3
2708 5
13667 8
5180 1
13041 2
12466 2
10296 3
6272 3
7920 9
120 6
9395 10
6057 3
1665 7
1409 1
8272 3
10413 4
15990 8
1323 9
13545 1
3381 10
9555 9
6841 6
8177 5
7059 2
16062 1
13318 10
9496 2
10797 7
2006 4
2859 6
3477 8
3623 10
14238 8
10799 6
6490 2
15819 1
1652 10
3803 1
8660 1
11381 6
8655 2
9595 10
9688 3
375 1
5238 5
10999 2
14800 6
13210 3
9805 5
14872 10
12420 4
842 4
334 1
3268 4
3702 4
4202 3
4207 4
12015 2
12834 6
14286 3
6121 3
8459 9
9992 4
11430 3
2877 2
8002 2
5590 10
7707 9
6271 5
9662 1
10506 2
14410 5
13610 2
4753 6
3204 1
12887 3
8213 1
1262 10
4152 2
13457 2
12758 3
11922 2
1891 9
14281 10
1662 8
6349 10
3999 5
11781 10
1587 9
2858 10
5223 4
4089 4
6380 4
4362 2
10335 9
559 9
5477 3
9349 4
2038 10
1892 7
10713 3
5092 6
10639 4
3476 6
14651 9
12225 9
15981 4
15761 6
9084 3
12834 1
12935 7
715 6
3647 6
13838 8
12512 3
13186 9
12046 8
5786 4
16328 2
5815 1
9985 8
11258 9
6538 3
2734 10
45 6
11802 4
12074 10
14512 10
2495 2
247 10
5394 1
7058 2
11866 9
12060 6
2572 5
3454 1
4099 7
3177 8
7547 8
10050 5
2239 2
8641 1
14359 2
15346 1
14603 4
3816 4
11396 7
14780 9
15676 6
14542 9
11021 4
8895 6
14860 3
15758 2
891 7
4917 8
5534 2
9110 6
12471 4
9743 2
13254 6
13265 9
15516 6
560 1
7974 4
10104 4
4957 8
4513 3
7629 10
10015 2
772 1
13718 5
12588 9
11268 3
12084 3
14348 3
14698 3
858 10
9041 4
9264 10
15640 4
9801 10
13662 9
11207 7
1631 1
7361 5
11698 6
6270 10
10007 5
5157 3
13026 8
15149 10
12109 2
8287 4
826 8
4832 10
1020 9
3771 1
7786 2
10524 2
13088 9
16122 5
6450 10
6483 7
8330 2
8927 1
13080 6
106 5
5657 4
4055 4
15744 4
9793 8
44 7
3747 4
4706 2
14207 5
8616 9
5351 10
6718 5
13548 10
14332 7
3796 6
13278 3
4444 9
1727 10
6643 7
7163 5
7529 7
13356 3
14527 1
14997 2
15199 8
3878 10
9754 2
16043 5
9803 1
13492 3
14666 5
814 7
5154 5
7154 9
14064 5
3210 9
11364 1
7312 8
13058 10
13358 9
15222 8
15888 4
3875 7
4490 8
15852 1
8665 4
10669 1
12499 2
15402 2
4771 2
13396 1
14841 9
6232 8
11625 4
13397 7
15093 2
1938 8
4746 8
3239 6
14798 4
15059 3
4057 3
15032 8
2686 4
2743 7
5631 7
6283 6
8358 8
16300 8
627 10
2573 1
5648 5
12353 6
13451 6
16059 9
4114 10
11343 4
9738 10
16347 5
7833 8
8882 9
3608 10
4593 6
5125 1
3035 2
7252 6
3882 3
4427 6
6471 6
11551 1
3229 4
5428 7
11000 4
10667 8
9558 5
5348 2
12887 8
9920 4
9508 9
13656 8
12034 8
12292 10
15264 2
657 5
3689 7
14813 3
15875 10
11716 3
1081 7
1997 9
12405 10
10690 4
12996 1
14883 5
2422 3
10257 10
10771 3
8817 9
8416 2
11003 9
15606 9
15946 3
15978 2
346 6
5624 9
8373 2
9306 5
16036 4
16195 5
540 9
1584 5
16140 2
4185 9
10644 10
7384 7
7397 7
9163 1
15037 8
15779 4
1942 7
16014 8
12306 6
12514 9
194 3
15983 2
6596 6
9138 7
4911 2
210 2
3014 1
15561 2
7014 8
8560 6
14651 10
15768 4
67 6
12134 9
2513 9
8404 9
9391 7
13736 5
2346 8
6442 1
10295 4
5904 3
12442 9
374 5
3533 2
6924 6
1366 7
4593 6
6936 6
8897 3
10541 9
3414 1
5365 3
12801 3
7056 9
15868 8
420 3
5832 3
13073 7
9109 5
9844 1
1268 9
11247 10
6324 3
12098 2
8206 2
16248 10
2421 6
3838 6
5183 9
4743 8
8693 3
14781 3
9708 7
2786 9
10465 2
2497 3
9205 3
12808 1
7654 1
10102 2
11120 4
15086 3
4909 7
2277 2
10552 4
14727 7
249 4
2899 2
4294 7
9958 2
4048 9
4259 6
10224 1
13709 4
385 1
510 10
16047 8
14744 3
1117 9
3565 3
10488 9
8813 9
7998 8
9289 4
11488 3
14320 6
12003 2
153 2
9169 5
5207 6
15869 4
725 9
2223 5
5344 10
6777 9
141 2
8631 3
2290 10
6864 7
9174 10
10974 4
2975 8
3661 5
11580 7
4633 3
16229 10
5366 10
7656 7
8038 4
11933 5
13414 1
2890 1
14870 10
12065 2
10382 2
14765 2
3703 5
12347 10
1479 7
5480 9
377 3
2613 1
15092 4
16179 4
725 1
11763 2
5139 6
1715 8
16176 1
7645 5
13428 3
13270 5
12052 2
3197 7
11269 9
13123 3
13186 8
13006 6
13608 9
6610 5
7908 9
8431 7
13210 4
7301 10
13030 1
14709 5
16368 6
16360 7
3238 1
12672 4
13977 7
7517 3
8279 6
8102 9
12925 5
4341 4
278 4
1313 6
9317 9
16259 9
495 3
13802 8
9353 5
5513 6
8352 9
14301 2
15749 5
4303 3
9609 10
14218 5
10981 9
13390 7
2300 5
4831 10
14927 3
14781 5
1997 9
819 1
11466 4
1972 2
16222 8
7602 3
8775 4
11557 5
314 1
865 2
2029 5
11535 8
12328 7
12684 7
11159 8
15397 3
1186 5
1294 2
3649 3
1064 3
8390 4
15628 7
11886 1
226 7
11297 2
1082 8
6749 3
7344 2
8002 6
13967 4
12399 6
13532 6
14712 2
8935 3
2744 2
2960 10
13383 3
7968 7
4056 2
5710 4
13238 9
711 8
13589 6
6514 3
10527 1
336 8
2444 3
7485 9
7960 5
8061 10
9593 7
12911 3
14899 6
10555 3
1581 5
9340 2
6756 3
15740 5
1217 3
6536 3
15525 8
5143 3
11680 8
15917 6
740 9
2972 2
3026 6
16228 3
12276 8
14517 9
15889 2
2041 3
13390 3
5587 4
15775 5
9385 1
15320 1
3247 8
6574 6
6534 1
4492 1
9237 4
12753 5
14085 3
5290 4
5996 8
7200 9
717 9
1109 6
11208 2
4497 2
4532 4
8462 3
5038 10
2469 1
7112 1
7524 4
5025 1
14194 2
1339 8
10627 10
12777 1
2312 7
1371 8
482 8
14065 2
14199 4
14428 9
2706 3
562 5
6483 3
9523 7
6815 5
6224 3
10238 4
14808 5
14567 2
13619 1
2464 3
14352 3
9629 4
14188 2
5521 8
15650 1
10325 1
14805 6
6022 7
11229 1
2329 7
2445 8
15351 9
9891 10
3480 7
6857 1
910 7
6019 9
10071 10
14572 1
13050 10
14168 5
14749 10
15731 6
14978 10
3626 6
11298 8
13971 5
13311 5
1515 3
14384 6
15785 1
1696 9
14335 1
12662 6
13590 10
6872 2
8511 4
12840 7
15950 10
1415 6
3400 1
14941 10
14996 3
10559 7
13086 2
7108 3
8788 2
9762 5
11681 6
5308 2
9617 10
15423 6
9254 3
11678 4
14943 1
768 7
3996 7
4718 2
9178 2
4651 6
14273 8
3024 9
6714 8
15881 2
9910 7
9516 7
4333 6
12749 8
7327 7
9401 8
6960 2
12005 4
12448 7
8985 8
14045 6
11495 3
7494 3
14669 5
5032 10
4020 8
15178 9
1577 5
5687 10
4619 3
13610 3
7140 8
12565 9
15852 10
2401 1
5710 1
8981 2
5412 8
11959 10
736 6
1043 6
2410 9
3895 10
4809 1
49 8
5933 7
16188 2
6039 7
10511 1
4652 1
2347 10
5012 9
8633 6
7997 8
67 4
890 6
9415 5
4505 4
9807 3
8651 4
13203 1
15607 2
4571 4
7254 2
6108 1
15069 7
10655 1
7016 8
8934 3
11298 2
11732 10
1090 8
4947 10
6973 1
3728 6
6783 9
1110 8
13269 4
15822 1
13064 2
5966 3
13151 8
474 9
4282 10
7723 6
2451 5
14191 4
10036 3
16064 10
2483 6
4486 2
155 3
7646 8
11491 2
12732 8
13512 6
15322 2
7587 2
12976 6
6965 9
9382 6
12705 5
705 7
144 4
9831 5
11205 6
10740 8
12304 2
5311 4
10312 5
13751 10
12588 6
2065 3
9827 6
13882 5
16101 3
14564 1
10389 4
13440 8
4450 8
13323 6
2797 4
16277 3
13628 6
11451 5
9694 7
12208 7
13294 5
4960 10
4233 5
2271 2
15739 2
12662 10
1738 1
14308 5
13247 4
15546 3
15888 6
5110 10
5754 3
293 6
13186 6
1671 10
13134 6
6666 1
1780 5
5434 7
850 3
4558 10
8706 10
9633 6
11864 7
13005 3
3024 7
3233 10
14171 5
9462 5
3040 6
14523 1
13904 4
5514 8
3973 4
6354 3
3388 6
3030 7
16175 5
13401 3
7701 2
9147 7
15684 6
147 1
1561 10
4223 7
5164 5
4131 1
378 9
1110 4
8249 9
15161 1
15944 1
176 7
808 10
12246 10
10146 9
8733 4
11752 9
12135 8
13316 6
856 5
2108 10
6290 3
261 3
4464 7
8295 7
8990 7
2127 2
1825 5
5240 3
3843 6
9339 6
15895 6
8822 10
11311 10
11993 6
15576 5
15319 6
9140 2
15150 7
3071 6
2133 10
14331 4
7123 7
534 8
5950 7
8471 9
12060 2
14601 6
15340 5
591 1
2748 1
7425 10
3247 1
15046 8
4166 4
8712 3
898 7
12299 9
11204 1
13416 5
14927 4
15587 9
968 5
3113 9
4300 7
2458 9
12620 3
13391 9
2428 1
6541 1
914 5
11843 2
13940 3
4160 9
15386 1
24 5
11005 3
12378 2
14870 5
14340 5
203 4
6936 2
3515 5
1364 4
9634 7
2294 10
7514 8
5681 3
14178 1
16120 10
1554 2
10241 4
10435 3
6216 10
2678 9
13547 10
12740 9
7677 3
6662 1
8411 4
2089 6
16158 1
10792 2
1489 2
4409 3
5210 10
9276 4
13211 6
3984 4
15668 7
5876 8
2777 9
14439 4
13046 7
10698 5
2404 9
6596 7
7600 4
10902 1
15305 1
4473 3
9736 9
15521 6
15811 9
15944 8
4674 10
7334 4
9867 7
15020 1
13625 8
1989 6
4319 7
5394 2
7601 10
4544 2
6514 9
7362 5
15334 2
3777 1
3814 2
14192 5
936 7
6738 7
7739 4
15342 1
15548 4
15825 5
14022 7
12278 4
15029 8
14480 6
9464 1
9005 5
7633 7
14570 2
15761 7
1240 6
8614 9
14462 5
4209 4
14545 5
2651 8
4945 4
10641 9
10223 5
16354 4
7116 8
8431 2
8664 2
12152 9
1355 3
15001 10
305 9
6895 3
7946 8
1680 9
9884 1
16123 2
12568 7
6079 3
6089 2
7144 6
13486 6
11935 3
7621 3
10689 6
869 9
6816 2
9266 9
10365 9
14444 6
14594 9
828 9
5638 6
8087 2
11246 5
11460 8
11693 5
13928 2
16028 3
1108 4
4991 8
16281 7
6080 2
11904 1
356 3
13984 10
15598 10
1576 5
3071 1
4832 9
14621 8
7731 3
8869 1
3986 7
15334 2
6961 7
7409 3
7987 5
2900 6
3959 10
10476 3
122 1
5965 10
7603 10
12717 7
1939 10
7081 1
8027 2
777 9
15851 2
7243 9
13251 5
3028 10
4828 9
6915 8
11239 5
10180 8
13703 1
5077 6
14978 1
5856 8
12394 9
8699 7
15634 2
3006 4
3745 10
5566 4
13296 3
11238 3
1996 10
8293 5
10914 4
12074 6
12801 7
14072 1
14119 10
1011 2
1992 2
2701 7
2827 3
4952 2
11892 7
8277 10
10561 4
731 8
4074 7
4449 7
11239 8
122 1
13213 9
4079 5
4153 2
3269 7
8826 1
688 9
3958 4
4554 4
3532 10
7105 5
7832 9
14795 8
13923 5
8566 8
11009 6
11009 9
13282 7
15584 4
1994 8
8431 10
164 7
15835 3
1656 9
5958 10
8887 6
10997 9
15751 6
719 3
2845 5
3810 7
1786 5
3171 6
8913 9
12431 8
16142 5
714 8
14036 10
2553 10
8586 2
15043 9
5226 8
16299 9
5497 5
9461 1
10361 4
3204 1
3502 8
823 3
6750 3
8187 9
11191 1
14420 4
2711 8
1172 1
8727 10
9144 9
14609 2
16071 10
3342 5
11479 4
10435 7
15490 5
14 3
15234 10
14040 4
7679 9
13969 10
14730 7
14983 9
2221 9
6299 7
10974 10
1190 9
15670 4
10249 8
12169 8
6840 3
8665 5
14233 10
14296 1
2192 9
1127 7
14176 4
4828 7
6817 10
10706 7
11857 7
12489 8
12738 1
337 1
4171 7
15260 3
14089 6
9532 4
13982 1
11003 4
16213 1
11427 8
6606 1
7208 8
8502 4
288 8
4928 7
15545 3
15648 2
6818 9
195 8
4071 3
9126 5
12731 10
8016 2
10768 8
10768 6
12329 4
447 1
4825 5
16005 10
12427 6
634 10
3149 2
5010 3
2806 3
4516 7
8602 6
8924 3
11547 4
4219 8
4231 4
14218 7
1315 1
3193 3
1315 4
2496 9
2896 4
14848 1
9942 6
8086 4
9157 1
11120 7
11759 5
15375 2
16263 5
10763 5
13501 9
5999 7
13115 2
15829 6
6376 4
12095 7
13042 9
2998 1
3666 9
5299 6
5751 3
9744 2
6885 10
13461 8
168 1
7142 10
13343 10
3119 4
3382 8
8770 7
1160 1
13205 10
13813 2
14635 2
4825 8
9831 5
11263 4
1179 5
9062 3
9756 9
11458 6
13428 7
15180 3
4087 4
4548 10
1218 8
13209 9
780 10
2907 4
2062 8
15101 7
5676 8
11731 5
9478 8
10110 10
15875 3
16177 1
3993 3
964 4
4190 1
2379 8
12527 7
14868 6
13570 9
542 10
1635 6
4392 10
7320 8
7437 8
10689 6
16123 1
2234 3
1564 3
11798 3
6866 1
13676 1
122 7
1118 5
8425 2
12981 9
4656 9
3827 5
4568 8
6843 7
8441 6
9794 4
14547 7
15664 7
16097 5
997 3
2453 6
3767 5
16106 3
2092 2
13238 1
14264 9
6916 7
10936 4
13775 6
2561 8
1922 8
6063 10
1491 5
3732 9
12671 10
229 2
5289 6
1135 9
3330 9
6527 4
14628 4
3355 1
12865 10
15052 2
3107 3
7511 3
9149 4
12352 10
14559 5
1237 9
313 6
1731 3
7635 6
13722 4
3946 9
6703 2
10065 7
2022 6
6257 5
13684 4
8935 1
10373 8
2591 9
10124 1
8311 3
9275 2
14104 10
3738 5
6256 5
14505 6
4301 7
7651 2
12809 8
1568 10
8085 8
4914 8
9601 5
10114 7
9267 4
990 6
7569 3
3656 7
13775 4
7636 5
11541 3
15796 5
3939 7
4207 9
9506 2
4847 1
5930 9
7147 10
2545 2
9583 9
9479 5
9747 10
1428 4
2517 1
3761 8
2595 1
14945 6
4126 4
9650 10
6772 1
7681 9
9142 6
14911 7
5099 3
1445 2
780 7
5926 9
12412 9
8181 5
12285 4
15760 3
12498 5
7927 7
12571 5
8201 4
11672 8
10913 2
7139 10
6257 2
8212 6
12876 5
14820 1
4307 1
5816 7
14675 9
14426 10
11013 7
14174 7
2471 2
3486 1
3124 1
4321 7
7904 10
10303 6
12510 7
15491 2
292 3
420 10
406 9
6810 9
10071 2
2668 8
11229 7
3261 2
2045 6
2732 9
7387 4
13586 8
4811 9
13545 8
14912 10
13654 8
7161 8
7373 9
13169 9
3356 7
4057 3
2088 10
6121 10
10079 1
762 2
1126 5
15744 1
6097 6
6270 9
10535 8
14078 5
11663 7
13427 9
15268 2
9873 7
598 10
574 3
7336 7
7649 8
8110 1
9306 9
13287 9
15381 4
4794 4
5595 7
13667 1
8592 8
14044 4
5952 8
8140 5
10727 1
1001 8
2649 4
3380 4
1965 8
15590 5
6786 1
7711 10
13516 9
2514 3
10381 9
8033 4
8729 2
10221 5
15424 3
7648 3
12062 7
4451 5
7691 10
1958 3
7383 5
4920 10
265 9
2611 8
8865 6
11394 6
5472 1
16072 4
268 6
591 9
15010 1
6615 10
10238 10
12726 4
14544 8
3038 1
9243 7
15244 5
1601 6
10628 8
736 6
1628 5
1878 3
5843 7
13406 5
15035 4
11920 8
8724 9
10828 8
11825 8
12934 6
14093 8
2350 4
2723 7
3112 2
2147 10
9768 6
7615 4
14527 6
4864 8
12282 9
5942 8
9568 3
10122 6
12870 5
505 6
15009 3
12041 1
11268 1
11742 2
9152 2
9271 7
11141 5
14085 2
1787 2
4347 5
6987 7
1086 2
13211 2
10484 4
14735 8
631 10
8564 2
475 7
8465 4
8898 3
9051 5
7168 5
10844 2
767 10
11688 8
1745 4
11642 10
4007 5
6919 4
6936 1
8780 10
9616 3
1504 7
2944 1
5883 10
9794 10
13591 5
12271 6
4913 10
1607 4
11486 6
11570 9
5008 5
8996 4
8104 6
6551 3
15329 3
976 5
1913 2
14289 5
750 10
6870 10
9718 9
11346 5
13570 10
14120 6
16082 4
5068 7
854 8
90 4
13592 2
6458 1
3024 8
2048 5
10295 5
2038 3
4541 7
1962 9
2514 10
11286 2
14175 6
5873 10
1214 6
12299 10
11441 4
14226 6
8264 2
8749 7
1041 6
2021 3
5822 3
153 1
213 5
2932 6
9987 3
15918 9
16379 9
40 5
159 5
3041 5
15073 3
1953 7
5616 3
5398 4
5262 8
8332 6
4757 7
13158 6
13737 5
7044 10
11520 3
12256 9
1802 1
3029 9
8690 5
15121 7
1512 7
12328 9
4260 4
9450 2
10057 6
14652 9
5354 8
11529 1
14000 5
3417 10
6267 1
6509 7
12953 1
993 3
4163 5
4388 8
12705 5
10386 2
11580 9
11678 10
12277 6
3844 7
7366 1
11760 1
3245 2
11028 7
8422 7
8915 2
1678 3
3029 4
6787 9
9548 9
12780 9
11114 1
6067 8
12123 3
1871 2
5039 8
2719 4
14990 7
6248 4
10264 7
13276 7
13697 1
11280 1
6305 6
1589 5
13638 1
4228 3
7545 9
3265 4
9413 5
10844 6
434 10
12740 10
8158 3
8707 9
11316 3
1098 10
12815 5
7568 5
12606 10
9904 1
15232 4
1103 4
891 8
7330 6
12110 2
12241 8
2122 1
3522 4
14103 9
11093 3
13454 9
14776 5
5510 2
10151 3
6081 7
12567 1
13375 3
1842 7
15042 3
6660 2
10347 8
10068 8
12154 2
3360 10
4129 9
7209 4
16366 3
11249 4
3175 10
15795 4
6015 10
7275 1
10989 3
4841 9
5197 10
7718 3
6902 6
7630 8
16265 6
9739 2
13304 10
83 7
4743 3
3733 3
9346 5
13483 4
6875 3
6680 7
14974 5
15140 5
3056 8
12381 1
1247 1
4976 2
15113 10
1254 7
1941 4
13408 2
10301 1
10751 5
9406 8
13413 10
13651 6
14959 7
6501 1
5230 8
14247 8
10606 3
6421 4
8197 2
2616 7
14115 7
4076 2
10924 4
6296 8
3950 9
2731 7
3467 3
12659 10
10676 9
14560 7
5794 8
3184 2
430 3
2615 6
642 3
3748 7
128 1
6945 8
8124 4
14245 9
159 4
4822 10
241 5
8052 1
15598 4
6173 5
6959 10
5902 7
4578 5
15091 9
13571 10
14359 5
4339 7
11265 6
13906 7
9872 5
14851 8
2125 4
3166 5
12518 9
405 1
9239 2
3767 7
7040 5
14262 4
43 4
3905 6
4165 5
14883 5
6055 3
11844 8
9658 4
13911 10
445 3
11949 6
13517 5
1386 9
1744 2
9401 10
4282 2
4881 6
782 6
7923 5
9433 10
2606 5
4309 3
12025 2
689 4
11907 9
16120 10
6975 6
11503 4
15270 6
5016 5
14709 3
1642 3
1061 8
4384 2
824 10
8728 5
9576 1
7124 10
3821 8
8497 7
16292 4
6250 2
1646 7
13041 10
8858 9
324 5
6580 7
12260 3
12770 3
488 8
4483 5
16322 5
7537 9
4476 7
8179 2
8756 2
16277 8
2228 2
3577 1
6847 2
15069 3
3569 2
4983 4
9022 6
12789 1
14423 3
3534 7
10366 5
11883 4
8369 3
7232 10
9094 2
10389 10
15769 6
5987 10
2961 8
9240 9
580 8
6400 2
8966 3
9160 9
6337 3
10284 10
13514 7
1934 8
1945 3
2607 5
5452 1
1595 9
14196 2
9163 4
15566 5
6496 7
7302 3
8985 4
9536 6
1285 7
2212 3
2593 1
15042 5
2714 8
12518 9
15442 3
2362 5
4690 1
5803 9
13944 9
4477 2
13827 7
9754 6
14121 6
837 9
4353 10
9743 9
6126 10
14918 7
4705 10
10356 4
16172 3
134 5
7529 6
12924 4
13960 1
2980 1
5068 1
5801 7
12740 6
8911 7
9441 5
15797 9
16146 5
2545 7
4835 3
6334 4
7302 4
8703 3
15334 10
15554 6
8991 6
15314 1
12573 3
379 7
1497 6
76 6
8560 5
9170 7
10495 1
178 8
580 8
1125 2
9487 2
5193 7
7287 2
9401 1
10300 7
10661 9
13422 5
3200 4
3548 6
8898 4
11044 1
8944 4
16329 3
12982 7
15287 7
4869 4
11083 8
12057 7
13082 1
15044 10
16006 1
70 7
13246 7
14208 3
996 7
10264 3
6416 3
7516 9
9044 10
11126 3
189 7
1421 1
1489 8
4422 8
4382 3
13213 10
2914 4
1802 8
6131 2
3163 4
15029 7
10290 2
11301 1
6576 8
10913 8
13458 10
16002 6
1401 8
122 9
11085 3
10209 2
16343 8
3610 2
10733 5
13953 7
14492 1
7156 1
13845 10
15762 5
876 2
9336 6
12478 2
4701 4
15286 5
570 8
1536 2
12463 2
7877 3
15756 8
7011 1
6852 1
9487 6
15362 4
14624 5
4737 9
6149 3
12949 7
16105 3
3112 10
4048 1
12377 1
6050 5
12688 4
15605 10
5414 9
3308 8
15182 1
12488 9
12597 4
754 5
3507 2
5346 7
5816 7
6313 4
1746 8
6278 7
11795 10
16075 3
1608 7
2021 7
15414 3
7563 3
10591 9
11088 4
161 7
3184 8
14810 9
3735 9
12645 1
16017 6
9294 2
14203 2
3058 3
1947 2
7179 4
9963 6
13909 1
1909 3
2738 1
10243 6
16153 4
10277 4
8399 10
9479 6
13100 3
13509 9
14417 6
16338 6
1214 7
2775 10
4072 1
8158 10
10439 1
338 1
1619 8
1620 9
2629 2
1771 7
1111 6
8784 1
11639 8
15267 4
3526 8
5634 1
12726 9
16247 5
7839 8
1647 8
12137 8
14471 5
16014 6
11631 1
5177 8
5608 3
8202 3
10640 8
2806 1
9780 10
14676 3
3797 3
482 10
8684 10
78 2
14235 9
12748 6
10588 8
9041 2
9377 4
9415 7
16244 9
6037 5
15447 5
9039 5
3083 10
15802 1
2525 5
10872 6
11145 4
12157 1
13478 2
1033 9
8445 6
12162 7
2603 2
3551 10
666 3
1606 4
14718 8
3135 2
3566 7
6345 3
3429 1
9199 8
6003 3
2236 8
458 2
10377 10
11976 5
12324 7
12205 4
9627 5
14799 6
1271 8
5691 3
14180 6
11254 9
12521 2
10128 2
1919 2
2550 5
12720 8
3763 3
15741 4
1254 3
7275 6
9866 6
9957 3
3427 4
9004 2
3429 3
14889 5
4746 4
9333 7
13179 1
15012 1
10763 6
11048 10
13995 2
355 5
4670 4
7855 3
2863 1
12209 8
9788 9
15527 8
3542 7
4775 7
5580 3
15398 8
2502 8
5201 5
4 3
1730 10
5916 10
440 9
713 4
7945 3
12210 5
6932 9
1982 5
12154 10
16339 3
6345 7
8932 1
3744 6
5415 1
15628 2
7125 8
8818 6
623 5
1410 6
15065 10
1949 10
1455 7
6843 10
5975 8
12507 9
13094 5
2213 5
2296 8
3769 3
14180 7
7978 5
11385 1
15353 1
2636 7
14738 8
9529 7
8430 9
8872 1
4304 9
10485 4
11695 3
6474 8
6317 8
8278 6
10467 1
12706 1
15169 6
4781 4
9333 7
3810 4
2471 4
2313 7
11953 8
4128 3
1412 3
3811 1
6945 7
8327 10
117 9
1599 4
4175 3
2756 4
8506 10
10816 2
8360 3
6615 3
4175 1
6343 10
7240 8
4302 9
13942 9
652 4
3061 1
15111 4
11138 3
8194 9
11502 9
1789 2
15938 3
8397 8
2272 4
9998 9
13007 9
2143 3
2462 1
7574 6
6886 3
7414 8
13706 7
14060 7
2101 7
9349 7
15197 7
949 6
9389 4
8687 10
1707 10
5446 9
16138 1
31 2
13368 8
5867 3
7229 4
8225 3
11838 7
829 2
999 2
5870 2
4019 7
6657 8
14288 6
3742 2
4968 10
5983 7
1419 1
6888 3
293 2
10459 2
2747 6
11836 2
9251 2
13626 7
15536 10
429 2
7739 4
3962 4
15285 7
6823 3
16048 7
9914 8
9230 9
2447 2
5146 8
5517 4
4877 8
5277 7
15243 8
13909 6
13068 5
14426 3
15702 5
3150 6
13396 1
6958 6
10167 5
12642 8
1581 5
7063 5
245 9
387 5
3904 1
6313 10
10452 10
11959 9
2584 2
10488 7
9340 3
11616 8
1518 10
9492 5
5867 2
15891 1
7649 1
8816 2
13087 7
15157 1
2884 3
11414 8
3129 7
7954 1
9692 3
11808 2
3905 4
10205 9
3309 9
15963 4
6714 6
13986 1
14348 4
5111 10
5062 3
15078 6
9081 5
5434 6
732 9
13277 1
3691 9
6806 6
6893 6
14404 3
1946 5
9333 2
12718 10
15204 8
15 10
11893 6
15690 2
13937 2
4744 7
1829 4
600 5
6401 7
16260 3
4947 1
5939 6
9978 6
9888 9
1268 8
13027 6
1792 2
1290 4
1006 8
3040 5
7476 8
6244 4
8509 2
15723 3
15928 9
11000 8
9210 10
9679 10
11315 7
14986 7
16373 5
14536 8
7677 1
81 5
7586 3
9923 2
14616 5
15862 5
4925 6
5221 2
12073 2
453 3
10188 10
15145 6
2670 3
5526 5
9877 7
7217 3
8531 2
4889 9
12344 8
13932 4
15428 10
2799 4
12021 7
12390 7
13733 4
5335 7
14898 6
2742 5
8152 1
11196 6
958 5
9793 1
16151 3
10900 10
6111 4
7692 1
9541 9
9794 2
9935 10
13321 8
16257 2
4882 8
1104 5
6789 10
10915 6
14670 2
344 10
1566 1
5819 1
66 7
7966 7
13165 3
8079 10
12482 8
747 2
3594 5
4370 8
10123 3
15126 7
11997 3
4692 4
10438 8
10716 1
6804 9
3653 7
6132 2
7190 9
13769 4
800 2
11573 6
6106 4
11085 2
15717 4
5384 9
3972 1
8197 7
13294 6
15367 10
1840 10
3964 9
5128 7
13024 10
10141 5
15718 1
4176 3
6291 4
13245 9
14986 2
13877 10
3785 3
3589 5
15919 2
9451 1
9545 4
11871 6
12852 9
14446 3
14498 7
3963 7
13031 2
3915 4
12745 1
16066 2
1377 2
2222 7
2986 2
936 2
14566 10
4987 10
13917 2
4152 10
6501 10
13406 5
14395 2
2444 2
4739 9
5388 5
194 8
3469 9
10973 3
12778 8
13305 7
2222 6
5699 3
5446 1
2470 10
5420 6
5938 10
10849 1
12230 8
12617 2
3496 2
9566 3
5081 9
15717 3
10888 2
11088 4
3160 5
5385 6
12425 3
1350 9
15904 5
7414 2
14344 5
15003 6
1801 1
6865 9
11813 7
2879 8
4768 10
5261 8
10529 2
4972 8
11578 5
9507 2
9522 7
10675 4
12646 6
5089 5
6020 10
6737 2
4581 8
4456 10
13029 5
14469 10
16096 1
1852 10
4286 10
15187 5
8743 7
6258 5
1913 7
2135 6
16308 9
12063 6
556 9
13237 6
16090 4
2604 2
4440 2
10292 2
6759 4
14526 10
134 3
715 9
1952 4
7380 4
14968 10
2287 10
6030 2
7927 2
9910 1
13440 9
786 3
2749 2
6110 2
5059 3
6305 5
9387 8
12260 7
14925 5
2834 8
5059 1
13663 5
2444 2
2245 1
6767 10
8849 5
10756 4
14426 7
2388 8
4019 4
5216 6
415 4
9964 8
10084 1
4751 4
11117 4
16193 5
3117 3
15431 2
11079 10
11506 4
1805 10
12693 3
10687 5
1997 9
6397 1
14191 4
4163 3
7825 6
12113 2
6461 3
14524 5
15734 1
4320 4
547 7
11347 6
7781 4
8701 7
11433 5
13814 3
14014 10
1560 3
1911 5
3817 1
13986 1
5275 2
10102 4
5020 2
10866 7
13124 1
15060 7
3011 3
3197 1
8484 10
14474 9
5558 8
6693 10
8326 10
3118 4
3912 3
8309 3
7172 9
5472 4
11045 10
14076 9
16287 4
87 4
13728 6
4005 6
8673 6
4838 9
8416 4
10570 3
710 6
13012 1
13920 6
12429 1
12434 3
14862 1
14761 1
7551 5
11792 3
14858 1
15932 7
604 4
12225 7
3178 4
2590 4
6277 8
3511 2
9765 8
8271 5
14214 6
12451 4
7626 4
9871 3
2033 5
14244 7
7858 9
10455 1
6036 3
1958 10
429 6
7051 8
13940 10
10630 5
10987 3
1476 1
15768 2
7763 4
13611 8
3161 6
7237 6
4859 5
5334 8
10051 8
10654 9
16052 5
3827 3
1061 4
10132 3
9321 3
6509 9
7377 6
8009 7
10872 6
3481 1
11122 1
233 5
6996 7
6508 6
5298 5
14055 2
13151 10
2285 7
11044 6
12731 2
15573 4
16344 9
6908 3
15714 3
10614 1
12455 7
576 9
2458 2
5220 8
1287 1
9448 9
6620 7
7298 10
12316 9
13729 10
14968 4
2915 4
4479 3
12738 2
15911 4
8923 1
14432 3
14479 10
12420 10
13721 8
2363 7
2655 2
3858 4
6740 9
8305 6
9773 1
929 8
8315 1
11971 2
7162 1
9571 5
9729 2
7645 6
11870 3
9943 6
10505 8
13447 10
15890 8
9216 8
13158 9
12412 9
1842 5
2754 5
5200 9
12257 3
13025 3
14488 2
3458 3
2050 6
11449 3
795 5
9333 4
1075 6
8117 5
169 10
581 9
15763 8
6429 3
8619 6
10386 4
11310 1
14645 6
4945 4
15406 8
16319 10
9683 4
10261 6
3276 10
8380 4
10306 4
14179 3
1686 10
2424 7
10036 5
11292 8
7085 9
9368 6
12616 3
13443 3
2648 10
3927 1
5288 4
15525 4
10472 10
6696 1
10340 2
14701 1
1638 6
2990 9
15827 3
10586 10
6291 1
7040 3
9234 3
11369 10
12310 6
4100 8
5345 6
4617 2
15768 5
12614 10
9153 4
12762 7
1319 9
3571 2
8267 7
5998 5
14328 5
12751 1
8458 10
9137 5
13752 4
537 8
5447 3
10751 4
13069 9
6318 8
13746 5
800 3
3457 9
1422 3
8627 10
13696 5
10548 4
10594 4
11399 10
855 9
12912 9
12563 5
9157 10
13279 10
3812 8
11709 3
15814 3
13937 1
2239 4
2515 3
2645 9
4470 2
7461 9
9208 3
1827 8
10976 3
11258 7
609 3
13074 2
1085 7
7986 10
13175 3
3126 4
14470 6
4596 1
14963 2
664 9
1685 9
4958 10
4684 5
2107 8
1053 4
11477 10
11639 3
13054 8
2103 2
14140 10
15676 7
11549 4
8035 5
12532 8
13541 8
14816 7
3385 4
219 3
12962 6
44 9
8408 8
8597 3
9286 5
9364 9
13476 2
14257 2
8790 5
11837 10
3116 5
8345 6
9538 9
15596 7
5158 5
6993 5
7923 3
13812 2
12837 8
13530 3
16336 3
16180 4
5595 10
9534 1
90 7
1770 10
5254 4
10157 3
992 5
6490 4
2421 7
4569 3
15730 10
11121 10
2313 10
5092 7
6997 4
10674 4
14190 1
14890 9
15102 7
29 10
11467 4
12685 9
12539 1
14588 6
14943 2
5236 8
7191 8
15725 10
271 3
5618 5
7301 9
4269 10
11185 6
9920 9
2010 9
8535 2
4440 9
502 2
7548 3
10744 2
775 7
1668 5
12265 2
10780 4
2811 1
8977 3
9062 3
1885 4
9190 6
10011 5
13441 4
9162 5
7426 6
15273 5
9882 3
16091 2
12055 9
7846 8
14108 3
188 1
3376 2
14895 6
12204 1
11355 9
514 7
14517 10
12743 2
1514 6
756 5
871 10
11087 3
7218 5
13993 5
3589 3
4115 5
6415 9
10346 1
2144 6
1621 6
543 5
2252 5
10955 8
13347 4
146 5
854 7
3673 7
13943 7
6934 9
1125 4
5596 1
928 6
3938 7
13348 9
13417 6
413 6
7379 9
4649 2
1171 6
14720 7
8003 7
9690 9
15492 8
15869 7
12993 8
2892 4
12893 10
13035 9
15081 9
16170 10
12332 5
14218 6
1429 3
2805 1
6429 5
15661 2
14303 5
7207 5
10759 9
3881 3
5094 9
1410 2
6915 9
7796 2
14732 4
5659 3
12169 3
1573 8
497 3
2819 9
13976 8
15961 2
16195 10
9213 1
3539 1
12512 8
7374 8
9213 2
13482 3
13685 5
13962 3
3235 8
5277 9
9616 8
6865 9
4119 5
2655 5
6265 4
8247 5
15064 5
3411 8
15353 2
5188 2
8688 6
8620 1
6399 8
8757 5
11828 3
4632 1
5024 3
15416 3
6942 1
15810 8
6323 8
857 2
3981 6
5185 1
10034 5
1212 8
6324 6
9581 8
320 3
1275 3
2177 3
991 1
6744 5
8359 3
14692 8
1554 5
3232 6
3619 6
5317 8
7155 8
5853 10
2255 6
13163 7
4794 10
15083 7
4045 4
10477 9
9661 6
15206 6
1168 6
2978 2
2955 1
9283 8
1247 7
10704 2
6689 2
11084 7
13103 5
15852 6
12813 3
14438 4
8891 10
1548 9
10011 6
16332 1
10178 8
3214 6
8491 3
9050 10
14920 8
9475 2
10179 1
12299 2
1413 4
8122 8
16126 2
9314 2
9259 3
4995 3
6526 6
2849 3
3192 9
6248 5
12065 7
2699 2
5799 3
9405 2
5560 5
7855 3
15281 6
5435 6
5253 10
12613 3
10742 1
6772 10
8219 1
8645 7
8649 4
9626 7
10781 9
13640 2
186 10
5539 10
14355 9
15518 3
10038 5
11926 10
12773 3
6538 8
7915 1
16127 1
114 10
4957 7
127 8
13404 6
10286 3
16254 10
3718 9
12389 3
3823 8
7004 7
7503 3
10131 7
1986 3
14710 6
7055 9
12578 3
7968 4
14196 6
2119 3
9999 2
734 8
8992 1
12422 6
14373 3
15802 7
15979 9
3969 5
4865 1
5732 8
10258 10
16304 7
8443 1
8765 6
12868 6
14964 8
1826 7
13795 2
164 9
10396 10
7755 10
9838 1
12277 2
13727 8
13532 3
7071 3
10933 6
11341 6
14418 5
5426 4
5550 10
913 10
8574 2
13296 9
6789 2
7531 4
7660 9
10390 9
10579 6
10892 4
11225 4
14548 9
4224 2
3055 9
9386 6
9569 4
11286 6
2040 2
2225 8
7554 5
3981 7
10223 1
10106 4
15986 5
4458 2
15881 6
16108 5
11378 10
5219 2
12815 9
11175 7
6801 5
7564 9
12014 5
14276 7
10532 6
9194 3
10299 7
7190 7
9616 8
16116 9
206 2
1887 3
3741 8
4139 10
3536 5
7887 7
9871 9
10515 6
11540 7
4271 7
50 10
13231 5
1012 2
1646 7
2395 3
10166 8
5581 1
6595 10
8050 7
11668 4
12358 9
1246 10
6099 4
3356 9
16317 8
5534 6
13515 6
1085 10
3258 9
13371 9
14868 2
6684 1
11901 10
13987 10
16209 3
3523 5
3051 6
2961 8
13278 6
12710 2
5378 7
11214 1
7655 5
1139 6
11648 1
15047 8
776 6
6223 5
2068 10
15450 6
5976 4
8321 4
11452 5
12207 6
4963 10
14044 2
16174 2
14730 9
10116 8
763 3
6009 2
11788 9
8079 3
11802 3
16356 2
10425 10
11552 10
12509 7
5403 8
8527 1
14483 6
10507 4
10494 8
14626 6
2497 9
4950 9
4479 5
3781 9
14428 1
4825 8
4582 4
10580 2
3484 6
7038 8
15848 7
1566 9
13897 10
6485 2
2208 10
12973 10
5923 5
8670 8
9711 4
3677 7
9566 2
11375 4
56 5
4492 2
5921 5
909 7
5932 2
14733 9
949 1
1491 1
4315 5
6128 5
261 8
3727 4
13276 5
16358 5
3534 4
5652 6
10925 6
5325 4
6841 8
6307 1
13280 1
1405 6
15890 10
11804 9
7767 6
1194 8
15508 7
10431 7
2251 8
7277 10
16173 3
2502 2
8542 6
10555 1
2658 3
10486 7
9107 10
7777 10
15027 1
1873 8
3727 8
6367 1
13653 7
7632 3
8525 7
8684 8
11376 4
12370 6
12711 9
637 9
6211 4
9661 3
3016 5
3390 8
5488 4
10098 8
1426 2
11268 7
13638 4
793 4
10704 1
5972 1
8620 9
13074 3
12783 3
528 8
9850 9
14767 10
7590 10
533 2
3993 9
5939 9
5722 10
14463 10
6911 9
4315 7
10239 2
11505 7
12224 8
13753 1
4311 2
4863 3
13182 4
15148 10
5700 5
7640 1
10076 10
3711 8
11512 7
14900 5
5690 3
12412 1
15331 4
4203 3
5508 10
4074 7
8473 3
9610 7
4234 7
14114 7
14921 10
10104 2
11165 3
2313 7
9861 9
10293 1
11897 2
7530 4
4061 3
5526 6
14248 1
14807 6
11361 8
13175 3
6146 8
14938 4
2214 6
15174 9
3379 3
7620 2
10047 6
14305 8
3577 10
4622 1
6039 7
1200 2
11845 4
12816 4
63 4
3995 2
3772 9
4181 5
7283 5
7025 5
16175 7
881 7
3464 5
4066 8
10473 4
496 1
11724 5
10889 5
3931 1
3709 1
2657 7
1048 10
11772 4
5454 8
8304 3
14389 8
15665 9
4057 3
5734 6
3797 7
13579 1
14389 6
10475 9
6344 2
6765 6
8826 6
12704 9
12177 9
9560 2
3519 3
7393 7
9086 4
13209 6
13251 1
5078 10
11627 7
9289 7
9164 2
11319 7
5155 2
12137 8
12079 2
4877 6
9077 7
4689 10
11096 6
8479 2
12288 1
14813 9
15574 4
14206 10
9023 9
8691 1
1152 3
3361 2
2120 2
4791 10
6367 10
6964 9
3926 5
3990 1
5839 3
6842 2
9210 5
14930 6
15933 3
6115 4
10972 3
6171 1
7119 6
506 9
13587 9
15842 9
7039 1
10616 2
2774 1
5157 5
2435 7
12086 3
12174 7
13110 10
13252 8
1667 7
6698 9
3368 5
9238 8
12033 6
12870 9
324 8
9179 7
7496 7
14215 5
5994 8
1833 5
13240 7
14128 9
12374 6
6691 10
1586 5
2388 2
5290 6
4736 10
1862 6
7454 1
7744 4
8277 5
9162 2
10972 3
14391 6
15561 1
2398 2
8139 6
9890 3
15570 9
5891 7
7842 3
12135 10
13700 5
9020 3
15574 8
8468 3
4516 4
11221 1
12548 6
12017 3
14261 9
7090 4
14944 5
3634 1
9354 5
8618 7
130 3
2812 1
4953 2
12943 2
7079 8
7880 3
13581 1
4994 7
7715 3
11532 4
4398 7
5176 3
15506 4
2910 5
5684 5
7783 2
5977 6
6132 5
5489 6
12179 1
6505 3
11469 7
3859 3
759 8
6259 1
10262 4
9875 7
15244 3
7985 7
12580 3
12782 2
14394 9
822 3
7403 3
5537 6
10964 8
1653 9
7467 5
4945 10
1624 2
7554 7
10223 1
16106 3
59 10
500 1
11332 5
7709 1
2837 7
26 4
3500 3
10076 8
12791 4
9981 8
14902 2
5112 2
2187 1
655 10
10954 3
8532 4
12389 6
13721 4
15217 1
6039 4
6087 10
9250 7
3977 10
7713 3
11300 6
12648 9
13027 7
9583 8
3841 3
2050 10
2424 2
6814 1
4306 4
4513 7
11348 7
510 7
2908 3
3613 7
7096 4
13761 2
7134 7
4174 6
7329 3
1296 8
9656 8
6070 8
6411 10
6531 8
10180 8
12773 6
7702 5
256 2
6174 8
309 4
7556 10
12319 10
13663 8
12550 6
2769 5
8334 4
2633 8
807 10
1921 6
15866 10
5509 8
14231 9
4718 9
10941 9
15168 9
7489 4
6624 1
9104 3
14860 7
1479 4
2883 9
6213 8
109 3
3805 9
6612 9
971 10
2885 9
5756 3
7683 8
15022 5
1613 9
6214 6
9028 5
11723 7
3283 9
5475 1
4398 8
15094 6
12070 10
2199 10
2510 1
5246 3
5520 10
6475 10
5557 10
7064 2
8174 6
11535 2
14618 5
915 5
7525 5
8040 7
10963 10
9681 10
15960 6
16213 7
12787 9
10352 5
216 2
8432 9
15703 6
1985 6
4393 10
3537 6
4960 6
839 4
10801 9
11180 5
527 5
3589 2
1426 1
6865 8
12508 2
11813 5
12235 4
13115 2
15727 9
2210 5
5212 6
14868 7
15902 8
1552 2
14844 9
15237 4
1512 3
2014 5
4710 7
12896 10
13468 9
6023 4
829 9
8356 9
4065 4
15685 5
12568 1
15868 8
2906 5
10807 5
8653 3
9284 10
9767 3
10217 3
15120 6
3171 2
5192 6
13943 3
10589 9
15412 6
9367 3
14922 1
1594 9
3164 5
6016 3
14531 7
5061 3
4737 6
4966 10
7998 10
13457 8
7332 10
13137 6
14499 4
2927 4
8060 8
10896 5
8135 7
8852 2
9227 4
11879 1
4930 2
15163 6
10269 10
8936 2
12261 6
14454 8
12017 5
14890 8
13951 10
11102 5
11197 6
16370 3
7733 3
7381 10
12784 2
13067 5
14365 1
6074 10
2869 7
7902 6
4240 9
9936 6
12682 10
15092 4
2627 3
11791 6
13921 4
7857 4
6283 2
6504 2
495 1
6054 3
6064 7
11146 2
5266 4
7246 8
12724 9
13755 10
2454 1
4237 8
411 10
1348 6
4247 1
2808 9
4756 7
7076 3
279 7
7362 4
16133 4
14209 2
4753 3
9299 10
12909 6
5704 10
4592 8
4252 10
1387 7
7706 2
11169 5
13606 5
11651 10
12598 10
4242 2
8546 4
10701 10
15394 6
11904 9
3539 4
8717 9
15448 4
6663 10
13775 2
5108 8
5328 3
15258 4
12011 5
6968 1
8164 7
9710 2
12994 3
13085 10
14100 3
13085 5
926 9
15406 7
8560 10
9523 6
14036 3
2057 8
2856 8
5835 3
2745 4
14410 9
10171 7
8779 8
6904 6
10469 7
1925 7
585 9
9497 1
14966 3
11668 7
11465 7
3874 3
11759 9
974 1
12892 2
1140 10
12010 5
12933 1
3304 4
4712 9
5206 3
1093 7
7195 10
16 2
13941 10
6707 2
9727 4
10459 10
11823 4
7908 5
2955 8
6998 3
6893 2
14904 1
10586 1
446 9
13611 6
14652 4
951 6
1544 1
2772 10
2872 10
2413 4
8476 3
16302 8
9819 2
15090 3
6452 10
7084 7
7968 4
13875 7
10967 9
1406 4
11653 2
12332 9
9855 9
4268 2
10512 2
11925 2
15805 1
14554 5
1469 1
11032 2
4063 6
2726 7
7806 3
8348 7
8644 10
9024 5
13933 2
3266 1
5506 7
6264 1
6289 10
413 4
13081 9
13960 2
1140 1
10124 6
4481 1
8663 10
6847 1
9325 8
16371 8
1773 7
2355 2
3641 3
6477 4
9676 2
9877 7
12187 1
15166 4
7887 7
13991 3
2697 7
5061 7
9828 10
10217 9
4518 1
16354 1
1767 6
206 9
2779 2
3268 4
3079 5
3545 4
12834 4
708 8
14032 7
8017 6
6659 4
859 5
2702 6
15380 7
10098 10
14997 2
15127 6
624 2
3774 3
4814 7
7780 8
13443 3
13244 10
1453 4
3553 7
5903 4
6694 2
4580 9
2109 10
7371 7
8424 1
10416 9
14882 6
7270 6
9681 3
1365 5
1883 6
3238 7
6961 6
14050 9
1998 7
7438 5
2465 2
4224 8
4686 7
9390 8
13134 10
9629 8
599 7
4918 3
5705 4
718 7
11402 5
12149 6
10725 10
13053 6
8758 2
861 3
4681 1
5200 5
2141 8
594 2
13258 9
126 6
135 1
4589 4
8720 10
10501 9
9337 3
10928 5
12267 3
2052 2
4905 3
10109 2
1738 7
8092 1
12923 8
15129 2
565 10
1721 7
7450 3
5396 6
9911 10
13210 8
11309 2
11419 2
2039 5
6678 4
15344 6
7652 6
3782 4
841 9
1586 7
7741 8
11360 1
13068 1
15618 10
2215 4
2392 3
4304 1
10743 7
14588 4
8261 7
2415 7
3001 9
14835 9
12519 2
7870 2
11552 5
12188 10
12618 10
9229 10
2963 9
7525 2
9046 8
12161 7
13177 8
4880 7
3584 5
2033 1
8874 1
10402 9
11171 9
12691 4
5053 10
795 7
5621 4
9095 7
15037 5
8186 5
799 2
16188 4
14146 8
14658 10
15230 2
4876 9
6677 2
7342 10
11574 8
1591 8
9868 10
12170 4
3713 5
6136 1
10308 4
13617 3
12269 9
16258 4
7715 2
6868 5
7793 5
8177 2
10593 9
12191 1
14559 9
7528 3
8213 3
6915 6
6212 8
7493 9
7688 6
8839 7
343 2
1247 4
4591 1
6016 2
10399 8
4286 6
13735 4
15158 4
4204 5
6096 7
10328 4
9506 1
9644 7
15559 3
16355 3
3342 10
4612 7
7355 10
5375 8
10568 10
11207 6
3072 4
4177 1
6958 1
385 3
2106 2
8333 8
524 5
4377 9
4674 5
4837 5
4062 2
15746 3
6575 9
15288 5
5527 1
9988 9
10341 1
968 2
865 4
7542 1
14689 9
15806 5
3053 8
5507 2
939 8
11862 9
3032 6
9762 4
1266 3
1630 9
848 8
10304 2
11105 5
11943 9
15965 8
1157 7
1910 9
7295 6
15303 6
9389 8
9537 10
10570 1
10699 5
11761 8
4431 3
5394 4
2987 1
2116 8
9023 1
11564 4
13156 3
14523 8
2505 1
11528 10
11837 7
11612 6
6438 3
10475 8
6317 10
10480 7
8190 7
4880 3
9342 3
2863 1
2058 10
12043 3
7197 1
10934 5
11707 7
395 1
8975 6
6687 9
8545 1
11969 4
2039 8
4192 5
4161 3
8419 1
12197 7
15392 2
350 4
13687 2
649 5
6199 9
2524 10
6029 3
1777 7
8190 6
15038 6
15721 10
13572 4
1924 4
10133 1
15173 3
3180 1
4944 1
10982 3
14720 10
4459 1
4366 5
9839 10
15323 7
1317 1
1983 8
1181 9
9433 1
15278 1
3035 9
7706 9
11172 2
3919 7
15412 2
9706 6
4618 3
5993 4
11872 9
4999 9
4599 9
11010 8
14823 2
2178 3
9561 8
10403 5
2956 8
3279 10
5259 1
12563 8
5093 7
7567 1
7479 4
11361 4
9522 9
9500 6
6538 9
14435 10
581 3
3326 2
15055 4
9746 4
3151 6
13390 8
7232 9
14905 4
11227 1
1105 4
146 5
2328 4
9513 8
10032 1
12444 7
4529 5
664 7
11237 7
6166 3
6205 5
7403 3
10610 10
15383 7
4672 2
1031 9
9958 7
15522 4
11607 4
11664 8
10849 9
12247 9
11599 4
7421 3
9897 9
11563 5
14674 6
2023 10
5531 5
5567 2
1642 9
7733 5
7176 2
10021 6
13048 4
15942 10
13254 2
13830 8
4245 4
5599 2
15215 9
16271 9
9381 10
10512 6
13668 3
1426 2
1776 2
15870 8
5105 7
1214 10
4011 8
9368 4
9910 8
5499 3
15371 8
7435 3
14761 6
5658 6
13825 5
13537 7
4957 6
11886 9
6410 3
3339 7
12860 5
3947 4
4643 6
3839 4
5221 5
1876 9
1543 2
1787 10
9822 8
15657 8
10851 3
592 7
4948 4
5571 5
13448 10
4833 3
534 9
5750 1
7404 4
7788 4
8675 3
9567 7
15149 5
435 3
4291 5
7372 1
15570 9
2130 8
10806 8
3305 3
13477 6
1720 10
10424 2
5218 10
8663 3
11499 4
10086 2
11360 10
13301 3
4471 4
5030 5
14557 1
5414 4
8484 6
13876 7
15462 8
4256 5
6929 6
8640 8
3974 8
10193 4
2920 8
7262 7
3983 7
9783 6
3878 7
4432 1
952 6
8422 9
14230 5
13874 5
618 7
9497 4
5725 10
4675 5
3499 1
11414 10
6866 7
1610 8
6362 10
15362 7
3706 9
2474 5
8493 7
10582 10
11287 3
11761 5
15962 5
258 2
13725 10
13203 6
6937 9
9382 7
13902 7
13904 2
829 6
9631 4
11709 5
8296 9
13209 4
14107 2
15336 2
345 4
2281 9
7833 4
13366 10
10942 6
6877 10
10351 2
10685 10
15038 9
1023 7
2956 5
6650 10
12328 2
14031 5
4100 1
16166 5
7014 10
10354 7
12295 1
12479 8
5962 1
6562 1
8788 1
3502 5
14885 2
15363 4
575 6
10478 3
9470 7
12746 9
942 3
10147 9
1012 7
8125 1
10653 3
9658 4
693 2
1346 2
3483 1
4252 8
6137 3
579 8
4698 3
774 6
10578 3
13623 8
12579 7
13760 5
14092 1
3537 9
189 4
15883 5
2895 1
7658 2
10590 10
11664 6
12720 9
14128 4
4630 1
5120 3
3512 1
9446 6
3622 7
14510 2
2797 9
8475 6
11923 4
13396 9
1458 9
5018 1
4178 2
656 1
4564 9
7737 3
13519 4
295 5
2010 8
2535 4
4472 7
15715 7
4169 1
8487 1
10683 6
2121 5
1999 9
13194 4
3540 6
7373 7
3610 4
3007 2
237 6
8023 10
10062 3
12626 1
13790 3
76 5
10512 9
2169 10
3043 2
3700 1
5738 6
14649 9
5648 4
11463 1
13921 4
14926 4
2801 2
3428 10
13219 6
13584 1
15742 8
8306 4
10567 5
10840 8
2527 3
2267 9
3432 3
6070 8
2062 10
15089 3
10987 6
281 2
9659 3
9734 8
14996 2
15597 1
5613 4
6326 10
9423 5
14947 4
1622 2
10146 2
12835 10
2008 6
678 2
13988 1
11053 7
6369 4
15399 2
11568 6
9142 2
4537 2
8815 2
8947 5
10870 8
3053 10
5559 6
16284 2
1812 5
1445 10
11985 5
13066 1
592 7
1660 3
10892 10
14095 10
10807 1
13244 2
2471 4
12598 5
2456 9
8219 5
12095 8
12679 7
3834 1
2735 10
580 10
15690 7
6643 5
7911 7
8289 4
5798 3
5725 7
15005 3
4423 6
11759 6
3914 1
339 10
13274 3
7117 8
11200 8
5194 4
6255 2
10598 8
13037 6
15435 1
11418 2
3407 8
14053 2
15415 10
12784 1
4706 6
6852 3
11132 9
11817 1
12313 1
10266 5
16047 7
12945 7
11118 5
15111 1
8657 4
8713 3
14005 3
16002 5
4505 3
5695 2
6187 4
15763 8
686 10
12437 5
9064 9
10625 9
2301 9
4017 9
9362 9
10184 8
1330 5
2380 1
9248 5
12656 1
15327 3
8225 4
16126 4
14902 4
15651 6
1193 4
3474 4
781 2
8109 3
12980 10
14639 9
5029 6
3062 3
5661 3
861 7
1914 3
7947 10
14848 10
1638 7
12984 8
3380 5
4292 9
15188 3
6017 7
11172 6
9695 8
14163 6
5488 9
3388 3
15699 4
14655 3
10178 10
15546 3
8616 5
9216 3
14367 6
7735 3
9773 9
79 1
252 1
1034 1
3251 10
5671 1
1658 8
14624 3
10328 2
15492 6
478 9
15963 10
11751 6
12953 1
14214 6
15289 8
5993 1
10524 8
6119 10
6697 3
8041 8
8091 7
10122 9
15589 2
11606 9
4073 1
8838 4
781 5
13164 1
229 8
6663 2
7342 3
12832 8
6344 2
9956 2
1039 2
6306 3
4452 3
12088 4
16352 2
9056 2
10320 7
12960 1
16356 10
2216 9
807 8
5201 4
5179 10
4085 9
7766 6
3837 3
7443 5
2891 10
4823 10
6154 6
13382 1
14223 2
3984 3
14275 8
5053 7
5972 7
9275 10
8503 8
6153 9
14142 3
3406 7
16093 6
11296 1
8448 7
1680 7
7523 3
6549 8
886 9
4979 8
3348 8
2505 10
10819 5
12051 10
14571 8
9421 9
2347 4
11296 1
11064 3
11911 6
5786 3
14505 5
15656 9
5860 9
11314 1
14233 7
4575 7
2031 8
6779 6
3698 9
5303 1
14688 7
443 4
1531 2
2518 8
5242 2
2339 3
15151 4
4477 8
1552 2
13992 3
8137 6
8198 1
12949 1
15771 4
13217 10
7008 9
14242 4
11841 8
3241 3
12717 7
14076 4
16312 3
12992 2
15102 4
1741 8
7984 4
14316 1
4134 5
8071 3
2832 2
9219 7
186 4
5686 2
8057 5
12681 7
16244 3
14136 2
10921 5
408 1
952 6
2415 5
4878 10
2424 5
5040 10
1368 6
7723 9
10297 7
346 8
2499 1
3997 10
4004 3
5117 3
9673 2
113 10
8151 9
9380 3
247 10
393 3
2842 1
3369 1
3651 4
12045 4
8061 10
14185 1
8735 3
4273 1
6223 6
4238 7
12004 3
12245 5
13609 5
14874 4
5918 4
1229 7
6830 9
5609 5
15304 2
2107 3
2618 9
8346 2
9203 10
12864 3
15423 4
2066 2
15890 8
3735 3
9368 2
14061 2
15000 8
1027 6
3518 4
3338 8
13929 6
12961 6
8387 5
10604 8
13491 1
13751 4
2582 9
10490 4
7096 3
6317 8
3481 8
13404 2
2691 8
6645 1
5484 3
13755 10
2844 9
3060 6
4149 2
13983 10
10088 2
2557 1
5793 1
12460 5
6987 9
12030 8
8848 3
9125 8
9769 4
846 7
5472 3
4145 2
9410 5
9873 8
11616 10
12286 6
3324 3
5789 3
8898 9
8710 5
9234 7
1379 3
13381 9
11703 9
12418 2
1343 6
6967 3
8746 9
5711 3
6227 8
6424 9
3047 7
13728 8
397 10
1063 4
15010 1
9653 8
10562 3
12929 4
2500 5
9565 4
1468 10
8895 6
6964 8
10222 3
15123 9
14762 2
7660 5
5847 1
16081 1
13532 6
1199 10
14678 3
4866 3
7541 6
4033 7
9704 5
1865 8
12291 3
362 9
6657 3
4747 6
13194 2
16192 5
10704 1
354 9
5252 10
12615 6
7316 3
8286 2
3543 2
12413 10
12709 9
2457 10
2957 1
312 6
9285 3
10902 5
1720 2
6680 4
12782 1
1145 5
2320 1
687 5
12517 9
13335 4
16149 6
7142 9
8810 2
12345 7
5077 8
3055 6
7442 6
6511 8
7595 8
9901 6
5500 2
2478 3
11194 6
10676 10
3261 5
3738 6
7102 5
2370 7
5960 3
6880 4
6927 7
15799 8
29 6
1004 9
11284 1
12954 1
14046 9
5300 8
8941 5
9005 4
315 3
15029 9
7045 7
10635 8
11344 8
15624 9
15655 10
1326 3
2672 2
1169 9
8082 2
15701 9
11506 8
2459 10
15939 8
14495 1
8095 4
8595 1
11081 7
13365 6
8174 6
1319 1
7208 10
14847 2
4065 5
2156 5
1717 1
10077 2
10144 5
16 5
3250 4
638 10
6915 4
6792 6
13367 7
8977 8
14405 8
11722 10
12687 3
2070 4
2793 1
15748 8
10484 5
9478 5
3170 7
10667 6
13945 1
3337 10
6904 2
7316 10
10829 6
537 10
2587 7
6458 1
8548 1
9821 3
6621 2
16189 8
4609 1
14719 10
7187 6
6926 3
7181 5
4467 6
13836 2
11096 9
8316 7
13977 3
1201 8
3079 5
2194 5
11809 1
5611 2
7207 6
11146 4
11746 8
11852 6
15257 9
10136 8
1363 10
1983 1
321 6
15196 4
180 9
604 4
2508 7
4543 1
14146 2
14987 3
7962 1
9691 4
13916 2
15879 9
8817 9
8599 5
4949 4
5335 6
6833 4
9597 7
9110 7
298 5
1822 5
2383 1
3464 10
5239 2
6826 6
10628 7
9292 5
9621 1
13308 7
4639 9
7870 1
3827 9
1336 10
7384 5
8266 2
2408 4
3693 5
3980 4
8614 10
10566 2
13701 2
14043 9
14467 6
4795 9
12353 4
14217 9
5450 8
5793 6
13577 6
10602 10
8235 9
10273 2
13549 5
1453 10
4390 3
15972 5
8439 2
769 8
6404 9
8785 10
10729 3
1444 7
4617 10
4696 6
6031 8
12778 4
7663 3
10380 2
4134 3
15501 1
3811 1
4008 8
8766 7
9168 6
9280 9
15834 7
1034 2
2783 10
5070 2
9876 6
16042 3
1676 1
7316 6
1829 2
2556 8
3226 9
14151 2
7205 4
3943 2
1816 7
16001 10
6011 7
10530 4
8515 2
11410 9
10142 8
16239 4
8588 6
13383 1
3424 4
8885 7
12376 10
11991 9
7246 10
3188 3
16297 10
12388 3
16248 4
13801 5
7555 7
10250 2
2683 1
15545 7
14746 7
13419 2
86 3
316 3
14550 3
12284 1
6869 10
7606 4
9503 7
14987 1
12727 6
12267 9
12720 10
14707 9
14549 5
5369 7
241 4
14820 1
3641 2
1428 6
2221 1
11479 9
12942 8
2491 5
1591 5
2695 7
8221 8
16358 3
12059 5
15815 7
15557 6
12734 4
3345 8
12500 8
340 4
13852 8
11958 4
900 2
15326 2
8672 2
3112 5
4129 1
12352 2
4462 9
13643 4
2352 10
9839 3
10957 5
12877 1
13264 2
13415 6
1186 9
10603 2
15084 4
15210 4
5176 4
6243 10
13103 7
1511 7
6993 8
188 3
1980 7
4219 2
5857 7
5747 6
12766 1
9137 10
11301 10
13218 8
15599 10
5336 2
12453 1
11130 5
9585 10
3319 8
11593 9
12915 3
13974 4
470 9
2843 5
1049 9
1649 8
12724 3
2962 8
9034 4
11073 10
4781 3
7383 4
2795 2
9851 3
11065 2
15557 3
16037 9
14149 7
2361 10
8299 9
9247 10
5305 3
14934 9
8209 2
3015 8
8140 3
9180 9
14540 5
210 2
1712 5
11346 7
1260 3
12055 10
798 1
2169 1
10853 4
13165 5
15292 6
14373 9
8050 2
11325 10
15916 6
1443 3
10761 6
524 2
18 5
9640 6
15096 2
111 4
2938 5
3032 1
5895 1
12613 5
3169 10
10205 7
3924 9
5136 10
15430 3
282 8
14179 4
7267 3
11568 1
13456 3
2542 10
3998 6
4697 7
14437 4
11841 2
15668 7
16041 5
7991 5
5160 8
496 3
11173 9
10618 3
16305 8
14356 4
5773 5
10684 1
7576 1
13387 1
13825 8
13950 5
10226 1
11478 8
6323 9
9608 5
11025 2
7526 2
4988 4
9716 7
5552 2
12274 10
2275 8
10588 10
14624 8
4540 10
2193 4
3597 7
10712 6
11866 8
7498 3
3142 8
4379 5
9497 4
6073 3
5948 10
10729 1
8307 5
357 1
1050 9
4021 3
11421 7
11566 9
2972 1
3761 5
9001 5
12447 9
9518 2
11636 5
12918 9
2071 4
8573 10
9184 1
13282 6
15787 4
2745 9
4914 3
5368 9
1121 10
7713 1
11295 8
236 7
1857 8
12832 10
6157 7
14 5
7390 1
8053 5
12095 8
4420 3
6562 2
10322 8
5066 3
3604 8
15668 1
5163 8
10892 9
1045 4
2951 1
11938 9
12916 5
11409 7
7020 1
8239 1
14996 5
6322 1
13874 4
13747 8
7213 4
7868 1
9772 10
2469 2
14 2
11295 2
9519 3
7280 7
9450 7
10157 3
211 2
5625 10
12334 4
14353 4
7779 9
14785 6
11701 1
12505 3
2941 2
11869 10
8161 3
10728 4
1364 8
15409 5
538 7
868 9
2611 4
8410 9
13516 5
1358 1
9259 1
13475 10
14246 10
6913 8
584 9
12627 2
8570 7
7475 10
7088 1
2009 5
4035 10
4267 6
4289 1
16340 5
7533 8
14311 10
7841 5
10766 7
11821 4
15366 1
4412 10
15213 6
3734 4
9035 3
9548 1
12834 8
13564 6
15204 1
1202 9
5172 6
7875 8
4784 7
11127 10
11547 7
1070 10
11312 5
12576 1
2953 6
5395 9
6843 3
11760 10
12752 8
15283 10
5050 5
12115 8
5070 4
7201 7
14333 8
538 2
3286 8
9118 1
2802 1
13495 9
7070 1
7329 8
9580 2
10143 1
12943 6
15681 9
1332 9
1886 1
7445 2
3519 7
4015 1
15816 2
854 9
1656 5
2976 5
4404 2
3821 10
14615 6
5212 4
11873 5
9891 3
11233 8
7400 6
8400 10
15216 9
2292 6
7471 1
467 7
2375 5
7991 6
14557 7
2148 3
13594 10
10220 2
13951 10
8555 4
3093 9
11710 4
6852 7
7117 5
11451 8
2336 4
6482 5
5728 7
4455 1
2649 5
4271 7
2284 5
8868 9
9338 10
11071 10
11875 3
16079 7
1196 2
6532 1
14816 4
14311 5
15432 6
15479 8
3127 10
4683 4
14227 7
10038 7
8570 10
11561 10
5002 2
7914 9
1485 9
15180 3
13999 6
4435 1
1683 1
14951 1
16351 3
2739 3
9843 5
5172 8
5671 10
15164 4
7226 2
8090 6
12041 7
12321 1
15909 4
3286 10
3583 3
3822 8
5684 8
2587 4
15206 6
6456 10
12624 6
3628 1
1532 2
8858 6
11983 2
16061 7
10719 10
5564 2
5594 6
11649 7
3972 2
12802 7
2235 7
7786 6
15209 3
7577 5
888 7
9378 8
11507 6
12532 9
4680 6
7607 10
10184 8
11960 9
14281 5
15298 7
13234 5
2871 7
15481 10
6805 5
6831 10
7022 1
2800 5
9940 10
11067 4
6080 8
3658 10
10375 9
6543 3
6950 1
7701 4
10236 2
5237 8
15679 5
15444 8
14236 9
14996 3
9234 9
5526 4
16164 5
6373 4
7720 8
8899 5
5627 9
5984 2
11221 2
2558 3
8771 10
15782 1
3527 5
13161 1
4217 10
12164 8
6723 7
9989 9
2511 5
5854 1
8638 4
10541 2
14939 8
16304 4
6351 10
6503 2
1376 5
4452 6
8361 6
9660 3
37 7
400 1
8777 1
4096 2
11292 1
8842 6
12214 10
15877 10
935 7
3060 2
1100 8
10633 2
5832 1
11888 6
8054 3
9458 5
13306 4
1984 2
830 2
5115 10
11692 6
3515 5
8837 10
15528 3
7145 3
7437 1
13724 10
15621 10
8641 4
14808 1
9823 8
4741 4
10968 5
16050 8
2129 8
4841 9
13612 4
2215 6
9868 8
7273 1
3174 10
614 8
8301 3
6763 9
8919 5
10534 8
13478 4
14865 4
2397 10
5513 3
14471 10
9967 8
10475 1
11166 6
1597 6
2148 5
2703 10
15710 3
8212 5
12137 5
16059 7
9999 8
6882 8
10634 10
11748 9
15764 8
4150 7
4829 6
3200 6
11726 10
11482 10
7864 4
11018 5
11411 10
80 2
8631 5
1088 2
2305 2
8716 5
14876 9
3329 2
4197 8
11252 2
11081 1
6395 2
3389 8
6901 9
15097 5
2719 8
6386 4
5244 7
4735 5
7970 1
716 8
1495 7
1318 9
11953 2
15822 9
9562 8
11465 5
5265 3
5450 9
5602 10
5990 7
13656 4
8834 3
6547 4
6735 8
9406 7
15790 1
16246 7
16355 2
1121 1
1997 9
11600 5
2339 6
7287 1
12127 5
12745 7
13482 4
8 2
2208 1
3158 4
12289 9
4510 2
4898 1
954 1
11362 10
14276 6
15574 3
6245 1
3344 10
7189 4
8236 1
1954 1
10977 3
16236 4
655 2
11608 5
16205 2
492 5
2442 2
7331 7
8257 6
10085 4
13183 7
13743 10
430 2
4881 4
13411 3
4807 8
7861 4
9099 10
12096 8
15601 3
16149 1
6413 9
1349 4
6844 8
8848 5
14145 7
2983 6
2042 2
13408 8
10244 1
12503 6
13014 6
169 2
4295 4
5105 1
6218 2
234 4
12486 4
8687 4
11668 8
13208 10
3048 8
4110 8
4527 9
4700 4
9397 4
6296 10
1838 6
13220 4
7630 5
15568 4
2918 5
11433 9
13353 6
14915 10
248 2
9944 5
12048 6
12560 8
12958 5
13160 5
2543 7
5527 6
6140 10
5571 3
15395 8
2909 3
7357 10
606 2
4363 4
6376 2
13636 10
6851 5
14024 3
14879 2
14262 10
7504 7
853 4
8567 2
12175 3
1162 7
14280 5
8712 5
6170 1
13161 10
2766 9
4730 1
6501 3
4125 3
8969 8
13076 5
2204 9
5593 1
6294 9
14984 7
10992 9
13947 9
8810 2
11054 1
12740 9
13463 4
15077 10
4548 10
10440 9
8558 9
7490 4
7882 10
9541 4
4894 5
5436 3
6875 1
3902 1
446 10
8915 7
11484 9
12730 7
13573 10
3757 2
5454 2
164 7
9281 7
13609 5
15658 8
4858 4
12044 7
7010 2
7852 9
3689 9
5921 2
13989 10
15511 2
10260 1
13089 4
2823 4
3863 9
5127 5
4192 6
4509 8
13242 6
1406 4
2536 7
3744 3
10540 5
2658 6
8310 1
8969 5
11744 3
13037 5
13126 3
14334 2
270 3
665 5
3702 6
16214 7
5433 3
8800 1
13869 4
14416 4
15717 10
3252 10
3839 3
6358 2
12797 9
13314 1
16019 10
1320 3
4901 1
781 2
14161 3
10500 8
12186 6
12485 2
12904 8
4484 3
5065 5
1937 6
8350 5
12550 10
9120 2
15205 9
5194 9
8535 7
15099 2
12174 10
2552 3
10197 9
7399 6
10351 5
12167 8
15850 6
1 1
12353 10
5142 5
14731 2
14664 7
7809 10
8385 3
12827 6
2356 3
4820 3
14788 6
11279 7
11940 4
15416 5
5116 9
16132 7
6091 6
4819 2
5809 8
8934 5
11776 4
100 4
2846 2
1127 10
15363 10
902 6
2607 10
3780 5
4368 4
133 2
12147 10
13278 7
14944 3
972 9
1036 5
4399 4
12901 5
14632 3
9243 5
12505 1
3988 10
5727 5
8581 5
11495 9
4076 7
9858 9
16015 4
3899 6
10113 4
3928 7
10815 5
1289 3
13606 4
1801 3
1434 1
2004 5
5431 6
15571 10
8582 3
10360 5
12015 3
13411 6
1630 2
2716 7
101 5
11136 4
8116 2
1389 6
3853 6
13942 2
6661 7
14601 7
11532 9
6977 1
11056 7
13246 8
13528 10
14714 5
12629 10
15684 10
8603 3
4667 9
9352 6
8332 5
4237 3
2679 9
3803 3
9794 9
9272 5
5167 7
8532 8
12282 7
10319 2
9272 2
9946 2
14753 4
3570 8
14266 2
16135 7
16310 9
16144 3
8949 8
3657 6
4464 1
5141 2
3393 1
7649 10
14446 7
2452 10
5509 10
11266 6
7745 7
8869 3
6868 9
8403 7
1591 10
3189 8
3261 3
16362 1
12958 4
10895 3
7942 10
15816 2
6794 9
10825 4
7524 4
15733 9
8989 2
15740 5
7429 10
14025 7
1986 8
4683 6
5446 8
13311 3
12112 7
9290 1
7244 3
8236 4
10572 6
4501 10
6680 8
11723 7
8314 10
9098 7
11822 9
15777 6
2681 10
2568 2
5568 2
15756 7
16055 4
347 7
1147 5
2540 1
6126 2
14227 4
13566 2
8388 7
10957 1
16124 9
15695 10
8211 6
14397 1
5861 7
8099 8
10941 10
864 2
2874 3
2114 8
149 1
8254 2
12323 9
6160 9
14435 1
10041 4
10092 8
1688 10
5134 6
3530 4
12039 5
7756 8
10225 6
15785 7
16007 8
215 7
2268 9
4886 1
9301 4
7860 1
8132 6
3994 10
13030 3
14305 9
14823 3
2569 5
15445 2
11907 9
4667 3
5322 9
6215 5
7014 6
16346 8
15565 1
1487 3
15291 8
3847 7
14012 9
10732 6
10921 4
13426 1
9863 3
8058 7
8938 10
985 7
8547 8
1194 4
9174 3
9961 8
11517 7
13812 3
2831 4
4614 6
3643 10
6844 10
11746 10
1178 8
5783 3
8112 10
15942 9
5887 3
13037 4
193 9
11897 5
1130 6
1951 9
3362 1
13094 6
11493 3
12494 10
8465 6
7420 2
8017 4
5446 3
3764 4
2542 4
9612 10
7106 9
9358 4
4852 3
10103 2
2474 4
11021 3
12777 4
15765 2
1657 9
7092 4
12778 1
9535 9
11828 5
13091 6
13963 5
14160 10
5789 3
12111 8
13979 5
4652 3
8025 7
9141 10
5055 10
13454 5
889 9
10056 2
11535 10
10883 2
16316 2
3314 4
11058 10
4102 8
9689 1
177 2
3627 4
1384 3
6130 4
9519 4
3891 7
4857 7
816 6
2329 7
8020 1
539 1
2683 4
7725 2
16114 6
16247 5
10555 6
14535 8
9002 5
4122 10
4035 1
6671 9
4389 10
10556 10
13742 1
5218 6
11443 9
997 6
6283 6
2777 3
15109 7
9436 6
11093 8
440 6
1841 6
1277 2
11271 4
7887 1
1058 1
16014 2
2307 8
6133 10
2087 5
15489 9
8468 5
5520 4
442 9
8489 8
16052 10
3339 5
4233 8
13588 4
16180 4
5586 2
1053 2
2527 4
4617 6
9323 1
1447 1
13815 2
15030 5
15210 10
782 3
4781 4
8215 10
7875 5
4845 7
15353 8
12472 9
16272 2
921 5
532 4
15083 5
6225 10
5929 1
9865 2
10536 3
14261 4
10594 6
16294 9
3033 6
14965 4
1637 4
6999 4
11515 8
4107 5
4209 6
4568 5
3792 10
15938 5
14554 10
10747 2
10118 6
3501 9
15211 10
9324 6
15998 7
4871 6
5766 9
8302 2
12403 1
8249 4
9664 1
10005 4
12535 6
14525 8
4734 4
4891 8
4847 10
15249 3
7338 3
201 6
6515 6
4618 5
10831 7
14054 2
15006 7
3026 3
5296 6
7638 4
1933 4
11281 4
15347 4
3892 9
4352 8
868 3
911 1
3244 9
11189 8
14321 5
13315 4
5611 4
1479 7
5820 9
12910 7
13349 2
419 5
1169 8
14533 3
10240 8
7233 5
8216 9
9950 9
12461 10
2674 8
2846 8
11558 1
2220 9
9143 1
13496 2
2044 7
3815 10
5943 1
12056 8
10687 6
5975 9
16267 6
92 2
15458 7
8017 10
4105 9
5131 3
7404 7
14581 6
1703 7
2292 9
4786 4
6235 2
6107 10
15596 4
12527 5
84 10
5189 10
9101 1
13406 4
13482 2
9178 3
12400 9
8910 3
16039 5
2605 1
5478 8
6559 6
11505 8
15792 7
8496 1
10972 9
13770 5
13820 7
3252 3
5204 2
7581 9
15612 2
6986 5
7562 10
4246 3
4686 1
1419 4
13310 4
14918 8
6732 9
10694 6
12550 2
14497 8
3503 6
15760 6
3178 8
9929 7
11696 8
12117 6
15417 5
3092 3
5379 2
10586 8
14508 10
13599 7
7569 7
11302 1
11852 2
1189 3
9745 9
10108 1
10812 8
12257 2
3818 10
9225 3
2530 3
10982 4
8392 10
14042 6
6850 1
8103 1
9582 3
13926 8
11168 1
11484 7
3496 7
826 4
7841 4
14212 3
3922 1
12297 6
650 8
6239 5
11789 2
13023 4
13358 3
5638 8
8156 2
2725 2
3743 7
15100 6
5014 7
11910 8
6850 10
8649 1
9236 9
14365 5
6110 9
2186 3
9193 7
3979 7
7057 8
6655 5
9490 10
15231 1
1093 3
5247 7
7458 5
6093 6
3649 3
12078 4
3688 8
15860 8
9341 6
8733 3
12137 8
3170 7
9559 8
10778 4
9592 5
11662 4
8760 5
6841 1
11930 1
10717 2
13577 7
5935 9
9796 6
8882 8
4641 2
10521 9
11123 4
53 3
10221 5
134 8
11857 5
16146 5
513 8
9266 2
7182 4
9331 10
1957 8
2346 1
802 1
7292 10
10853 5
1429 3
9634 5
14288 6
14646 8
4279 8
6315 1
4656 9
9023 8
5799 5
9454 2
5245 5
13904 4
14066 2
5868 2
15710 5
2851 4
7157 7
12072 10
10872 10
5893 10
7386 10
10536 10
16325 5
1285 8
5896 9
14669 3
11927 4
1625 4
14114 8
2357 8
3041 4
6997 8
2276 7
4664 4
14400 3
6980 1
6928 2
13474 5
3642 3
15823 5
13727 5
14757 4
14904 3
10130 5
11554 6
4616 4
6084 3
7516 7
10297 7
12083 2
10583 9
11754 8
1532 4
15474 8
15815 2
667 6
4128 7
10568 3
11507 6
1024 10
3314 7
4246 4
1135 5
5269 6
257 2
7969 7
634 3
3476 6
5448 6
6570 6
13695 5
15775 6
1996 6
6853 7
7631 5
8474 10
9176 8
10098 10
11447 9
8056 7
1382 4
1652 8
1535 3
7110 1
11936 7
15644 2
3062 6
4172 8
310 10
14193 2
15583 5
11713 9
13926 2
1855 10
3656 4
15157 9
12876 7
14769 6
14844 2
1900 4
6527 9
2319 5
14469 10
15637 1
15687 4
9826 2
6655 10
6973 4
9842 4
8024 9
12043 9
11645 2
15652 7
14319 9
7610 2
15096 5
1215 2
6569 4
8280 2
14999 4
12068 9
4134 10
11838 2
13196 7
8253 6
404 2
3684 7
13256 10
15729 6
2833 9
11006 4
3201 8
8157 2
9034 3
13894 4
12502 8
8738 10
11583 6
14580 9
15734 8
16173 8
1435 4
1510 1
12422 6
3790 4
12635 10
14224 8
12118 2
14696 9
15960 5
7885 7
13233 9
790 7
14005 4
15524 4
4704 6
16276 3
2634 1
4461 9
1963 2
5892 3
15533 9
2653 5
5693 6
6259 8
6809 1
14629 6
13676 1
5421 10
15598 4
1134 9
1559 2
4361 8
6290 2
11590 8
13124 3
9564 2
3648 4
14886 1
2060 7
4418 2
5914 7
6066 10
3153 3
16304 8
6634 3
7268 4
13055 2
13126 2
6748 10
6687 8
1602 10
2891 5
15626 1
925 8
3366 2
11306 7
13974 2
10820 3
14143 1
1778 8
3669 1
5631 9
3644 7
14713 10
1223 10
7716 4
8845 7
14444 5
14785 3
6013 2
16086 4
14837 7
6368 1
11212 3
16268 8
2470 1
2144 9
10551 1
11381 2
7580 1
8479 6
15649 6
1976 7
3554 6
14737 8
9342 10
15327 6
14001 6
496 3
5608 6
6799 1
14421 4
4429 4
6803 10
8 8
9641 9
4811 10
6694 5
10478 4
8733 9
11342 5
13347 6
14506 6
15367 10
6642 7
6487 3
1655 5
4279 10
6035 1
7791 6
14206 5
925 10
5136 3
6826 7
11138 7
9902 1
15046 9
16317 8
4716 8
13604 9
1576 8
16025 3
8914 6
11054 9
13520 1
2283 6
4226 7
1654 8
7165 2
14265 6
3471 10
12135 10
15226 6
1303 1
2596 1
2889 6
5521 7
8087 8
4462 3
11567 2
10340 5
13491 8
16154 2
3309 3
5802 1
14381 3
13424 3
7027 4
4134 4
4859 2
7162 6
12620 9
2874 9
15710 8
9297 10
1010 4
1451 10
1794 10
4338 9
8004 2
13322 6
10552 7
14431 10
4146 10
11707 3
1080 4
8469 8
10104 10
2974 9
3937 3
4854 9
5026 5
1704 4
4323 6
15874 1
15388 8
15482 1
4346 1
4733 8
9878 9
4034 7
14519 10
16197 5
10749 4
5766 7
7718 9
1928 6
6124 9
6211 9
6330 8
13154 4
15173 9
16263 6
1952 7
7250 2
11453 2
13914 10
5912 1
6451 7
14151 5
8005 2
10022 8
12202 7
14884 3
15167 5
4758 8
5250 6
10956 5
14511 3
14372 5
7921 9
9437 1
12248 1
4709 1
5183 4
6398 5
7808 2
2202 10
9371 2
6730 9
10509 8
13588 6
48 2
1331 7
3447 1
3795 10
12643 9
6585 10
9594 2
10242 10
11471 1
3271 10
5018 4
5961 10
2298 5
11850 1
8430 4
9467 3
13125 10
163 7
10114 1
4706 4
14881 4
4697 2
4776 5
5806 2
4096 1
3920 6
13663 8
8728 10
9443 4
15432 10
15823 9
10600 6
10409 2
14617 6
2122 5
15388 10
3194 9
14249 9
2734 9
5990 3
6700 1
10628 8
8003 2
5377 5
7898 2
11034 1
14215 8
14583 8
15378 5
3843 9
15634 10
12175 6
8524 8
14838 1
2947 6
6455 10
5594 6
9636 5
13156 8
5351 3
12814 6
3745 9
10423 1
13079 1
74 9
1687 1
3446 3
16113 9
3942 10
6551 4
10526 3
7593 10
9123 6
10570 5
5528 2
8644 3
1090 1
16362 5
2917 1
2314 8
6674 8
15523 7
1511 4
9284 9
14655 8
10598 1
14866 3
174 7
5252 3
12165 10
8942 7
9741 9
11497 2
5904 10
15588 2
10040 2
8073 6
8524 3
10736 9
98 8
6077 3
10545 7
14878 6
4235 9
226 2
10458 7
14170 1
429 9
11136 8
15471 2
8300 5
9287 10
10367 10
15189 8
15734 8
131 5
4983 4
6081 3
3483 10
11185 7
1268 2
13557 6
13473 8
3241 3
12328 6
4508 1
12477 2
812 7
3443 3
11012 5
336 10
2524 10
14618 4
8637 7
8814 8
350 4
2988 4
5067 10
4686 2
10607 8
13977 6
7039 4
15843 1
5362 9
2893 8
6359 2
6093 6
15631 3
9191 8
12228 9
12501 6
13801 6
1885 4
5550 9
7655 9
12156 5
14083 5
801 1
1096 8
5866 3
10677 1
2984 7
3601 2
11142 10
16264 10
3284 8
5537 5
10731 8
5163 7
202 8
14218 2
10453 7
13090 8
3093 9
10335 10
3972 5
14317 9
6978 10
13611 4
14 5
14834 6
2135 4
8679 5
10644 9
14005 6
2674 4
8126 6
13317 7
9922 5
4528 9
3386 5
10510 2
3219 6
8939 7
10899 7
12486 9
1752 3
6677 9
8536 8
7068 2
7534 2
9295 7
10804 6
11606 10
13418 10
3197 8
5988 6
12870 9
8012 8
8916 9
15130 3
5282 1
14899 1
14512 6
469 3
10575 1
9416 4
11249 8
6355 6
6561 2
298 9
3659 7
4147 6
1474 10
8753 1
12679 4
8156 1
9107 10
1038 2
3742 7
10223 8
14253 6
10845 8
13314 9
259 6
8297 2
5025 8
8252 3
10765 9
6156 3
2527 7
11194 1
15251 1
10760 7
12164 10
12796 7
15159 6
407 8
1894 10
3895 5
3581 9
8458 7
7821 2
1449 3
1405 8
4 10
2538 2
3091 4
11192 10
6270 9
1387 3
13675 1
8582 7
13634 7
14275 5
14405 4
308 4
2667 3
3316 7
3372 1
4682 2
13760 10
3680 9
15783 6
15954 2
6629 8
3476 1
16145 7
12457 1
11429 1
4283 3
5875 8
6399 6
6558 4
6207 9
2528 10
7575 3
9018 3
9316 6
15531 5
15973 10
5238 10
5915 7
8445 1
11510 7
1456 3
8628 9
8791 4
15246 3
1918 9
4717 8
14119 5
3388 1
12603 8
12869 9
5505 10
13793 4
14997 10
4377 9
5957 4
15085 6
14727 9
9242 2
7939 10
3222 6
4367 1
13501 5
10733 7
14727 3
8403 10
10172 2
12048 8
14035 4
15722 4
4323 6
135 1
7686 1
8116 4
12830 1
10879 8
14385 9
219 1
246 9
4858 5
13143 7
3093 9
5752 6
15330 5
1943 3
15068 1
11266 8
7543 1
8080 9
9460 6
11856 3
2139 1
5124 8
7153 1
3078 9
8092 2
4884 3
9052 4
13949 1
14679 5
1021 4
6563 3
2440 6
7328 9
7759 8
8480 9
9026 2
16379 4
1336 8
6551 7
3904 8
13948 6
6937 4
14149 7
14298 1
14820 8
15593 3
1648 5
1710 1
6820 2
10479 1
14466 8
2562 3
6447 6
9893 5
5109 5
12896 8
9192 5
4625 10
9308 6
10743 1
7966 5
13602 4
3876 4
16148 1
9010 7
4255 7
14065 8
3938 6
6063 9
7391 10
11554 7
12697 9
30 8
1571 3
4220 3
12427 10
2465 1
9555 6
3949 3
6201 9
5336 2
11175 7
9949 1
5429 2
1731 10
12437 10
13377 2
15730 5
4357 1
5752 6
5851 2
15665 10
5957 1
12373 9
785 8
5077 5
6927 4
15828 8
6453 9
785 7
11810 6
10286 4
8749 3
1101 10
12817 5
13163 2
38 3
12207 4
11505 7
2506 9
9151 3
8154 10
10721 6
11617 5
1523 1
15223 8
723 1
10689 2
12606 8
16094 9
1747 8
6213 1
11883 3
7446 6
684 3
2606 4
15771 9
14371 2
223 5
8548 1
7168 4
3434 5
4241 1
11478 6
15951 6
8531 7
7171 7
2986 10
3418 3
3511 4
5997 8
9940 6
6072 7
15243 5
2932 2
2511 3
10353 4
9860 4
7548 7
13668 9
5273 2
7761 7
4584 9
2669 9
8019 5
11988 5
15179 6
4089 3
14790 3
1928 2
15711 2
10610 4
7186 2
12402 2
16362 8
2328 3
4173 9
4682 3
229 4
12486 6
7174 5
9648 10
11190 1
12891 1
14714 10
4977 9
6657 1
10405 1
2330 7
4794 7
1434 9
15709 8
10045 3
10148 5
14183 2
9746 4
14065 5
7617 7
12285 1
8772 2
12591 5
11670 9
1554 3
11484 2
14016 4
3914 5
9516 2
16081 7
13851 1
1231 2
11952 7
10438 9
15263 2
2849 3
2928 4
3038 9
12512 3
12612 9
16256 1
11247 3
7997 2
1549 2
8108 9
8394 7
14150 1
14474 10
1347 8
5496 4
6086 6
6403 1
7895 9
7303 6
8409 1
15190 6
15881 10
2023 10
4925 1
1865 1
2146 4
5998 10
9559 5
2688 1
3885 8
4224 2
12767 10
5811 2
15224 10
5203 9
5872 7
6378 6
4621 6
15016 10
12792 7
8451 3
2706 9
8599 2
10046 5
12133 6
15739 7
15929 2
541 8
8532 2
1661 8
11579 10
3015 4
6289 9
6540 8
7816 1
14998 1
15347 2
2799 1
5825 9
2826 9
9776 3
11458 5
8174 10
14763 3
13006 7
335 4
9552 1
9703 2
10610 3
14578 4
15108 5
3598 2
11369 3
15902 3
6537 3
9818 9
11054 3
3571 3
4291 7
12418 4
3467 6
6352 1
8138 9
13910 5
314 4
322 7
3930 3
12960 9
7489 9
16327 4
10894 2
4921 5
2668 7
16025 1
11829 6
3942 10
7206 9
7686 10
5241 4
12102 9
14878 6
2991 10
4908 9
2597 4
14146 1
403 9
951 10
3220 8
3930 8
5820 1
6831 4
12393 5
12327 1
8889 8
2077 9
4544 3
3898 4
13163 5
66 9
6006 6
3151 9
7770 4
12987 4
1154 3
3782 8
7948 3
4241 1
14751 3
10949 2
5525 10
6723 1
13569 3
14394 3
7191 3
15973 7
5228 6
6897 10
5194 3
10246 3
9887 8
10830 4
1193 3
3008 5
3530 8
4267 2
15291 9
4232 6
13336 10
929 8
1922 1
2331 1
6820 1
3608 7
9456 1
2544 10
13772 1
14535 1
11953 5
12072 1
15903 8
5641 8
539 1
8982 4
4688 6
9801 4
7812 2
3726 10
15085 9
5230 8
5506 4
9484 2
14338 10
8466 2
15095 5
3328 6
14849 3
1611 7
13453 3
12303 9
6793 5
11902 1
10236 6
14190 6
12601 3
14967 2
16006 1
1039 10
5954 7
6534 9
11753 3
5151 7
2452 8
5387 4
4766 6
5008 2
13003 1
16169 10
4785 9
7944 4
8780 2
10746 8
740 6
4175 7
10531 6
14362 1
1704 3
4596 10
10109 4
726 1
316 2
12499 4
405 4
12634 2
8599 2
10456 8
1255 4
14792 9
16232 6
2828 2
9886 1
8070 4
15180 1
1926 9
6185 5
13931 4
6595 8
902 6
2999 5
7570 5
9400 5
9816 8
1416 9
9529 3
4412 4
11050 6
12333 3
14068 1
12396 1
13891 4
6154 7
4547 1
5308 3
15799 2
15802 8
9508 10
737 5
6819 8
6188 4
5366 9
10570 5
2665 9
7699 9
11349 2
2863 5
3563 3
6359 3
14871 6
15714 10
15309 4
15247 9
12602 2
14648 5
1068 8
2832 10
3635 8
6774 4
3905 6
7430 6
8110 10
13630 9
1698 4
2587 2
10623 6
34 2
12248 2
11305 4
14639 6
8129 9
10922 3
1650 9
10206 6
15743 1
11930 1
12002 6
6 6
551 2
4253 5
5225 7
3179 8
13437 6
10326 4
9294 3
12286 5
5450 9
193 8
6229 7
3106 7
12631 3
13274 6
15146 6
16275 9
2320 6
14764 9
12746 6
15153 4
1502 7
1858 1
4688 2
5576 6
10274 6
2791 6
4010 10
8880 2
11243 7
7780 9
12354 6
12750 9
15926 3
806 8
6518 9
4392 7
917 2
16265 4
11675 2
1216 1
2727 7
2073 8
7506 5
14000 9
9554 2
463 8
6702 2
8116 4
8448 6
9194 7
6035 1
16056 2
5331 5
10279 5
11948 7
10911 3
1230 1
5094 4
16344 6
7294 6
7705 10
16047 9
1528 3
13141 10
14054 10
8570 7
11749 4
15157 9
15818 7
2896 3
6744 6
6457 10
5748 8
3807 5
1481 9
7901 8
7597 2
4181 5
1713 5
4929 3
14981 5
5819 8
8083 7
9769 10
10244 4
13087 5
3899 4
2652 2
11193 7
8451 10
943 5
7416 10
12679 1
9072 9
16253 4
283 7
8011 5
3221 2
14475 3
8878 10
6623 1
7468 8
9686 3
11073 4
12057 7
14148 1
2177 9
3085 1
7157 3
10841 4
4240 8
13875 2
10146 1
14847 8
3512 6
5209 8
6656 1
9766 4
3655 9
12089 2
7954 8
13063 1
15544 2
2351 2
4564 9
7927 2
3235 6
2693 5
4239 5
5091 3
10413 4
13705 2
14268 2
6279 5
15674 8
8600 9
12423 2
5634 7
5228 2
12556 10
13487 4
4117 6
3093 9
6857 4
12040 9
4096 2
4733 4
3082 6
7914 2
13825 7
8798 7
10877 5
12171 3
3911 10
11603 3
7157 9
11623 9
3933 3
14388 6
9963 4
9460 6
1083 6
5515 6
4094 9
14856 2
208 3
4834 10
3224 8
13981 10
14775 10
5000 5
4339 5
5381 3
11775 2
12529 1
14152 1
8625 4
13946 6
11693 6
15508 5
2642 4
5665 1
8462 9
2380 8
3184 7
4634 3
4371 7
13680 10
9276 5
5 7
13333 2
1086 4
629 1
2105 6
2753 2
11179 2
13962 8
6254 8
12075 6
7423 5
10175 9
2190 6
4633 5
16160 10
6292 1
6891 4
10089 8
15345 1
6002 5
7605 8
6171 3
1876 2
8516 4
10004 1
11998 7
13251 6
448 2
5045 9
13654 8
7441 1
8135 4
13771 6
15845 7
14605 3
8879 4
94 5
3706 2
7151 3
14505 2
14384 9
10208 4
11188 10
14972 5
7992 8
5969 10
284 3
4893 1
9292 7
14819 1
6553 7
13753 1
2794 2
5491 3
13368 1
11852 4
15285 1
649 5
885 8
3600 10
12632 7
1304 10
3074 3
4354 9
827 1
19 5
4856 4
7850 10
9145 1
11914 7
487 3
9020 1
9852 2
11085 9
12912 6
4586 7
9717 10
14013 7
12887 5
363 1
3681 9
4354 5
14782 10
8833 6
8130 2
4507 2
5671 7
6149 8
8137 2
10392 5
12543 3
14246 5
565 6
2036 1
7915 10
4416 7
9073 7
12121 7
1068 7
5056 8
2792 7
11563 10
344 5
2132 10
2027 7
15079 5
3751 9
13175 7
5543 8
6230 9
4382 5
3133 2
4123 7
8438 5
5753 9
4359 9
10490 5
10688 5
11131 10
11157 3
11415 4
12451 8
6805 8
14460 3
9582 8
9404 5
1111 2
9424 2
11567 2
15728 10
5712 2
7762 1
7851 5
11676 7
14197 3
672 6
8126 8
788 10
5693 2
7198 7
15565 4
11022 4
10468 1
9288 6
13882 1
14294 1
8759 9
11202 1
8384 9
7599 10
11474 2
15372 1
6087 5
12711 4
15097 3
11073 1
10444 6
13393 6
15141 10
2558 9
8329 1
6326 2
14775 5
15053 8
15538 7
14242 7
7705 7
7626 8
13022 10
8408 9
11601 6
292 7
97 1
920 3
15631 8
8095 1
12141 4
15093 8
4947 4
2485 10
10320 2
11966 9
13417 8
12150 10
6901 2
7367 5
9917 4
14690 10
15243 2
11237 2
6636 1
418 1
7727 10
12349 6
15534 8
3813 2
6234 3
4363 6
12018 8
7893 8
2240 2
8140 1
9790 5
11815 7
8776 7
9071 6
9728 1
1569 9
1914 10
3107 1
8246 4
14703 6
5594 5
11804 3
12793 4
16107 10
455 1
7514 10
16011 3
3520 6
8349 1
7497 7
8382 5
13057 1
15195 5
3438 2
6347 3
13094 5
13773 2
1884 3
8113 6
15824 4
3336 8
14903 3
3470 10
8979 6
8958 10
13860 5
4142 3
9489 2
10309 1
2829 5
6303 8
16097 9
12056 8
5057 2
8384 2
1329 7
1999 1
9028 8
15588 8
9541 9
2367 5
5874 1
48 3
2653 9
9293 4
13256 5
2091 4
4382 10
4536 8
4593 3
3348 6
2791 1
14908 1
14439 10
4292 2
2390 8
8911 2
921 8
15213 5
12670 7
12897 3
15796 5
2020 4
6363 7
254 4
8599 2
9696 6
3012 10
5606 3
6169 9
7645 4
899 7
4021 2
639 5
9356 3
10579 1
10051 1
9215 3
3179 10
4399 9
9237 9
13140 4
5411 4
9436 4
15972 8
136 4
322 4
397 8
6630 1
5671 3
9511 2
13832 1
184 6
290 9
2010 1
8554 2
2705 5
6301 4
192 3
11929 2
9954 8
12838 1
8601 6
279 1
8178 9
10749 3
15118 5
6755 4
9029 9
12454 10
2486 2
3812 3
7239 7
8227 10
14151 1
14843 10
3606 4
3402 3
2638 5
12456 6
4985 1
9418 1
8893 1
10510 10
11820 8
15259 3
15816 2
8952 2
13911 4
16108 8
701 8
6316 4
6531 3
9745 3
12487 2
8694 9
1937 4
11742 1
8249 1
7149 4
12021 6
1203 10
2025 9
10954 9
5191 3
9059 8
11792 7
8657 6
12247 7
10902 6
13207 10
1286 5
1567 2
15176 4
10625 2
12678 2
12863 3
14252 2
181 1
16162 10
14049 6
291 4
13698 7
13776 2
6551 5
16233 1
4623 8
9056 10
12398 9
774 4
3165 8
9131 9
9831 1
16009 6
16193 5
1431 3
2794 4
5549 2
11467 4
971 1
5410 7
7364 9
14563 6
5881 5
9821 9
15984 5
2219 9
2408 8
6753 9
10272 3
3981 6
12413 10
12534 2
38 8
1291 5
579 3
11617 6
8829 5
10245 10
12413 2
15781 3
2430 2
5807 3
1125 6
10927 7
13324 1
334 7
5681 7
11756 9
4647 8
13886 5
16370 5
166 3
3037 4
4187 5
5040 3
6827 1
11336 5
9590 9
10234 6
10277 7
74 10
3357 8
13879 1
9826 4
12181 6
852 5
5182 4
5795 1
2303 8
7180 1
8312 5
16276 9
485 2
2675 7
4475 8
12504 7
14720 6
3874 1
3773 6
5172 1
13446 8
12515 8
3893 8
2090 5
11723 5
15624 3
9065 3
12707 1
2024 2
5865 8
7439 4
9976 6
2812 6
2063 5
6484 8
586 3
6642 5
13577 7
355 7
1112 6
2479 3
10987 5
12879 2
13828 10
4955 7
5152 1
6291 6
9254 6
13640 9
10289 1
4664 2
11006 3
13906 10
2275 5
11730 2
2364 8
5058 7
10080 7
8727 10
11359 2
2540 9
2450 5
7958 1
8781 10
9722 10
5843 7
9073 3
5298 9
14441 7
8644 5
14527 5
6009 10
869 2
11066 8
15925 3
10251 9
4185 2
6065 8
13618 2
16202 7
9623 5
13643 2
15581 10
15873 7
2009 3
11652 2
8043 5
2665 10
5429 2
14361 8
7416 8
1471 8
4827 10
13328 1
16329 4
12917 6
13452 8
7843 10
10434 10
11656 10
14152 10
16192 6
669 10
3904 4
12434 8
4721 6
7863 5
9734 6
10863 8
11465 1
15343 7
465 3
40 3
15130 7
7612 6
10246 9
15333 10
428 1
2559 5
3995 10
5542 10
12221 7
5040 4
616 3
15345 6
14171 9
14807 3
1490 1
1827 4
3872 2
12817 4
12747 8
4517 2
11070 10
10874 4
737 6
6316 7
13760 5
9430 1
7374 9
12905 8
8256 8
15118 4
2919 2
11678 6
9554 7
7753 4
9577 7
9591 7
10263 5
9944 10
15931 2
2813 7
3156 5
3235 3
9696 9
10321 4
9314 6
13413 4
15582 10
15863 7
2288 5
2939 5
5577 2
5058 9
8926 9
2917 8
11864 3
12974 8
2301 7
2619 9
5932 10
14996 1
7761 6
8122 9
9257 3
7233 10
11941 7
16374 6
4284 7
5814 8
1391 4
13719 8
635 7
13637 8
1177 7
2504 5
10355 6
1792 8
5904 10
8745 3
6548 9
2169 9
2111 10
3465 1
3491 8
39 7
8642 8
1052 5
10540 8
14861 1
13043 2
5867 6
3982 4
8953 2
12042 1
15555 8
6668 3
1166 4
13505 5
11920 8
15338 4
543 4
1978 8
2142 9
8412 9
14771 10
7467 1
11440 10
525 5
2518 8
13572 9
4319 4
5926 10
12184 5
1833 5
13736 2
16320 10
8640 2
7990 3
2343 2
2736 7
7097 4
15288 5
9706 9
13023 9
7797 1
3050 5
5040 8
2369 8
15379 1
3426 7
10213 7
10477 3
7043 3
8150 9
4595 9
9335 8
3288 4
5423 5
11543 4
204 2
1155 1
2708 10
6925 1
291 9
195 9
14639 3
11725 5
573 4
2918 6
5730 9
5547 9
2674 2
7407 10
7639 10
4011 4
4628 6
6216 8
10003 1
13763 4
12201 7
7378 3
13082 5
13105 3
14059 4
3909 8
5656 7
15654 6
2489 3
6033 1
14876 8
15927 3
4490 3
6816 7
7021 3
7029 9
13480 3
13575 5
9917 4
4433 1
15958 9
5468 6
695 2
11539 4
7928 8
11512 8
521 5
14764 2
7176 9
12002 5
14719 5
1530 1
1658 3
1743 2
511 6
14013 5
8045 5
5937 8
13507 4
550 7
7902 2
12498 4
13766 4
5077 3
11403 1
6161 1
14536 4
6858 6
8224 9
15458 7
11636 9
9644 4
16064 2
5728 5
14699 3
4603 2
8465 7
14018 5
8587 7
1690 9
9184 4
15202 5
6855 2
11741 2
15152 9
14488 7
2702 8
2452 5
10784 5
15952 8
7730 8
10808 9
12460 8
276 3
12674 10
14055 4
16204 7
7191 7
7378 7
10330 3
11882 6
15526 7
5956 5
5425 10
15637 6
12532 4
6943 4
7844 6
15761 6
1180 7
5059 3
14640 9
8568 3
14227 4
1423 3
5548 8
13803 10
8430 6
12139 4
4977 10
15316 8
6944 7
14922 9
12258 5
15188 6
16064 9
3937 1
4280 8
6141 9
9301 7
1349 2
11066 7
12698 5
13116 3
12891 7
8640 1
13745 3
13918 1
1369 2
4101 4
6949 5
2764 7
11478 6
7533 8
13900 8
16056 2
15042 10
8424 2
14257 7
12295 7
726 10
3088 9
4010 6
7159 9
2417 9
6432 2
14977 4
9691 4
7460 4
12951 6
1704 10
3136 5
3782 8
8352 2
11733 8
2254 7
10928 4
12346 7
16228 7
13848 5
11896 9
8637 4
12016 4
12971 6
13316 1
818 4
3109 1
10842 7
4912 6
6042 4
13586 5
14994 3
842 5
986 2
13042 6
7112 1
15265 8
1449 2
4397 1
6564 5
438 4
13589 3
11151 4
7715 6
10232 8
11089 4
11689 9
11751 9
6812 4
8517 8
554 1
4379 2
13451 1
1965 3
2049 7
4770 7
15891 2
14529 10
1347 10
8920 8
12254 6
0 4
11750 8
12389 9
15703 3
14008 3
1111 7
14499 8
12956 5
3671 6
7715 8
14939 10
16335 9
6948 2
3659 2
4615 10
6563 6
10279 8
8326 5
3633 5
337 10
8511 5
13391 10
12668 1
13290 2
3774 1
8231 5
11996 2
2567 4
5234 6
6684 4
8104 10
2518 1
13319 2
6240 7
15127 3
6110 9
10175 3
15138 2
12342 9
6190 8
6977 3
8856 10
7167 7
12849 5
13851 4
16354 4
2519 2
2647 10
14070 1
10533 6
9068 9
2814 9
2084 2
193 4
8642 8
164 1
14535 5
9545 3
5662 8
7904 5
13366 6
6358 10
8590 9
8018 7
12528 6
7214 1
620 10
3693 9
14576 10
4288 6
6412 1
5386 8
12134 3
4345 3
9721 7
11880 6
1844 4
3648 8
7059 7
12298 5
10456 5
15200 2
4168 5
16099 3
8040 9
9351 6
5794 9
14327 10
8248 1
7976 8
11762 9
12197 7
13591 4
15816 8
10182 4
6635 7
15283 8
8257 10
9249 10
15830 7
5510 9
10371 9
5428 5
7281 9
552 10
10752 3
12545 1
1846 1
2116 2
8855 4
2366 8
11183 9
12995 6
55 1
10267 1
1220 10
11427 3
10885 7
11518 3
1008 9
3991 5
5117 1
6579 4
10224 3
450 8
6970 9
13281 4
11906 9
7234 6
9830 1
14605 6
3786 10
5656 4
6206 5
6565 6
11731 9
9080 2
8681 6
11757 1
14205 1
235 7
2693 9
6556 10
2955 4
3552 5
5895 8
7973 4
14827 2
16159 3
2871 3
5986 4
682 2
3714 7
11042 9
9118 9
10263 6
11202 2
14350 9
3297 6
5398 2
11489 7
2480 9
3536 8
4931 4
442 6
13815 2
270 1
12282 10
7274 5
2384 4
5340 8
2531 10
4035 5
12181 3
8317 4
14220 1
6624 4
10311 9
4853 5
7219 5
2829 2
4297 3
3747 9
7195 1
15363 2
3039 4
8658 5
138 7
8434 2
10140 5
10857 5
2881 2
15049 10
15159 4
1745 6
826 1
6103 3
13625 7
7453 8
9695 3
15863 5
297 4
2569 8
2689 10
3185 9
3524 9
3836 2
11997 4
9055 5
6198 5
13031 1
10520 7
13932 10
7213 5
15806 1
4336 4
13090 4
2462 7
3610 9
5215 7
7511 7
3031 10
3958 8
93 5
12907 6
10835 3
11520 4
14045 6
2644 6
5431 9
161 6
11863 6
14646 7
14402 3
33 7
1003 5
15967 2
8703 9
1704 9
15848 1
11045 8
11367 3
2948 7
8686 3
8078 7
8055 10
8093 5
8371 9
12094 6
13265 6
2325 4
2592 2
4573 1
12086 10
12025 10
12392 1
15464 6
963 3
6649 2
12296 1
3872 6
1083 6
3384 5
9889 9
1754 10
8376 2
11181 3
9849 9
15778 10
11177 9
13831 9
866 10
7405 5
14918 9
15827 8
611 4
1533 3
2676 8
6079 4
885 5
11860 3
7341 8
13159 10
4858 7
7286 4
10305 7
9242 4
80 7
4020 4
4301 2
5301 5
4391 6
638 1
14470 3
8772 8
960 1
3898 4
4362 1
6014 10
6426 9
10340 9
489 9
16130 1
14017 1
4888 4
8634 10
8418 1
6784 5
7139 10
11290 8
13381 3
9179 1
7206 6
3650 9
2452 2
8115 6
827 9
3601 8
12208 3
10438 3
8040 4
11455 8
745 9
8461 2
11989 8
12275 10
5267 8
6151 6
372 4
9355 3
106 2
10479 6
11742 9
13644 1
2506 10
13890 8
9795 4
7092 7
7834 4
10019 8
6074 8
109 10
12540 5
4202 3
7507 8
10329 9
313 9
3477 9
1526 4
14809 7
974 1
8864 7
10070 3
11387 4
15 3
3865 10
4105 1
14029 8
5028 5
2356 7
14457 8
4181 7
5222 8
5874 9
9937 5
13240 6
9990 6
1724 1
2422 10
15535 5
6734 3
8346 6
2181 8
11581 9
5025 10
14588 3
2399 9
5050 3
6582 10
15267 10
6345 8
10531 3
11297 3
14728 7
4212 7
14339 1
15455 6
8587 5
11408 3
35 3
265 2
425 1
1967 2
3966 5
9498 8
10296 6
4716 5
7271 5
8205 7
11435 4
12356 2
15384 4
15949 4
15908 5
11563 8
8707 3
8187 5
3051 9
12437 2
16339 1
15321 5
6865 2
1081 7
2645 8
1117 10
12434 7
5277 10
7626 3
10483 4
14165 10
5737 6
12880 4
3184 1
16016 5
3474 6
2768 1
3707 9
4533 7
12130 3
4566 7
11751 2
7529 10
9749 5
12337 5
13293 2
5819 2
1690 4
2749 4
13179 3
11819 1
10038 4
12670 4
13750 9
1351 2
10700 8
1813 4
10632 5
11744 6
1744 10
2340 1
16154 3
744 7
12669 4
4792 6
3604 6
10466 8
1093 4
832 7
15603 4
4234 5
7539 6
3438 4
8301 1
8156 5
119 6
688 10
3185 5
203 6
2045 5
2307 7
3089 10
4208 9
896 4
10679 5
10807 8
13854 3
5198 9
5478 6
190 8
14866 6
3797 8
4914 4
6448 7
3888 8
13223 5
9981 5
1281 10
4655 6
9545 6
10382 7
11469 7
12625 5
4756 4
8404 10
1092 8
8157 10
11018 1
8175 9
12655 1
13364 1
1905 6
2099 6
8022 7
14195 7
15158 7
2650 4
774 3
6607 3
3754 9
10021 4
7547 6
15533 5
3881 2
6843 4
1097 10
9173 8
15174 5
4069 5
7272 5
9805 10
4935 9
16025 2
9285 4
15449 6
4424 1
6377 6
3532 10
7983 1
7967 3
2712 1
9652 5
11289 1
14755 8
3983 3
7248 5
12638 8
8497 2
8533 7
8737 9
13672 10
1046 2
7269 5
5374 9
7832 1
13130 4
10472 8
12740 3
4430 4
6670 1
10927 4
2681 6
10180 8
10799 10
4782 1
15944 2
9486 2
7211 5
7875 6
14664 4
1025 2
3910 10
4469 3
4920 2
15898 7
6058 6
3661 6
5987 1
7311 5
15119 4
16256 1
3577 7
10170 1
1330 4
510 6
10923 1
15071 4
6261 10
9028 3
9412 5
12855 10
1400 2
1694 7
13772 4
11253 10
1578 8
14110 3
78 3
4474 8
8279 2
1024 4
12592 4
2944 5
14569 1
15160 2
2773 3
6625 7
2281 10
3218 7
4001 3
7202 9
3023 4
10333 8
8602 8
10904 8
11508 7
10854 4
10980 9
11718 3
1338 2
3514 2
4258 7
6279 5
139 2
5528 6
10182 6
9931 1
7753 6
985 9
7310 6
11739 8
4656 8
15815 7
8079 10
1568 4
2963 5
4730 5
5106 6
7230 4
1683 3
4864 1
4195 3
1895 6
10870 5
1442 1
6026 2
10769 6
6681 1
8939 1
10606 6
4007 6
1164 4
15407 1
10363 1
5123 9
4734 4
8825 9
10628 6
13429 5
981 5
10553 8
2343 3
14189 2
10540 9
559 10
1141 9
8396 6
5340 7
9367 9
13130 6
11682 7
6813 10
12382 8
1530 3
10703 8
4330 6
3423 2
12973 10
9090 7
4847 7
7012 6
721 4
7566 2
3941 9
6408 6
14196 1
316 6
11538 4
13683 10
14572 2
8804 4
8525 7
7756 10
10049 7
13416 5
15557 3
4592 3
3770 10
12049 7
7705 9
10610 2
3663 10
3412 4
12594 1
6157 10
14202 1
1706 7
13462 8
15201 7
962 5
13739 4
11088 7
15607 10
15532 4
4645 8
10173 2
11184 3
5774 10
6191 9
7744 5
4206 9
107 3
9030 9
9373 5
11739 7
2250 4
6023 4
3994 2
12047 7
1734 2
6017 3
7556 3
494 7
2855 8
6958 6
10601 7
1685 6
8366 9
9263 8
16047 8
4229 8
9153 8
7333 4
8598 8
12063 8
15927 4
15449 10
10318 10
11113 1
16145 2
1725 8
3993 5
7653 1
12595 1
14268 3
15741 5
2175 8
3467 9
4443 3
3936 4
9935 7
12986 9
3995 7
14845 3
2675 7
14605 5
503 7
9833 7
7737 1
4380 3
7284 6
1854 9
12806 9
7467 2
10149 7
2898 2
3682 3
12201 3
7275 5
14366 10
15566 6
5730 8
9014 6
13432 6
14741 7
1442 5
11442 10
5688 7
1872 4
8285 6
12475 9
13453 4
14065 2
11641 10
10288 2
50 7
12199 1
12450 10
15841 8
935 3
5606 8
9735 9
6546 3
6578 6
11808 10
6561 10
7464 8
10706 2
2446 10
5606 7
11079 10
15342 9
14703 3
9204 2
11195 5
15828 7
4386 6
10691 1
13415 3
8973 5
11267 7
11412 2
2438 1
9576 5
8330 7
11935 1
4412 4
10830 2
4433 9
5911 8
9405 4
11029 6
15191 3
10966 1
3046 9
11294 4
11305 3
15885 2
49 10
8124 3
13277 5
3319 1
4070 6
10433 1
11641 10
2512 3
11679 2
12614 9
2696 8
3491 8
9427 7
13618 4
10290 2
15052 3
9504 2
2251 2
3412 2
15975 5
1883 5
9841 8
255 9
8944 7
4131 9
14634 3
4208 3
5609 1
5811 7
8715 3
12349 5
10648 5
266 8
3726 5
6926 9
14505 6
11948 6
13981 6
15169 4
15459 1
15741 4
4088 10
6316 3
16126 9
6636 8
11596 5
9899 8
15259 9
300 6
8542 2
5981 6
4892 2
7960 3
16303 2
2473 3
16303 6
3619 3
15598 6
6685 7
8573 2
1765 6
6338 10
3275 10
5471 5
321 4
9025 10
9273 3
10490 7
12761 6
413 10
3687 4
5445 9
7304 4
9864 9
12101 10
11230 1
4653 7
9188 6
13817 10
15301 3
2557 5
5859 4
12720 3
12627 9
3066 2
8507 9
13058 9
14931 2
1408 1
3459 7
15124 6
4136 10
13734 1
1001 10
10469 8
5941 7
8327 6
8698 5
5462 3
9432 9
12737 10
10000 9
12272 10
14424 8
762 4
2558 3
2730 7
6778 3
8921 6
1301 4
8446 10
8262 5
8478 8
11903 1
13751 4
13983 8
14202 2
14783 9
14951 6
1824 3
3506 1
4269 9
890 4
12969 9
14993 5
12126 3
511 4
7611 10
3761 4
7229 8
10186 2
10573 1
10113 3
15933 3
2802 7
6396 10
6503 3
2369 7
13256 4
744 2
13329 3
15309 6
2565 5
10729 4
8261 2
13785 10
10665 4
14237 9
15493 6
5236 10
13987 10
679 9
1763 10
5783 2
12500 10
13971 9
7538 5
7809 5
718 10
3900 3
12867 1
14837 9
14141 5
5560 10
12050 7
11574 9
7406 7
8016 8
10369 5
12113 1
9395 7
4289 6
10332 4
5081 2
12961 7
11128 4
3220 6
1055 3
2770 8
5660 8
7975 10
16090 9
7979 3
13003 2
2258 10
3176 8
10787 8
4410 3
3664 2
3336 9
8621 10
1701 8
1639 3
936 3
7844 9
8100 10
12095 2
16035 2
1533 2
3561 7
4771 5
12673 9
10868 10
14797 8
15063 3
9041 3
14959 2
3444 2
14931 6
11661 3
12292 7
12400 5
15648 8
2643 10
6402 10
502 6
751 1
14053 5
12250 8
12571 7
7884 8
4402 7
15599 10
10912 9
4738 10
6693 10
11448 6
14232 8
4089 1
13546 7
11961 7
5561 4
1148 1
8918 7
12099 1
11500 6
3860 10
3298 5
9781 5
12420 2
14132 2
2139 1
15476 6
9879 4
13896 4
14553 5
629 8
2125 4
5722 5
10335 10
4283 3
9892 1
1317 6
3566 2
6347 4
5860 5
2399 1
1408 6
11671 9
88 6
4984 9
4132 5
9357 7
9059 2
16015 8
931 3
7105 9
8109 3
7676 3
16370 10
5373 2
12916 4
10760 5
4428 7
4537 9
5974 1
4816 10
2743 7
8319 6
8466 10
883 3
4989 10
1233 9
7068 5
861 4
3010 10
9653 1
2929 2
16037 10
1187 5
8081 7
2671 6
7535 7
7690 5
8986 10
14618 2
13466 8
12793 8
9934 6
11220 4
13097 6
13898 9
2859 6
10949 2
10632 10
386 7
13997 2
6376 7
15621 3
6443 1
108 1
16172 7
13496 6
3034 1
6469 7
5937 9
8177 4
7410 4
5272 8
8670 2
13929 4
7134 9
16225 3
6210 8
13973 7
7391 8
1922 7
10026 10
10239 8
1069 6
1661 6
7662 3
7725 3
8895 7
14858 9
317 9
8908 5
556 2
6153 6
10432 8
12798 5
7155 3
1199 2
7167 7
13188 9
14921 3
1643 9
8080 7
4613 8
6202 9
8599 3
10012 6
1103 8
3552 8
6131 4
8685 2
15551 1
15077 3
13649 7
7771 10
13421 5
396 3
1680 3
4501 5
6342 10
2958 10
1861 1
2648 1
4661 4
12806 10
15496 9
11895 6
7795 9
14769 1
87 8
2113 2
3206 2
6600 4
2101 8
5946 5
14044 3
6571 5
5745 7
13832 10
2956 9
1235 10
9991 10
8733 7
8011 1
8967 4
9152 6
11368 3
11579 5
11890 1
6817 10
1617 2
5601 5
4200 1
7870 7
11598 1
13313 1
5936 4
8335 1
391 4
15134 3
12037 2
2012 4
10432 5
10442 5
4217 5
2909 1
11500 10
7514 2
8042 6
1802 3
9890 9
6620 1
10693 9
15562 1
7374 8
15295 6
6932 10
14111 9
1733 6
11399 8
15855 3
10734 2
11319 9
13122 10
15447 2
14934 7
2369 3
6284 7
8909 5
11109 6
12732 9
3419 10
81 6
4063 1
8616 3
14621 1
11250 5
703 7
9588 3
2196 10
11384 7
1763 10
561 7
15984 4
9243 8
4173 3
5745 7
5171 5
9222 9
9416 9
15548 6
1483 9
1959 3
11973 9
1281 3
11038 9
12863 7
8377 7
13101 2
16020 9
16027 3
1578 5
2376 7
2812 5
3298 4
3797 8
13580 2
5437 8
6711 6
7563 9
15569 9
139 4
1728 3
6639 6
2382 1
1076 2
8702 4
10466 5
14618 3
4313 1
12320 10
10133 4
8190 10
10233 3
13340 10
1722 10
4621 2
10866 4
3246 9
11392 5
13914 5
15480 3
3527 1
5084 7
6308 3
6429 3
15481 5
12908 2
8478 9
11205 7
6442 4
6788 7
14499 7
14906 9
3351 5
7228 5
8284 3
8190 5
10411 1
7347 7
11033 3
9256 7
1544 6
7154 10
15818 4
16002 10
8574 5
13757 6
10296 1
8535 10
8785 9
14519 5
15753 4
1057 7
2318 7
3819 5
13695 9
5293 10
5872 3
15458 4
7373 4
14821 8
9123 8
4001 9
1921 10
9609 2
15808 1
647 5
1597 6
14683 2
4068 8
2206 7
15347 1
5444 4
14010 6
10116 6
14958 3
1146 10
7706 4
8635 3
15514 10
758 3
5318 2
6077 8
6123 2
9370 10
14029 6
10630 5
7923 6
11454 8
1084 2
11319 7
13595 2
1543 6
8652 5
8799 5
7018 10
7127 8
15605 2
5583 2
8169 2
16054 10
16011 10
150 10
4564 9
7644 7
1675 2
9666 6
16328 4
1655 1
11150 6
8381 10
1842 9
5370 8
792 6
1692 2
9016 7
12919 6
364 5
568 3
1020 3
4145 2
2178 1
13682 9
393 10
6751 2
9371 9
13357 6
1349 2
1912 2
4660 1
6431 3
9362 3
5357 7
1494 8
3148 9
11724 7
13894 7
11284 6
14240 9
15173 3
1767 7
14227 4
7038 5
7570 4
8768 6
9531 9
2646 8
1526 6
4831 5
7441 8
7628 6
15795 7
2444 5
5844 10
11419 7
11330 7
10617 5
2968 4
3071 4
6194 6
10397 6
15718 7
5586 9
7589 9
12684 8
13930 9
1384 2
2044 2
3932 5
14141 10
14534 4
14584 7
1133 10
13714 8
11299 4
421 5
8407 1
10160 10
1218 4
6733 10
2910 5
7636 5
16266 9
6999 6
3488 8
4113 4
876 4
504 10
11289 2
5497 8
12990 8
16176 3
8220 6
13775 5
307 9
1672 7
2301 3
2049 7
9678 10
15876 7
14802 7
12434 5
13198 9
4144 2
9932 6
8419 1
11806 4
7881 4
8248 1
12340 5
14264 6
1235 2
4586 6
6436 3
14239 1
10411 7
16295 7
992 9
8825 5
12842 2
9984 1
5568 10
8908 1
418 7
3505 2
6668 1
15804 4
4161 7
10017 5
5911 8
12032 2
4883 7
6378 5
654 1
13318 7
2114 4
9539 7
13888 5
2782 2
5442 1
7116 4
10151 4
14504 8
7891 9
13654 8
374 6
16138 9
13815 6
12736 8
798 1
4411 5
7424 8
9702 5
7041 1
2083 3
8347 9
11806 5
493 8
6549 6
1888 3
13574 7
5601 5
9500 4
11736 4
15048 3
2014 10
6507 5
1416 8
14905 2
15940 2
5648 6
9796 1
13221 8
15138 4
4195 10
6637 2
16131 3
5207 4
8874 1
9334 8
6942 6
236 10
8248 3
3865 4
3366 4
803 9
830 1
13503 9
9915 5
3979 6
8185 4
9035 9
891 7
4330 9
13906 6
14184 5
7611 5
9990 8
606 10
2972 2
210 5
2504 7
12337 3
7730 8
786 10
1749 3
6385 3
10901 5
8512 8
12042 4
10920 8
2100 7
12343 6
3316 6
11642 7
2194 4
3344 7
9884 8
2611 9
7887 8
9466 10
10101 6
1136 6
7217 8
13770 7
76 9
10981 3
14775 8
1588 2
6297 1
16241 8
4559 9
9093 1
15795 9
1191 4
1823 1
10215 6
13484 4
15272 4
9348 10
2597 4
10 1
15171 8
16219 10
8100 9
8691 2
4436 1
6806 5
11627 5
11976 9
14502 9
1881 8
4870 10
10862 5
11476 6
9135 4
15662 3
5319 2
4174 1
7176 4
2925 7
13778 7
1679 9
3840 10
5615 3
5675 10
6178 9
8009 8
4220 4
9585 8
308 7
13685 2
4088 2
5656 7
8666 9
14119 6
1663 9
1962 6
4833 4
8610 4
2292 4
15860 3
11303 3
12255 7
1038 5
7316 8
3563 6
7918 1
10829 6
3146 5
14084 8
10190 1
4036 7
4443 5
15624 5
14669 5
7652 2
3367 8
6309 5
2949 10
7310 2
7146 1
11668 1
1417 1
7020 8
8980 8
8239 9
2795 5
2296 2
9192 9
9551 7
1794 7
2151 3
8492 6
627 2
9600 6
12618 10
8000 1
11854 1
14144 5
16169 1
1422 5
6640 1
2060 9
701 4
7651 9
12876 1
15581 6
1996 6
14927 6
14653 2
4950 5
3222 4
8936 4
14694 3
9836 10
7804 9
1189 10
15870 3
9723 5
15040 6
2305 3
4855 3
6630 10
15970 4
3561 4
11587 8
12677 1
12815 8
14327 4
927 3
5066 2
6099 8
15290 1
10077 4
11589 3
16065 4
1622 5
3559 6
4226 1
15554 5
446 6
3333 2
9515 3
13127 9
9191 3
15146 3
7720 3
8660 3
10831 10
15151 10
2809 2
6423 4
1379 7
12477 1
15666 1
2426 7
4743 8
8197 5
2020 1
9504 9
8082 10
1817 3
3865 3
3999 4
1923 6
16019 5
2459 7
706 1
1146 7
9017 4
15744 7
14884 6
15088 9
4763 7
16270 6
2518 4
9789 3
15137 2
4467 1
84 6
4668 4
9786 9
14573 1
15800 8
5787 9
5209 7
8327 10
3437 4
9917 8
12958 10
15000 6
12903 10
9084 5
10800 5
1480 6
1539 10
15920 8
3654 7
13706 7
15116 4
8774 7
14715 10
15618 6
9454 6
1443 6
11471 10
4975 1
16043 1
16117 1
2439 9
6322 4
6969 9
11269 8
4058 2
10920 6
5274 5
14897 9
15762 7
596 5
6699 4
4869 10
9083 9
643 5
1140 8
1664 8
3520 5
14119 3
14944 4
1771 3
14116 7
11307 8
12013 8
16003 10
16215 5
6399 9
3383 2
3410 8
10382 5
5812 3
10652 1
14142 1
3675 1
717 6
16338 7
15326 4
14285 2
2312 9
3617 2
6295 7
15359 8
105 7
8299 8
8330 9
2056 1
7075 7
5136 10
7793 6
180 10
4843 1
6614 3
7522 9
7639 3
11243 6
1770 9
2184 10
13784 5
14724 10
1203 7
15736 3
8094 5
9034 2
16183 5
2774 6
3843 3
1110 9
9219 1
15123 9
200 3
4185 1
9754 1
6229 3
5199 10
12546 1
1082 8
5580 6
6695 7
16129 8
8706 7
11779 3
13601 8
3230 5
3427 9
9765 5
5378 3
15547 1
713 5
2406 9
7009 5
3554 4
3008 6
14972 4
8726 10
13736 8
77 6
9263 8
7240 8
1606 10
1744 9
4312 4
3912 1
10491 8
16357 1
651 7
5326 10
14896 3
10581 9
12869 3
12585 2
13695 9
4363 5
1766 9
9888 2
2460 3
7220 7
5919 3
4205 3
9752 2
9832 10
14187 4
4679 6
4351 10
5554 9
4718 8
10036 3
11934 4
1312 6
1710 4
3241 3
10896 8
16095 6
9839 2
4956 5
5852 8
7075 10
7389 2
11864 5
14522 1
14324 3
7812 1
12172 2
13215 7
956 6
13700 8
8972 2
8081 5
10132 6
5212 8
6823 7
12757 6
4014 2
12335 1
6029 9
10820 5
12159 7
14217 10
2760 4
3873 8
4996 4
5775 3
1968 3
5619 7
405 3
10170 7
14216 1
5559 7
9461 6
12182 7
8837 2
10977 9
14061 8
338 1
13498 8
7901 10
11861 10
15753 3
10639 2
2779 8
7669 7
13215 5
14531 3
2164 4
3232 7
15953 8
11444 2
12038 4
14819 3
3428 6
7498 9
4290 10
9606 6
7598 6
7840 8
8159 8
4694 8
6511 3
10626 8
5400 8
12915 4
14245 3
5796 4
6733 4
12825 1
961 6
8492 8
8624 2
12354 4
12425 6
13161 10
16267 1
6327 5
6390 2
10750 8
14500 7
15180 9
15910 10
1050 3
14258 4
6612 2
14471 5
12005 10
2442 7
3638 5
4270 1
2632 3
11221 9
8583 10
8824 7
9396 5
9497 4
848 3
6399 3
4278 6
2767 1
3392 10
5728 7
6021 6
14276 6
7253 10
6275 4
10413 6
14136 5
5406 4
1191 3
6235 4
9301 9
11140 1
12858 1
2438 7
2284 5
11418 2
16352 10
11576 5
11719 5
722 7
2641 9
2777 5
6631 8
8899 1
7174 8
5154 1
9797 4
11187 3
1184 10
8844 5
6901 2
842 3
5479 9
8096 1
9711 9
9742 3
9952 6
4982 9
16164 4
11741 1
2876 8
7368 7
13642 9
16280 7
1289 10
1385 3
1648 10
2169 4
10766 3
10510 6
4405 10
12403 7
5399 5
6012 9
15296 4
7849 7
10524 10
13294 6
14010 7
5657 5
7345 5
602 1
3454 4
5222 3
3821 7
11025 6
14103 2
14354 1
15722 5
7258 6
15357 4
11814 8
8573 10
11614 2
5601 4
101 8
16057 7
83 7
10663 9
10908 8
14170 6
2566 5
6542 6
12650 9
9539 1
4111 6
6405 1
13248 5
8223 7
12934 5
15174 7
15385 2
4807 2
11886 8
6924 1
8545 1
2233 2
5623 8
4343 3
524 5
957 9
14063 4
11865 7
13704 3
250 9
1125 7
3448 5
15639 10
5978 9
9614 8
14196 4
16042 5
8166 10
15428 2
16078 6
2879 9
8463 6
11733 9
12725 2
13162 9
5713 8
11477 1
7267 6
6946 7
6192 3
8636 2
16324 3
15849 6
264 8
1787 5
4983 4
7659 2
2950 6
8569 8
9461 3
10960 10
14456 1
16111 6
4207 4
5308 10
1093 2
4181 10
10526 1
13888 2
12327 5
4592 2
6144 5
10970 8
11747 4
7811 9
2764 7
1844 10
45 10
11093 1
12452 10
13795 10
7618 10
9691 9
15482 7
10267 4
13702 3
378 9
6237 5
6309 7
13821 9
2868 8
4376 7
16283 6
924 7
1073 4
3196 2
6583 7
8529 8
9014 1
14675 9
10972 7
6318 10
7302 3
4390 6
11191 3
14434 8
15052 7
5218 4
13650 4
11665 7
8500 5
16071 7
12754 10
12135 9
4182 6
14459 5
8421 10
13878 1
988 2
12645 4
11358 4
13481 7
10252 3
16242 7
13360 5
13353 8
10972 9
12322 6
3121 10
5613 9
12266 9
3027 7
3572 9
9771 6
14463 3
14866 9
2404 2
3142 9
13987 2
10994 4
15844 6
6793 10
13527 3
15295 9
6040 3
1835 5
7399 9
12910 6
7599 10
16187 2
6239 9
780 7
15027 7
14785 8
10050 5
16200 6
2096 6
13064 6
13835 3
14616 4
7679 6
15177 10
15735 8
7294 2
11723 9
15099 7
11749 2
6423 1
8155 3
8593 1
59 7
9755 8
11003 10
15269 10
896 7
3481 8
3621 9
5980 5
15569 4
10445 5
5925 3
6796 7
10125 7
1889 1
2406 8
10824 3
11189 10
983 10
2019 9
7423 4
6993 5
1825 9
9715 6
14111 6
12733 7
10340 1
8116 3
10057 5
12164 4
1666 7
3368 7
3830 2
12638 4
9891 7
10586 7
7724 6
11447 6
15105 5
15352 9
46 7
15190 10
2498 5
9098 2
14680 10
6077 6
4829 4
2955 3
13667 7
11408 4
15644 3
546 5
1876 10
5365 4
5470 6
708 3
4428 3
6915 3
13312 6
8805 10
10191 1
10331 9
6610 1
1351 5
8339 10
9735 3
12669 6
1082 1
1682 6
3859 4
5250 5
11326 4
6653 5
10222 9
13299 8
11849 1
12919 2
9860 7
15862 10
15245 9
723 8
4881 10
11748 10
12315 6
14309 10
5664 8
13399 4
1462 4
6848 1
9718 6
2484 2
10318 7
12640 7
13776 8
15247 2
1231 9
6793 9
11190 8
1332 8
183 4
401 2
3802 10
3839 5
8396 8
1767 2
11006 10
838 10
3528 4
850 9
1808 3
8331 4
10587 4
11667 2
3655 3
10799 7
12433 5
12988 3
7869 2
3435 1
5271 5
5621 1
13415 7
7917 3
760 7
11555 5
15873 10
3531 3
6101 3
3448 2
4192 4
9359 2
7771 7
2857 10
5560 7
5825 2
12062 3
9982 1
7684 7
709 4
5583 9
9983 4
1843 3
13182 7
8293 2
12943 3
3187 10
7426 9
1851 4
9373 5
4598 8
666 2
6269 10
15257 4
12068 9
8926 8
10316 9
11685 7
14897 2
11324 3
12163 1
9730 8
14011 1
14843 4
9496 10
1284 9
2478 8
574 6
13604 2
14892 8
6880 10
16173 4
14511 10
12376 8
15244 10
16079 4
4430 10
9396 4
9604 1
9860 2
15146 6
4355 10
5013 5
6549 8
11413 2
16191 5
1851 1
3509 10
9097 8
10215 4
16359 7
2055 6
8386 9
15437 4
7015 2
5601 8
5239 9
9595 3
16142 8
3421 5
7522 6
12333 8
12290 4
12965 10
13724 10
84 2
3773 9
7062 10
7563 10
5598 9
547 8
8914 4
9178 7
10080 4
11571 4
12035 7
5857 4
4499 7
10107 4
2405 3
14800 7
1435 8
5860 10
5605 6
7930 7
13790 4
15755 5
12878 5
14116 4
1690 4
5780 3
15522 7
9922 6
15077 5
15635 1
121 9
1256 6
2527 10
11535 10
5873 10
8555 3
917 10
5386 5
2448 1
12505 5
9705 6
12233 9
15248 2
16042 5
7040 8
16220 1
8144 3
3542 9
3131 1
3464 7
13981 10
6585 4
7695 3
8462 2
10601 4
13916 8
4312 4
6654 10
7773 2
16097 7
1353 10
2318 6
3335 5
14502 8
14458 1
8536 9
14709 2
7680 10
8521 10
8998 9
13144 4
674 8
2314 4
3984 5
9197 7
3604 7
10103 9
15700 8
33 7
6832 2
7972 4
15922 4
1287 8
3100 9
5608 10
7340 10
7448 5
11468 5
8735 2
1442 8
2640 2
3522 10
13796 7
7131 6
7632 10
10864 10
11245 1
2208 4
3096 3
15341 2
8271 10
3484 4
16175 2
10854 9
14049 5
2016 6
2397 10
12216 10
14782 10
3055 6
14215 7
4338 9
16088 2
5951 4
10884 2
12020 2
13962 4
3733 3
1633 1
11942 8
9350 6
6952 7
16169 9
4132 4
12801 4
12350 3
7553 10
4510 9
12908 4
12301 3
3191 4
7807 5
13727 1
7960 9
10708 3
14318 9
3443 8
3540 6
6277 2
9116 3
8972 7
1045 9
5868 3
2732 6
7654 9
15011 2
2064 3
15483 3
2054 8
10442 4
1598 5
12347 1
7642 2
9697 7
12178 8
12525 10
3993 3
4596 7
8628 2
1106 4
9304 9
15144 3
4765 2
15288 8
10889 8
14611 2
6148 4
7065 8
7251 3
11314 8
11090 6
1490 9
1859 1
838 7
11178 9
3934 4
96 5
1221 1
3455 7
10637 2
7424 6
13230 5
3365 9
5719 10
13410 5
11988 3
9236 10
12689 2
12720 10
15739 4
5988 8
13366 6
6691 5
14595 4
15857 10
6826 5
5384 5
10478 8
7612 10
2840 8
6264 3
3128 3
5214 7
5863 7
1811 7
11442 2
12496 4
5176 4
15696 4
13986 1
12537 4
587 7
5080 5
5266 7
16181 1
4878 2
5920 6
12393 5
4313 8
5925 5
7429 5
3537 9
9418 4
11298 9
11719 6
13931 8
10446 2
13143 9
5149 7
15024 4
6780 4
11537 2
8459 1
14397 4
16262 3
698 5
7154 10
7498 3
10344 1
462 7
13851 8
10955 1
12239 10
6271 1
10971 6
15374 4
12114 5
14053 3
14695 2
10480 5
11757 2
14300 6
149 3
4119 2
7623 2
4860 4
14493 3
16268 1
2415 5
7883 7
8821 4
8948 5
9919 4
11602 3
14336 9
12674 3
3991 1
944 8
11379 5
7920 6
9359 8
12976 2
213 10
7417 7
4135 7
5137 1
13197 1
14482 2
6162 6
7085 4
5771 5
14028 4
9737 10
11967 4
15435 3
3311 7
4247 7
5824 8
15784 9
10508 7
5476 6
14269 10
5049 5
4448 7
7715 9
12053 8
15891 7
5945 3
8893 2
14098 6
4528 4
9149 8
10992 9
12089 9
13660 1
6729 10
6089 1
5941 8
15087 3
825 5
7794 9
2196 4
8616 8
7471 9
5923 2
14922 2
4763 7
13777 3
1690 2
3122 5
5144 5
10398 9
7466 2
6386 6
7840 5
7961 1
4339 4
7306 1
1461 9
7621 9
10711 2
14976 7
15414 6
5759 1
7879 5
12107 6
13167 6
14936 4
1161 10
1307 8
5517 2
6247 5
6894 9
555 7
14234 9
8707 4
8827 7
9017 10
9928 5
11899 2
16263 3
5767 7
12754 7
9291 6
14189 6
15485 2
3455 4
13052 4
13474 1
11138 8
14410 10
4241 7
15186 3
4250 2
10071 6
6463 2
8612 1
742 5
7549 2
11570 9
16206 8
115 7
11266 8
10487 5
11972 4
3554 9
3665 9
6541 5
12060 9
8892 4
3343 3
6235 9
12126 10
5321 3
11036 7
8603 9
15651 1
2938 7
4818 2
7376 3
10745 1
8095 2
9396 10
15755 9
1926 5
6576 3
16363 1
9908 6
4907 10
9624 7
12901 9
355 8
1710 2
2116 9
3126 4
5399 10
1035 10
10782 4
707 1
8835 2
16139 10
1437 8
11371 5
2928 3
13114 8
15864 8
4515 6
4425 5
13410 1
13344 6
14546 7
15291 5
16176 8
9511 5
1248 9
3550 3
4557 1
7520 7
7768 10
3422 1
10947 10
14293 6
5175 10
5258 1
8187 8
15597 2
3859 1
9938 9
15717 4
7818 1
15584 4
8353 8
9301 10
12274 8
1273 9
3024 3
3580 2
232 3
2377 10
3252 7
3202 4
9208 1
8903 3
8438 5
1350 10
1974 10
3881 10
1960 4
2466 6
7770 10
13863 3
12148 10
13238 10
156 1
7364 3
10570 5
15250 6
12491 10
10791 2
5854 3
6101 1
11193 6
4589 7
1431 8
5163 6
12876 1
13084 5
14925 2
8289 1
12994 8
1143 7
773 10
7565 6
5890 9
11492 7
8039 7
13278 8
5 1
933 1
3140 1
2760 4
3808 10
7608 10
5509 1
16096 7
4096 2
4706 8
5929 9
3173 10
14193 4
745 4
13587 4
11281 10
10933 5
1232 6
1426 6
4534 9
6324 8
9469 5
10170 10
14175 7
14785 10
8555 8
11264 4
3397 8
14637 3
7587 7
14868 7
2748 5
2513 3
14884 3
2862 2
6922 1
2702 2
9562 10
9589 10
6970 10
2784 10
713 9
11896 7
3953 4
11628 3
15814 7
5304 5
6399 6
1164 5
7846 10
11632 9
11960 10
16336 9
13116 4
9494 8
2351 6
7368 5
2747 10
11979 7
14835 5
70 7
5946 10
4051 4
8524 7
11679 8
15754 9
6106 1
5431 5
2592 1
3606 8
3840 7
4885 9
923 3
16214 9
13850 5
10568 6
4081 6
10459 6
4507 5
857 7
4816 6
8340 5
7606 3
9540 4
12376 1
15588 1
3974 5
4953 5
10533 4
1027 1
13095 5
8616 5
13903 2
3000 10
12657 9
274 1
10875 5
10014 10
2456 5
1039 1
10130 3
12675 3
1324 4
11758 1
6997 9
15879 6
11668 6
8611 2
16071 2
8340 10
13404 8
11703 2
9814 9
12419 2
4356 6
5249 8
6657 4
14018 8
5836 2
15547 1
834 5
6318 5
5464 5
977 8
16348 8
13332 9
5087 6
16150 2
2460 10
13643 8
1672 1
8737 2
8105 5
7817 2
15022 4
2744 8
7065 7
7297 9
7012 10
2554 5
8191 9
8250 10
11497 5
14495 3
6420 9
7413 4
6349 2
4852 1
4254 1
2664 9
16137 1
1940 4
3501 1
5700 9
1192 9
16307 6
13255 9
11640 3
13645 8
4202 8
4630 5
2607 8
271 2
7820 7
14923 9
98 4
5376 7
5549 4
7842 1
6310 1
8437 10
12726 1
12776 3
15138 4
15374 9
16252 4
12416 1
8547 5
4534 5
397 4
2563 8
1142 4
931 9
5943 10
3946 3
9544 6
11341 1
15064 3
15678 7
4777 7
7727 1
15836 7
12030 2
2080 8
2535 3
3812 4
3839 1
6313 3
6619 1
16200 1
282 10
11574 4
2937 1
4469 2
10513 1
4416 6
6304 3
6398 2
7647 9
10006 10
7185 8
7181 6
9359 6
14575 7
6846 4
3695 3
15439 10
9199 2
5026 2
15150 3
15349 10
10231 9
1450 4
10347 1
10450 5
13376 8
15543 7
1077 9
2635 6
5988 3
10177 3
2100 3
6864 9
11935 1
3941 2
8515 6
7959 5
3164 10
8490 2
9414 8
13136 7
15393 8
6659 8
8366 9
7478 3
10249 7
10562 5
10920 1
1744 2
15926 8
1778 10
10405 6
12875 5
15831 2
406 3
378 9
661 4
1494 10
1791 5
5823 6
6523 9
4223 7
12342 10
143 1
2317 9
9036 10
9517 7
10715 1
14341 2
3944 10
5569 4
7572 6
16162 10
13850 9
9053 1
868 10
1892 10
6761 2
1227 6
7376 3
8673 4
1051 4
2691 1
4360 9
7950 4
11478 6
11573 10
12175 7
7070 10
7712 1
14778 7
9181 1
390 9
4568 5
8543 9
7983 9
1111 1
9276 9
13927 1
13942 9
14834 8
15739 7
433 2
14475 9
5251 10
7449 8
7166 8
9096 2
818 6
13153 2
15029 1
5871 3
1610 2
13233 5
11765 3
12323 3
9761 1
72 3
9126 8
2373 4
2951 8
6342 3
6432 5
10737 3
9403 8
13286 9
13213 9
15775 1
13126 10
9935 5
13812 9
431 1
3985 5
14069 6
6498 3
14325 2
12433 8
9103 7
11041 2
1794 5
2954 4
15405 2
1414 8
4357 3
14242 8
14292 9
3997 6
6466 3
7309 1
1963 2
2935 8
13418 9
8981 5
1781 5
2562 4
12189 4
5290 2
14627 7
9274 6
12205 7
13633 6
15507 8
3117 10
6083 4
269 6
9478 1
5861 4
13128 7
15231 2
5061 1
10002 10
3841 7
2397 2
4918 7
9454 3
11577 10
14543 2
6387 8
3748 9
1265 10
8300 10
15408 10
9108 2
8962 3
13717 4
8622 8
2180 5
15323 3
9763 7
11105 5
11463 6
11702 8
523 2
7301 5
8785 9
3014 2
6297 4
6730 7
2001 7
4730 5
785 2
9907 8
15690 10
15976 8
874 2
16283 3
10055 7
1827 3
1823 2
8865 8
220 6
9891 4
4132 9
16082 3
13769 3
5669 1
8722 5
11118 4
16047 7
5091 7
37 4
5436 6
3848 7
3851 7
3703 10
4951 1
3032 3
8310 2
13454 10
58 8
2451 10
5539 9
971 7
8640 1
10369 8
14600 9
4972 3
15302 2
4914 10
14516 3
16268 4
2275 5
7283 6
7135 4
15614 9
8863 7
14964 8
10497 4
12981 9
6233 10
10913 6
14147 3
7296 10
11465 2
7930 10
6741 8
10077 2
8821 5
1138 1
4926 2
12741 7
171 9
15426 10
9709 7
10418 9
5091 10
9824 2
1932 1
12492 9
8652 1
12430 7
6926 8
13312 7
13818 4
1285 9
8984 6
532 10
9741 1
6947 7
7139 6
13127 5
8381 9
4301 9
9365 1
13111 4
13691 5
14338 3
4062 10
7058 1
14398 7
3339 9
9379 6
14122 1
407 5
3484 7
11553 4
6150 4
12993 4
13531 3
8724 1
11020 6
9496 9
1517 3
2703 8
13641 4
13929 4
3953 7
9429 3
12592 10
6507 6
11514 1
10718 6
2512 6
12166 3
12341 1
13012 1
482 4
6260 6
3610 6
8049 7
3021 9
9080 3
3406 2
7669 10
2619 4
4001 4
1719 2
11928 6
13100 10
14278 9
12773 2
4545 4
16033 4
1665 10
7675 10
8568 10
6975 4
13813 6
8191 2
10970 8
359 4
703 7
393 7
7380 10
7586 7
13474 3
5205 7
13197 3
15593 5
4570 8
7607 2
1933 2
9853 2
9472 2
14221 6
16068 3
13920 7
1941 5
15231 5
12579 4
12275 4
3817 3
5121 7
1708 7
2772 10
4542 9
6263 10
15792 8
5675 5
9895 1
10339 7
12649 5
16082 1
5021 7
3097 8
3649 3
10538 4
14044 6
15114 6
2808 9
3179 9
3247 1
6626 9
2684 2
14670 8
15023 8
9096 8
10463 7
12103 6
13405 6
14783 4
5119 10
6375 8
9044 9
2506 4
7007 9
14109 7
4050 5
11019 9
6138 4
10830 8
11475 1
3588 3
9311 3
11497 2
14730 8
9312 2
14830 9
1651 2
6305 2
13717 7
4383 2
7898 3
1882 9
3632 2
3713 9
16179 10
4522 1
2533 10
16180 8
823 7
3515 1
10292 3
8418 10
13823 7
16339 4
6653 6
15910 3
15081 3
5724 2
9990 5
4282 5
5259 4
9593 5
10507 2
10671 5
13036 8
14322 4
16282 10
3829 9
3938 1
6442 4
1973 6
12659 4
11799 1
12096 1
16326 5
14496 10
2493 1
1673 10
12319 7
14333 7
2792 2
11976 3
13202 9
58 8
2979 4
6852 6
14222 2
12336 4
15707 6
2595 9
5121 4
12722 10
11505 6
3514 8
8236 1
4144 3
6398 5
315 7
12476 4
7497 6
9992 5
12359 4
7650 9
10154 8
10865 8
9374 7
10751 1
11798 8
13257 4
16289 10
5605 4
5595 3
15285 10
7382 9
14799 1
2032 2
4127 4
13949 5
6207 2
12405 9
4423 5
4648 7
7149 1
12149 1
4277 10
8003 4
13939 9
11125 6
11063 3
16382 4
994 8
8774 4
12892 5
9731 7
12311 3
9113 8
13781 4
13079 6
8400 6
8649 10
10187 5
12092 2
2038 7
2591 3
5391 10
11331 9
4587 2
8361 10
8511 9
8715 9
11916 5
2467 8
7944 9
11041 6
11125 7
13721 9
13779 10
2675 2
3280 3
13994 5
4233 9
12300 7
11709 7
1006 10
1542 5
7474 9
15484 2
1332 1
8379 1
8541 2
11234 2
11763 10
4037 6
13765 2
9659 1
1894 3
7855 2
12204 5
15117 3
3877 6
6366 3
11525 9
11767 9
7619 5
2835 10
15065 9
1719 5
12784 1
14345 3
6868 2
12039 10
1785 6
11001 2
3980 2
7345 5
6712 10
14520 9
5469 9
12297 8
2669 7
13384 8
8812 6
15888 9
7552 9
10342 2
12926 9
14807 10
2238 2
8121 7
10476 7
12618 1
2412 10
6983 2
7514 1
1072 5
15314 10
1927 7
9362 1
8209 8
5010 7
11351 2
1267 2
5464 1
3403 5
4132 9
11904 1
3473 7
9691 4
10880 9
15422 10
16072 2
2247 9
5362 6
12986 3
15132 7
6964 1
9677 7
1930 10
5117 6
7704 2
10015 2
10936 5
2681 8
7671 1
463 5
9898 1
16334 4
9999 5
8049 7
10448 2
13841 3
24 5
15847 6
11713 1
12769 1
13111 6
977 10
2293 2
15584 9
7708 7
13021 3
14322 6
1740 9
5639 2
2583 3
6909 2
3273 2
15666 4
4532 8
8335 1
9953 9
8057 8
12741 9
13355 10
2040 8
15229 6
4332 6
10537 3
6137 6
8486 9
14323 3
9961 1
12832 8
15069 8
16097 10
4776 4
11043 3
10964 10
14757 10
12983 1
7935 6
14342 6
2151 7
16318 4
13584 4
243 3
13073 6
16159 5
4439 8
8799 4
13817 8
13786 10
15149 10
4692 10
12773 9
12935 5
8273 2
12904 4
10400 6
15779 10
14636 4
11500 4
15813 10
2045 5
7272 1
14437 2
3994 7
5881 9
12992 6
9582 5
10321 8
12737 2
13770 5
3522 9
6455 4
5736 8
9258 9
16250 10
8295 9
13482 1
783 8
7239 4
2991 9
14901 10
8183 6
9491 4
9730 6
10994 3
3668 1
3399 5
4534 5
10774 8
8657 1
11570 5
227 3
5465 4
8473 10
4547 5
11793 2
12868 3
556 5
13865 7
14156 6
15187 8
11623 7
9609 1
429 5
14741 6
10043 7
16308 4
6046 8
9530 6
9265 1
8808 9
7522 8
2520 7
7652 5
15587 7
6800 4
6631 5
10523 2
10033 7
13652 6
15414 5
6299 3
7709 1
2928 4
10449 3
3454 4
8354 6
4180 4
7129 10
5162 7
8776 10
9672 4
3186 5
4998 4
7352 9
28 4
9575 9
7168 6
3757 7
9270 5
13026 9
14781 4
5272 3
4430 1
12093 2
2047 4
8851 1
9356 2
14460 10
14529 6
3490 6
5087 1
7688 10
4929 9
6195 8
1857 4
11686 10
8373 10
14129 7
2561 8
3120 5
3279 4
741 9
7963 10
15003 10
9830 8
9856 2
12259 10
3727 2
14764 5
13653 5
5140 4
8980 8
7537 7
14397 10
394 6
9287 1
10256 2
10612 4
15674 5
4605 1
7047 10
12432 2
497 5
8323 4
8787 10
8082 3
13796 5
14394 4
7058 5
4492 6
5124 1
6702 9
13891 7
9218 8
9893 8
11992 1
9695 5
1483 6
1890 10
8690 4
3136 9
4149 4
15754 1
9650 5
14752 6
12018 10
6061 3
6224 3
7805 2
12170 5
16220 6
2772 8
8084 2
9999 2
11130 6
1697 4
1631 2
10472 7
13120 3
14328 7
4067 7
6344 4
16310 9
16047 2
9102 3
10356 3
12156 2
1105 1
2812 3
14349 3
6148 9
11229 10
14042 9
2030 4
10751 10
3492 1
11735 2
16135 10
2400 9
2434 9
6742 1
12523 9
5380 7
8526 6
15661 8
301 8
2937 4
4040 2
6686 4
10342 1
1798 6
11742 1
5309 3
5466 8
15479 10
3556 7
13869 6
8077 8
9330 4
1426 3
10397 6
7130 5
10521 2
10778 5
15726 2
7977 8
6675 4
8283 3
661 10
8189 4
11910 8
1711 7
9189 9
14764 4
3244 2
9679 9
16128 5
568 7
1225 7
11186 2
4563 10
15760 10
13547 2
8608 4
2825 5
12357 8
2401 1
1409 5
2502 10
2866 4
1424 3
5264 4
6624 1
9868 4
10991 1
14461 10
3864 1
1732 6
7584 2
15062 5
10285 10
6571 1
7386 7
6389 2
5381 9
10675 4
1428 10
3928 6
12670 3
5352 6
176 4
10956 2
228 1
3228 3
5408 7
1892 6
2798 10
4612 7
12541 9
10391 9
8089 3
14276 5
13091 10
15656 7
9011 9
7886 7
6633 8
6771 5
7274 6
13838 1
12267 7
13928 6
14244 9
942 6
14700 6
9508 8
9942 4
12482 7
14360 1
1817 5
4547 2
4621 4
6035 3
520 4
14256 7
15051 10
2082 2
14367 7
3846 2
1983 1
5018 2
2149 9
9201 5
14312 4
15821 4
2112 7
5663 4
7654 5
2036 4
9966 6
12071 10
4783 6
5203 1
13151 6
6303 3
15661 5
1212 5
9946 4
2152 4
14461 3
5270 6
331 9
7434 4
14166 6
1026 7
2596 10
15143 10
6699 10
2892 7
7642 7
14671 10
14430 8
13069 3
14022 2
4425 8
7356 8
4820 6
14566 2
5667 9
6838 7
16346 4
9650 1
3343 10
9976 7
12495 6
3714 3
4545 5
7874 7
10051 1
347 2
11812 10
6370 7
6241 7
7452 8
6766 1
5094 7
14589 10
12439 3
1223 3
10262 9
7899 9
15566 9
15989 8
14353 8
15270 6
14953 10
9057 2
9545 1
3093 9
1206 3
15731 5
10917 7
1624 7
1883 3
2579 5
2715 7
5615 2
2131 2
9463 1
7439 9
8414 3
10422 7
13019 8
1761 7
4342 1
13591 7
9487 5
16335 6
15155 7
9085 7
13774 8
8053 6
12397 8
7071 8
3345 5
989 4
5129 1
14159 9
11389 3
12605 9
15551 1
1616 7
6958 9
11477 3
13406 5
15043 9
3919 4
9951 7
10971 7
12598 7
1509 1
1236 5
9273 6
9377 8
10443 5
15520 8
15955 5
9416 6
1995 9
10630 9
10775 7
11188 6
11408 2
14957 6
15079 1
7783 3
12493 2
6875 2
10295 3
10004 4
14789 6
2247 7
7888 9
12612 7
10310 9
408 8
1373 7
14939 5
4076 7
523 1
10745 9
15444 4
7015 8
8703 7
5237 5
7519 10
6343 6
7161 2
12764 7
1105 8
10851 9
608 4
12228 7
1290 3
13164 3
3279 9
14968 3
13202 10
13267 4
4976 2
5934 10
9167 7
7194 5
1243 3
4779 4
4147 8
5634 7
10924 5
408 1
9375 10
14836 9
486 6
8369 7
11228 9
1733 8
11837 3
16176 4
8909 2
4796 4
16169 1
4125 3
6359 5
1470 7
5773 9
13619 9
2280 5
1473 9
10768 4
14842 3
13277 6
3380 1
11864 8
11617 1
9570 9
9051 1
4404 4
5189 4
1600 6
6482 7
3203 1
9822 10
12374 2
16147 8
13078 10
12218 6
368 7
15580 8
9132 6
79 9
642 3
1615 7
2076 6
12874 5
12120 7
9626 6
14873 10
753 4
3321 8
6647 9
7028 2
14869 3
10132 7
12981 3
1465 2
8070 10
9475 9
13435 1
14396 4
1119 9
6227 1
7052 10
1251 1
4755 2
15648 10
12545 2
3087 6
3098 7
10763 10
2522 5
4914 2
15166 1
1503 6
7585 3
930 4
9454 3
8350 6
1966 10
5212 10
30 5
12195 2
7464 1
4772 10
15993 5
641 1
1737 3
9293 7
1210 6
222 1
4356 10
10244 7
4667 7
5690 9
7643 6
8979 1
10542 1
10111 5
10347 2
2403 6
3578 3
6867 9
180 3
4945 4
11282 8
12850 7
16010 2
1232 1
4196 2
5518 10
2123 6
14334 7
14927 5
1629 7
14735 10
1887 7
2146 10
6185 3
3555 6
6005 5
7414 6
2851 10
3914 7
4060 1
11119 3
13607 10
15175 1
12762 9
3835 2
4428 6
15104 6
5390 10
9351 1
12085 3
1429 1
3476 6
5006 2
5931 7
7023 2
3319 9
2341 3
6131 2
11309 4
7968 1
8913 3
12339 2
13849 10
5628 4
3134 7
10104 9
7158 8
9657 10
5465 3
9287 4
3121 3
8766 10
7601 7
7756 10
1450 10
4862 1
14785 1
4052 3
4851 9
10296 5
11555 5
8938 3
16171 3
259 6
2696 5
3270 6
9808 7
4702 7
2831 6
3561 7
12834 1
151 9
2246 10
14687 6
15572 10
7983 6
12813 8
13663 1
8651 8
2738 2
7827 6
9875 10
5598 2
8141 9
12091 4
2757 7
9130 3
10449 7
15853 3
3361 10
9926 7
9007 7
9391 4
9794 2
14732 2
3051 6
12225 6
16066 10
11014 9
664 7
6920 10
10655 6
448 9
13155 3
9353 4
9656 7
4762 3
14529 6
11666 7
4452 2
9218 9
10454 8
12447 7
1287 2
4121 4
1185 3
11534 9
8353 8
6732 10
9761 5
2056 6
10488 2
8829 1
15168 2
16204 8
4433 2
9679 10
7968 10
8473 2
10999 2
14622 2
69 10
7802 9
15159 1
6988 4
6063 3
9688 6
10840 2
10771 2
13460 4
15216 10
819 2
4286 6
8923 7
5866 8
5526 8
8598 2
9289 2
945 7
6494 10
16337 9
8343 8
9824 6
10312 4
2673 2
3054 4
6976 3
5424 10
2870 3
8288 8
9949 1
15213 6
15346 10
15420 4
3311 4
3760 3
16342 3
9650 6
14083 3
324 8
7726 4
1302 8
9157 7
8394 6
11317 6
3062 9
11826 10
4500 2
10485 10
14255 7
1137 6
12315 7
14309 5
9077 1
12033 3
12990 7
14555 8
8031 10
11092 4
502 2
6090 1
3622 8
14609 8
14671 2
7022 8
8595 1
11769 7
12206 2
14160 6
10106 9
9627 10
2244 5
9039 3
12766 9
8375 9
11573 1
7122 1
8460 4
5523 8
12565 7
15444 6
3867 10
4755 2
7719 5
2393 1
11705 6
8262 8
13835 3
15851 1
2927 3
3302 4
4974 8
5787 5
7330 3
7619 9
14232 10
1675 9
12011 2
15749 4
15884 9
5300 5
7653 1
4773 3
10503 6
9008 7
16041 3
3063 5
14722 9
15959 6
6567 1
10603 7
7847 10
2236 5
8176 1
13905 10
5506 1
8881 3
2007 2
8834 3
14998 2
10484 3
10754 6
961 6
1043 9
9940 7
9643 2
10790 3
666 3
6108 7
6931 5
13731 7
2876 5
10036 10
8955 6
3401 5
4759 3
7270 3
14699 3
10265 1
10847 1
4167 2
1471 10
2525 6
4774 5
5785 7
6363 4
7943 10
7927 1
14788 3
6230 4
15720 1
8451 10
8266 8
8539 3
6825 7
9435 4
13518 7
54 2
284 1
5651 3
14240 5
6678 1
4349 3
15318 9
1994 10
2017 6
2528 4
5550 3
11928 6
8871 4
12401 9
7610 4
3512 9
9356 8
8020 4
15074 7
15426 6
1108 8
7208 4
11089 2
1702 1
15697 8
5717 4
4604 2
2104 4
10203 5
11846 5
11911 7
3942 9
7350 10
14899 6
5560 5
2922 1
3019 10
7200 8
3219 7
3989 8
4428 4
7864 8
517 7
12313 9
14716 6
10684 2
1112 9
6068 5
4938 5
4862 8
3105 1
14374 9
7350 3
12738 1
10999 6
3994 5
13907 8
71 3
10204 6
13747 7
505 5
8127 1
727 6
3570 3
4743 2
13796 10
8372 6
11224 6
15368 6
11610 9
82 8
13846 7
7270 1
7728 9
14347 2
7933 6
4209 5
13975 3
15343 7
1045 9
4708 10
6520 4
2053 3
13862 10
13687 10
4139 10
12006 8
6307 7
12978 6
13078 4
6179 10
10874 2
14810 3
1388 9
5872 5
12684 8
8058 7
8074 2
12220 10
12508 4
4331 6
5206 1
9671 5
5518 6
9488 2
13853 9
4518 8
4389 7
9960 5
891 9
4540 4
11632 3
13311 8
3405 6
11769 9
7148 3
10721 8
8309 6
12903 7
3108 9
6609 5
6640 6
1279 10
12656 8
2520 9
13408 1
7044 8
12033 7
10235 3
15500 1
1103 5
2905 7
9615 2
1719 3
9350 6
15339 5
5425 2
11317 1
14567 2
3248 10
12083 2
12712 3
14870 7
4077 2
1630 7
3408 5
15483 7
812 5
2490 2
10921 5
11338 2
15141 5
4198 7
6957 2
5817 8
4961 3
14833 3
9193 1
10174 8
4835 7
6338 10
684 3
5764 8
11284 10
12955 10
13192 4
1119 5
15135 8
3477 9
11352 1
15954 1
3780 6
8720 8
13828 2
1818 4
7470 1
11406 8
2248 5
3901 7
12676 10
11926 2
15467 4
5700 2
5783 6
10073 6
8666 2
5125 2
6875 2
6203 7
7797 4
6860 2
3449 5
4165 10
15232 3
16172 10
16274 7
460 4
6866 2
3588 1
9445 7
4305 1
9500 4
13849 3
2537 8
8455 5
12272 6
4862 8
8410 9
209 5
1860 8
14455 6
14803 4
15553 3
3470 1
4459 10
10816 3
898 3
1459 3
7461 8
1299 10
10382 1
6153 7
3213 2
5182 7
2173 6
13074 4
12744 2
13600 6
14498 1
939 4
1120 1
2841 1
7019 5
7385 1
420 6
671 3
1289 6
6902 8
16168 3
9868 7
9677 6
11372 9
4252 1
13798 8
889 7
1231 5
12948 8
13917 4
14677 9
16017 6
10934 2
3024 5
10552 3
752 4
1484 3
2379 10
5168 9
9137 6
4765 2
2225 5
13490 5
243 8
4530 3
5897 2
11550 9
7347 8
15163 2
6373 6
6752 4
6787 10
2973 4
13585 5
5234 1
15611 4
7195 7
15704 4
9698 6
15061 6
13624 7
15078 8
631 7
3700 6
6947 5
12258 8
9492 3
12699 4
6760 1
11452 2
7972 4
11636 4
12093 2
15596 4
5536 8
410 8
9122 4
10783 2
11996 8
12478 10
13928 9
7266 7
10389 6
9175 10
15564 8
11858 9
2583 3
6469 10
14256 5
15021 5
124 4
1790 4
3714 5
6831 9
16046 10
12994 4
3303 9
14837 6
3422 3
6756 7
14596 9
5567 7
12305 5
14115 2
1282 10
2275 5
2450 4
11579 6
11532 9
8928 4
9278 7
1899 5
3172 3
3420 4
5874 2
2172 5
3054 9
13467 1
15676 1
4346 7
10592 8
3729 2
15833 4
669 10
936 9
4791 6
5351 6
13035 7
10040 1
14062 7
14095 2
2558 2
0 5
2630 2
89 7
13720 2
5318 10
7953 10
4387 7
906 1
1302 2
11312 2
14401 6
5393 6
12323 2
14528 3
12591 3
15669 5
5944 4
13726 5
8867 1
933 3
1463 10
13948 4
3241 7
9812 6
10246 3
10289 2
4926 6
9418 1
13760 7
6182 5
9859 3
11006 10
1518 1
3979 2
8236 2
11854 4
15087 5
10688 9
335 7
13134 3
10391 1
15358 2
15430 7
16308 3
5767 4
189 4
9965 1
15496 2
4325 3
16366 8
7679 7
3883 2
11114 2
15493 6
638 7
639 3
2833 9
4959 2
6327 7
7199 9
7235 4
4631 6
3581 9
8698 6
11060 10
12842 7
13563 5
289 6
11633 1
2930 2
6501 8
13167 5
13839 5
14458 1
3975 5
12858 7
7389 6
10384 9
7126 5
2843 1
8 1
8896 6
9800 4
15805 7
9514 2
3100 6
822 8
1013 4
7160 5
2694 1
4399 5
10466 3
1581 8
5465 8
1585 8
13091 10
13492 2
201 9
914 4
2767 3
2295 3
2250 1
13163 8
9323 2
11898 10
12574 2
14565 2
11336 3
15382 2
11835 6
7767 7
8173 9
13289 8
7818 7
2697 9
6243 7
6604 2
11139 3
12678 1
722 8
3092 9
8326 7
9344 7
12506 1
13200 7
75 8
772 6
5998 1
10864 10
11381 3
10297 3
7893 6
5369 7
6620 5
1062 10
8208 4
12308 1
6666 3
9586 4
13533 1
13665 6
1941 8
2323 5
2790 3
4684 5
7224 10
1316 10
9753 8
10227 8
11704 10
12932 5
6827 7
1248 2
4727 4
13988 3
9743 10
6522 5
7823 8
3424 7
9215 1
15739 4
8487 6
12508 4
1216 1
6746 7
7987 7
12833 10
13842 10
231 1
2667 6
10329 1
10690 8
12845 4
15784 4
6339 8
9743 8
13098 7
15849 3
13080 2
139 1
6525 10
4482 2
4129 8
5787 10
13659 8
13881 9
15984 2
26 10
12718 3
10693 10
11745 9
8063 4
8063 4
14966 3
9441 8
13488 8
1405 1
1541 3
2134 3
4539 5
5352 2
2771 4
2896 2
10671 4
514 6
2817 5
12570 2
15584 6
12142 5
3449 5
883 6
2240 8
3378 1
4255 4
4095 3
10352 5
1604 2
8164 1
9279 5
13932 4
15909 4
14460 10
13234 1
14894 8
4155 7
2937 2
288 7
7914 10
6992 4
359 1
3481 10
6521 3
10595 4
8481 4
10394 7
11058 8
1620 9
12472 7
8900 8
2861 2
9834 4
10975 3
5524 10
5666 9
3018 3
6885 6
8769 9
13982 4
15686 5
11238 7
7987 2
12230 6
13103 5
720 5
2586 2
3002 9
4486 4
13828 6
11855 3
5543 7
8076 4
3917 8
3965 7
4844 10
2461 3
8075 4
9632 9
11566 6
8863 10
3128 9
3823 9
7862 8
10077 6
4497 5
7224 7
9089 4
13228 7
13798 1
3546 3
6108 10
6250 3
7285 10
13772 7
2068 7
14871 6
4302 1
10669 10
2769 10
4866 8
5056 1
5103 5
7379 7
12645 6
2735 9
6924 9
4851 3
15667 8
3214 5
7368 7
7515 5
687 6
10524 8
15065 10
6554 2
7480 10
14254 7
7850 3
12243 2
9475 7
11381 1
11928 9
12617 9
7016 7
3088 10
10344 6
2996 8
14468 10
2160 4
2494 4
3996 5
4685 6
5019 3
7855 2
5347 10
8916 8
15646 9
15694 1
5924 8
8190 9
4786 2
11094 1
2688 10
11251 5
4887 4
5901 4
9330 8
11721 1
5869 2
6856 8
4988 3
3897 10
10289 4
9364 6
963 3
1886 7
13362 4
9702 9
12264 9
12516 8
7873 3
16371 8
3081 10
6649 6
5191 9
13145 9
10274 6
15917 10
1500 9
2768 5
14530 4
3567 8
6501 7
5207 1
10286 6
1297 6
2626 2
6925 2
16043 10
10279 2
1762 5
6384 1
867 8
14386 8
7224 5
3694 1
9646 8
11215 1
12338 1
12549 8
3329 3
3785 1
13151 8
7500 5
9992 3
9787 1
4717 10
6555 4
7662 2
12394 3
7066 1
2039 10
9679 1
7534 1
4728 7
14671 5
16107 6
3912 4
11435 4
13494 2
1781 9
2822 2
4451 7
6738 8
4790 1
14227 2
10435 7
23 8
569 3
4364 10
7352 10
10264 8
7457 9
15336 4
13747 5
15029 7
9949 9
1137 7
9576 5
2994 4
5775 9
10686 4
10758 4
6799 1
8750 1
14307 6
5177 4
9551 5
1831 7
4850 1
5960 6
7189 10
5532 9
5391 4
330 10
1308 4
2961 9
3167 2
5676 5
7704 5
12340 3
8873 9
13725 5
8860 1
9109 6
1348 6
4186 4
12923 5
14339 8
13434 6
15853 7
4906 7
12959 6
14592 4
98 8
5163 9
15241 3
6957 9
7364 3
1699 3
6493 3
15630 3
379 10
3381 3
5941 1
2610 1
6999 10
3190 10
16227 1
1455 7
4289 8
12125 3
12341 3
15631 2
10818 8
2740 9
3607 9
6749 10
8932 8
16120 10
15539 10
12509 1
15521 6
7077 6
3269 3
240 10
9154 10
3003 6
15291 9
2173 8
14850 4
15917 4
1562 9
2032 4
7234 6
12499 4
2748 9
6922 4
7010 4
7571 3
4576 6
6722 2
1948 1
14405 6
2881 10
3295 3
6166 5
10530 5
2149 2
16121 10
12386 3
4736 6
11084 3
5085 1
12116 10
10945 1
1350 5
5573 4
11813 2
14696 1
1858 5
9281 3
14729 9
1870 8
4357 6
3690 8
11188 5
14525 5
1535 7
5146 6
11247 7
7811 7
1506 8
9061 5
10343 5
6222 8
7139 9
10253 7
1490 7
11231 9
15627 8
4493 2
4777 7
13374 1
11444 2
11213 6
15308 3
1252 9
1943 6
4532 10
5574 7
7322 3
3491 1
13147 9
5997 4
2215 2
14398 7
711 4
6460 1
626 10
9335 5
14695 8
4796 7
2368 4
6899 6
7059 8
13198 8
2579 8
3221 6
741 9
13603 5
5482 9
4296 1
7980 1
13977 10
9857 6
13270 3
5440 9
4333 6
15488 6
12793 7
10658 2
12646 4
16301 6
7001 9
11533 4
3431 7
80 6
7050 2
14725 8
1078 2
3614 5
10667 7
15702 2
9861 9
3721 4
6742 6
5267 10
5097 10
8142 10
12041 6
894 10
1540 6
2392 7
9585 5
15492 10
352 10
3488 4
16042 4
3026 8
15477 10
510 3
7041 4
6339 7
8230 2
12556 3
3661 4
13594 7
13394 1
2392 6
12042 2
14089 4
15313 3
457 4
2375 6
2872 9
6517 6
7051 2
4479 5
14772 7
10970 1
259 10
4142 5
6968 9
2955 10
14530 7
12652 2
6298 6
2613 5
5094 10
16157 10
7072 1
6602 3
4389 1
5942 5
8470 2
15608 10
7935 9
8514 9
600 5
4039 2
5348 1
9875 1
13555 3
5388 3
8132 10
9847 3
3855 6
4549 7
5410 4
7605 3
11580 4
9776 3
12603 7
11395 6
13894 10
14673 9
15529 7
3576 6
8971 2
12326 5
8182 8
8504 8
14911 3
15112 6
2784 7
13189 9
4147 4
612 1
13419 10
12019 4
13134 10
13836 10
14519 2
2712 1
3366 10
14899 2
9219 5
4403 8
12277 9
16347 3
2671 2
3117 6
3322 1
1834 7
13240 7
13288 5
4975 2
5366 3
7151 9
3349 9
11547 9
14741 2
5346 9
10780 1
15056 3
6524 9
1936 7
13916 8
607 4
6105 1
13821 4
13094 3
103 8
1534 5
2887 6
10601 6
5086 7
15139 7
848 1
6940 10
9223 5
9252 3
7567 3
147 10
2139 5
10246 3
9895 4
11385 7
15089 7
3816 9
6802 2
8924 8
13341 9
6905 1
7258 5
8274 10
15979 10
611 9
3257 10
3992 9
4337 4
7265 10
6835 2
13400 3
9846 4
9030 2
15433 8
1051 6
1111 3
6044 10
11988 4
5979 3
10736 7
14036 2
7522 8
8890 4
10041 5
13359 7
13500 9
13605 5
5554 7
13939 9
14942 8
2135 3
6627 3
11715 1
4819 1
9650 5
8856 5
12211 4
13159 10
2622 5
1105 4
11297 2
13798 10
635 1
2555 1
324 10
1090 6
11017 5
93 7
10676 6
13754 3
3392 5
4929 8
5424 4
6352 7
16217 1
8068 1
15815 7
14539 6
576 6
9283 2
7546 10
8404 9
16115 1
10677 6
8465 6
5451 2
4974 8
2265 9
1887 5
12738 7
1240 6
3959 1
4964 6
7416 2
8321 5
15489 8
5062 4
1156 3
2464 3
5518 5
888 10
11054 6
13457 8
16235 6
9894 4
10136 9
13392 7
1488 5
5153 9
13776 5
9970 2
10860 1
5018 8
9624 9
10226 5
2843 10
4389 6
4870 4
8276 10
14858 7
8049 9
128 7
12828 9
6556 6
6965 10
10076 8
6326 6
10399 2
14225 5
8978 2
14438 10
16077 7
10927 10
7265 9
1737 3
14568 9
13583 7
16236 5
7963 1
5656 10
1759 2
5592 9
5693 5
7373 4
10882 6
6398 2
3680 3
8674 4
16076 3
2552 9
7091 9
16156 10
8232 9
1713 5
6012 2
2195 8
11569 7
10584 5
10724 3
15100 2
8486 8
4824 5
5460 7
417 3
5930 5
8921 7
10153 1
11112 1
13942 2
3116 1
1340 1
8145 8
2085 8
2941 6
8550 6
9656 3
15229 3
15735 10
437 1
7834 6
5121 8
12633 6
406 10
665 4
941 9
2620 10
4625 3
2018 9
11199 3
15235 1
16151 6
1044 10
7447 4
2697 4
10710 2
11078 2
6393 5
13727 10
4407 2
11887 3
454 10
16379 1
4951 10
7670 8
7249 5
2110 8
5887 9
8945 8
10111 1
11587 3
12045 8
12383 3
2893 5
12982 7
1362 5
4148 8
14146 6
16359 9
7864 4
9257 3
4857 9
6411 7
6416 6
7401 10
7406 5
8085 9
12615 9
3399 4
10572 2
238 10
1027 6
2741 2
7770 2
12337 9
4353 4
7705 9
2987 10
9090 3
1345 1
3717 2
3234 8
11171 1
12056 3
15563 7
14073 6
298 8
9568 6
14313 5
2053 8
14979 7
6075 9
10661 8
15081 6
4425 7
13466 5
8386 2
3999 3
10245 4
13723 6
9140 7
12959 8
14596 4
14667 7
4459 8
6113 7
7480 5
2010 9
209 10
5993 2
6517 1
12680 8
5292 4
11610 8
12734 9
763 10
14673 3
1583 4
9440 4
8297 8
11170 10
14960 8
15573 5
2704 6
8452 6
16378 5
8952 5
8381 1
10358 7
10991 6
11094 1
5931 4
12040 7
12699 10
5440 2
9696 4
2147 9
2532 1
2878 3
3563 10
6047 3
1945 1
13250 7
11797 2
8901 3
538 1
622 4
2482 4
9000 7
10585 3
1706 7
15130 10
15900 4
831 3
4108 3
4524 5
4550 4
16314 9
4514 9
7248 7
3961 1
11620 2
5756 2
8541 3
9941 3
10326 1
12600 2
4744 8
4337 7
10110 3
8053 4
3860 7
11386 1
190 9
11736 3
5263 9
6602 2
7813 8
4525 10
16296 1
9789 9
4751 6
9404 10
1849 3
9459 3
6738 6
558 2
14042 9
208 6
10841 10
6673 5
2967 8
5932 6
5225 9
8412 4
12020 1
15059 3
16374 4
5702 1
6399 3
10617 5
180 8
15984 2
9529 5
5603 9
13838 4
10716 5
12597 4
13037 10
13511 6
13535 10
6771 10
578 8
8266 10
12454 4
15013 8
4952 7
15259 2
6784 9
12830 7
14895 3
15339 5
14956 10
1915 3
14676 2
5049 3
5370 2
8969 4
13778 7
3813 7
6481 5
6225 1
1811 6
9095 1
8804 5
13348 8
761 6
1662 6
10812 6
13203 6
7431 6
15291 6
13807 9
128 5
6589 8
9998 4
4814 9
3694 7
4104 1
10670 6
12459 5
4194 6
4351 4
11537 9
8942 6
2333 5
7542 7
11090 7
12350 5
9141 9
10641 6
13342 4
1733 5
4918 6
2643 9
7162 9
11217 4
11375 7
14681 8
4262 7
6492 4
1451 1
16155 2
6079 3
10936 7
3155 6
2207 10
5468 3
16245 2
1036 7
10558 6
7092 10
15846 4
14730 1
3177 7
9657 4
9964 8
11306 2
14288 9
13352 3
841 7
13592 7
2584 9
8135 2
14446 3
12688 3
2526 5
16012 9
21 5
11381 4
7188 5
745 5
3998 9
8178 9
3763 5
12747 4
14777 1
10285 7
12657 5
13168 1
808 6
3894 9
8864 3
10149 8
11582 4
12847 8
12861 1
13381 10
9871 3
12563 10
15898 5
13546 7
6574 9
13401 10
13565 6
14005 5
270 4
6684 1
8036 2
5187 3
6734 4
13766 5
7792 1
15718 8
4172 1
3822 3
10199 4
12041 6
9766 8
10649 10
468 10
9116 4
14988 5
16054 1
184 1
13798 3
14175 4
15919 10
1786 9
2129 5
7468 9
2409 7
15359 4
6623 1
8763 1
12021 10
9297 10
5611 7
9870 4
8628 4
10214 6
3501 5
2146 5
11933 8
11469 4
1160 5
1178 3
11522 3
8595 2
930 10
5296 1
9044 10
15657 10
5350 10
9819 5
2366 7
13039 7
1847 6
10015 10
10584 1
1584 10
4736 3
3507 6
15895 6
8805 2
9835 7
10565 3
4210 5
14420 9
3185 6
10181 5
11190 5
11674 3
12132 4
5347 7
7073 4
9767 5
4311 10
8571 4
12125 1
12827 5
8292 1
6211 5
11204 9
3105 8
7200 1
7446 3
7434 1
1237 7
9499 6
9852 9
3459 10
7097 1
10320 9
5837 9
6777 4
2308 8
12754 10
13590 6
13988 10
972 8
7705 10
14823 2
9597 3
12538 1
513 7
3162 4
4166 7
13923 7
8270 9
862 5
12239 8
15832 8
2875 2
6907 3
3679 3
10925 10
9040 10
10497 10
12112 9
15760 4
1743 8
3388 2
4404 9
6834 6
5236 10
2986 5
16056 7
8537 7
11513 4
6739 2
2019 1
4870 6
11373 10
13383 7
1886 7
5689 3
14275 4
147 2
14488 10
1655 2
3280 1
4890 1
7134 8
3165 4
13356 1
10298 2
2391 8
7201 10
6685 6
12479 4
12640 4
2404 5
15303 4
11007 8
13524 10
13756 1
1607 10
2197 3
8893 3
4670 5
1424 1
9611 9
16089 2
2620 7
11812 3
2341 5
12156 1
10288 6
2278 4
2507 3
7343 2
11471 4
10059 3
6388 7
10247 10
13117 8
7338 5
7959 8
11245 10
8984 7
9408 2
3588 6
3242 10
10487 2
3775 6
13327 3
2435 6
1985 2
5965 2
4008 2
14852 9
397 1
11055 7
13181 7
3913 9
7969 8
8215 10
5552 3
2706 5
6571 2
11170 3
6173 7
4735 8
4809 5
12251 2
12649 10
2719 1
4802 10
8378 4
12416 7
15703 8
10705 4
4837 6
2566 7
9774 3
9991 9
2737 5
12703 4
8251 9
14154 6
4971 5
899 10
9607 2
9869 4
10324 1
13529 5
15974 8
7613 10
8924 6
6146 5
10034 10
13320 9
10644 10
5691 3
2151 3
11411 9
549 6
5070 6
7830 2
183 5
304 1
8952 9
3103 7
3843 8
4007 8
8156 10
13559 2
8647 1
9885 3
10557 2
11152 4
15807 7
10815 8
9857 1
1397 9
12869 10
8172 10
13505 5
1652 7
441 10
5621 3
3001 10
16378 5
6297 5
5878 10
4061 4
6070 6
12275 6
11049 8
12326 3
5775 6
7279 2
4721 7
12259 2
15026 1
9326 5
1746 2
6833 2
15355 3
8344 1
11429 1
3391 8
10748 7
11275 8
15203 4
5508 7
11209 9
4254 2
13086 7
2153 5
3046 3
11338 10
12060 7
10786 2
14549 1
1667 8
2143 3
7864 3
8831 1
931 7
12997 6
5185 5
2800 5
4803 3
7405 3
11348 2
15124 8
2671 8
4989 2
7313 6
8895 9
9796 9
5339 6
14586 10
6546 2
10747 3
2701 5
15063 2
8711 1
15119 6
12476 7
5723 4
1863 1
14481 9
8876 1
9660 6
11654 8
12933 10
15188 10
7948 8
957 4
8980 4
13070 4
15131 6
2493 6
7678 1
14417 10
6482 4
8879 2
4904 2
10692 4
10683 6
2823 8
8588 8
15283 8
4019 9
8247 1
11799 2
15440 3
9454 1
10857 10
11058 6
12814 1
81 1
3721 9
4228 10
5877 5
7588 2
9299 7
9389 8
16281 2
1365 1
13952 8
16208 10
8776 1
8746 2
8362 4
5840 7
7833 9
10337 10
9675 7
13422 9
13848 5
8854 5
13760 10
980 4
6454 9
11927 6
5276 6
13242 5
6907 2
16119 7
1946 8
3707 7
8199 8
13959 6
14643 3
5507 5
12463 7
4295 9
9158 6
8558 8
10787 7
6601 9
7496 8
2706 1
12634 8
13408 5
7741 10
6887 5
14027 4
526 2
8497 6
4081 8
6671 3
7258 1
608 5
10439 5
15921 5
8999 2
12990 10
15525 2
6777 2
12495 1
11694 3
5066 7
13499 3
5501 3
4408 7
14841 1
9856 9
15705 8
4899 3
5037 4
8424 4
5542 10
2322 3
6282 3
8384 6
13400 3
6160 6
2113 9
3558 2
11208 4
989 7
8762 3
9948 6
14230 5
2276 7
4464 1
9269 4
6472 4
13827 3
3920 2
8913 8
9968 9
6615 5
2728 8
12640 4
5668 2
9885 4
14091 8
13452 8
12362 6
5109 10
6141 3
7990 6
13688 2
1185 9
15361 7
16360 5
6705 1
7750 2
9983 7
14520 6
13695 7
3644 4
5922 3
439 1
16276 6
4421 7
10603 7
7112 5
12502 8
10220 2
15602 1
10499 6
2340 3
10158 2
9713 10
11358 5
14444 8
3718 6
6735 10
9497 7
15274 3
14847 10
11937 7
14192 4
6161 1
12519 3
14796 6
9290 2
12712 9
15963 6
3608 7
3786 8
6564 7
11248 7
7212 4
5640 6
8618 4
3387 3
5578 10
12171 10
4618 3
10723 2
12493 8
14141 2
14811 4
16049 7
1181 5
7366 6
2564 10
2356 5
11417 10
9405 10
13850 3
13895 5
1388 4
2397 7
217 6
8169 5
3158 6
13516 3
6248 4
15746 8
16340 3
2931 6
13005 2
7850 4
9755 7
74 7
8759 10
12301 3
14249 10
978 9
1821 1
2807 4
3190 5
1878 8
2099 1
13391 4
12282 5
1250 5
12913 6
1384 8
12195 10
15906 7
214 1
3594 10
7187 5
8051 7
6140 10
9308 2
192 1
13646 9
7485 10
7336 6
619 10
6072 10
12914 2
10999 9
12512 6
1850 6
552 8
11513 7
10355 10
9321 8
5633 7
7064 1
5185 7
975 8
9726 4
10848 3
11158 3
3589 8
7319 7
11211 4
7496 9
5725 2
1448 1
2697 10
3287 2
7583 4
14511 1
3094 5
2768 5
12324 10
2054 7
2350 4
5968 6
6725 5
9271 1
10338 4
9973 10
15697 1
6403 8
4362 10
15060 9
15976 7
6319 4
10533 10
15694 4
5323 4
7387 1
7822 1
223 2
1316 8
12688 9
15164 4
15563 8
11902 3
5339 6
15233 2
5460 5
14245 5
1037 7
2879 6
10095 6
14933 6
2555 8
8704 2
1220 1
2310 1
7576 10
5156 2
14043 7
11200 2
13790 6
14233 6
7695 5
7700 10
11095 8
2867 7
9884 8
14372 10
404 9
2275 3
5429 4
1350 9
15188 6
13070 10
12391 8
4502 8
15023 4
1516 9
15899 2
2576 3
3999 5
4068 10
7947 8
9948 9
5439 8
11222 6
13524 2
8280 1
1262 6
3876 6
14045 4
15614 2
6184 6
12755 1
432 3
3817 8
7244 6
6528 2
9014 5
1090 5
14439 7
9427 1
13826 7
7441 9
10576 1
5615 3
5570 8
6366 7
8791 1
1698 7
2408 3
3847 8
7075 1
1396 7
5030 3
9124 7
7917 6
16155 8
2799 8
6709 5
15271 3
12676 4
14796 3
10261 4
11795 8
3697 4
7177 2
12069 6
5777 9
3665 1
12281 8
15886 2
7671 8
7941 8
9258 6
9918 5
11900 7
12070 1
13666 1
3564 1
1520 10
442 5
10715 4
7842 6
11409 3
11560 6
15482 7
2953 10
13040 6
12132 7
12966 6
13664 8
1343 2
6334 9
12053 10
11611 4
12146 4
2001 5
2963 6
13107 6
3091 6
4437 10
8760 3
12975 10
233 8
10384 5
16087 7
5734 8
14027 5
6215 3
679 10
129 10
3501 8
6073 3
4669 10
16227 2
2846 1
7801 10
14939 4
6663 6
9934 3
11694 5
11751 2
13031 4
200 2
1234 10
13180 8
10135 1
8575 6
8294 4
11700 6
4982 10
9945 4
15120 9
8824 5
2964 5
2192 7
9964 3
11177 7
9384 5
10266 5
3423 8
11513 10
3580 9
12692 1
9756 7
13743 4
16212 10
776 5
4900 8
7720 9
11139 7
7303 9
1766 4
3307 6
15739 6
15612 9
15462 10
13050 10
15028 6
1950 2
4433 10
10358 5
1983 2
11407 8
14139 10
4808 8
6014 3
7906 7
14950 10
11483 7
8877 8
388 9
10396 3
11124 2
14432 1
11887 4
14773 4
9030 10
7224 9
10155 2
4421 3
9600 7
13652 2
3123 6
3290 7
7981 6
3830 6
9043 1
12384 7
1154 6
5744 2
7846 10
15541 10
13224 10
11898 10
5395 8
13112 9
4078 8
11038 9
4527 2
5222 2
15416 3
7957 9
2472 8
4780 10
7227 2
11131 1
13874 5
10069 3
11067 2
13700 5
15040 10
819 1
1840 9
16261 1
9133 4
7398 7
5145 8
10796 9
224 5
8268 4
4831 6
588 1
930 5
11003 5
11446 9
2304 6
2341 8
14365 1
11261 9
7804 1
9947 6
2720 8
6168 4
13913 2
1837 6
14034 5
829 3
90 1
4091 5
7418 10
7761 9
8200 1
2483 6
1625 3
9572 4
14198 9
7075 5
2212 3
11678 2
4364 8
13718 7
8786 1
2373 2
12794 10
13007 10
7062 9
7079 2
8304 6
12235 2
9981 10
3993 1
15588 7
15774 8
5024 7
6712 3
9079 6
11275 3
7596 9
15507 10
15566 9
3549 5
8195 2
6530 5
3184 9
15199 5
12150 5
12253 1
14650 7
3334 7
6737 7
1730 9
1434 1
13413 10
14788 5
229 7
2789 3
13431 1
13744 6
4713 6
5782 4
2149 1
9959 7
15376 6
12735 4
15099 4
4162 7
1107 8
3873 1
5113 4
12841 4
6798 10
5192 5
567 8
1938 9
10178 5
12731 2
13550 1
7950 6
6957 7
14495 1
10398 8
11245 1
2504 10
14216 6
2471 5
8517 8
13507 2
1410 6
4484 3
5113 7
5231 5
7291 6
7582 8
4645 2
16171 5
11615 6
2607 8
6076 8
10788 10
10920 5
8799 3
12252 8
4233 10
5389 8
14335 9
163 1
5421 1
14128 2
14598 6
15545 6
6043 10
13601 3
11515 3
350 6
1039 3
7800 6
6639 10
4695 7
210 4
15932 9
170 4
2686 4
15230 1
13983 4
13460 10
15139 2
15877 2
14186 9
16143 10
13245 1
11638 1
16096 6
269 1
6921 10
10562 3
1819 4
6730 7
2626 9
4032 6
5750 9
8166 9
13139 5
8991 1
7264 10
4732 7
13572 4
4086 1
4358 3
5151 4
4527 9
15252 4
11795 5
357 6
3308 9
5015 7
12138 4
9443 9
15265 8
11069 5
3018 5
7428 1
2213 3
3358 6
14212 9
558 10
6183 8
7065 9
11546 8
5177 9
6958 1
5319 6
6628 9
8007 9
11914 6
15147 2
2033 2
12696 8
2108 4
5854 4
11703 6
12996 2
7146 9
8927 3
177 10
8212 4
16311 3
9067 4
12275 10
1380 6
9070 10
5642 5
5432 1
12153 5
7891 3
4837 7
8823 7
403 10
1528 5
3083 7
9447 7
1601 3
8767 5
9185 10
14630 1
16374 6
1636 8
2090 7
3898 8
5743 2
6142 4
4399 10
246 2
8925 6
57 10
784 8
4421 7
9298 10
4975 8
2167 5
7233 1
7785 10
265 7
8644 10
8840 1
7434 1
3317 9
10249 7
6414 1
8882 9
9966 5
11630 4
3240 6
5136 1
14695 2
1229 4
11652 6
9242 9
12781 4
7558 10
14328 8
12284 9
12284 10
156 8
6449 9
112 4
5974 7
14127 5
3634 10
9149 4
9931 3
13224 3
15850 2
5557 8
16243 5
870 10
12786 2
15914 7
1714 10
2848 8
7175 2
8304 4
4293 1
6376 1
4989 10
10308 5
5913 2
15689 10
5424 7
1059 5
1465 5
5654 9
11749 1
13018 4
8601 7
469 4
9045 9
2490 6
10762 10
11745 5
14323 4
5606 9
10808 9
12854 4
9442 4
13215 6
12565 2
3878 4
6069 9
6870 4
7170 6
8884 1
9958 7
168 3
1301 4
1722 4
4055 4
5883 10
5773 7
5865 2
12300 4
2147 9
2221 6
6328 9
1042 2
562 6
1217 3
1651 5
2065 2
15285 3
11058 3
1708 2
2711 7
11284 3
7215 2
4765 1
11689 3
16034 10
13075 3
15385 5
5425 7
3331 10
11611 3
2842 6
12707 9
4498 3
14354 8
7709 10
13824 9
3738 9
7055 5
7673 5
2721 6
6575 2
10053 2
2368 5
12437 5
12808 4
14878 4
582 5
13685 2
10689 4
1099 10
3165 4
5914 6
242 5
206 1
4187 4
2084 9
12071 5
12443 3
2650 10
11825 1
4270 3
5491 1
5421 7
6232 1
2148 2
9809 1
9837 3
1059 5
3077 2
4266 7
4306 1
6052 6
6916 1
1111 2
5360 8
12441 3
2067 3
15432 9
15649 9
7338 10
4165 9
15931 7
454 10
3702 3
1910 3
5610 4
14973 6
88 7
6510 7
15943 5
7010 6
12397 6
12673 7
1944 8
2567 4
3725 1
4971 3
5250 1
10429 8
9745 7
15630 9
4242 4
11705 2
677 6
7969 10
7017 10
6961 3
3851 5
4263 6
8200 6
9050 10
8861 6
12641 4
15407 8
1353 2
4789 9
4985 1
15161 2
3716 3
8899 2
12388 1
13627 3
4796 5
4624 7
15429 4
1654 10
8006 5
9427 5
14133 6
15396 10
4515 5
4783 4
1823 5
9552 2
3297 4
3810 9
12282 1
1338 2
2985 8
4618 10
11188 8
11347 9
9737 6
10309 3
6909 7
6173 10
11300 10
13826 3
15685 7
7638 1
816 4
9748 8
5699 9
4072 9
9735 9
10082 9
14760 1
15256 6
7958 4
2803 4
2107 6
5522 7
2860 10
7236 2
8929 9
5471 8
10272 7
10990 6
11419 10
11646 5
11721 4
1708 7
1898 10
5486 8
5795 3
7035 9
195 1
809 4
9136 2
7606 2
9876 5
12042 10
1405 10
2639 7
7546 6
10357 2
11168 3
16023 6
750 5
12052 4
5287 8
9665 10
16252 5
1408 1
3236 7
6751 6
7164 7
5955 4
613 4
9491 5
8166 6
12034 1
14379 7
2667 9
7366 10
12718 3
6984 2
11316 2
3945 4
684 7
8484 8
10207 7
11529 5
11990 4
12722 7
4816 2
6300 3
6768 5
15709 4
13650 2
6861 8
5610 3
9785 10
12360 3
751 9
8140 2
13673 8
16341 3
476 8
935 10
5455 8
2020 8
10997 3
5843 9
10178 4
2397 6
2755 9
11623 7
12286 6
4488 1
7836 10
7943 2
14030 4
6273 3
13298 1
16226 2
6826 10
621 10
3917 1
8697 9
9729 2
9835 9
14154 2
164 9
4754 6
9312 4
6465 6
4629 10
10228 1
4497 4
6361 3
4081 5
14587 2
1783 7
2377 8
12528 10
15853 9
2868 4
10785 10
10050 6
10868 5
2049 10
2817 9
3363 10
7403 9
14171 5
13314 4
7338 8
68 6
6287 2
10583 4
6848 6
3187 4
13939 5
8736 5
12155 6
487 7
6926 9
9976 8
12377 1
13925 4
8071 4
10926 8
3994 8
10596 2
15699 1
4437 6
8879 1
9409 5
3298 3
15186 10
15342 1
1609 1
6140 10
8467 8
6446 6
11467 5
14934 10
1862 10
4815 6
5001 2
30 2
14770 2
501 8
16312 1
16115 7
955 6
4736 10
7825 9
8180 8
15374 2
2951 9
9583 5
9097 2
9635 9
9747 4
12701 4
13094 4
8057 6
9626 8
2840 10
6467 1
2550 5
8525 9
1111 3
2311 7
10156 5
14390 4
9097 1
8804 9
11548 8
15538 5
173 6
773 5
5419 8
6768 8
1769 1
2107 8
4965 2
325 10
8910 8
9786 5
10007 2
15795 4
3344 5
7719 2
2417 10
12490 2
1482 4
2242 8
4110 1
14531 1
1294 1
6220 3
2301 3
3230 1
7470 6
7524 8
11267 4
9483 2
3534 4
4066 1
5072 10
9739 5
6452 7
13991 8
9622 7
10570 3
12059 7
14689 7
2315 2
5621 6
12173 3
11662 4
11322 7
14120 10
15872 1
2910 9
3920 10
14506 2
15402 4
14758 9
1857 5
6792 1
13454 5
3266 10
14094 4
15647 10
4338 9
5383 7
6009 7
7271 2
8300 6
12508 3
16210 9
2319 4
2868 5
1177 7
15129 6
13081 4
9094 7
9819 10
11338 4
14335 8
2919 5
2788 8
10699 7
15515 6
14488 6
1861 5
3574 10
4911 5
7557 5
128 4
15494 1
4939 2
9089 7
9297 7
12937 3
1052 2
12235 7
4696 10
8976 7
15416 2
2038 3
12483 3
5895 4
14968 1
15553 9
952 2
4578 9
6509 8
11176 7
2915 5
4883 6
12927 7
13567 8
15115 10
12455 5
14727 10
12357 8
8145 8
9251 8
47 8
1906 2
13758 2
2865 1
9259 7
10903 5
12628 8
4236 6
5500 10
6073 10
14276 7
15756 6
15654 5
972 5
10708 4
5403 10
7334 9
11170 9
9822 9
12276 10
4237 8
4695 3
171 2
5425 9
10201 6
2052 4
2113 8
8868 3
4190 6
6099 2
15611 6
11980 7
14445 1
12831 10
4679 3
10765 2
3620 10
7187 5
7801 9
15265 7
5806 4
9712 6
10188 6
14932 1
7450 8
10646 3
14803 5
9498 1
504 7
1393 3
4031 5
11818 2
2896 8
5629 9
8141 9
14453 10
15804 9
10495 2
10986 4
9133 9
2794 7
7719 6
4754 10
6580 2
8839 5
7040 4
10909 2
13336 10
15685 1
1032 4
7182 8
4501 6
8395 8
274 8
13741 2
11506 6
15468 9
3222 4
14095 6
11248 9
12090 8
15584 10
8707 10
1086 10
2611 4
2800 4
9833 2
15897 9
15956 5
2226 1
2705 1
12897 8
15439 10
7608 10
14211 9
135 5
2944 6
10148 7
13079 2
4215 7
8688 3
10130 3
1382 2
5342 2
14182 5
14409 9
15774 10
16383 10
239 9
2232 3
3325 4
7691 7
283 3
6885 3
6876 8
429 6
5188 7
7296 7
9963 9
6264 7
8487 9
13887 2
16028 3
2717 9
4095 2
7860 6
12907 2
278 3
15821 7
10301 9
1226 4
6252 1
1549 3
4896 6
14909 6
12661 8
4786 1
11270 1
12963 6
2983 3
13735 2
10129 7
7555 8
10275 7
892 10
2060 8
1714 4
6944 7
6103 2
10041 2
15146 6
12345 5
1839 10
6727 8
6963 2
6312 4
3756 10
1965 9
12273 1
2502 8
4800 6
4107 8
7271 7
12470 6
4401 3
10444 9
4779 8
2273 1
6192 2
7408 10
6710 7
16166 9
15630 6
15784 8
1482 1
6901 8
7608 9
15234 5
12816 7
4191 5
13855 5
1161 10
8253 7
10802 10
914 8
11520 3
15156 4
3150 2
4556 10
10114 6
9677 8
9505 6
7969 3
2067 9
12956 2
9779 2
9229 1
3199 6
3313 5
9909 5
12094 2
14156 10
3047 5
716 2
9982 6
8206 3
7804 2
16115 9
6262 6
7330 2
147 6
5163 8
245 6
3423 2
13112 6
5680 8
7728 9
8737 4
4128 6
13973 9
3113 3
8561 1
4690 1
2571 7
8887 2
8623 1
10553 2
15737 8
6413 1
7543 1
9326 8
14247 6
15355 2
6350 4
4949 1
16053 8
2230 10
12868 8
15523 2
1501 8
3128 7
3223 6
3416 2
6747 8
7710 5
14802 1
1402 10
4159 8
12917 4
11924 9
12739 3
14754 7
2136 6
6562 1
6943 1
11525 3
10734 7
13387 7
14604 7
62 3
1693 2
830 3
2385 2
9150 4
14532 8
8677 8
8182 6
3976 9
10715 2
2865 1
2444 9
13621 7
15177 8
3539 3
3934 1
4623 3
10567 8
1206 5
9619 8
5168 5
296 2
15137 8
11871 2
10763 6
11104 4
14353 3
15027 10
7089 2
10662 8
15950 1
332 2
14310 1
12862 4
7603 3
10867 3
7683 8
9659 7
6641 4
9692 9
12723 2
9851 3
13263 2
8564 2
9270 5
13888 10
1342 4
11702 2
2330 8
9864 7
11179 5
4665 9
6699 9
2399 7
8298 8
843 5
13153 8
13166 2
3727 7
3716 9
4339 7
5749 6
6025 5
6353 10
13120 8
3181 2
14182 3
15867 10
8543 1
4748 1
10755 7
12305 9
13864 5
1117 9
4489 8
1991 1
8893 4
16275 6
585 10
15046 10
10052 4
11585 7
11800 4
4059 2
5955 2
8556 2
10454 2
1397 5
2286 2
13752 3
15996 10
3134 1
5882 8
11965 3
10948 10
4947 4
5093 4
11426 2
9716 10
6695 2
9073 1
10975 8
12985 3
7770 10
7169 3
13096 7
9273 1
14279 3
9584 9
15970 9
7549 8
10430 2
12017 5
268 3
15018 2
14273 3
4811 3
6630 7
6646 10
7013 7
12953 5
10027 2
10695 1
11251 5
728 10
8246 4
14382 2
15516 6
4971 8
1460 7
12580 1
4618 7
10123 5
6618 10
1807 5
7539 10
7331 2
14852 6
14443 6
15265 1
1682 7
3223 1
6235 2
13911 3
7407 5
9295 8
14282 5
15654 10
51 10
1588 2
8362 6
1190 5
11352 2
12358 1
14819 2
14981 5
669 4
9194 9
13 8
854 6
10672 10
10053 8
317 7
11888 2
555 6
16356 3
4546 1
14675 2
13624 4
12442 8
13292 1
14029 4
14111 3
2024 7
2795 9
5530 10
16320 2
9054 4
9443 3
14119 5
6718 5
16266 8
9534 9
2409 2
15901 2
6721 3
13328 2
6911 7
10004 4
3182 7
14530 2
52 3
7527 10
3732 4
10259 1
16087 5
9932 2
2865 8
4048 1
9423 5
9454 8
9927 10
10100 7
12047 3
14351 5
1236 1
4099 2
4788 6
13717 3
5247 2
10600 5
766 10
10425 7
15251 1
15861 9
1041 6
2451 6
2552 1
10257 9
5885 2
9578 4
3422 2
7164 7
14722 2
7247 5
15829 9
12091 8
4582 6
8291 8
12376 6
6581 6
4984 1
13092 6
13487 1
2846 9
2169 7
12673 3
13560 4
11181 9
16013 7
7195 9
550 4
12558 7
9855 4
15845 10
9363 5
11382 6
11996 8
2561 9
9495 7
126 8
3601 8
5942 8
16011 3
15668 10
15606 6
11467 1
7567 1
9878 1
11194 3
12842 7
921 2
10586 1
144 6
1978 10
11221 1
16247 8
4815 6
3189 3
10996 8
7955 1
8242 2
6555 1
2044 3
15597 3
16125 10
10335 7
13127 2
14976 1
14748 9
987 9
6183 3
16093 5
12170 4
4102 1
7946 2
1150 4
7304 8
10529 7
4471 8
6568 5
6962 2
7084 2
7379 3
15881 1
6991 2
14190 9
3747 3
18 1
2148 10
2825 4
7025 9
550 7
5149 5
12960 4
14663 1
3415 4
7091 6
13858 6
8426 7
13377 8
5614 6
10024 3
12418 7
4819 9
5899 6
3854 3
7281 8
845 3
12347 3
12524 9
4798 9
5111 3
6724 3
9764 4
7661 9
9880 6
13889 4
16018 9
4192 10
1501 9
11330 2
5000 9
15312 5
1205 1
4480 6
5589 8
15041 7
5025 8
5032 7
15953 4
11588 2
13494 9
1569 7
525 2
16304 6
2988 1
4240 4
12050 5
9552 10
15325 5
1041 7
7866 4
9015 8
11089 3
12215 2
3414 10
3163 2
2281 1
9511 6
4103 2
10155 3
2020 1
7463 4
1794 8
13173 6
14054 7
5378 8
860 4
2153 6
4116 6
4119 2
7699 2
1079 7
13083 4
9487 7
4587 9
14746 9
7658 1
451 8
16061 7
10132 9
3375 5
4314 5
13111 1
12373 8
15166 3
8995 10
999 6
5864 9
6572 10
448 9
10257 5
11186 9
16114 5
13007 6
1456 2
14100 2
15325 4
15986 3
1372 7
5727 9
6498 5
7696 5
7394 3
15618 5
7650 8
12027 4
15387 3
4069 5
10859 4
15760 9
682 5
4308 3
8317 4
6302 7
13600 10
12537 2
3855 2
6166 6
9851 10
1522 8
3797 8
6212 1
11781 3
6267 9
16075 4
16318 5
10529 10
14003 10
3579 6
2804 8
7351 10
9938 7
188 4
1231 10
4757 2
9080 7
10154 4
275 2
7742 8
10757 2
15746 6
2828 2
4031 7
12405 2
4302 4
8544 1
8781 6
10737 3
1452 8
9337 8
7524 2
15042 4
16025 9
2022 10
2061 9
7034 4
302 5
4166 9
12311 8
14021 6
10764 5
14876 3
778 4
4664 7
211 5
12009 8
14394 4
6175 10
11981 8
427 5
14626 2
4704 9
7624 2
12156 8
15219 4
6916 9
8240 4
2539 2
11020 7
154 9
15364 10
9205 1
13226 6
14389 6
2034 7
8769 5
12060 1
2418 6
9745 2
11256 5
13658 7
5766 3
6676 5
8921 8
9063 7
9678 3
1642 7
2937 6
11628 1
16296 3
3059 9
14144 7
15055 10
1800 9
5817 6
15810 10
9080 5
13453 10
14092 8
7233 10
630 6
8937 9
12690 6
7413 3
9058 7
8968 2
10213 4
13083 4
7548 2
10365 4
5046 4
12150 10
12637 5
13262 2
7178 4
9935 9
15920 4
6890 7
6662 4
10353 5
14889 7
381 4
2589 9
11004 3
11885 5
3120 4
12255 1
13981 6
13759 6
13730 8
14482 3
14782 1
16203 6
321 1
5417 2
6447 8
7148 2
7173 1
1740 6
10287 8
7751 1
12049 4
6669 4
12831 8
785 2
5713 1
9180 2
9936 1
12800 3
7143 8
2134 10
707 10
7193 8
14190 5
1846 9
13771 6
3478 6
504 7
10607 4
14822 3
14919 4
1014 3
6881 3
7123 5
8418 10
6366 10
4770 1
15085 9
15526 6
6225 7
10066 6
12790 2
13566 5
16204 2
483 10
11233 1
12293 1
46 2
1662 3
1904 6
2470 9
1471 3
10135 7
4561 8
8274 1
11573 6
12830 4
94 2
354 5
3584 9
13534 8
14528 4
284 10
14594 5
3486 9
6803 1
20 10
6225 4
7800 10
9702 2
10196 2
10687 7
2864 4
4951 7
14946 7
5002 4
8673 1
8939 8
15562 6
5544 8
7934 8
4333 9
5818 4
4527 6
11939 3
13676 7
14621 10
4057 4
5504 1
7758 1
2753 4
7415 5
10985 2
11951 4
91 10
5685 3
3530 6
6335 3
14951 2
16015 10
10612 10
13410 9
4934 1
1436 1
10500 9
10980 1
11634 10
3207 9
4850 5
14139 8
11628 4
5696 2
16099 9
3948 8
9656 4
1602 10
2089 3
7099 6
6489 4
9012 3
7835 1
15665 10
11902 6
15280 5
3221 1
3646 9
7215 5
11619 7
2739 3
15207 9
15196 2
11415 8
15978 7
13801 2
9757 1
14487 4
5696 1
7478 3
10097 3
14285 2
1241 9
12346 5
11520 4
4266 3
5324 4
9663 9
2679 10
6368 10
3431 6
6444 3
5675 5
9219 3
10037 6
14126 7
15367 7
2493 7
3102 9
15261 2
5865 2
9454 9
11559 9
3114 9
2606 5
4930 6
5731 4
5892 5
8002 2
3086 10
7462 9
5583 4
9825 2
2185 9
12067 2
10319 5
1692 10
2714 10
10997 2
15746 6
16006 6
16168 1
5246 9
249 8
4868 10
9596 6
1723 4
6256 8
651 4
7373 2
3187 8
3163 9
8859 9
9823 2
12284 4
14676 6
14728 2
9103 10
12036 2
10181 9
15863 5
1392 7
2717 1
2133 1
10635 5
6592 2
16156 9
9032 7
12189 7
13612 4
3164 1
4059 2
6142 6
4730 6
7725 4
8650 1
9088 6
16058 3
11626 3
8177 4
13635 10
14851 4
2574 5
2608 10
4262 4
6442 3
15110 6
14886 5
1156 1
11617 1
9213 6
12104 7
1768 8
5352 10
1507 7
11913 9
15135 6
1474 10
2531 8
8550 8
11823 3
4673 10
10735 2
13500 5
3598 2
4864 3
13765 3
15389 6
12028 5
132 9
3168 7
4005 10
6898 5
2462 3
2086 1
10111 5
13585 4
2887 10
12084 1
16268 9
694 2
937 9
9516 4
7207 6
11270 9
14712 8
3800 1
13092 4
15050 3
1237 6
3000 4
15957 10
1140 1
2550 8
3769 10
4355 5
15665 6
10941 3
15307 4
549 4
11116 8
6264 8
3406 3
6048 10
15969 10
15704 6
4791 9
7380 2
3348 7
14961 4
12528 4
7224 3
2682 8
14657 8
13459 7
14220 3
3660 1
6689 4
14748 1
6078 10
11217 3
12811 9
3576 8
6212 6
4601 5
12207 2
8522 3
3323 6
9925 6
10372 7
769 5
1124 5
2141 7
1267 3
273 2
3929 3
5970 5
10553 10
10541 4
12758 4
7853 4
12407 4
1007 3
2890 6
4341 4
6288 1
14967 6
7457 2
1620 3
4506 3
83 8
14864 5
9754 3
10682 2
11162 3
12079 4
3249 7
5757 3
5083 5
9885 4
10846 5
12339 5
12819 8
13429 10
3606 9
7096 9
15667 7
2381 5
11612 2
15079 2
16174 2
1436 6
3520 10
5043 2
9024 1
3191 3
2865 7
3216 9
5212 6
258 9
10362 8
10404 8
12095 4
13697 3
15700 7
8474 9
3788 10
2260 2
12385 10
3019 9
8040 6
14862 10
7336 5
9082 6
14534 2
14736 7
15718 7
12265 5
5876 7
2926 7
15982 10
9264 9
3836 5
723 9
5290 5
5108 5
13335 7
14173 4
15356 1
6138 7
10015 2
930 7
3173 10
3675 6
7400 4
11460 6
12538 3
11308 2
6023 3
7223 9
7901 7
2939 2
266 4
10633 5
10768 3
14150 2
3332 3
8338 2
810 2
9083 6
8732 10
10833 10
3422 6
2752 10
7504 7
11595 9
13764 7
14634 9
5833 10
14330 10
7249 3
7655 4
1627 4
5979 9
8519 10
9082 1
11511 3
12705 1
12902 2
11846 6
1078 10
11861 10
9469 10
12726 2
16013 8
940 1
2370 10
225 3
15864 5
10893 3
15513 1
9599 4
13524 2
4216 10
6536 5
10691 3
14108 6
8286 1
358 9
14025 2
11129 7
13301 10
2882 10
4476 5
5845 3
6696 5
122 6
4887 5
9571 3
1973 2
12129 3
14415 9
14805 3
2522 4
4854 10
6489 3
11925 2
2669 3
1993 8
13254 9
9497 7
10427 8
11874 1
15588 8
1637 3
3143 10
5020 4
7327 3
7801 9
3193 4
15288 9
6676 5
9536 2
8794 1
4015 9
6351 9
11964 1
3211 4
916 8
1074 5
4308 7
3365 7
4582 5
13214 5
15128 7
15443 2
9473 1
3269 1
9737 4
9610 5
13189 8
6383 10
8000 8
717 8
2217 8
1078 3
14675 10
9127 6
165 10
3271 8
10859 5
551 7
14522 2
2047 3
3234 8
7748 5
106 6
10079 3
9240 5
9555 10
9903 7
480 4
7764 1
12525 7
1499 8
9686 5
5950 9
15390 6
2238 5
4635 6
1018 9
9499 6
2152 8
1528 6
7506 10
5080 5
5888 10
13971 6
14854 2
7121 10
14656 10
6008 5
9355 7
6872 10
11433 8
10091 9
11822 9
12077 9
13317 6
13671 7
58 10
1445 1
5944 2
13774 4
15216 4
12279 3
15252 6
4752 1
10437 6
13609 10
4903 3
11766 1
205 8
2463 4
5050 1
8704 10
15389 9
4084 3
12437 6
5838 4
6851 9
7385 7
6807 3
11885 2
5565 4
2319 1
11462 2
5577 6
4873 8
2343 10
9856 5
15653 3
2597 4
7611 2
2558 1
6525 3
13691 6
10742 4
8479 5
9489 6
11694 8
3218 1
5177 8
7704 2
8543 4
7271 9
5511 1
9367 5
572 7
440 9
6836 10
11217 4
1281 10
4317 5
10637 8
15706 3
16306 2
1135 1
5098 3
9532 9
10593 6
15824 1
16196 1
730 10
5349 7
12635 5
13028 6
6128 7
5458 1
10323 9
10995 2
16194 1
12255 3
14630 8
2442 9
7142 3
12234 2
13885 4
10269 6
14281 9
14714 4
8294 2
10028 4
6537 9
1635 1
10175 5
14960 3
13370 9
11122 3
4382 4
10864 7
8913 8
11537 8
10179 9
9691 7
2507 8
4452 6
13743 7
15860 10
5331 8
6939 3
16146 7
16055 5
14388 5
5965 7
10559 5
13658 2
8103 1
3302 4
11918 9
14171 7
11743 4
417 5
5494 1
1697 6
15808 5
1761 1
2100 3
3096 1
5449 7
10041 7
14083 10
13884 7
3896 1
6905 1
9870 9
4052 5
12315 2
13226 9
11263 5
12360 3
15041 1
820 5
2475 2
2655 3
13410 9
12188 9
14478 8
14787 8
1057 6
2572 9
3260 5
10539 8
3631 7
15236 5
6012 2
16179 7
12066 5
389 2
714 9
12105 2
5050 1
6212 5
11051 3
11172 10
12389 2
13804 8
3362 9
5356 6
5394 9
6381 2
12446 6
3481 6
12898 6
2159 3
4016 6
5273 5
7061 9
8323 10
9159 3
15408 3
10284 8
14989 8
3109 6
6809 5
15780 2
12452 1
16081 9
8357 3
11501 2
12246 8
14770 6
4311 6
5681 8
3460 7
14020 6
15969 9
8305 3
15479 5
9597 5
9796 7
5250 6
14568 3
8239 1
14937 10
2977 6
3294 8
4260 1
14130 1
16029 3
9912 9
13129 9
15150 4
1419 10
2257 2
5081 5
653 4
6232 6
1851 7
11583 3
2916 5
3814 2
6577 7
1475 4
16374 8
7929 10
12394 10
534 5
1744 10
4039 4
13320 4
1053 4
8415 5
9646 1
12495 6
13456 3
14681 10
3680 2
1898 6
7423 6
12681 3
15036 4
15829 10
8630 5
4781 6
8073 9
5509 6
15984 4
5905 7
2924 6
5372 8
5261 6
695 3
15306 9
6660 10
16192 3
12464 9
15295 10
15687 1
1747 3
6952 2
7231 8
5006 7
11047 3
16218 3
14831 1
7799 4
3068 3
14286 10
7487 7
9846 1
10265 1
16210 5
5780 4
5160 2
13960 4
7843 10
8294 1
7072 7
2465 1
15423 7
3124 8
6664 1
3632 2
10480 1
254 6
14648 5
11772 2
13088 6
13701 3
14621 3
5501 1
9779 5
11599 2
10721 1
11031 3
480 5
3981 1
6355 8
9371 5
15647 1
1337 1
11682 9
3740 1
5957 10
2680 5
6988 2
648 2
16054 5
77 2
8623 6
14221 2
7122 10
3997 4
11040 10
15099 8
5083 4
9383 8
4242 5
4957 7
12169 3
783 3
5405 7
10222 8
13794 4
9758 9
10332 4
11563 10
14559 4
9057 2
6045 1
9195 10
10642 8
12907 7
7408 9
7744 9
9584 8
15940 9
5466 8
6575 10
10083 2
13539 7
8383 1
15492 2
9253 2
10788 10
653 10
2959 5
5368 4
7850 10
8935 3
26 6
8956 1
10946 5
11945 10
13880 6
3730 5
6458 1
3933 7
5807 2
10363 3
12397 5
12820 7
14926 9
1814 3
1421 1
9648 2
10326 6
14837 6
566 4
3433 5
6184 5
461 5
15610 10
4585 10
6916 4
15308 5
8348 1
9859 4
13633 1
2755 1
14995 9
14906 2
13488 6
1116 1
9226 2
16112 2
1373 6
10617 4
2939 8
14812 7
8716 1
9292 4
639 2
1653 1
5335 4
1257 4
14386 9
16380 4
9151 10
669 2
4858 10
13405 8
16147 10
16314 4
2511 2
12431 9
14132 1
4367 6
5336 5
7028 7
5334 2
11133 5
12307 6
13857 6
15170 5
2564 1
7829 4
4245 6
7415 5
13773 10
8397 3
15672 4
6706 1
1555 5
16185 1
4485 7
14689 2
5293 3
16375 5
218 6
14586 7
13970 1
15522 2
11753 9
2023 7
14992 2
4094 4
13402 4
1581 10
4449 3
7296 4
8219 5
3428 3
8488 9
4518 6
1499 8
15824 2
193 3
13921 7
8244 2
7575 10
11211 4
11311 10
14001 3
15142 9
592 6
3505 3
4213 2
4543 8
13183 8
12145 10
3350 3
7840 9
2029 10
12589 7
13230 1
13676 2
12193 9
14379 8
15382 2
15429 5
17 5
10215 4
14803 4
13580 1
10771 8
1885 5
6698 2
2820 6
11135 2
6548 2
5654 9
10838 7
12239 7
16067 4
3394 6
1980 7
2595 5
12990 9
14111 6
10514 7
11134 9
13203 10
15920 5
7810 6
15935 7
3513 5
488 9
3124 10
8865 9
11101 1
14127 8
5764 9
9745 7
4414 9
312 7
2091 1
8873 6
8983 6
15325 7
6890 8
5064 7
3539 7
1321 4
8975 9
9076 10
9481 4
10033 5
13719 1
4717 8
6478 2
10290 2
10473 8
2967 10
6089 2
10133 4
1814 9
3451 6
10366 2
10420 4
13397 7
13547 10
3103 1
5743 9
6568 9
13020 8
5567 2
13870 9
15742 2
930 5
2932 2
5426 3
14936 4
9087 1
14379 9
6065 6
11091 9
13908 1
5195 6
13282 4
4136 5
9623 8
14064 3
1606 1
5061 9
12133 7
11923 3
13004 3
7756 5
7642 4
10653 6
11 8
4539 4
4984 7
4731 2
5841 10
14656 7
8414 7
2255 10
15343 2
742 1
8363 5
13587 2
7527 7
9865 4
7436 5
1562 7
10976 2
15028 2
7289 9
11964 6
16095 5
16262 10
1100 4
2755 10
4468 5
6283 6
5880 1
10437 1
4037 3
3209 9
7655 7
12799 1
13522 1
13902 4
15370 4
2284 7
400 8
2241 3
2213 2
7107 5
7942 1
5404 10
10475 5
12620 4
10182 6
11039 6
14497 8
12114 6
14400 2
15930 9
1814 1
2841 4
3954 9
8283 1
3004 5
554 1
16197 10
5242 5
3960 5
15240 1
3721 3
12462 7
2273 1
7050 6
12647 10
12583 4
11979 2
1455 1
2376 3
3007 7
6680 3
7964 3
934 10
4818 9
11027 6
12212 4
3356 5
4929 9
15652 10
7665 2
10258 5
12511 1
12971 4
13124 5
13757 3
4668 10
4536 10
16275 8
14474 1
14905 5
3715 8
6668 10
7518 2
579 2
11912 5
15593 8
6502 4
12278 6
10715 1
2689 4
11973 2
12520 7
5454 6
14994 8
8515 5
6399 7
505 8
15837 3
8418 1
5625 5
14878 4
10739 6
15274 8
3692 8
14804 5
9228 3
15728 6
11150 8
2397 2
6665 6
9909 3
10839 3
1001 5
11661 4
12922 4
14602 3
141 4
10974 3
9440 5
11199 3
7534 5
10861 5
14038 8
12755 9
16012 7
4417 5
10279 1
13682 2
6846 7
14102 4
1163 1
2133 3
3529 6
10430 3
15110 7
9515 3
10168 6
12584 7
11527 2
3280 6
4211 1
1692 6
6687 5
6534 3
9151 7
14129 5
2291 1
2399 7
13930 1
6133 5
411 4
4858 7
11058 7
13214 1
3094 9
11714 10
873 2
7845 1
2581 7
11737 2
11657 5
10044 4
10644 5
4176 7
6339 2
12741 2
3287 8
12310 2
286 8
1383 9
2687 6
1181 4
13638 1
15232 1
9476 2
10989 3
4076 9
12328 1
8295 5
7203 4
5659 7
414 10
12612 5
12456 10
472 5
5282 4
7191 10
8161 5
266 8
12938 3
1098 9
14159 8
5440 9
12565 9
5655 10
11023 10
12335 7
730 10
3104 9
6011 9
6651 6
660 4
4071 4
9928 2
5076 5
13130 8
204 3
1783 10
2720 5
3780 4
16074 9
8670 9
12984 7
25 6
995 4
11617 3
2239 9
8105 1
12788 10
8960 8
944 7
3756 3
8452 6
10218 2
1899 6
11230 9
12184 10
10487 10
755 7
1860 3
16301 3
1534 1
15809 4
1345 6
7754 7
9383 9
8076 10
11523 9
1177 8
15468 6
4254 6
7241 7
12919 9
8233 3
11788 1
13840 3
7747 8
5947 6
290 8
8812 9
2723 8
5437 5
12229 5
1798 8
13211 8
15620 6
1470 7
1971 1
5193 3
8033 1
10517 5
12789 2
10994 10
11051 6
2107 9
8509 3
10316 6
13241 3
14976 2
6644 9
13930 6
4220 10
5034 8
5689 6
6730 3
5871 1
13403 10
12011 3
5664 5
13336 5
11744 3
657 6
4610 9
7971 4
942 2
14750 3
4230 3
8872 1
9405 7
868 1
8871 1
6069 1
9979 4
10035 9
4866 1
8105 9
8813 6
13049 8
14764 7
6391 1
12360 6
2454 9
7445 1
1323 2
12811 8
13903 2
266 9
1676 4
10939 5
9375 9
3286 9
14886 4
15504 1
996 9
3205 4
4243 3
4401 2
51 4
4093 1
8287 1
4550 1
8369 8
3664 1
11591 3
11725 3
14788 1
1127 8
7020 10
2716 8
2958 5
5356 10
13333 1
15987 1
16017 2
8290 2
8482 1
7042 4
12802 3
2456 3
3498 4
12260 5
12533 9
12685 3
14469 2
383 2
5164 2
7007 2
5111 4
10141 2
14507 4
14309 1
1998 4
7964 3
14004 2
4442 3
13457 5
14588 8
14625 7
5420 10
6810 8
8419 9
3719 8
3214 9
5736 9
9862 8
927 1
11223 4
14465 2
2479 9
13560 7
14229 8
132 4
252 5
620 10
11708 2
8430 1
12232 10
2012 5
2598 8
6582 7
14255 8
11770 1
11077 3
15650 6
10983 3
10962 5
3006 10
491 9
5337 1
10680 4
3778 5
4901 2
8544 2
14116 10
5883 6
12946 6
1920 10
2989 1
4305 10
11630 8
12109 8
15283 4
15478 2
6973 8
3913 7
3122 9
49 9
14336 1
4348 6
5569 6
8159 4
11831 2
12719 10
3842 6
12443 7
1214 8
5329 6
5305 3
15126 9
6219 10
8896 3
5574 2
7660 4
14439 9
12167 9
12605 9
2431 6
4644 1
7648 2
8259 3
8562 4
7094 1
5463 4
11338 10
13848 9
616 8
2521 5
3581 2
4672 6
12525 7
1802 6
9077 1
9131 4
10653 7
94 10
5715 6
6540 6
8285 9
2501 9
9726 1
7376 7
15055 9
2131 3
2706 3
3132 3
8043 6
3082 8
9079 5
8891 3
13726 4
474 1
4014 5
5752 3
9147 3
216 6
719 4
6027 4
6536 9
5955 3
11658 1
181 2
7533 1
1258 6
8454 2
6659 5
4386 5
13737 6
646 2
3861 1
8072 8
11090 3
10996 5
3570 5
270 1
3049 3
8203 3
8936 1
5242 10
14685 9
15126 4
14916 5
7673 3
12825 6
5445 1
5090 7
15245 6
15410 9
725 5
14034 8
3289 8
15335 6
14735 9
4190 9
13882 10
15215 7
15611 7
1042 5
13577 4
15771 5
9426 9
10250 2
10842 5
12190 10
14277 9
13927 4
14730 10
1031 6
12494 8
11038 10
7377 5
371 10
2413 1
7436 1
12919 9
12750 2
92 1
1894 9
7907 2
7393 5
4244 3
1788 8
9539 5
507 7
2118 1
6791 3
13247 8
10066 10
8489 8
11440 3
5592 1
7083 2
6022 7
2077 7
2735 3
10138 1
15652 7
13964 2
10828 3
4061 10
11578 3
10003 3
7927 3
5884 9
8306 8
8747 8
9673 9
13389 7
1664 6
1999 2
3754 6
5128 10
7599 4
6854 6
10909 5
11722 2
15939 9
3983 7
15926 8
6700 7
847 5
5974 2
10523 8
11609 8
12355 4
13377 4
8084 8
12474 7
6902 9
15198 8
13776 5
4090 10
15645 7
15292 2
10707 9
11000 7
11240 3
1733 5
7358 7
4085 4
12745 10
5323 1
15324 4
15733 1
865 8
1729 5
3779 6
5306 10
332 3
4431 3
6671 5
2167 9
3395 9
12260 8
10921 8
2693 6
7183 8
11112 7
70 4
837 4
7338 6
8181 7
8631 8
150 6
2245 1
2482 2
15094 7
4584 5
2957 1
678 10
12391 4
6158 1
7946 7
14903 3
1865 3
8156 8
8271 6
10694 3
10179 10
5899 3
11780 2
1675 10
8416 6
702 6
9313 7
793 9
3473 1
10487 6
11550 4
1381 2
7138 9
7590 8
661 1
13151 7
11934 1
9564 9
11609 8
864 4
8412 3
5725 1
14136 8
11321 5
9260 6
8026 4
652 5
5070 2
16356 7
10663 5
11995 1
910 5
8461 9
1246 2
1490 8
10224 4
13121 5
1966 10
60 8
2339 9
1347 6
12942 8
15726 9
1594 6
12288 8
1442 9
14067 1
8112 8
5513 9
6064 1
16110 6
12873 4
12396 1
13369 4
5119 10
1292 6
15478 7
13764 5
1003 8
4165 3
5819 3
15503 7
9474 2
6714 5
10625 9
11192 8
11460 10
4557 4
5784 3
5922 1
8787 3
1041 6
14232 5
9485 10
15858 8
7473 4
1229 1
6340 2
8901 1
15759 3
8634 9
697 8
15621 1
9446 7
12003 9
14651 7
7931 3
1095 10
6746 10
12380 8
14221 2
8650 8
6900 7
902 10
7287 1
9117 3
11495 4
12639 4
4854 9
2715 5
13421 9
1400 7
9010 7
10144 1
13226 10
6552 5
1130 5
13065 5
12786 7
14008 10
2529 6
3563 3
6884 7
1545 6
9878 10
8222 6
7 4
12734 10
13629 7
641 5
1139 6
1347 5
4346 8
15961 6
4620 3
9723 6
12721 7
10039 1
4125 6
5617 10
7326 7
5250 5
6027 4
10542 9
15361 4
5253 4
12258 5
8187 8
776 7
12432 6
12517 3
150 3
4374 6
11023 4
4724 2
14211 2
3381 6
11124 4
6478 5
14729 3
10593 2
910 4
7642 5
11121 4
12237 9
1050 9
6728 8
15269 10
12298 10
4743 6
1378 9
4129 3
15140 5
9783 9
14606 6
2306 10
8991 8
13072 2
4009 10
1341 3
2654 7
11418 6
8200 5
8273 9
7095 2
162 6
4922 9
16352 10
7144 2
1326 7
14885 8
234 7
11041 1
13646 7
4387 4
7966 6
11303 1
9725 1
16150 9
3151 9
8787 1
5265 10
15660 5
237 3
16370 4
13508 3
1791 9
10793 4
12842 10
15223 7
15937 8
898 9
2239 9
7078 10
2779 2
1946 4
4787 8
2997 9
10732 4
13829 3
14656 8
8860 8
10817 6
2131 6
12986 3
13449 6
4429 5
9854 8
14703 6
7742 3
11372 9
14137 7
14568 5
9934 9
14191 10
1104 10
1626 4
2828 1
2176 1
13953 9
16332 3
16381 3
3440 9
11573 2
13720 9
10547 5
1463 8
3996 8
1243 2
9124 7
12249 2
1138 1
6016 3
4571 2
10090 5
5195 4
12704 2
15295 3
5343 9
7385 4
1094 9
859 7
8635 2
11977 9
12402 10
12541 10
12589 4
6697 8
6705 5
8218 4
13628 5
9121 6
13469 5
11693 9
2107 2
3428 9
12999 4
9460 3
1005 2
1143 5
11435 3
15696 10
3704 3
8145 2
10916 2
5471 7
16323 6
661 2
3460 3
5287 7
7515 2
7620 7
11835 7
12029 5
15082 5
15903 10
5319 7
7318 5
10446 6
12078 8
12899 1
14167 3
15290 3
16310 5
13539 1
3316 5
14638 10
13659 10
6413 6
8814 9
3186 9
15703 7
16102 2
2330 8
8501 7
1767 8
4105 1
9382 5
15278 5
4855 5
5611 4
6559 8
6193 3
3805 5
13609 8
15650 3
3492 4
13274 10
15824 9
8174 2
10479 6
11948 3
15117 1
758 4
2896 9
7078 6
7920 1
14796 10
10887 6
3851 8
2395 1
7468 8
8288 4
7848 8
10592 3
9295 9
11105 1
3698 7
5815 2
7737 5
4197 10
10204 8
15507 3
16305 7
6982 4
15542 8
3839 6
4709 9
9879 10
10267 4
10666 7
13111 9
5334 10
11117 7
8813 6
12892 7
9750 7
7760 6
14675 3
8262 7
5812 8
9715 7
6017 4
501 2
9903 1
11584 3
28 4
15570 3
14748 10
7368 10
15860 6
3307 9
2093 2
2891 10
13913 6
11683 9
2132 5
11474 9
12554 5
2675 7
6733 2
10487 1
11656 6
15321 9
12103 6
12802 2
2503 5
5840 7
3159 5
11556 8
944 9
3526 1
6024 6
8404 1
14301 3
8950 8
12301 4
462 2
11136 10
5614 6
6231 1
11474 6
15158 6
1685 7
15503 1
4070 4
12246 1
15472 10
2226 5
2676 7
14555 4
4111 2
4764 4
3522 4
16319 10
5388 9
41 3
12564 5
131 3
8613 10
12365 4
4151 7
5960 4
11013 7
14398 4
14250 8
440 4
9155 3
9446 8
13541 10
13355 8
2761 6
7608 9
11142 1
15558 9
1341 1
4366 2
5184 4
2426 5
8301 2
14749 5
11098 1
8204 7
12363 9
9571 2
4492 3
9189 9
6617 5
3555 5
913 3
9896 4
14205 2
6762 5
12074 10
2862 8
4489 8
1103 5
9660 4
11236 7
13032 2
13230 8
15153 8
15582 4
6059 2
794 4
10237 8
10950 1
16152 4
1705 7
3599 3
5863 5
1421 5
6552 4
9472 4
3225 6
13916 6
13182 7
10372 5
11650 10
14821 4
2782 1
10025 7
3842 9
7937 7
9261 2
15507 5
15806 5
1321 3
3331 6
1820 5
3675 5
7961 7
14771 6
9750 6
10142 5
3360 4
2295 3
2329 10
9028 5
12702 10
4715 1
3295 3
8940 7
935 6
6931 7
9969 9
12812 4
15023 1
3900 8
7874 9
12780 10
4856 2
206 9
3500 2
16045 9
1210 10
3990 10
8657 3
119 4
430 5
14867 5
5294 9
13071 1
4003 2
5440 8
5617 10
12129 4
2215 5
2848 3
10533 2
12333 3
16181 9
1951 4
3618 8
5168 3
8346 5
11955 1
9452 5
7555 1
7312 6
4465 8
8608 8
9996 3
11897 2
12773 2
7419 7
10649 1
15228 8
7482 4
10390 8
2791 3
7655 10
1044 5
13969 2
6915 3
16318 9
15182 9
10542 4
15943 2
11404 7
7048 1
2714 1
6299 3
5485 4
15964 9
661 1
12116 5
6013 6
1067 2
5368 10
14539 5
2945 2
3363 5
6288 9
6814 8
4029 9
6409 1
13717 3
11416 5
8695 1
3806 3
6366 5
10250 4
10926 6
11689 5
11785 4
2372 10
4022 9
7332 10
2601 10
11448 6
1503 2
1960 9
2183 5
3957 2
6926 2
10980 2
4297 1
11298 5
10750 4
13220 10
743 6
3431 9
13934 7
9207 10
12816 3
9819 4
10053 8
10696 4
13406 5
14424 9
917 2
7080 8
7277 3
14349 10
6324 5
9009 5
7092 9
1654 5
4799 6
9889 3
14419 5
8157 2
5337 10
7301 9
8370 10
13999 7
9701 10
12568 7
13953 10
14537 8
14770 9
8672 7
12795 3
14017 6
9376 4
11661 1
13062 5
2206 7
3524 4
12688 4
14497 6
582 2
14806 7
13976 2
3269 10
6836 3
7500 2
4574 1
6599 4
16085 3
1173 2
7447 9
6632 3
1009 4
9223 4
4396 3
3496 4
14635 10
7723 10
14830 6
15551 5
15863 5
4326 7
1398 9
12902 6
2887 1
12053 10
14684 1
11303 9
3448 4
6050 5
7957 3
11435 10
4628 3
14568 9
15418 4
13130 8
15660 8
4874 9
8252 10
13964 9
12730 8
13433 6
16365 3
2546 5
3110 8
3516 8
5721 4
6049 2
16222 3
4637 5
7353 3
3929 6
14484 8
16096 9
3997 4
12240 7
324 7
2445 8
8372 1
4715 1
2193 3
14034 9
13087 9
2235 10
7780 9
4770 4
8242 10
2997 4
6029 10
1279 7
2729 1
5475 8
8427 9
4920 4
15855 6
9902 7
4376 4
6390 8
15032 2
2674 10
5212 5
11914 10
1350 2
2425 10
3828 8
5345 10
10059 3
11347 8
13543 3
3822 6
2985 5
878 4
14260 9
1281 10
13287 5
2516 6
6221 10
8452 10
9107 7
15512 9
745 4
13682 3
14055 5
5956 5
7910 1
4593 2
14431 3
1900 4
11020 1
13174 4
14482 5
4904 9
13004 9
6925 4
14826 9
16038 3
16189 8
2306 2
3185 2
2877 1
7724 1
15583 1
69 8
8580 4
13302 5
7218 5
3502 8
3277 8
12113 7
154 7
4362 1
6505 2
15206 7
7102 10
12786 10
8784 2
7889 2
2465 7
10247 4
11674 4
13027 10
16357 2
129 3
8635 7
2725 8
13974 3
11558 8
13549 6
14567 6
2025 9
5217 5
7363 2
3413 6
7098 8
14994 5
11584 6
9699 8
12795 3
14941 4
1701 5
123 9
5410 2
12257 3
2996 1
4637 4
8121 5
15267 3
13299 5
6193 3
5906 3
1698 7
4978 2
8631 7
14454 9
2534 6
12503 1
9613 6
1816 1
6490 9
1626 7
2656 4
11586 1
594 8
2153 5
3341 1
7115 3
12001 7
2238 2
2523 1
9367 4
13905 2
634 8
9108 3
12224 6
3792 6
8412 4
12436 10
923 6
13727 5
4375 4
7192 9
15093 4
4327 7
16246 3
2873 5
4124 9
3398 9
12383 1
14476 7
14609 8
15969 4
8413 10
14742 3
4778 1
15805 2
651 1
4189 3
13682 5
7072 6
5438 1
12831 9
10743 5
4352 4
11587 7
7018 9
14348 9
2841 8
7052 7
7123 3
8567 1
12998 1
4676 1
2098 3
3598 2
12611 6
12754 3
63 8
1227 9
1237 9
9719 4
447 9
11583 4
3751 10
1076 4
10921 10
258 1
15728 10
12651 7
10910 9
8814 10
12311 4
3005 1
6287 7
7952 1
2173 3
8894 1
16152 2
13485 2
3319 5
16121 9
12654 2
9945 2
10731 6
11697 10
13234 7
15542 2
1145 4
8896 5
11313 3
12531 5
8385 6
4504 4
1828 1
5198 8
7207 2
7767 3
8622 7
8633 5
1939 6
15798 4
16154 1
10365 2
1991 10
3435 10
273 2
113 4
6092 5
12001 7
14313 4
3095 1
4073 1
8707 1
8698 6
13986 1
14487 5
3585 10
4332 5
8704 6
5510 7
7490 9
5708 3
7486 5
10890 6
13298 1
4274 6
4766 6
1947 2
7892 7
9202 3
13672 7
1100 2
2637 2
1158 9
6284 4
12344 6
1001 9
1319 10
8818 1
3030 5
9520 2
11106 10
12283 9
8673 6
11656 1
11418 9
8078 4
10118 2
15739 6
14295 7
8500 7
5457 1
8192 3
10438 4
7293 7
3811 4
12590 9
11225 9
16164 4
659 9
12416 6
14805 6
1089 4
11897 9
13144 3
3627 8
9790 6
10368 1
15088 9
15171 8
15915 3
4520 10
7455 1
12772 2
13406 6
5476 5
2266 3
150 1
6014 2
8498 7
14632 2
11921 9
6 6
8219 1
6392 7
12483 1
13606 6
11985 10
11798 9
15158 2
4054 7
7730 2
14995 5
11020 7
14761 1
7779 8
3358 3
8488 1
5251 5
7595 8
1057 2
8486 2
13574 10
1424 2
4857 2
6735 7
15992 10
7573 2
10376 1
878 8
18 9
2672 7
6686 10
3595 2
9252 8
10510 4
5196 7
2556 6
6790 1
975 8
850 7
5005 1
7857 3
11038 1
15017 10
1449 4
15896 3
769 6
1973 1
8671 10
7735 7
10338 6
2095 4
6322 3
1806 2
4468 3
3882 10
10240 1
13867 5
16305 8
1036 9
10792 10
324 9
12947 2
11122 5
12186 9
14399 7
14970 2
15124 9
3382 9
10281 5
15577 1
756 9
11343 4
1633 8
6263 10
9050 7
9293 3
6905 10
10389 10
2152 1
429 2
2399 1
4743 5
7742 2
9066 3
10414 10
9593 4
11368 9
15691 9
557 4
3163 7
14764 1
5754 5
8105 6
13019 6
5716 6
11902 4
3264 1
6569 7
9273 6
10469 4
648 5
3758 5
4563 2
2240 9
3169 6
1501 9
9905 7
13068 8
15392 10
1926 1
2342 7
4579 4
7799 8
12475 4
9189 3
9396 6
9898 2
11975 8
14046 5
16062 5
1677 8
9344 8
15698 10
16333 9
2347 8
5227 9
11687 5
4681 3
15263 9
16160 5
255 8
7620 3
8238 4
10454 7
10831 8
13693 9
8939 3
1450 6
14297 1
15524 7
1686 1
6636 1
13128 6
14425 8
7209 9
12639 3
9223 7
241 10
3405 2
1654 5
9755 2
9906 4
14047 4
6710 2
710 9
13027 6
16044 6
13748 8
337 10
8969 6
9290 8
15546 3
15777 4
12205 4
10377 3
2609 6
8021 4
2238 1
14702 10
14235 4
10804 2
7410 8
6880 6
2282 4
13165 2
615 4
9684 6
13503 6
15424 6
2859 6
4273 9
8349 7
15118 8
8965 7
11882 3
2482 9
3018 10
4253 9
5514 10
3991 5
14323 7
6534 8
9204 8
14593 3
1969 7
5897 5
7732 8
368 7
10776 9
10630 8
14708 2
10931 7
8720 6
15881 7
9370 7
9911 4
1720 6
5617 10
11325 4
1449 2
4345 8
11811 9
9630 2
10749 4
12937 5
1524 9
4864 8
7936 3
10862 1
9465 7
1565 3
12661 5
1646 3
3075 4
7103 9
4255 10
8894 4
3598 10
15257 7
7912 6
12038 1
4068 2
10164 1
14027 3
810 9
4553 6
8377 4
4439 8
8514 9
10281 4
12923 3
1050 4
2844 9
15473 5
5477 7
930 7
5107 1
11141 10
7459 4
9605 6
1310 3
3171 3
5645 1
8462 2
11467 7
10356 4
10182 7
11283 4
12380 2
13036 4
8015 6
11191 8
6173 5
6596 10
13384 6
500 6
15053 9
5747 7
11747 6
14477 1
2379 2
14092 6
15053 5
9840 9
12771 9
2348 7
5842 2
13344 3
12669 5
15941 10
8196 7
15692 4
6756 10
14307 1
8223 9
5190 8
9644 9
9776 9
12966 3
3158 3
6478 2
9723 6
12450 8
5929 6
1794 1
9684 7
10137 10
6785 1
16126 1
4913 10
2022 4
2949 3
5552 2
5888 9
1216 1
12088 3
13353 8
633 10
1060 3
416 5
7047 1
10940 10
13565 10
336 4
1160 3
15935 5
13350 2
14964 10
5836 7
1524 4
837 2
8897 3
13755 8
15764 9
14848 5
9333 10
2083 4
3296 5
7648 8
5919 4
14865 7
8422 4
12232 3
514 6
5253 1
288 2
8549 4
9750 6
9303 6
15302 5
5435 9
6940 3
8796 10
8848 7
5383 5
2138 6
12702 6
7385 6
12133 8
12462 3
5953 2
3004 4
5279 8
7304 8
519 4
6172 4
1559 10
8113 10
9532 2
14822 2
8996 3
1729 7
662 4
9168 8
10867 6
12000 6
13839 2
15419 1
15544 9
15884 5
13392 8
16272 5
7950 7
5901 1
14133 2
6176 10
8298 6
12465 3
13637 1
2197 8
3059 6
4525 8
8759 3
15427 8
860 5
13833 8
13394 5
12562 7
1201 6
6016 9
12633 8
12895 2
11126 9
3298 10
5145 9
14021 8
16208 5
9300 9
10730 2
1087 5
6194 5
6297 2
670 6
4141 7
4771 5
6017 4
9257 1
5745 1
3501 6
9863 5
10166 6
3890 2
4543 10
6285 2
5468 7
9769 7
10923 5
15619 9
106 5
15067 8
4231 9
11329 10
14351 10
14139 1
1026 10
13422 1
7904 7
13315 5
5545 8
3727 3
4554 6
9917 10
12519 6
15670 4
2639 2
15474 4
15519 6
6577 6
9155 8
10998 4
11782 3
5765 5
4090 10
16271 6
2168 5
10054 7
14079 2
2974 5
13899 7
6025 7
4934 3
15258 2
4671 3
5454 2
5228 1
2174 5
293 5
13554 8
2431 8
12072 7
9630 9
4532 7
4351 7
7268 8
9447 7
16379 6
11510 6
1801 1
9365 7
991 10
3593 4
5557 7
6747 3
5766 10
4410 8
2536 9
2108 5
13442 2
14161 10
593 10
2683 1
2765 9
8022 10
4573 6
9786 2
12544 3
2466 3
13463 7
6826 8
10416 7
2792 4
1803 4
2646 5
16372 9
1491 8
2977 6
4331 8
5809 2
6791 3
14822 2
7599 7
3115 10
892 2
10899 4
10966 5
13405 8
6295 7
7234 1
13888 4
12588 3
9382 2
11040 7
826 10
2002 5
6602 9
11162 7
8641 2
11138 4
13802 6
13887 4
14311 8
15950 1
3109 9
7727 1
15551 5
10829 9
5461 9
13111 9
14885 6
10006 10
15126 4
3311 10
2300 7
3913 5
10569 6
15133 2
15475 5
1158 1
4066 7
5625 3
6618 1
3249 4
7164 4
12351 4
12455 7
1260 8
8415 10
1137 3
3438 5
3659 7
4422 1
164 2
10624 10
14031 9
5548 5
9868 7
13270 4
10353 5
13781 5
12590 1
3175 4
7333 6
10532 8
11823 8
12417 9
14571 7
2302 8
2936 9
4304 3
7865 9
9000 9
9113 3
2565 2
15758 2
10390 7
11752 6
15138 3
15720 2
6194 6
5018 10
9805 3
5465 9
4229 7
11786 2
7478 3
13044 2
6893 8
11552 9
11756 2
14722 7
3262 6
6930 5
7469 9
606 6
15284 5
15693 3
9755 9
14048 8
6804 7
14576 5
14301 9
7997 1
12525 9
13179 5
4482 5
6240 3
8576 9
7010 7
13171 2
8784 10
9525 8
16366 9
1204 8
3346 8
4698 4
12498 5
14522 7
4541 7
14645 8
7609 7
5543 4
13928 10
4914 1
1941 6
9410 3
14723 2
937 4
1236 5
3627 10
3841 6
5379 2
1667 10
10110 2
16207 3
871 7
6054 8
14129 8
11858 3
7716 2
13984 5
12563 10
1560 10
3848 9
4176 7
11125 9
11859 9
11490 7
13141 7
4511 6
12706 10
12225 6
7878 5
14432 1
12668 9
911 2
1946 1
9085 3
295 3
3833 9
1856 1
9959 1
10136 8
12180 5
2554 9
2583 2
2801 10
3115 2
5118 4
10224 6
15271 5
6528 10
11335 9
3370 7
7317 2
15420 3
15161 9
9125 8
1535 1
2545 10
5759 3
8629 1
11355 5
11207 5
10551 2
2761 4
4013 4
15277 9
16358 1
781 9
2870 7
5096 3
9027 10
14671 6
841 5
14314 6
16324 4
6178 3
7673 1
908 7
3233 4
319 2
3578 3
1584 5
2265 9
6100 10
6290 5
14346 5
10581 1
15305 10
4166 6
11928 6
4731 2
1795 7
3351 6
5269 5
1832 1
16021 8
10067 7
10077 3
5021 6
6210 1
8675 6
6210 2
2160 1
3386 8
3772 6
16138 1
3683 1
8057 1
11633 10
14084 9
7086 3
4215 10
15254 9
6163 8
6498 3
13497 8
11961 5
3332 2
1670 9
9796 10
5122 5
11127 7
13602 8
14196 8
15657 5
1652 2
2210 5
4537 6
7852 8
11863 4
3090 10
710 3
7940 9
13873 2
7502 1
8147 5
4369 10
5100 9
8663 3
6521 7
11739 6
12223 4
3067 3
5419 4
11198 5
14026 4
9876 6
13090 10
13484 1
2155 3
10788 7
797 2
7397 9
9977 5
10199 4
12916 1
8154 5
9119 7
9035 4
13752 2
4660 9
12486 8
13468 1
14670 9
16026 1
5410 7
4287 10
9612 6
6798 3
10526 6
9752 1
11139 2
2214 7
11324 4
1880 4
5078 5
8792 2
10832 10
10891 7
10969 4
4642 6
12749 3
6339 4
11516 6
638 2
1168 2
2432 3
8841 3
10915 5
16207 8
6390 10
8539 1
13019 7
3823 8
10759 10
11333 10
12307 3
14620 4
15143 6
6084 9
14004 6
14392 2
10823 10
13546 3
13578 7
11216 5
1288 4
3296 9
3567 1
3619 9
11651 5
4242 2
2877 6
11356 3
2474 5
16218 10
16324 5
11502 5
14304 5
6536 7
6658 9
6171 3
12106 2
13738 6
1319 3
4522 1
15116 4
14691 8
12004 1
38 1
1835 7
7629 10
6803 9
13815 6
12383 3
15307 2
228 8
7087 9
955 1
3854 3
5793 4
5123 8
6294 8
11624 5
5501 10
16039 4
12463 6
14014 5
6002 2
1128 3
15227 10
12473 2
10189 10
11060 10
12235 10
824 4
6015 9
8723 5
1231 6
5508 3
14993 7
10556 9
1969 4
5549 9
16171 5
11228 6
612 6
1657 8
2168 5
3806 7
5356 2
7230 4
3819 6
6919 2
8420 9
15537 6
5624 2
5949 7
6717 5
7396 8
4247 4
9658 5
2767 2
5469 5
9363 10
12969 5
2319 5
1804 4
14655 2
182 4
14566 10
1611 7
13742 9
15994 1
13245 7
1547 2
2447 8
3742 9
6601 10
4654 2
10995 1
11583 8
4878 3
16349 5
11497 7
1403 9
6491 5
9681 10
9922 1
9983 4
10488 2
15451 1
1277 7
7201 10
10977 10
10218 10
6313 7
4462 3
15448 9
10416 9
13461 9
2966 3
3647 6
6082 2
8504 8
1567 8
1472 9
11640 4
267 9
9099 8
9997 9
2836 7
8154 3
16123 9
2930 1
4106 1
8786 2
3763 2
344 3
13711 7
5625 3
7119 6
14903 1
5808 3
3637 2
1650 10
4839 6
9681 1
4561 4
7406 7
4375 2
15107 1
11937 7
12555 3
13716 3
7139 3
9163 1
15643 9
8189 3
15487 6
5021 8
13275 3
3862 10
7833 9
324 9
13699 8
8353 6
2465 8
5380 5
13765 4
6628 1
8505 7
6222 3
10420 9
14580 5
12631 6
13226 8
8927 6
11194 5
12304 9
9007 2
2165 10
12798 8
13659 2
9608 8
10682 1
14428 10
867 7
4820 1
3887 10
16269 9
13736 6
14065 6
3093 1
7507 8
7303 8
13479 4
11605 9
13631 10
13817 2
2216 1
3253 8
5721 10
13628 9
1835 8
215 5
8699 9
13997 3
14850 2
4584 5
7839 1
2671 10
2197 6
13443 1
13686 6
6812 2
10076 5
5868 9
4471 3
122 7
10409 1
5924 4
11125 8
15864 6
1700 9
13930 9
4676 10
4633 3
15967 4
4555 2
8306 4
1122 9
3093 6
5293 2
14190 8
8556 5
2076 8
7844 5
14306 10
14393 6
14680 8
2716 2
8332 1
5953 7
424 8
14846 5
3135 8
10950 1
14683 6
15377 5
125 8
1349 2
1904 7
6727 2
1273 2
6726 5
4036 9
171 9
7896 6
8568 1
9110 6
14969 3
7332 3
9682 7
944 9
1011 1
11703 2
5193 6
12710 3
7738 6
15560 7
4749 9
4862 10
5480 4
6509 10
359 1
9591 7
5922 2
12901 8
13603 10
5856 4
7036 5
7728 9
5554 2
9859 5
2365 3
11735 7
2623 5
13550 9
776 9
8026 7
16061 10
668 3
5110 6
10068 3
8068 5
12546 5
3188 7
5359 2
14645 6
3449 1
14133 7
6577 9
10868 4
4462 9
8119 3
15717 9
6701 7
715 7
14468 10
3411 2
13882 10
11441 10
1367 1
5133 5
6218 8
1818 3
8165 2
11875 1
6883 9
15405 6
441 4
6335 10
16317 4
12324 4
13960 5
401 5
707 7
1208 3
6547 3
7269 4
11535 7
10943 4
65 2
6183 5
9551 5
10128 5
443 2
801 7
4542 3
4880 2
7929 4
7849 1
6887 10
1106 4
5632 4
9516 7
7060 6
15393 7
6285 7
11875 9
7946 2
5764 4
6734 1
9121 8
2167 3
8315 2
9784 2
2636 3
10966 8
11710 1
14590 10
15500 5
11057 3
11676 2
7656 6
9983 5
9984 1
6570 5
8794 4
7044 7
194 1
12911 10
9586 6
10896 7
13183 6
15147 5
15236 6
16335 4
1138 10
7919 7
9107 3
13126 6
7081 4
1843 8
2506 5
4520 8
6041 2
7003 3
8980 9
6901 7
12380 8
8574 8
15991 3
3914 4
12244 5
3686 1
15629 4
422 1
2031 10
6859 10
8240 10
16111 6
8500 7
253 10
11017 4
12431 2
198 3
1647 1
3617 6
4074 8
8417 10
190 9
11197 4
366 3
9962 4
10663 9
14104 10
1921 8
13702 5
6348 10
8293 7
5334 1
11790 5
15493 2
4998 6
9161 9
16014 10
6742 4
7172 7
2499 2
7671 10
7531 9
13440 1
14746 7
973 6
12260 5
2206 9
1175 2
11664 3
1187 10
9150 6
4534 8
16008 5
182 2
13195 1
1355 3
3623 9
4726 5
13846 8
7624 9
13904 8
10126 2
12099 6
14153 8
2337 10
11466 9
13231 7
15954 7
14283 2
10817 3
15705 9
3764 3
3819 5
5744 5
5941 9
15695 9
11204 2
12924 2
2178 6
13744 8
10797 9
13507 1
9716 8
12965 1
13105 8
599 1
6930 6
8326 2
5653 7
14327 7
14063 5
14460 4
15058 6
14697 6
14910 7
14934 2
4916 10
12703 6
1980 10
2690 9
4844 7
5416 7
14055 5
12002 1
3730 2
2827 2
7782 3
1028 7
15960 3
1709 4
8475 4
5237 2
11690 3
13046 5
7782 2
9952 7
14212 10
1352 2
8925 7
12341 3
2108 3
14199 9
5300 6
6222 2
7137 6
2635 1
11059 1
13465 10
9964 9
10211 9
53 8
4610 2
12323 10
13878 1
14166 6
2110 1
4863 8
11885 6
10389 10
6915 6
13000 8
13201 8
14079 4
14699 5
5687 10
15694 3
10782 7
5776 9
10460 7
11508 3
3154 4
12093 10
4168 1
11286 1
2650 7
2988 7
4622 6
14936 3
14557 6
490 9
1052 2
10367 6
13858 8
1992 8
2559 5
3964 9
6153 3
8328 8
1175 10
15091 2
10733 8
13640 2
2532 3
4127 10
1459 3
3770 4
2219 3
6770 1
8047 2
3171 5
14726 8
10075 4
490 6
6776 6
636 8
6368 8
13253 8
11143 6
10402 1
1432 7
3057 7
8545 8
16111 6
8279 5
9444 1
2853 1
15991 8
11593 9
14398 7
5002 3
11005 1
15382 8
9705 7
2704 10
13661 8
14831 6
4383 4
4386 10
16 10
887 1
9532 5
11486 6
3928 4
3971 6
5252 4
7863 4
14195 5
10842 2
14034 8
8086 8
11432 3
12772 8
155 3
4075 5
3088 9
6812 10
10663 9
15213 1
184 2
3982 3
1385 6
15067 7
12648 9
6060 7
6071 7
6094 2
9148 10
3853 3
2759 7
6165 4
5223 7
14321 8
16078 2
1133 9
13748 7
14619 6
7445 8
14410 7
11239 9
11364 1
12518 2
16059 9
5311 4
8125 5
2191 6
7151 8
1647 3
6034 6
4034 7
4458 9
12131 2
16328 8
8624 8
2397 2
11647 7
9405 10
6383 3
605 9
5613 2
6644 10
16238 10
12630 8
10673 5
5841 6
15105 8
11231 9
10119 2
10364 9
669 2
5788 2
6088 3
4712 5
1511 7
1044 7
11033 4
2171 7
2387 1
3512 5
4359 8
6807 6
12568 3
3742 10
2313 2
6849 10
6411 3
2657 6
454 3
15847 3
9614 1
13382 9
14915 9
16224 1
1713 8
5397 2
9925 7
10903 8
15656 4
9541 1
12818 9
13526 6
8051 7
12783 7
10241 2
9114 8
2530 8
12652 3
13965 3
15511 10
1854 9
3231 2
5989 5
11560 10
133 3
2307 2
3353 6
796 2
5175 4
5460 7
12636 10
12169 3
2824 6
7456 10
2329 7
112 9
11971 5
16318 9
15659 8
1203 2
2592 5
5706 4
6078 7
15188 1
14400 4
3358 8
5567 6
7993 6
7616 6
15070 2
5610 2
14717 7
15824 9
1179 10
3952 7
7199 6
7926 1
13826 7
10844 5
3550 5
6725 6
3999 8
10057 4
2125 10
2562 8
14412 1
1242 7
5108 1
5777 5
1344 3
7939 4
10929 6
13306 4
2523 9
3779 8
6302 5
13778 5
13989 6
3278 9
9703 1
15498 3
7237 3
8728 7
15746 5
5259 2
10471 4
11405 6
11863 2
12594 4
1267 4
3074 4
3277 10
7086 3
7972 8
7845 2
2614 8
4694 4
4090 2
15002 8
7363 7
11401 7
11909 10
16251 5
4830 2
11707 8
15509 6
1248 9
6753 4
16361 8
14872 6
12518 9
9861 2
15404 3
7586 2
10882 9
7643 8
7715 6
12373 8
11216 5
778 6
2588 1
3041 10
16353 1
11103 2
1448 6
3948 10
12771 3
2909 7
4752 6
16311 2
9453 5
11267 4
13439 8
13912 10
1347 10
6491 9
7421 3
7813 1
12216 2
12148 5
4784 9
9244 10
9838 5
2015 6
8590 5
3785 10
16073 3
1328 10
2514 2
4010 5
8087 6
15885 6
6183 9
11968 1
13864 9
15586 2
4175 2
3008 9
7761 1
9173 7
3220 4
10237 8
461 10
4083 5
4065 9
15971 2
11632 8
12664 6
10350 5
10798 10
11906 7
13078 4
14180 3
14743 8
4078 10
6336 3
7291 9
14409 7
8737 5
9065 4
11699 9
3379 1
6169 6
6529 2
13776 9
613 10
6435 4
12656 7
15524 4
1820 5
9644 4
4279 7
15017 6
11852 8
15468 5
2174 4
7414 10
5156 3
4987 4
9127 7
957 2
1076 7
4650 3
6868 2
8779 5
10911 3
7420 9
13523 2
2479 5
4026 2
11120 7
2124 3
12016 3
7589 5
3532 1
7301 5
9728 1
14949 4
2876 2
4436 6
7794 7
8875 9
15434 2
7905 10
649 8
2340 2
11510 3
14623 2
2079 3
2471 9
14455 3
9032 4
3995 5
12330 10
7896 8
9979 4
9496 6
6049 4
9938 2
10061 2
11451 5
13286 9
6654 8
10948 10
2032 8
16245 6
13419 3
15241 1
12395 2
4714 3
7762 6
6524 3
12854 10
9418 6
50 7
2517 7
2732 3
6434 10
1107 8
16306 6
14735 9
15396 6
212 2
6453 7
9179 2
5825 6
8976 5
8782 8
8863 9
3303 7
3378 9
1751 6
3811 2
8364 5
1100 2
14843 10
1448 1
15086 1
12495 6
14414 4
14909 6
12043 4
5792 1
14209 8
1996 3
2542 4
6236 6
12110 9
2657 9
2907 1
3560 9
5495 8
13953 5
6132 8
12084 5
11097 6
13532 3
13900 5
1500 5
3844 2
4145 7
9615 6
14923 9
432 2
14421 1
16327 9
794 7
4262 8
6078 4
6408 8
8293 8
11818 10
14739 3
12019 7
15888 2
6379 8
13574 4
1948 2
9572 9
10243 8
5418 4
5750 7
5013 2
1542 5
7937 4
4374 2
13193 10
4763 8
9904 7
14402 9
10860 2
11617 6
13002 10
14316 6
29 9
16362 4
13924 3
473 9
5100 6
5206 3
1315 3
5578 7
13604 6
15466 1
4695 2
5691 10
7348 7
9563 4
5064 7
9113 6
7594 4
7662 10
7527 5
2420 2
10984 2
15264 5
1143 5
6690 4
14675 3
13174 4
1746 9
14047 7
1249 5
14628 2
5386 7
4541 8
4361 9
14903 6
3394 8
4081 1
6993 5
15907 9
16017 5
1116 5
3198 9
5811 8
6005 10
12066 9
5181 4
6026 1
13782 3
12207 2
13266 7
14140 10
15046 1
4178 7
15413 7
1692 7
7733 8
4968 5
1743 1
13443 10
5296 10
11246 1
14303 7
7057 5
8210 10
14040 2
3244 4
11791 2
13051 5
15199 9
15651 4
15817 8
209 5
6224 2
7320 4
9337 10
8319 10
8871 7
13252 2
4061 3
5992 8
6680 7
11486 7
11445 2
15652 3
4539 7
4118 1
4790 5
13837 5
8262 2
3862 4
9699 7
5141 2
9579 3
12520 5
12530 8
13056 6
15567 10
2822 2
8482 5
10445 10
15324 6
2463 2
6535 5
9197 3
13838 2
12353 6
12374 4
13541 4
2674 1
3552 3
15451 1
1538 1
3953 4
14330 1
2959 10
14198 3
7277 5
5084 1
3977 8
5979 5
1600 10
644 9
11844 3
12136 8
5435 8
9964 5
13801 3
7719 8
5818 5
1729 5
655 1
6049 7
10035 3
7897 6
2121 6
7397 9
6903 4
12323 8
12791 9
2329 5
3629 7
14351 2
15576 7
734 5
7094 1
8035 1
9380 6
5605 1
7636 4
11998 6
10373 7
10498 5
3250 5
5515 10
11284 2
14254 7
1746 2
3024 7
4641 10
14145 5
11457 2
3750 7
4490 5
4534 10
6513 9
15717 8
4656 1
13158 2
14848 2
1967 10
3173 8
16151 4
13472 5
9915 6
14582 2
15136 5
6475 5
12756 7
4666 9
8584 5
14785 3
11664 4
14961 9
16023 8
7057 2
16055 2
10928 6
11508 4
15648 1
3555 3
3603 8
9782 3
10693 8
401 5
9804 1
9511 8
12779 3
8906 9
11494 8
9869 4
10792 8
15294 6
5635 5
7324 7
8347 1
277 2
8455 5
512 3
16253 7
1207 9
2611 8
4770 3
5271 4
11866 7
12874 7
2039 3
10178 10
1283 7
9553 1
14225 8
7765 3
15054 7
16251 4
7134 1
5134 2
11104 1
11131 5
11460 9
2780 8
7337 9
15570 8
11878 10
11761 5
14231 6
16293 6
6419 1
938 1
6005 10
9940 9
751 6
4093 5
14567 1
3472 9
13712 2
275 1
5331 3
111 8
7969 4
3132 1
4020 5
4216 1
7087 4
6765 6
3634 4
14589 7
12018 10
15848 9
3468 7
4164 2
6867 1
14716 3
2759 5
9695 5
909 1
1162 3
3688 8
11766 4
12809 7
15172 7
16056 1
1546 9
3757 3
3970 4
2453 9
9672 2
11805 9
8199 4
8843 5
5506 2
3255 8
12926 5
3485 10
8064 8
14962 4
14057 9
6022 5
10785 6
15601 5
5281 2
8429 4
5668 8
1846 9
10094 2
8406 9
8580 3
6872 4
15848 7
12870 8
11524 5
9326 1
13428 5
8005 7
1223 6
2248 3
15940 5
10002 2
12666 9
15457 1
6464 6
544 10
2443 5
8996 8
8937 7
10873 7
8415 7
9173 7
3193 10
4670 3
2366 5
12892 5
868 7
6157 9
3223 4
9645 2
541 3
10939 3
653 3
4578 5
4256 3
3612 9
10269 4
12242 3
3123 1
5971 2
6625 7
9588 6
14097 5
2889 8
3192 4
14459 2
12588 4
6116 1
9609 2
11129 7
14495 7
15296 1
15802 10
9014 5
5235 9
4528 3
10170 3
15646 1
2523 2
12433 6
2960 9
13049 1
9361 5
13176 8
14483 10
1076 8
6815 2
7488 6
7917 3
8292 1
8584 8
7740 3
8664 9
4298 9
4 5
2339 1
14321 2
5234 8
6980 1
15265 8
183 5
13209 10
3269 3
3828 9
11388 7
595 1
6666 5
11318 2
14274 8
4180 6
4466 1
8210 3
9826 8
14400 6
15584 5
7030 6
8970 3
11052 9
10278 9
3669 3
6924 6
12332 1
3963 1
4357 5
7518 6
7549 3
13106 2
5886 1
9914 2
15832 9
16183 9
2027 6
5834 5
9597 1
5609 3
12408 1
11229 6
11849 3
12861 4
12944 10
4050 3
7891 1
4417 3
1664 2
5863 1
15583 10
549 10
244 3
4769 7
9130 7
3448 4
862 8
5186 4
15721 1
1040 9
13458 4
7452 10
673 9
11659 10
684 2
2146 4
3296 9
15953 7
6870 3
3253 7
12090 3
10406 8
14744 10
7683 5
4315 2
15684 1
8708 10
14928 5
4089 9
6459 7
2823 2
15237 1
11400 3
2456 2
5451 6
13663 1
9707 6
12809 8
111 2
9005 4
431 8
7773 2
5194 2
813 10
3448 9
8719 1
4231 1
13771 5
4941 3
8934 2
11753 1
3404 7
10332 1
14552 10
1492 7
6221 2
8082 7
7914 9
10743 10
10831 6
12108 1
13108 6
8853 2
4043 7
2433 3
10480 3
741 10
3267 3
10249 4
13204 4
3315 2
5909 8
6560 5
7739 1
12450 5
37 5
14027 2
624 5
2949 9
5927 5
11990 5
13306 7
6043 6
10012 5
12571 3
1534 8
2930 8
2932 6
15131 7
12781 6
14903 10
10011 10
11356 10
11942 7
4570 6
8814 4
388 3
13333 5
13022 8
10207 7
539 2
2094 5
1898 6
10102 8
15093 8
10275 1
3214 9
1002 7
8492 2
13610 2
15004 9
969 10
6984 2
2660 5
982 4
13377 7
15446 8
16215 3
1296 4
8935 10
1030 7
15703 8
12174 1
4691 2
7274 2
414 1
10562 2
5522 10
1852 4
4495 10
6026 2
7892 5
12196 10
8611 7
3081 3
6035 6
13370 9
2234 6
7988 2
11898 6
4552 3
8736 6
5556 4
7078 2
12358 7
10707 10
11663 7
12860 4
6805 10
1611 8
1422 3
2288 7
8465 5
10817 5
7834 4
15865 6
2580 1
2755 6
6089 5
8019 3
11760 3
14876 8
15735 7
1223 8
15610 4
2627 6
2891 9
12645 8
2270 4
16133 1
101 6
256 6
7689 8
15712 6
5366 2
3990 5
11984 5
14470 10
14636 4
2725 5
8591 7
14625 4
13858 4
9815 4
1865 10
3183 3
3221 7
5694 2
7592 10
9377 6
16328 9
3220 5
7764 9
11241 10
13525 9
6356 1
6450 4
6615 4
8314 7
7527 4
10826 5
8714 7
11263 1
11715 4
14456 2
1419 9
2413 2
3064 2
7248 8
10802 4
16285 5
8512 1
16187 10
9713 5
8725 6
8248 6
2041 3
9832 3
12862 7
1255 2
5439 8
6424 6
8005 4
7442 4
3641 2
235 10
5594 1
13743 7
15392 10
10851 7
4182 2
933 3
10497 3
14450 5
13346 7
2100 6
4850 2
6585 7
12450 7
877 7
3283 6
7480 9
5452 10
7324 2
15482 7
2424 2
8538 6
3766 1
5455 8
15452 3
5926 2
6401 1
14619 6
2627 2
9565 6
10001 9
724 8
14246 6
6125 2
14950 7
5740 9
6996 10
7876 8
14103 9
11357 6
3997 9
13768 2
12077 9
15208 8
694 4
5513 10
5579 4
1498 8
13978 10
10839 4
15244 2
7668 5
8609 6
3437 1
7088 2
9425 8
318 1
446 7
463 9
1223 2
4542 10
9973 9
10747 10
15275 5
1612 2
14322 10
6427 8
13135 9
14238 2
2123 9
8044 2
4862 6
15340 8
13803 3
924 3
1556 4
7477 3
8846 3
11392 9
15902 2
3342 1
5810 7
6954 2
8681 4
9288 7
15660 2
3629 8
10474 8
2999 3
2940 9
7723 7
4886 1
11030 4
12201 6
14976 2
1957 4
6617 2
3070 9
2371 9
12015 1
11126 3
4222 6
4806 7
6625 3
6759 4
3422 7
4662 2
13809 10
11369 4
14528 8
3424 2
3756 10
4522 7
5099 10
9087 2
16144 5
5008 7
13481 1
15116 4
11117 5
6424 9
6125 7
11128 5
10352 3
13239 7
15309 6
5799 7
6353 6
2269 10
11099 9
13249 5
2494 5
15197 4
13356 4
10256 5
11196 8
2886 2
4875 8
9195 8
15388 3
14996 7
12007 10
11400 3
12315 8
12844 6
13683 9
1851 10
3853 6
2620 8
15750 1
1241 6
5281 7
10490 7
5627 4
15341 10
1309 5
12406 2
10796 3
6069 7
6994 3
8213 5
4547 10
1099 4
968 3
3527 5
5631 5
7839 6
10568 8
1802 8
1612 6
5568 8
7423 9
2399 6
14011 4
12012 9
9559 10
8740 9
9154 2
9329 5
4725 3
5894 4
16228 6
2616 4
1989 8
12343 3
12682 1
11794 3
13160 10
16168 9
6186 1
8581 9
11017 4
13643 6
4611 3
4666 2
4150 6
6755 9
15964 8
153 8
11282 7
2091 7
8716 2
4350 10
6017 6
15846 1
6408 10
16094 1
10088 10
3341 9
6184 9
12293 10
11621 10
11807 4
13557 1
725 8
2924 7
5547 3
7541 1
8909 5
4875 8
7438 7
617 7
3369 8
11478 4
7695 4
11498 6
10066 4
12939 9
13449 3
3495 5
7080 9
6106 9
9343 1
6699 4
10014 2
10557 3
12536 10
2069 3
4222 5
16059 2
10877 3
11096 8
4456 2
4496 10
1536 3
11768 9
10127 10
10966 8
12498 10
14977 1
5068 9
14473 2
7711 6
3251 4
15611 4
9647 6
7194 3
7890 1
7263 6
6116 4
9565 5
2692 5
4316 7
15876 9
13141 9
9912 1
12602 5
1376 4
2697 6
3657 3
4624 8
11840 3
1033 1
2224 5
5975 9
118 10
2010 4
6632 1
13987 1
11171 9
509 9
9588 4
299 2
15550 10
788 3
14820 7
5498 3
15772 4
1114 10
2007 3
5388 5
9286 5
8103 5
7469 7
15147 10
8456 2
8607 10
6966 1
2357 2
9429 1
1353 7
15062 10
9802 2
11916 5
7135 7
4540 4
12214 5
7009 2
3960 5
10186 2
14349 5
552 10
8723 10
6933 6
5692 9
14308 9
4653 8
15304 9
197 1
9870 2
13948 7
15368 5
12351 1
724 1
604 6
430 4
3666 3
5739 5
14285 4
13520 6
10998 10
11318 9
326 4
6808 8
9531 10
3662 7
12543 4
6959 5
12255 2
5654 1
6284 2
820 6
83 1
14216 7
2949 5
10457 9
12382 10
13913 8
6422 8
14074 10
13740 9
13736 1
14161 4
14169 1
3151 9
3392 9
7686 10
3472 4
11789 5
6679 8
4396 5
10122 3
15109 5
15791 1
4294 4
4396 5
4993 8
9395 4
13517 3
16186 5
2087 5
12322 3
15969 1
2316 7
2605 6
6842 2
14781 5
2438 7
8926 9
3981 10
11928 10
13274 7
677 6
1990 7
6540 4
9545 5
9506 6
14350 1
1012 6
13998 2
6122 3
5213 9
6256 2
14762 9
11657 1
15813 1
87 8
6442 7
31 2
10964 8
12320 8
2457 2
5952 3
8193 6
9634 3
11605 6
12476 2
4196 10
6236 4
15897 6
11087 4
1152 8
14552 6
712 3
2629 4
7910 9
12816 1
13411 4
354 9
906 5
2489 9
8712 3
9000 2
6161 5
2912 8
2065 3
10813 6
16229 1
131 6
8381 4
9390 9
2466 9
12239 5
1735 10
1805 5
1868 8
4653 10
3295 5
586 5
4454 7
9682 9
12265 4
13205 4
2279 8
3032 9
4468 3
16184 4
840 8
11121 10
4391 2
12060 6
336 7
7844 9
12453 3
13576 7
10932 8
178 1
2086 7
3242 7
7319 5
15150 10
6008 1
8101 5
10581 3
12391 8
1037 5
5605 10
16116 6
7135 7
4371 10
5246 3
2104 1
8586 4
11350 8
1252 10
2056 3
5065 3
9408 3
1715 4
5535 7
11049 6
13556 5
14012 9
4298 10
6636 2
13722 1
13721 2
10248 1
3593 5
3655 6
6214 8
3537 8
11939 10
12161 7
5292 3
7057 8
6799 3
7832 5
13042 1
215 1
3052 5
5927 9
6314 8
8486 5
9599 4
5413 10
13969 3
3652 8
8785 8
4407 1
8568 9
7461 8
4590 2
6597 10
8133 5
3869 8
14504 6
2401 10
9292 6
8054 4
12055 9
14701 8
2577 2
12946 9
12252 7
5153 7
10539 9
1571 8
5532 3
7395 3
9450 6
9549 4
1530 6
13880 8
12116 6
7686 10
3082 1
10828 5
1335 5
9909 8
10060 9
3825 5
7110 9
3852 7
9275 7
14094 6
4871 3
7135 7
457 1
882 2
3282 5
6808 5
3040 9
16091 8
2880 9
9108 4
3669 6
7787 5
2684 5
5787 7
11366 10
11743 10
13165 5
13411 3
4837 1
3601 2
6869 2
11909 2
15927 4
7597 3
5696 10
375 8
3514 6
8669 6
16220 6
2324 5
13218 3
5013 4
6569 7
9462 1
8250 3
8762 5
14300 3
12209 8
9628 10
14881 4
621 2
3098 3
270 4
3677 10
12948 10
12604 1
1189 5
4539 1
9583 4
8709 4
14675 8
11394 8
11930 10
11983 10
12476 3
7470 6
8371 7
1103 7
11611 10
14635 1
9927 3
10852 9
15243 5
5924 5
10759 6
505 7
16098 9
16294 3
218 5
2196 9
14736 9
15349 6
14790 6
14938 7
15903 8
11853 9
1327 2
7594 1
11283 6
954 9
4917 5
9135 6
2974 9
12261 10
14546 7
976 4
3949 5
7522 6
5217 10
13741 9
3329 8
4631 3
14186 5
15397 8
9831 5
8270 2
13847 1
11328 6
6612 5
9261 8
10684 10
439 8
4089 10
4627 5
5778 10
7838 1
9451 2
11828 7
7410 2
2063 6
10324 8
10531 3
1098 9
1916 8
8719 5
11329 9
3159 3
12168 5
6273 7
9960 3
14437 1
2465 4
15430 9
14420 9
1585 2
8259 9
14997 4
6753 10
9224 6
10340 7
1901 4
12500 1
13922 2
9063 6
10176 9
12449 4
2298 1
9342 1
7545 8
12254 5
5343 2
10374 9
12388 8
12574 9
14073 4
7993 2
9388 6
3488 4
5058 3
10754 1
6211 8
10217 6
10373 10
6240 8
5957 3
9814 3
5808 10
12104 6
13601 7
13168 10
15625 6
4316 7
1529 4
2518 3
1130 10
12647 7
13655 1
13115 6
8552 8
15225 6
15575 2
2742 10
1304 1
4331 7
2093 4
11170 7
12867 10
13335 9
15663 8
3863 3
6570 1
14496 10
11117 9
2885 5
3982 9
4961 6
8493 7
10450 10
5167 6
14180 4
7125 5
12866 3
8819 8
15829 7
1434 4
7664 7
1395 8
697 4
10138 2
8171 9
13974 7
15207 5
5374 6
803 6
3484 4
3454 1
11683 2
7913 6
8487 8
4464 5
10140 6
6225 7
12667 10
11108 5
12188 5
2005 5
7956 10
6056 5
11457 10
9869 4
14359 3
10978 5
11180 2
13418 8
14940 1
15952 8
9597 10
1763 7
13141 2
6379 8
11185 5
5800 4
14174 6
9129 2
9172 9
124 8
10652 9
2145 3
10932 4
4983 1
6454 4
11451 6
4857 7
8076 9
10144 9
11110 2
15756 9
10364 10
11506 6
12288 10
14232 5
2515 10
11353 6
5833 6
12796 2
14729 5
14498 3
6813 5
9568 3
5851 7
10218 10
14000 1
3745 6
8486 9
14993 10
1465 5
10471 8
13625 8
14421 4
6877 5
9962 4
1128 3
12004 10
12604 3
14609 10
15616 9
281 7
3611 2
1815 9
10086 8
13071 6
15454 8
4944 10
15184 7
9826 2
12024 7
13018 9
1075 8
14499 4
13848 7
3561 9
11059 10
14182 9
6605 6
9780 2
9924 2
12671 8
15458 7
6850 9
11704 4
3748 2
1504 1
14365 5
14995 8
5155 4
7965 2
5473 3
3229 2
15755 8
7163 4
9369 4
4905 3
2325 3
6401 7
9141 9
9448 2
9976 1
3446 2
10803 10
11884 1
14443 1
15054 10
5682 3
8093 8
8767 1
5307 3
10493 2
11851 6
12860 7
13605 8
9544 6
960 10
8789 2
10510 5
6949 10
10423 4
14128 7
14391 9
15059 1
11244 8
9878 1
9892 2
1262 10
4264 3
5929 10
7854 5
7885 1
7949 6
8161 5
14980 8
11621 5
3534 1
4814 2
13803 10
16285 6
2971 8
15919 5
11454 4
1711 2
3063 7
12320 9
13300 1
4533 4
13203 3
7270 5
3969 1
395 7
3013 1
3691 9
7367 1
6539 8
14347 10
970 9
1101 10
10713 1
2204 5
2792 9
1078 8
13076 2
975 6
1544 8
1942 8
2179 2
2875 8
3299 2
15165 10
12249 3
13686 3
2890 9
3453 5
6317 8
8656 4
7939 7
8182 3
10489 2
16363 9
8228 4
3996 6
13086 10
7928 10
2535 9
6004 4
9243 5
6460 4
5144 3
1337 2
832 4
7805 1
8555 7
6474 3
13849 6
5342 6
2831 3
3483 7
9003 4
6663 3
8287 6
11257 5
13385 3
434 2
4161 5
6265 3
6217 6
13248 7
5093 9
2253 8
5701 1
10335 7
1068 6
10367 1
10564 6
8662 9
5350 4
1622 3
6777 1
15582 7
8464 10
4402 2
15811 10
12151 10
12392 2
13945 3
14666 4
712 4
7417 6
14312 9
763 9
3236 1
13936 4
11107 2
11451 4
13606 5
338 3
11253 9
2839 7
13119 8
3219 7
13379 6
10540 4
5097 6
5577 8
10422 10
10911 4
12193 8
15931 2
845 4
12464 1
16114 4
15893 9
2227 2
7988 5
2703 1
857 8
12793 6
1912 9
7843 4
12003 8
9439 2
15315 9
1499 8
3362 1
6524 2
11124 9
12131 1
8913 9
586 3
12940 2
13835 5
1455 2
1556 1
4072 8
5369 5
13506 4
15723 10
15346 1
10133 7
11457 8
14086 9
8295 7
3066 3
13277 3
10037 9
1741 2
15374 6
70 8
14850 4
6369 2
13000 9
15134 1
15507 7
551 5
1576 9
5150 2
8012 6
8538 8
14299 1
10010 2
4494 6
7816 7
14378 1
12117 8
13971 4
7432 10
8631 3
15870 10
15874 3
7865 9
7943 10
8096 1
1252 2
6100 10
468 6
4607 10
13183 4
5270 8
11668 5
368 5
6327 10
6377 3
9255 1
1120 6
9248 10
12905 2
9273 7
9573 9
10197 2
164 7
3521 1
6167 4
13985 4
3633 1
9142 7
11652 5
9123 6
12303 4
12708 3
811 10
1869 3
5471 9
1258 6
4865 3
4138 6
16080 10
4834 7
8724 5
2748 10
12610 1
11047 8
7020 3
13005 7
3539 9
3801 4
848 10
952 4
4650 9
5115 2
5227 10
7945 6
2685 5
4520 1
5696 3
12505 2
14865 1
60 1
6758 1
11625 8
14640 1
11010 8
3414 8
11033 3
11726 6
1242 8
4821 4
6203 9
746 8
3810 10
12221 5
7176 4
7553 9
7815 4
8748 7
890 7
6567 4
2462 7
12920 7
4923 2
9913 2
8555 9
6090 3
11333 4
14056 8
430 5
3183 10
5383 5
10363 5
15520 4
9843 2
1887 9
3426 7
9987 6
11393 7
5829 7
12141 10
15711 6
7853 5
9438 5
2439 1
7217 3
12676 1
6496 8
7137 9
12557 9
7084 6
2305 1
8201 4
4822 10
7623 7
11528 9
12757 3
14276 5
3263 9
8018 6
2436 7
15545 1
12308 4
3816 9
9408 7
425 1
9059 8
1119 7
11650 4
9823 3
3852 9
9031 10
4154 4
10339 8
13979 8
7441 5
8649 2
8088 9
3499 1
174 5
5100 3
453 1
6966 2
9354 1
10693 6
11034 9
12198 4
16299 10
1252 3
3731 4
2937 6
4173 6
6542 5
13452 4
1702 10
1907 10
3383 6
9328 7
15249 6
12761 8
7604 6
10220 7
1736 1
7149 9
6420 6
3922 9
11972 2
13426 4
13896 3
13923 2
11076 5
12978 9
9471 6
5051 8
5758 7
11811 9
14414 1
12114 3
2502 5
10615 3
10126 9
7757 7
4411 1
12160 3
2682 10
4324 2
4669 10
5140 10
6352 2
3289 10
6256 4
4949 1
7534 9
11410 1
10098 10
1980 8
2730 6
4986 8
8511 6
12681 6
15940 9
14412 4
8313 10
9498 5
2691 7
10981 9
10037 8
12851 9
15933 5
14034 8
13206 3
1663 6
4451 7
8985 7
11958 5
15276 5
7570 6
94 9
6613 7
8567 10
16081 6
9307 8
12788 2
12449 4
15729 1
5085 1
7049 10
13210 10
14049 10
12887 8
3732 3
15840 10
16335 10
3500 2
7580 6
5961 9
16296 6
3800 8
404 7
1667 4
9074 4
15431 6
4932 10
14562 7
14730 3
15748 9
456 9
3197 5
3007 5
3682 7
14324 7
3821 2
9735 9
14786 3
7197 7
4545 8
14848 3
4544 4
13101 3
15175 4
7122 10
14542 6
8943 6
9142 6
4851 1
7474 5
2599 8
4763 2
1512 9
1176 1
8955 1
3994 10
11096 4
13966 2
8895 1
2064 6
15025 9
8329 4
3371 1
9879 3
4287 10
6358 4
14839 5
4814 6
11883 7
12629 8
4690 4
9373 1
4124 4
7072 1
14768 7
4528 3
427 2
6161 2
13831 8
15188 4
8474 2
14064 1
7834 6
7591 8
1239 4
10376 5
12967 10
3145 6
7799 7
4904 3
10485 3
3808 9
11163 7
14933 3
4081 5
14896 9
3056 2
3897 1
10666 2
12225 1
3472 6
3942 5
5139 3
12461 6
16367 10
16372 8
7130 6
6474 8
14182 5
272 9
9721 9
1385 3
7315 9
8459 9
7576 3
5858 9
12236 3
4094 4
15494 8
317 5
326 4
5620 3
8457 6
8719 4
7645 10
14069 7
2887 2
1234 7
14813 1
379 8
1687 1
5736 10
3629 9
15182 2
3967 10
5569 10
8493 5
2892 4
10980 4
5988 2
12592 2
875 7
1122 1
1702 1
11714 2
14888 5
3547 1
12552 8
4940 5
6884 9
7760 1
14594 1
2959 5
1586 8
10831 8
7534 3
15598 2
9979 1
14520 5
2006 3
6020 9
8056 10
8060 8
3971 1
5716 2
13631 7
2911 7
5904 2
13233 9
4781 4
5499 8
15633 9
14112 5
6797 9
7096 3
8813 7
8449 7
4588 10
8630 2
2031 6
3670 9
5338 9
6425 4
6952 4
9932 1
12041 3
15926 3
3174 1
5928 10
15508 9
8486 4
10038 10
14873 1
8459 8
2187 9
4712 5
14872 10
3918 4
2278 9
7253 5
11511 6
1349 3
10182 9
11990 9
15770 5
2647 3
9150 6
9008 6
8983 7
1510 8
10591 4
2548 10
3387 10
3449 9
10318 9
3936 9
9225 1
3003 8
7511 2
640 2
2365 6
10642 7
14952 5
15825 2
2516 1
4611 7
4612 3
4490 10
10271 8
8055 8
261 10
12043 8
5729 2
6019 6
7503 1
4788 3
5367 4
8692 3
10577 9
14007 7
4575 5
8323 7
7567 8
13646 1
9192 9
9119 2
8365 7
5906 9
14823 8
13361 4
3099 3
57 2
4423 9
3183 10
8659 1
4616 6
10564 3
13228 4
3479 1
8783 9
16041 9
10186 5
11350 1
13596 5
5485 3
16224 9
12956 9
11724 5
13144 10
3816 5
15902 7
11445 10
3958 6
5010 8
7942 5
7731 1
5187 4
66 3
5135 1
875 2
6407 4
5807 5
1413 1
10631 7
15131 9
4835 1
7743 7
3862 1
1586 1
13477 4
8603 4
251 3
11440 7
15042 4
3908 4
10709 9
14053 1
14248 8
15780 4
571 5
2145 7
4806 9
6146 8
7505 5
14970 1
1361 2
15100 6
13292 6
617 2
7022 4
8237 8
401 8
12081 5
12791 3
15695 4
8246 5
2182 2
13427 7
1492 9
6335 3
10045 6
5542 2
5951 6
1139 9
1358 1
3689 5
12090 2
9164 7
6534 4
7016 10
4159 9
11219 5
13191 7
13529 8
3809 9
4498 9
14664 2
11660 9
1855 10
14777 7
10744 3
14901 1
2810 4
5048 7
4476 2
3214 7
7561 6
10781 2
2497 10
1113 10
10912 3
6624 10
11618 9
3391 1
4849 2
5352 5
4116 10
6160 1
6498 9
8269 3
12446 3
5630 3
14892 7
11705 9
5041 7
12526 7
10125 10
16094 10
1566 5
6965 3
8144 3
13499 1
15871 3
9141 9
4377 4
12104 5
3751 5
789 1
5187 10
11711 7
12054 5
14793 9
1625 5
2668 3
14622 3
13757 3
11235 6
1659 4
13479 2
8539 2
8778 5
4434 8
16227 6
10828 10
12244 4
2189 9
6048 10
9640 2
13883 8
624 5
15844 3
12581 6
10252 8
11688 2
2167 5
7359 5
5222 7
2743 8
9425 3
11973 4
15814 6
12812 2
1804 8
8950 9
1510 2
6448 6
9908 6
609 6
9290 2
3719 10
828 8
13453 7
14657 3
8469 10
268 5
4674 7
2625 4
1019 9
9871 1
9175 2
14199 7
8489 5
7484 9
11228 4
12286 6
14 9
11246 9
8094 1
11299 4
1392 10
6061 9
13807 4
3205 1
3330 7
5566 10
8209 9
7483 3
10806 1
796 1
14934 8
7072 5
9092 6
12522 7
11981 3
1163 8
4285 3
12280 6
3336 6
4584 10
14928 8
12385 9
11016 7
4999 3
5304 7
1130 10
10558 7
15249 7
1673 9
2095 10
5726 8
6106 1
3128 8
803 8
11933 6
13773 7
5958 10
6726 9
7937 2
5914 4
15382 4
6106 2
11528 7
12589 2
7238 4
15821 10
11884 6
6810 6
7444 1
8285 9
9217 10
13843 5
67 5
8762 7
2849 5
12049 10
2602 3
7533 4
12619 9
351 8
3134 9
15260 8
14759 9
9882 4
12532 4
10894 8
2250 8
2412 3
4876 6
3435 4
4816 10
12787 4
8044 4
4457 10
14973 9
5182 2
10685 8
5721 10
6982 4
9803 8
13920 4
654 9
2013 1
9553 2
700 5
16198 10
4782 7
5173 5
13882 1
5729 1
9801 8
13761 6
9425 1
2773 5
13576 4
2918 1
16205 4
1703 7
5698 5
7269 10
9190 3
2345 9
4198 6
13488 2
14045 10
14707 1
111 5
3308 10
336 5
5818 3
3668 7
13686 8
2249 8
4213 4
7932 7
3835 7
5402 9
15516 7
3830 10
11273 4
2898 9
4618 3
8443 1
326 5
14738 1
10048 3
12017 9
12763 2
14208 4
14724 9
14893 8
11895 5
2013 6
10523 10
12561 9
1119 1
1361 9
3786 7
1944 6
11479 10
9910 8
14029 9
13948 10
8034 6
14798 9
13189 3
14168 3
14308 8
4078 6
14415 8
13230 9
7700 9
9616 3
644 4
1755 10
2909 7
4344 8
2344 6
13617 3
9495 4
14753 5
2797 7
2862 2
10051 4
6993 8
3801 2
10760 5
3880 1
4399 6
15557 4
4889 2
3897 8
6967 9
15753 4
6362 2
8243 5
9027 4
1324 4
8498 10
2301 5
10652 5
14699 10
12031 9
13022 5
13694 10
14295 5
6562 3
15356 3
7105 9
11115 2
11397 8
6440 8
7911 10
11134 9
3438 9
8507 9
10845 7
12367 3
126 2
1130 8
6669 8
9700 3
10336 4
13418 1
8670 2
637 9
9879 6
13304 9
7758 2
7947 6
14750 4
9895 7
15286 6
2950 10
842 9
2701 3
3366 3
8666 2
15122 9
6831 2
7111 4
9459 8
9638 2
13830 1
4425 1
15602 9
890 2
4413 7
14544 6
5827 6
5249 3
16294 5
6371 10
10943 9
2865 6
14129 8
10817 1
14826 7
3445 3
12806 6
4377 10
2492 2
2544 6
13364 1
121 6
7847 8
15061 8
7206 1
10999 7
15634 3
2488 5
5826 5
5906 5
9607 5
11114 8
12527 8
7103 1
2119 2
146 6
9499 3
7511 10
13286 8
7309 7
15408 7
8520 2
15587 7
2398 4
3429 4
5089 10
16075 8
13346 5
8072 4
12983 6
15075 10
8244 7
10168 2
8474 9
4336 7
4761 8
7474 10
3954 5
1062 4
15511 9
8444 3
13248 6
10705 5
14296 7
13380 5
11992 9
16093 6
4872 3
9363 5
2521 4
5120 5
6233 1
1607 6
14216 5
6593 3
7513 2
6418 10
13669 10
15826 5
2341 2
9139 9
2765 4
1298 2
1576 9
7325 8
12658 5
11956 3
6831 4
13062 3
14829 8
1119 5
10586 8
11373 10
12168 7
15707 3
9693 2
6648 5
967 7
13779 6
702 7
1241 4
1419 7
5755 1
12734 8
2896 1
12399 5
10978 3
1382 1
2883 7
10117 5
13582 8
8157 4
1748 1
8774 1
2123 2
14897 5
15613 2
15665 7
4124 4
8142 3
1501 3
4714 7
4132 10
10427 2
11281 1
13511 6
3823 4
12182 5
1250 6
11607 1
4697 5
13885 10
710 3
3469 4
221 4
7227 9
12461 8
14735 9
2269 5
3959 6
5208 10
6268 9
11206 1
10833 1
10864 4
11399 5
11476 7
3796 7
8556 3
8619 10
10315 6
3615 6
6600 3
3787 3
13137 4
4879 8
15236 9
8248 9
7048 2
5237 6
16077 2
1638 2
7773 2
15308 2
13170 8
4100 10
12271 9
10553 8
12483 7
8961 8
10033 5
15969 5
15071 8
561 9
3408 8
8590 4
1566 10
6364 9
10125 1
14296 3
2541 2
4288 4
7847 2
8734 5
8303 9
11192 6
13625 6
15451 8
16103 3
16314 10
5370 2
8275 1
905 8
8127 6
12985 6
15571 9
3579 8
11430 2
6718 9
10460 3
11225 5
11332 3
9277 5
4674 4
8035 3
1613 2
8791 4
14792 8
16008 9
6946 4
7578 7
10906 3
7594 2
10711 2
10777 7
12062 5
1003 2
6275 9
8131 9
4307 1
9358 2
4204 6
2837 7
8882 8
3057 5
143 10
3286 6
6746 3
9163 5
10623 9
2169 5
16257 7
7333 9
5673 3
14933 5
8557 7
12180 9
13446 2
6772 2
8824 4
1804 9
6058 6
16160 7
703 5
5578 1
10876 7
12224 4
14337 4
5536 1
5859 7
4712 6
3456 5
5085 6
6670 8
7868 4
8012 7
9187 7
6396 10
15694 6
14092 9
9627 4
8270 4
9426 4
12769 5
16203 7
10850 3
13970 2
625 7
4121 2
8240 4
8753 9
9556 2
5674 5
15272 3
836 10
6148 3
8234 3
6241 9
9785 1
12928 5
13214 4
1935 1
14932 2
6000 5
4011 1
11842 10
14408 5
5941 7
14713 8
6535 8
12156 6
12941 2
16307 3
964 10
12575 9
5509 7
1354 9
6307 7
7935 10
8142 1
5133 3
4514 8
11730 1
2600 10
10073 10
12344 10
15621 9
3648 10
6578 6
9220 6
8462 5
12530 6
14383 4
1062 2
3308 2
6103 7
12408 1
6369 7
637 9
11324 5
13972 6
14626 9
6863 9
8593 1
8942 10
9649 1
2986 8
14248 1
1595 4
2551 9
5393 3
7360 4
8982 10
3050 7
9823 6
11372 9
9726 3
10234 4
13240 3
112 9
455 4
2081 4
8603 6
1307 10
549 2
14556 8
10191 4
959 3
16336 6
4702 6
11058 4
10537 7
11576 3
13169 7
14371 8
16140 2
6195 3
9798 4
12606 3
10695 7
11045 1
13099 4
11837 4
12481 4
13074 2
15227 1
13013 5
2089 9
965 2
3498 6
5867 1
7452 8
8340 8
10528 6
616 5
13281 2
4841 4
5332 6
8308 4
8693 4
8274 3
11813 7
13258 7
11075 2
15540 6
1346 7
2758 7
6992 1
14244 5
2281 5
4489 8
1908 8
5546 10
6978 8
6097 9
7510 2
15193 1
5515 7
13551 4
13003 7
16050 2
4569 7
15893 2
7226 9
11273 4
9029 3
13963 6
1311 9
1901 8
3569 9
3615 6
7390 9
6298 3
3819 3
779 4
116 5
2323 1
5802 10
6639 3
7572 7
11957 9
7747 4
9989 5
10812 1
11761 2
11862 6
12058 4
3441 4
5570 10
5624 9
7361 1
9649 2
14079 9
6929 5
4450 7
7852 8
1736 6
12621 3
13479 6
10797 8
8170 4
11800 9
13784 10
3126 7
7777 1
8155 4
11846 4
11290 1
9824 7
12846 3
1365 6
9001 4
2027 7
834 5
10235 8
11027 2
15473 1
5265 1
12077 7
6431 9
11361 5
14764 5
7818 1
9113 2
10305 5
1493 7
4458 5
4793 9
7329 8
12531 9
117 9
16050 9
270 1
6549 6
11320 6
12072 2
13190 2
15810 5
6853 1
11139 9
9925 5
9045 7
13510 1
1522 2
8985 1
8723 7
14862 2
14413 2
15749 7
2745 6
5981 1
9392 7
2621 8
1573 8
16349 8
2897 7
9112 7
12387 6
2446 9
4481 6
13637 3
13374 3
10843 8
3933 3
9119 4
14165 3
217 9
7745 8
11399 4
14392 3
10913 8
15303 1
933 10
4412 1
9783 6
11445 8
7663 6
3284 4
8540 5
8842 3
9589 8
13147 4
4072 6
10113 5
12659 2
15876 8
4769 9
5810 7
9811 8
6131 1
6435 8
11716 9
1469 2
6385 10
9128 4
1930 5
1471 9
12439 5
9546 1
13125 10
8764 9
512 7
4720 7
9692 2
1128 3
2712 4
11803 2
10465 4
2528 5
5504 7
5539 7
6084 8
9461 2
14037 8
10545 10
14901 2
3404 8
7447 5
10754 10
14375 9
9422 6
12431 9
13268 2
14960 7
28 4
765 5
5341 3
3512 1
1194 10
11905 8
4810 5
7157 4
7485 8
7068 4
5396 8
9167 10
12910 2
14980 9
15838 2
16381 1
2027 1
5025 1
8353 5
15863 2
3893 9
12532 6
984 5
2322 10
13089 4
12959 5
7642 4
3021 7
5740 4
12734 4
15929 4
6191 9
1136 3
10832 8
11831 7
2029 4
10893 4
6899 5
7602 6
9248 1
707 5
3930 7
14795 7
15126 4
15916 5
11392 6
6101 2
11661 10
14974 5
15388 6
4949 6
5539 7
9640 2
13181 2
862 3
9343 7
9902 5
1753 7
444 9
4310 5
8688 6
3521 6
7937 7
1551 7
13873 6
12853 10
16265 10
890 3
1035 10
8584 10
4388 10
9600 3
53 4
3910 9
8858 2
7655 5
15040 6
2737 4
4193 2
6795 7
3755 7
14543 9
16179 8
295 7
7283 1
8422 3
12229 10
4074 4
1369 4
13058 5
13929 1
7434 6
8584 2
9746 1
11958 6
5520 7
14470 3
12378 2
10988 1
14004 9
15158 3
15680 4
11550 1
2218 6
259 10
1662 3
11599 2
11812 3
14751 2
3966 4
8962 9
11800 7
8361 3
7369 6
3020 6
14461 6
7307 7
7734 5
8637 9
4837 9
6106 10
13858 3
1925 5
10619 5
1642 6
3422 8
6343 6
8641 1
1166 8
1796 10
7243 5
14795 2
5318 10
10915 9
14690 5
2031 1
7670 9
8621 7
3785 1
9377 2
13335 1
1211 1
2455 10
14890 8
2094 7
3769 4
5513 1
10614 1
12925 8
1366 10
3800 9
6656 10
6945 6
7965 7
11206 4
14057 8
4137 2
9433 9
1543 2
10501 8
5651 1
13088 9
8206 3
10068 10
10843 5
14949 6
3226 2
3300 9
3575 10
4807 6
5402 7
5901 6
12596 7
7876 4
14255 9
12827 3
10288 10
12290 2
15645 4
5017 3
6162 6
11273 4
13134 3
3159 9
12213 3
7136 10
4081 4
3076 4
14154 5
6692 5
2830 10
8363 4
3656 7
15563 4
9078 2
10463 9
12536 9
491 8
7880 4
424 4
1400 6
6727 2
14925 1
161 9
1700 9
5665 10
8379 6
15330 4
13537 5
16156 2
738 7
1101 1
8343 9
8305 6
14541 3
11245 9
443 3
1164 9
1484 2
3545 8
3601 8
3892 5
4675 7
6934 1
8101 9
10062 2
13614 1
7948 1
13718 3
11151 5
11830 3
11741 8
6784 9
12528 2
7895 7
2393 5
15957 1
467 2
14255 3
934 10
9312 7
7534 6
12664 9
3707 3
7822 9
14633 1
4938 6
12515 3
14699 3
4361 6
5544 10
7090 8
15039 9
15084 7
14394 7
5555 5
2598 1
516 7
4969 2
1325 9
15780 8
5402 9
6504 2
15897 9
587 1
5594 7
6058 3
11051 9
14515 1
6430 7
5761 2
8430 7
4817 1
15859 4
12916 2
13296 3
14693 1
16322 2
1335 9
8390 7
11376 3
9202 1
10388 8
11514 7
17 7
560 5
3686 1
7989 5
2216 4
9610 3
4964 4
3693 8
16141 10
6747 8
7825 1
9636 4
9298 4
3083 3
119 7
10344 4
15681 9
735 6
1216 6
3333 5
7030 4
8525 9
2474 10
6042 6
14601 4
2710 8
6134 8
8364 3
9414 5
2262 4
9314 9
15479 5
8228 8
3858 3
5619 5
8038 1
10891 10
16329 7
2342 3
2452 8
11005 5
7879 6
8419 5
13880 5
14830 3
1164 6
4647 5
4999 4
6672 8
4477 9
13962 6
12645 10
15717 6
4556 1
8307 9
5100 1
12571 3
1771 5
908 1
4266 6
10689 8
13369 9
9010 9
15731 6
12032 7
14930 2
515 8
5187 8
8171 2
16114 6
4227 1
5171 6
10902 4
3628 1
5145 10
499 6
3477 10
15031 3
14294 5
1276 8
4287 10
11819 4
10438 4
8332 10
9512 9
10941 2
3857 9
11592 7
4723 7
4169 5
12432 9
2050 4
4715 6
12646 1
9645 1
7116 6
138 10
7885 7
8480 8
4114 2
165 6
2023 8
5303 5
9222 5
11583 10
854 8
1735 5
4599 9
6097 6
12851 7
16284 2
3224 1
14775 2
10291 6
10898 2
734 6
9377 4
9742 1
15063 4
8872 4
12721 2
2205 8
2497 5
11893 4
15390 9
3386 3
7263 5
8384 10
6311 8
2872 4
13031 6
13056 7
190 8
4028 10
7587 1
8541 6
4915 2
15954 4
639 3
7588 4
8310 7
10115 2
9291 5
9248 4
2852 1
10107 10
5094 6
7436 1
9291 1
10436 2
5223 1
11929 1
5710 8
11629 3
15041 8
11674 1
16092 7
451 5
563 9
14989 5
12797 8
12196 1
2317 2
3661 8
9694 6
5966 3
5110 10
501 8
3942 3
6405 9
12362 7
1193 2
12735 8
12619 2
9891 5
6661 9
13628 7
11558 8
13260 8
3051 9
5130 2
5470 6
7787 5
7448 8
11039 2
7243 6
7385 10
8269 9
14879 5
13007 3
10731 2
536 1
2660 8
8094 3
7793 5
5699 4
602 2
2106 2
4814 3
12775 9
14167 4
10546 5
16357 2
11211 6
11790 2
2691 10
4126 2
11022 4
14738 1
5638 4
10248 5
12315 6
15075 3
2576 9
3720 8
9015 3
12158 4
624 3
10354 1
9252 9
10580 3
268 7
8221 4
6076 9
5485 5
13586 10
15580 2
874 2
6231 2
6674 8
7818 5
15366 9
14709 8
7855 2
10355 1
10407 9
5016 5
7337 9
14825 2
13947 4
16232 4
11709 5
711 1
9506 9
12013 8
12883 9
2621 10
7740 10
10645 2
9445 2
113 6
7155 1
15599 10
8912 3
11086 2
15205 6
8582 4
7040 1
7898 4
15375 6
15884 10
6777 4
493 2
13283 1
11939 6
884 2
1984 7
7715 10
9182 10
11256 4
13467 8
13449 7
5186 1
5722 5
8489 2
132 4
10238 3
1402 7
3138 6
12572 9
3096 5
14315 9
10577 10
2418 10
4004 1
4608 3
10952 4
10649 7
10798 7
11354 10
5483 3
9677 2
2034 5
16091 1
4988 3
6194 5
6220 6
15112 10
11409 8
16028 8
9480 10
13825 8
14097 1
4764 6
9479 5
14113 9
7379 6
2917 8
10410 5
16318 2
4361 4
4771 4
3905 6
14638 3
15682 9
103 8
2973 7
7698 10
15089 7
13782 8
9541 2
10390 9
12643 8
15792 2
5719 2
8701 2
8243 10
4329 8
7817 2
16316 7
2000 10
5609 3
811 7
799 1
14249 4
13703 1
11704 1
1929 4
7437 5
3143 9
4298 8
10600 6
11134 2
330 2
11867 6
4533 7
10349 9
10905 10
37 6
3927 2
7239 8
13935 3
3715 1
12171 1
859 9
10604 1
14450 10
11021 6
14496 9
1717 7
7267 4
6432 6
11496 7
15441 10
1955 3
14355 1
6866 8
4147 9
4890 4
1414 2
11975 2
10706 5
1747 2
14277 4
12091 4
13624 6
12476 8
16044 6
8601 3
10709 1
10951 10
15214 2
5058 7
9007 7
14150 8
2481 3
14968 7
4496 9
1009 3
7375 10
12249 5
1893 1
11079 3
15342 7
8570 2
2396 7
11537 2
10292 9
492 8
2260 7
3960 1
8746 4
10067 9
3729 3
5597 8
11618 4
12905 1
5493 8
1604 1
2813 9
2970 8
15230 6
15394 5
1087 5
4176 2
4427 3
3612 10
11258 9
14889 4
153 6
1223 10
482 7
12581 1
13919 3
4408 6
13264 5
4136 1
6428 1
2875 10
13577 10
10768 8
15187 3
2403 1
9854 5
7841 7
2273 4
1843 7
8814 5
12625 1
14751 9
1709 8
4290 6
6214 5
8271 10
13502 1
13309 6
4261 9
9415 3
8872 9
14657 1
11984 2
15024 3
6169 5
7966 10
7512 3
13786 10
5823 3
9675 9
9713 8
11933 3
12651 1
8663 6
2382 2
4244 4
6646 7
9747 10
6226 5
7254 4
16016 8
2445 3
3473 9
13876 10
8943 1
12056 9
16260 2
1242 2
6885 2
8029 1
11646 10
3072 9
14973 4
911 6
5225 5
6740 4
8531 2
8752 7
4247 3
8159 5
508 9
1557 7
2100 6
5363 6
11349 5
5032 7
11465 5
7838 7
4674 9
3503 5
13812 10
4718 1
8851 4
3077 1
13790 9
15090 9
672 2
6951 3
14462 5
9767 6
4251 10
2850 2
6962 5
10750 6
14431 2
1635 6
11828 5
16331 9
1472 4
6277 6
631 3
1553 5
2914 10
4938 5
9809 3
11780 4
5180 3
3531 7
10520 6
5256 8
7296 7
1191 6
11949 3
11830 8
5713 5
8477 6
7564 5
4177 7
10352 4
15711 7
31 3
52 9
6152 8
7086 1
7886 1
9816 4
3180 3
13423 3
14456 2
12994 1
1587 9
2718 8
8563 4
10538 3
12272 3
13392 4
8439 2
8577 8
3032 2
9027 8
10902 1
14475 8
9169 7
1317 1
10362 8
3710 7
7746 7
5053 2
6757 2
11629 3
400 5
1755 6
12615 10
10581 4
7571 5
9352 4
971 1
5424 2
5971 6
11833 2
11872 1
14330 9
14455 6
2363 4
14224 9
15572 1
13274 4
11070 3
907 9
1494 8
1956 5
8261 3
9048 3
404 6
241 8
10397 1
12557 2
14193 5
9589 9
12659 3
4310 10
5261 9
9377 2
373 7
12838 9
1277 1
9949 2
4247 1
4442 6
6469 3
14572 3
5387 10
4081 1
4956 1
14132 5
14220 10
3752 9
4417 9
12709 1
1165 4
11417 6
16289 9
2531 6
2813 6
5921 7
2666 8
16119 5
2241 3
4276 2
8910 10
9540 4
1719 9
10783 1
1141 3
8645 6
10403 5
12357 9
1347 3
2367 6
9212 7
10028 9
11026 3
5474 1
1995 7
9279 3
1642 1
5984 8
9941 10
8376 3
10981 9
951 3
13288 1
7241 3
433 5
14817 5
13840 9
14763 2
3147 10
5803 10
5935 2
7658 6
5647 5
3638 6
4784 6
2370 8
15702 1
13748 6
12615 3
2580 8
3918 5
8002 6
12647 5
9875 10
10262 3
14369 5
3968 7
10445 3
15426 10
2279 4
4580 3
9323 4
2449 10
3698 10
14169 1
14893 5
15252 3
250 8
6311 8
8174 8
9266 5
6271 10
4735 7
4039 4
768 6
7476 4
7756 2
9212 3
8077 6
4236 2
6557 2
4600 6
14673 7
4241 10
16332 8
13568 9
11478 4
10145 7
5938 1
15972 1
10489 10
8722 3
14404 6
579 7
4800 9
7121 7
10113 2
1408 10
7599 4
15303 7
15912 1
12557 9
13232 10
13183 6
4963 10
5513 1
8459 9
3042 2
14982 7
3809 8
8785 2
2527 4
2706 5
3876 5
6134 1
13080 5
14229 3
12811 6
15580 9
14794 4
1479 3
6685 4
11056 1
11194 5
12356 10
1903 8
6445 2
9637 8
3116 3
12302 4
14345 1
15028 9
978 1
1277 1
5302 4
12504 1
13335 8
14144 10
1370 1
4178 3
6533 2
9537 10
2920 1
3382 8
4758 3
4816 8
7039 8
684 3
15991 10
3032 9
8966 5
5130 8
15409 1
12367 8
15433 6
3855 9
4244 4
8728 9
6740 8
12512 8
3771 1
10149 4
13200 9
14363 3
1858 4
2894 1
12003 6
13439 8
13310 2
280 5
4012 4
9442 2
2609 10
3801 3
11028 1
8338 6
4228 8
14594 9
15909 5
117 6
10417 4
15549 7
16255 8
4634 6
8660 3
15237 5
1926 3
2504 6
6266 8
6374 10
6826 10
9711 10
10426 5
11934 6
11951 2
581 10
2694 9
13738 2
11926 2
1542 9
4874 5
8584 7
10201 7
15794 6
2093 2
744 9
2765 2
11084 10
7452 6
15844 1
6139 4
9482 8
5759 2
16106 8
14787 1
16146 6
15042 3
6754 2
7609 9
5650 4
969 5
13251 4
2124 4
3901 9
5718 4
7928 9
6861 10
10275 7
6274 2
13351 1
4623 4
2453 6
13352 5
12384 8
3013 4
3270 2
6237 4
7956 9
12652 1
5687 3
10167 4
63 6
7600 4
9983 10
13741 3
12935 2
12440 10
13270 2
6797 1
13256 10
2395 5
6384 2
6990 4
12484 1
11334 7
3169 4
5483 10
10341 1
14425 7
2171 10
5314 5
5909 10
8207 3
12207 1
13479 5
9198 2
16330 7
361 10
2261 5
4942 7
8680 5
8187 1
1321 6
7920 5
2327 2
12411 5
14504 3
15174 9
2091 4
12485 6
13878 5
1554 9
3022 5
5365 8
6719 4
9909 5
10080 2
7341 3
15043 9
5367 4
4409 4
10744 1
13314 1
14697 2
2464 4
2914 2
4727 5
5469 8
5924 7
6871 1
8538 6
10902 10
1148 5
4853 5
10185 1
849 1
3642 10
9983 2
8 4
16245 8
10547 2
2174 7
12084 1
13829 1
15146 2
1182 6
1799 1
3493 3
5234 7
7412 6
6249 8
14096 10
93 1
9845 5
3607 8
4637 8
11340 9
12228 1
6776 6
9089 2
3188 9
3065 8
11901 7
12825 5
12989 3
14093 1
1888 1
4976 7
5116 3
1572 10
10281 2
9339 2
12123 1
4952 1
4731 5
14260 1
15091 6
492 7
833 7
1060 6
3013 5
15259 4
11636 10
13147 6
14033 5
14937 3
9562 3
5952 6
6501 9
12304 6
12506 10
1310 10
6109 3
8572 5
5069 1
4238 4
10807 8
4644 9
5922 1
6368 6
5451 2
5643 2
3417 5
2980 1
12191 10
12608 1
2040 6
3540 8
7569 7
9775 10
4221 8
9855 1
10628 8
10692 9
9709 9
14826 5
11154 7
9304 2
15519 2
16306 5
1263 3
9543 10
10603 8
14513 10
276 6
5456 3
823 6
9286 5
12683 9
6057 2
5193 7
5346 4
8529 7
12578 3
2229 9
1290 6
4739 7
6822 5
11303 10
7698 3
8522 3
15357 2
14462 2
1237 10
6229 7
11024 4
164 8
3681 3
4199 10
4601 5
5066 7
6153 3
7914 7
7515 6
8612 9
2257 5
11637 4
3849 8
6417 1
7401 4
8816 4
650 1
9674 7
10953 1
2053 8
2821 7
10721 8
2583 2
5430 7
8362 1
8647 7
882 7
11974 7
11628 4
14509 8
1874 9
6566 8
533 2
9202 8
12095 8
8170 9
14864 9
9142 10
12748 10
11400 10
13614 1
9624 2
8911 1
5082 2
10573 9
13969 6
2940 6
16233 4
1819 5
10931 4
12833 2
13899 7
5029 9
9626 6
3016 1
10806 3
4971 4
7215 5
14066 1
3838 8
6114 5
8880 2
14735 10
1041 6
12326 5
15402 5
1062 4
6581 8
15019 10
9008 5
4231 8
15904 6
14085 6
1818 6
4520 8
6636 1
13114 5
556 4
15664 8
9632 9
295 4
11629 4
8940 1
6557 5
13855 7
4717 10
5437 4
10356 6
10078 7
1671 8
2079 10
5838 9
7021 1
6475 2
13877 10
4659 3
5663 5
3088 7
6459 9
353 10
2530 1
4020 8
8522 7
15418 9
6951 5
11535 3
11757 10
12771 4
13450 8
15291 6
1096 6
1687 9
2468 7
3010 9
10092 4
10806 6
8233 8
4221 2
7310 7
3963 3
11212 1
15911 3
10604 2
13106 5
1297 8
5983 3
7439 4
544 9
159 7
3404 2
11496 8
2225 1
5296 7
448 1
12555 4
15604 7
10269 6
4698 6
5304 10
806 4
8181 1
13919 10
7794 8
8622 4
15627 7
2067 4
12522 4
13869 8
3988 4
8371 2
8609 3
10236 3
3554 8
8488 5
3421 3
12283 9
12956 7
14973 9
3170 9
3850 5
6187 3
6625 3
13808 4
4889 5
8313 2
5449 7
625 1
12328 2
15365 2
13695 9
4771 5
7428 10
15200 3
10626 10
11163 10
3352 4
11213 7
4000 1
14324 9
10473 4
3219 7
11630 8
13769 6
4137 3
12027 10
16336 6
16163 7
677 3
11635 4
12600 10
9132 1
15334 7
12718 5
13152 3
10513 5
14564 4
10778 2
4146 8
6243 8
10790 6
9163 6
13786 5
15509 7
15741 10
1192 5
6086 5
11617 6
10106 4
1283 7
9835 2
8846 6
11422 1
15757 4
521 8
2601 9
4845 4
12669 9
14117 10
10204 5
11307 2
15218 9
7276 1
7683 10
9452 3
2261 7
13138 5
11076 8
7517 7
11200 2
12309 8
14386 10
6354 7
755 4
12396 5
12882 7
16224 9
3360 8
5112 2
6921 2
656 5
15860 6
11183 10
10259 8
13615 5
15482 9
2628 9
4334 7
7300 2
11762 3
281 6
5254 7
7997 8
3042 9
7190 3
8746 5
7038 9
10479 5
12494 3
3711 1
9613 9
4623 7
2471 4
16086 5
1429 3
7718 3
13047 9
2843 3
12245 1
11731 4
6220 8
6497 10
8393 5
15096 4
9428 10
8471 4
16159 6
277 6
8748 9
8924 10
4472 8
6221 1
10283 8
5875 8
7273 8
2096 1
15762 4
310 3
6317 8
461 3
8245 5
10596 3
14014 8
8671 9
14403 9
14481 3
2572 10
5413 7
7201 4
7283 6
8829 6
9136 7
9749 9
14067 9
14338 2
2982 4
3679 7
1931 5
10991 4
11204 6
6491 8
4016 3
15117 9
6654 8
10562 3
11744 9
11784 6
12821 10
2124 1
10114 1
10589 1
11538 1
11772 10
7341 2
9758 5
9554 2
4301 4
917 2
14745 9
1898 6
7800 5
3302 9
5237 9
1017 7
1400 8
2908 10
5418 8
8511 6
6102 10
15886 4
2291 6
9239 10
13883 2
12735 5
14521 9
15445 5
4929 5
7465 1
14194 6
1381 8
1549 5
11561 1
9880 4
7575 1
5638 2
15395 4
15931 5
1493 1
259 10
15790 6
3015 3
5467 6
6447 4
3797 2
14463 5
1590 4
13917 3
553 8
2692 7
13422 7
15552 3
1394 10
3420 1
396 1
8649 2
2011 10
1812 7
6711 9
9682 2
13167 3
329 1
1574 4
15679 5
2755 2
10609 10
223 9
15120 9
650 6
8237 4
9222 4
10574 4
11775 2
11987 10
13312 6
12049 7
11981 1
11700 1
16378 5
2817 6
3355 7
10100 7
8508 6
12192 3
10292 2
12779 7
13077 9
15750 4
10366 7
14499 3
11702 1
10574 10
1509 10
2350 10
7974 5
4144 2
11987 3
13989 2
3436 3
7980 6
8981 8
10169 5
931 5
14987 1
6091 9
6606 7
5682 5
7002 6
2904 8
2044 9
4254 2
12553 2
13948 9
4805 10
9481 7
8467 7
4110 7
3782 3
7043 4
11406 4
16003 3
6032 2
10732 8
13746 5
10740 6
12180 1
13390 6
808 6
1104 1
9314 9
3379 1
11836 5
13003 10
2640 3
2742 4
4321 10
15404 7
13473 8
8635 4
7150 7
12181 6
3373 10
4439 6
15311 10
3258 9
8240 6
7456 6
8809 4
1864 10
7595 4
14031 5
5106 8
11612 7
14137 9
3419 2
6371 9
9616 6
1200 6
6335 3
3533 5
13946 4
8861 2
9249 10
9634 10
2966 10
1730 10
6641 2
8312 2
9705 7
15023 3
14335 6
6811 5
5944 5
13544 5
4332 1
7577 9
8783 8
6540 3
13453 10
10327 2
16335 8
5865 5
6237 1
6906 8
6309 1
1841 1
10495 10
13991 1
3121 3
5762 1
7205 3
9203 6
2145 9
423 9
8929 4
13675 4
15793 5
1449 7
5089 6
6741 6
15743 6
15386 7
3049 8
3885 7
8171 5
10952 5
6611 1
10436 1
13617 3
14080 3
15292 7
615 1
5014 10
1213 7
13355 1
8055 8
13317 4
549 7
5224 7
8475 1
3320 5
1013 5
12637 10
11359 1
175 2
1872 5
4864 4
5337 10
13008 4
11725 5
12235 5
13330 5
14437 1
2600 5
12753 10
5139 10
14024 5
7717 9
2216 2
2032 3
13349 5
1209 10
13861 9
5213 9
11051 6
7181 8
12990 4
11843 6
15932 9
2940 1
4687 1
7401 3
11827 8
13222 8
4860 8
10722 4
11277 1
14225 7
1436 6
4308 5
9879 4
7110 6
11131 1
12902 1
15953 3
16356 8
7992 3
3697 3
14458 8
9896 8
15254 7
11173 7
997 4
3659 4
6986 6
10155 3
1473 9
958 9
10249 8
6657 2
620 6
3146 10
9004 8
14197 9
9365 8
13341 10
14383 10
5948 10
5799 4
11510 3
10007 3
7375 8
3592 4
6270 2
13951 10
269 3
6784 8
9104 1
12149 5
3465 1
5853 4
9344 2
10706 10
13557 3
3534 9
761 4
2046 5
3894 1
10952 8
15102 6
12316 2
6869 10
6043 6
14614 10
9390 8
12407 4
930 8
1007 3
7016 4
6688 1
7919 7
5525 4
15370 5
16274 2
4838 1
8196 4
7107 10
11554 3
2662 1
6978 3
8155 3
2728 7
8034 3
7131 9
35 9
13737 4
503 6
9057 4
8261 10
13423 3
12419 10
1125 6
3550 6
9995 5
13938 1
13547 7
9580 1
11197 8
12968 9
13582 1
5892 8
8419 7
10236 8
9477 4
7720 7
574 1
11521 1
8906 2
6583 2
9024 4
14871 6
13319 9
1797 10
14530 10
7124 9
10614 4
7559 3
9780 8
15599 9
11083 6
14427 7
1064 7
1488 9
4687 5
8122 7
3481 1
15164 2
11756 2
4995 6
12337 3
14861 10
12857 3
15880 6
4931 5
16213 5
1340 4
10287 4
12369 1
14976 1
1280 4
3689 1
9524 5
10941 7
7849 2
386 1
1393 10
5743 10
8586 9
8614 5
4041 1
15031 5
1109 4
6232 10
8835 5
13092 2
14887 8
8583 1
3724 6
4783 1
10172 8
10830 3
14762 2
196 3
3034 3
12908 6
13518 6
16240 4
6703 1
10817 1
16070 4
6168 6
12081 7
8351 4
2043 8
1004 9
3914 10
6307 4
7888 9
13304 4
10073 3
11613 2
12367 8
1507 10
7136 5
3119 6
7209 6
3404 10
1278 3
11508 4
12924 6
3410 9
4697 9
6029 3
8100 8
2515 6
5976 7
14359 6
273 5
4060 4
7967 1
1986 7
8774 1
4097 6
15405 9
190 6
6488 5
13100 4
8364 5
13270 10
10907 2
11349 3
13846 8
5582 8
7204 1
8982 4
7553 4
12477 7
14686 8
5059 9
13089 9
4056 4
12535 3
14375 5
6340 10
8745 6
68 6
14816 7
9449 4
10152 6
11445 8
11661 1
15261 9
2115 10
4583 8
3108 8
11112 8
14454 10
15409 7
1465 10
5241 1
9753 8
4752 5
11207 5
11235 2
12403 6
3803 8
7106 3
8461 7
10549 6
498 6
10361 3
10822 3
13645 6
2425 2
2783 7
6574 2
12248 6
12417 1
7006 6
8090 6
12173 1
12657 4
10104 7
8529 7
727 7
16081 1
9482 1
15229 6
64 9
13713 10
2639 1
10914 10
11790 9
4418 2
6043 4
7110 7
1204 6
1737 10
13158 9
2435 3
9460 9
1401 4
12038 1
579 9
4045 7
7011 5
7187 8
8092 2
8845 1
12335 2
3169 3
1957 2
13554 10
1337 5
9106 5
10119 2
13868 7
9133 4
14294 9
14850 3
2425 1
14997 1
13043 6
12985 2
10179 8
12472 1
13153 8
14125 4
855 7
4165 2
8759 8
6016 10
14571 9
4108 4
4134 4
5445 2
8232 7
2582 2
7869 10
11894 7
13021 8
13945 5
1981 4
6938 4
8091 6
6228 3
13328 2
8640 8
10255 4
130 8
13499 8
3750 7
7314 2
8260 6
9942 10
8087 4
7119 1
5152 8
8034 2
14178 8
6031 2
7324 2
8815 2
5390 1
3800 8
15333 5
11001 4
14204 7
282 3
15102 10
9978 6
6130 2
7785 3
10201 2
12607 6
10027 9
237 1
14796 10
251 4
2684 8
6275 1
13178 9
13621 6
4999 1
13389 5
125 2
5050 7
362 5
14392 6
7 1
5963 5
7898 3
5750 4
13441 3
14390 10
5690 3
7248 6
7408 1
7931 5
1246 2
10462 10
4470 10
11119 9
15678 4
16319 3
6823 7
12795 1
5188 2
8052 3
6523 7
15889 2
8256 2
3433 6
11160 5
4973 2
6240 7
4377 2
12532 8
14389 10
11554 2
11658 5
6026 7
16232 2
13892 2
16053 7
5992 1
8526 9
3363 8
3574 4
3979 4
11814 2
13390 5
842 10
1912 4
3217 10
3654 7
10356 7
383 10
1968 7
4751 4
5934 6
4967 10
1055 2
15842 7
2882 6
3075 9
6407 2
10773 2
5538 4
7230 7
9898 5
4864 6
10457 7
12797 5
5621 3
12759 9
6168 4
14266 10
15539 9
1101 10
4306 10
5004 6
4449 1
12873 2
6397 4
874 4
12786 1
4812 8
8424 5
2477 6
3366 8
3694 10
5281 9
12562 8
8457 3
7078 1
12287 6
598 5
2858 2
4133 5
15481 3
7899 9
11923 10
1928 4
2588 2
7213 9
12873 1
15885 7
482 3
15370 10
3964 3
5827 5
922 5
7947 4
1246 3
16351 4
16334 1
810 10
15052 9
3813 10
5284 9
13603 6
13498 7
2412 1
11298 4
9851 6
13991 10
11745 6
4329 2
5022 7
8868 6
7590 9
158 1
1964 8
13031 10
4542 1
245 5
10841 10
1793 2
2598 8
3850 2
5430 7
7305 10
9751 9
7580 7
3257 9
2623 10
6727 2
15396 2
8667 5
12225 3
13905 6
1047 9
2642 10
3422 6
8249 9
14725 1
6505 7
7067 2
4233 5
11343 8
12758 10
4002 10
7137 4
12496 5
7832 8
15585 9
6621 8
13727 7
3296 5
10529 3
12352 2
10991 10
12219 9
15143 4
2718 9
3825 9
4120 7
8743 9
672 5
10422 10
4828 2
2787 2
9609 8
13551 2
8270 1
14734 2
5801 1
11053 10
13822 5
15676 5
13589 3
4482 5
7003 4
3993 3
5362 3
8206 1
8789 6
10222 2
10857 4
478 6
15009 3
6401 4
14032 7
6499 2
13225 7
14297 1
14492 7
4328 10
8059 1
7240 9
7167 3
14858 10
14158 8
11416 4
7575 9
11955 1
377 9
4755 9
15780 9
9474 1
7348 4
8783 4
1386 3
7281 8
2202 10
12562 4
1420 1
10546 2
13106 3
117 7
12836 7
2517 3
10792 2
5705 9
6897 10
7361 10
8596 7
9662 7
12973 4
11663 8
11345 6
15301 9
16057 10
2265 1
9823 4
1155 7
16084 8
11965 9
12444 5
886 1
8295 10
5444 7
15990 7
11743 2
10476 3
3145 6
8332 4
9103 6
12028 6
2013 9
11136 10
13365 3
13990 7
1731 8
2823 8
3576 4
9701 8
7777 7
5656 9
14595 6
7232 9
7571 1
9612 7
6856 5
6170 2
10440 8
12068 10
5322 3
6405 1
10955 7
4627 9
10109 1
15401 7
12749 2
7811 2
7861 1
2279 7
10753 5
11770 10
3361 1
15612 6
12561 9
8121 5
7639 1
8083 6
9962 4
16321 3
207 10
828 9
2522 5
12592 10
16361 9
13255 2
460 1
6199 1
15225 10
16008 10
869 5
3846 6
5984 8
7717 1
14565 10
7920 2
2218 5
3292 4
14967 7
11669 6
2126 8
2745 7
13365 6
13686 7
10018 9
11094 6
11185 5
14768 7
9366 5
13799 9
1605 1
14931 2
1245 5
6711 5
3112 7
6455 2
11322 2
4157 10
4220 2
6328 5
8068 5
9522 3
10050 4
2170 5
2770 10
4400 1
6946 4
8638 5
5119 6
9187 5
2913 9
12858 7
3992 2
10968 5
9996 1
6457 7
2683 10
8328 10
7141 6
9999 1
3001 3
15182 2
6021 4
7857 3
9136 4
10145 6
10302 7
914 8
4149 7
12947 1
5101 4
16225 6
2389 8
5355 5
8463 2
1819 5
15411 10
14353 4
16320 2
687 3
5577 9
8368 5
8200 7
857 1
4541 9
11218 1
12784 3
13886 3
96 9
3542 7
14195 2
5497 6
10596 10
12705 3
12888 3
1278 9
4908 5
6721 5
10272 3
2776 1
4453 6
5886 4
4044 6
4703 9
10054 8
8696 8
13213 2
1337 10
7289 1
9693 5
1964 1
11823 9
14841 8
8788 3
9632 10
12713 7
9339 9
15758 5
13262 10
720 1
1655 9
8636 4
5868 9
9080 2
15409 9
1636 7
2008 8
6014 5
10202 7
8816 2
10926 9
14679 5
14989 3
5639 3
9320 6
9662 1
6887 10
12541 4
11905 2
1053 6
1196 1
2311 3
9092 1
5460 2
7751 8
7347 5
2604 3
14340 3
15428 1
2251 8
5266 3
14141 9
2421 1
10659 3
7202 9
3683 7
13999 8
11779 2
1302 1
14646 9
5562 5
9006 5
13924 2
8688 7
11657 6
11689 7
1245 7
5922 8
9616 10
4770 7
9418 7
11389 1
11158 1
352 10
844 9
3745 5
14813 6
9614 9
6657 9
4042 5
3568 5
11398 3
9098 1
12171 7
9730 5
4507 5
5199 8
2956 4
21 1
9121 3
6055 10
12075 6
13957 7
1950 10
2348 5
4524 10
4693 3
15848 7
5034 8
12530 10
11413 10
5413 10
1501 7
14748 1
6576 2
3671 9
4845 2
12619 1
16153 6
5431 10
5944 9
4625 2
13304 1
14677 5
16061 7
16352 1
1538 9
4752 8
5362 3
7494 5
8009 1
5768 2
13677 3
7263 7
562 7
4968 6
10465 9
2638 10
8358 5
12699 2
8042 9
11160 2
16155 2
1792 7
422 3
120 9
3389 1
1283 5
5973 2
16299 8
6166 4
15831 4
12741 6
98 6
12493 7
15459 5
4493 7
9959 8
11425 3
16147 6
5828 4
8022 6
9107 10
9316 10
6014 10
2612 8
1899 4
12140 1
12029 10
15081 1
4868 3
9017 8
11910 10
10014 9
9189 7
6235 9
15379 5
3348 3
5166 3
5271 4
7873 9
1954 8
16340 7
1145 1
8037 1
2207 2
2262 10
2417 6
3600 3
16353 9
7051 5
16190 6
10583 3
11486 6
11736 2
13856 4
1151 1
5073 2
13592 6
2451 5
4698 8
13993 8
12334 5
15382 1
4219 4
8071 7
2143 5
15294 3
5292 7
12422 9
2027 1
13215 5
3461 10
6233 10
11208 10
770 2
12183 5
8369 3
13915 7
2850 8
7426 6
7863 6
15389 5
10059 1
388 9
2317 6
7652 9
13370 4
8394 8
14514 4
6400 8
8174 2
12820 4
11735 10
1447 3
1454 2
12596 3
14500 5
2321 7
7831 6
4642 10
3258 6
12920 2
15992 5
15763 10
10465 4
14529 9
6391 9
11873 4
9325 1
10437 6
14797 9
2959 1
4414 10
5307 9
6422 5
10066 5
15965 9
16347 5
1786 4
8696 8
6950 1
7721 6
2698 10
13255 5
9468 8
13 8
5218 8
10792 9
11572 1
243 3
2903 7
14997 1
9999 9
804 7
5570 5
15935 3
15933 6
2175 3
9267 1
12915 4
2993 10
6873 2
10763 10
10012 5
1812 3
4558 3
4785 1
7406 1
7435 7
4113 4
12533 7
4775 5
716 1
3302 1
3471 1
2233 2
665 6
11256 6
3300 8
5206 2
7530 6
5691 4
7024 4
1154 9
10459 1
401 1
9108 10
16067 3
1201 8
14571 5
11764 6
2301 5
1322 3
9176 7
12253 1
9250 9
6376 9
2598 4
762 8
10096 4
14956 2
7757 9
2032 8
10529 7
13277 3
12653 4
15067 7
11106 2
2636 7
4122 6
4278 1
9259 9
8816 4
3160 2
169 7
12821 2
3470 1
10323 10
9669 10
13368 5
7891 7
3542 4
11586 9
15643 6
2652 10
4459 7
5118 6
5669 5
14019 5
9648 4
6878 1
1467 3
920 9
3280 3
6444 2
1233 4
30 3
14472 9
6251 10
8585 7
15683 6
11389 1
14607 7
1731 6
2436 3
3940 4
586 5
10098 5
5 7
3419 9
12956 9
3916 3
9847 2
8714 8
12357 9
4552 4
15657 5
13286 9
8449 8
5288 6
11976 8
3301 10
11195 8
15053 9
8569 2
8846 3
16009 3
4069 2
12825 3
3763 9
6261 7
208 8
14511 2
941 4
3463 3
12891 9
13261 8
752 7
7377 8
7388 5
2005 3
15682 10
2071 8
7323 1
12411 6
15227 9
11157 7
520 2
1351 7
3952 1
7129 10
13690 2
15203 7
5634 8
11521 7
3171 5
5853 3
8099 7
14226 8
5098 5
5889 7
12442 2
904 6
1782 7
9984 2
10226 1
13926 5
3899 6
12102 7
11872 7
12243 2
1605 8
10845 5
8826 1
10402 6
8730 6
14460 9
6110 8
7235 3
9090 4
344 3
6955 9
9972 4
4240 7
314 3
1358 3
2303 7
4658 10
8301 5
6044 1
1320 3
12512 2
12572 7
13781 8
3870 1
6699 9
10340 8
352 6
16029 8
1998 8
1520 9
14543 2
14327 6
12678 6
11212 9
12602 3
13444 5
5225 3
15439 8
7388 5
7622 4
12171 2
15937 4
7896 5
4483 4
13680 10
10575 10
3613 7
8534 9
1205 3
7063 6
12883 3
14985 1
9409 10
10074 3
11061 10
16237 3
7568 5
2173 2
5005 8
7637 2
8973 6
12270 8
4298 10
10846 4
12811 5
15255 4
15268 5
2955 7
11161 1
16281 2
2910 5
12342 3
15312 2
16340 4
490 4
539 7
1853 6
7818 2
10647 4
3158 3
15005 3
12464 9
3023 10
3965 8
7842 3
7936 7
2632 8
14345 2
15196 9
13324 8
14195 7
9622 10
7717 5
11100 2
2852 8
726 3
15941 4
356 3
1893 4
6087 10
5140 5
164 4
12930 9
14574 5
11328 6
922 8
6896 7
707 9
14966 5
234 4
8564 2
9116 7
5467 7
7940 8
16230 6
11104 6
6148 1
15358 3
11467 4
13425 5
1754 4
7198 5
6991 8
3033 6
11008 2
11083 1
402 9
4130 4
10305 7
9560 9
1678 6
6886 7
11908 9
13551 9
6081 2
7694 6
6358 10
14106 9
10413 1
14363 1
14841 6
9317 7
14378 10
2590 6
9858 3
11847 1
16290 3
5112 10
14259 4
10296 10
2123 1
15210 10
13698 9
10932 3
11024 6
13497 3
4246 7
7779 7
9945 9
10599 4
11565 5
14947 6
2263 10
11547 2
15992 2
1961 7
5759 2
10383 9
10401 4
2450 8
11952 7
13940 6
9913 4
1191 9
2688 1
7257 8
12015 5
7400 5
14077 3
8045 3
13556 4
16336 2
4916 1
11648 7
6070 1
2137 6
14829 4
12719 7
13994 7
125 5
2818 9
7060 1
16038 1
12969 7
3772 3
6355 7
7336 8
3902 7
9110 4
3255 3
15929 5
12815 1
2829 5
4022 9
15191 2
1510 3
3841 2
9355 4
9635 8
2444 7
5468 3
12146 5
15831 7
16078 9
1282 8
6170 10
7856 7
11575 3
7272 8
6280 4
8815 8
10161 4
4584 2
4721 9
13695 3
9516 8
4354 1
3136 9
3621 8
6283 9
8829 5
4821 8
2148 4
6672 1
6410 8
13175 5
16186 7
5873 3
15566 5
10337 3
7811 7
10750 8
13293 3
381 5
4206 8
6217 9
7150 3
13549 8
15535 10
11767 8
6459 3
6851 4
7631 8
4980 1
10883 2
16007 7
3056 4
8978 6
10175 5
7237 6
814 5
6928 1
6411 7
7641 5
8777 1
9476 3
13869 1
2456 8
14456 8
3549 6
3463 5
11160 2
15828 2
1777 4
2060 7
10702 2
14760 9
15816 10
16057 8
3345 4
4587 5
4636 9
7251 4
10790 5
4288 8
5954 4
6560 5
7964 3
14862 5
2613 1
16129 1
382 3
4882 3
6070 4
9731 3
14461 3
7951 10
10969 6
12617 4
1981 10
5046 7
6262 7
14498 6
8263 2
8989 1
7659 5
8925 6
14586 5
8861 10
10495 7
13608 3
16016 10
1328 1
4734 6
5764 9
6088 7
7942 2
2736 10
9248 2
1172 1
13716 7
13955 7
1255 1
4599 6
10079 10
9656 2
1018 10
719 9
751 8
11004 10
6531 4
7056 5
9527 7
557 4
13369 4
12803 4
7332 7
12624 6
13719 10
1032 8
7508 8
620 8
13986 5
12357 2
1014 9
15995 5
4510 6
5514 6
3306 4
14098 7
591 9
1630 2
9646 2
16335 3
14695 4
15166 1
16344 1
5610 8
6252 8
15737 8
14352 1
15673 5
1157 8
8514 2
10223 10
6025 1
10487 7
2133 3
2591 9
5082 1
4926 1
3982 10
1579 9
1931 5
5485 10
9502 3
8252 10
3085 8
7754 4
5455 5
1696 4
705 10
9418 5
10930 9
16177 1
1053 9
2991 3
3337 5
8313 6
15434 8
12608 4
15216 7
15872 1
1279 4
8654 9
6708 8
16322 10
11522 5
14870 9
4193 2
6383 9
9941 8
15717 5
1410 6
4147 7
13278 3
14440 9
13383 10
2489 10
3832 6
4371 9
7961 6
15702 7
11379 9
15852 3
13222 6
13374 8
14620 7
14978 3
15992 1
1671 3
3306 8
4084 7
5057 7
2470 1
11178 2
1141 4
12262 2
13093 10
4503 1
640 9
11219 3
14436 4
6162 8
5701 2
1256 6
14066 6
11483 4
4679 6
6252 4
15861 1
10519 6
7787 2
16277 1
14173 1
7646 7
11215 6
1803 8
4758 9
14644 6
11242 10
13419 1
1886 5
6868 8
1959 4
11612 5
5307 7
6900 2
7536 6
9648 5
7094 10
9099 4
4437 4
4788 10
5425 5
449 9
11491 4
5816 1
10714 7
6365 2
6470 9
6434 6
1972 1
3501 10
10164 5
12862 10
7714 1
4529 9
5137 5
5421 4
8811 7
169 5
11782 1
1620 3
6241 6
14728 2
10670 4
2590 6
5646 9
12458 2
3968 9
16318 7
2159 7
8867 5
115 1
11625 4
10591 2
781 2
4957 3
3271 5
13568 3
10507 6
3494 2
10595 10
11289 3
10619 5
813 5
16117 7
10048 6
7218 7
3932 6
7863 2
2558 7
6810 9
14489 1
3342 2
4563 9
5074 10
14346 3
3150 3
4516 6
13604 2
577 1
7841 2
9810 10
8915 8
2193 1
10618 9
11504 8
15932 2
2916 7
6501 8
7537 10
8081 8
11405 4
5724 2
2415 3
13447 5
11917 5
3555 8
15264 3
1781 9
6880 3
7550 1
9225 6
11664 8
13333 4
16314 5
5786 1
3850 3
4014 3
9884 6
14720 5
14195 2
10633 8
13278 7
15434 7
3824 6
6125 2
10322 3
10418 7
11480 4
8620 10
8598 7
403 2
14033 10
2700 4
4247 9
6580 4
8117 5
265 1
11557 6
1626 4
253 7
4949 3
5369 5
6989 6
7246 3
10723 3
11098 6
9609 3
10798 1
11403 5
13433 4
13762 5
15334 8
16271 4
6240 6
2828 5
13307 6
9188 8
11890 3
13529 4
1074 6
4120 8
7192 6
7696 4
8334 10
9013 2
3907 2
13369 4
3021 3
3042 4
13930 3
3887 1
6671 8
10723 1
10979 1
3825 7
12240 6
5939 8
3041 10
3533 7
207 7
3256 6
6773 3
15170 5
10886 8
6817 10
5055 6
5374 6
7824 3
9881 7
15951 3
2458 1
10863 4
14011 8
15983 8
919 10
3051 8
3899 2
4267 9
10052 3
2348 4
7778 4
12690 6
12810 10
13096 10
13966 6
141 9
8755 8
9587 9
2798 8
6705 5
9669 4
7143 8
7290 9
14236 1
8690 4
6662 2
5380 8
5752 9
5423 4
12316 3
13653 1
7920 1
9019 4
11349 8
8944 9
4412 6
15016 10
3522 10
4504 9
99 9
5428 10
13797 9
14352 5
1031 2
1325 10
2653 5
3240 6
5435 9
6886 7
9914 10
12356 2
5204 1
3227 9
9993 5
10333 2
1672 6
12069 8
14212 5
14654 4
722 5
3355 6
5685 5
10115 2
8964 5
11290 2
11671 9
5021 5
14512 4
15214 10
15408 7
2093 10
2670 8
4157 1
4260 7
11921 7
10598 5
6175 4
450 10
11739 6
13542 9
5134 10
10272 6
5545 4
15230 5
13621 10
13452 5
15720 10
4606 5
4449 5
6848 1
9206 2
15073 4
632 6
11804 10
2874 6
8014 3
14004 7
5760 4
15182 8
6860 7
12237 9
13627 10
14617 4
7290 8
8690 10
8544 2
9853 8
4925 5
11413 2
13690 6
1869 2
16224 3
14279 5
1342 6
4737 8
5364 3
5788 3
6262 1
15263 6
6761 6
1599 4
13113 4
4007 10
12023 4
6763 10
9240 9
3596 3
8274 2
16324 9
9541 3
269 9
545 7
8227 6
1480 4
9792 7
11169 8
11891 1
551 9
5807 7
3978 7
8749 5
738 9
4087 6
2376 8
1162 1
12535 2
5878 4
1043 9
4936 3
8403 3
9486 2
10184 3
2235 6
6539 3
2133 9
7720 5
11285 2
12139 2
401 6
13857 10
14662 4
13532 9
9663 6
14803 2
9757 3
1172 6
8244 3
3187 1
12929 4
16379 10
11051 6
11745 1
14964 7
4937 3
2175 2
6572 2
1158 4
2430 1
3318 3
8552 8
5173 6
6472 5
13128 8
11172 6
626 5
7693 6
9530 8
15658 1
6824 3
3533 10
6402 10
12806 9
1701 7
12625 4
9183 6
12510 2
13718 6
13992 6
6997 5
7676 5
6142 3
8493 3
6880 5
6408 1
542 6
1253 8
2405 3
1079 3
11969 9
8190 2
6734 6
15953 8
5371 2
15300 1
7341 1
10138 9
1922 3
13705 5
15962 5
13956 5
1432 10
4573 10
10199 4
5394 4
10202 10
16149 7
15408 10
6903 1
10443 10
15902 4
4775 6
525 5
1159 6
1757 9
3161 7
5201 8
8347 1
5117 3
11743 10
11754 2
8 1
2760 2
10008 10
9754 9
11352 6
15283 2
1966 6
5502 9
6462 3
11998 1
5042 10
3596 7
11630 6
12245 2
5002 10
7086 1
3684 3
5399 5
6235 6
15106 5
3943 9
6254 2
9997 3
10877 3
14920 2
15570 8
16376 3
584 10
7509 9
9210 1
10056 4
9576 3
11633 2
12367 4
12611 1
13458 9
15864 3
5634 2
6452 10
11071 7
14909 8
6823 9
8479 4
3499 6
10392 3
11577 7
194 2
880 7
3725 2
5472 8
3534 1
8179 5
8243 1
13749 2
14277 6
15215 1
1595 6
3151 10
4575 2
5482 7
8204 3
2614 5
12263 8
10922 3
14382 9
6171 10
6360 1
6796 8
7572 7
9842 8
3277 7
2169 8
8593 1
7583 4
16105 8
12844 8
6049 8
6613 10
2011 1
6336 9
10185 1
3445 7
14068 4
14889 2
11993 2
409 8
3284 3
3602 4
13301 3
6463 10
14142 8
10517 2
9750 4
6040 9
16228 3
11602 1
14538 5
16020 1
8028 8
8980 3
11353 9
708 3
14927 10
5551 2
8741 6
6398 9
8947 2
15850 4
4229 6
5135 7
6773 6
5330 4
2258 3
6175 4
11425 1
8071 4
10519 10
14756 3
12929 3
5165 8
5275 7
10181 3
10359 10
831 1
857 3
8481 2
2267 1
5679 7
1436 1
1539 7
11283 6
361 3
6485 8
6883 1
10548 5
11880 3
1217 10
4594 10
10463 4
15801 5
10944 2
4537 6
13143 5
4546 1
6873 6
8585 5
10017 6
1310 4
4198 10
12544 2
1814 1
4760 7
7303 7
8153 6
7606 4
3437 3
16368 9
11113 3
948 4
6574 10
13729 7
1986 1
13247 7
4515 9
3157 5
4302 1
6594 2
8312 7
10127 8
1306 9
11523 3
7962 7
1985 3
4574 5
10020 1
10150 2
4307 7
6530 8
16159 10
13087 5
11183 10
11805 4
12890 2
13261 2
14291 2
15945 10
5993 3
7287 6
10690 3
3362 7
10990 7
12840 6
13202 3
5368 2
6891 8
8643 4
3923 3
11922 9
16289 1
1421 10
14274 1
1464 5
11992 4
859 3
15234 1
5259 3
10198 10
5396 6
14451 1
12566 8
12936 3
6948 4
6429 10
7297 2
6966 3
14515 4
11986 9
12459 9
1813 7
13955 3
901 2
14276 8
12654 3
11123 2
12101 4
8654 10
7849 4
3316 4
5468 4
4876 9
14275 1
4242 10
321 1
15196 10
12012 9
512 2
6156 1
15052 5
9939 1
682 3
10251 4
11524 4
15766 5
9709 3
11707 9
12641 7
1627 3
2785 5
14082 6
6292 2
8213 5
8793 4
7425 5
4818 6
5117 8
2600 5
6609 3
10523 9
2743 8
10519 5
15183 2
9935 5
59 10
13298 5
3829 8
10651 7
11135 5
11062 10
16145 6
2287 4
3166 1
3534 5
13734 2
3151 9
969 7
11576 7
1527 2
16172 3
1771 9
7000 6
9863 9
16165 9
1001 6
12599 7
13721 1
3301 7
5149 10
9186 10
15821 5
2543 5
7100 2
1110 5
393 2
6490 9
8934 9
15981 8
7523 8
10160 10
784 1
1192 10
14151 3
4723 5
5587 7
5796 10
4876 9
13673 2
11336 7
13148 4
14036 1
1291 10
4342 2
6570 7
6875 8
7289 6
1078 8
10125 8
5949 8
12378 7
5589 9
178 3
4282 4
14247 10
11248 7
2058 9
6150 5
7414 5
9126 8
7897 9
41 10
12810 5
14645 9
3085 10
4225 3
4971 7
9762 7
703 6
14576 3
5595 1
10639 2
11209 9
15758 10
1891 7
7255 5
7370 10
14574 7
13505 5
13011 7
19 7
3475 1
6666 2
8703 5
10528 8
13308 10
405 8
4042 7
6674 10
4181 9
10961 9
11814 1
13103 4
6553 8
8672 5
14783 1
764 7
12122 7
11223 10
12189 5
12497 2
14267 6
14393 2
15320 4
11225 7
5039 2
14956 6
15359 6
601 3
4031 5
7628 2
8739 8
14491 9
2481 5
92 6
3241 3
12993 5
3986 5
5349 8
16030 2
5707 4
7520 2
12201 2
4558 10
10631 2
12587 2
6047 8
27 6
1344 3
5865 9
13150 4
8223 6
11138 4
3038 1
9752 7
8784 8
12011 7
13921 4
15524 8
5546 1
2082 7
3997 6
16332 6
5745 10
8851 5
8271 10
6898 9
10002 2
4116 1
2398 5
11704 4
12217 5
162 3
8512 3
1309 2
14584 10
14903 2
2637 8
11748 9
10448 4
15277 3
2648 10
741 5
5622 2
5221 6
13402 8
7327 5
13339 7
16309 6
10009 7
28 3
8237 10
9016 1
1276 4
3623 7
5030 3
246 5
5566 5
10620 7
15651 3
11089 8
2609 2
13925 4
4832 7
7494 1
9630 9
9820 5
14664 7
348 10
3385 8
4283 1
6460 3
8894 7
8821 6
2907 4
6152 9
14888 2
5819 1
7939 6
11901 7
2950 7
2653 6
16361 1
5442 4
13543 8
2367 5
1588 6
4901 7
14342 10
11018 9
12212 9
13072 10
12059 8
14743 2
8128 2
13629 7
4275 6
14644 1
384 10
1864 6
3012 8
3208 7
10853 1
10370 3
14644 10
11983 2
3445 10
3115 3
16166 8
8194 8
6026 9
13289 6
8554 8
11472 3
10936 7
12349 2
1208 1
5310 8
9331 9
8928 5
9298 9
7540 9
14117 7
3712 1
4608 7
690 3
10856 5
14864 1
29 5
2058 5
11529 10
7343 4
1532 4
16174 3
8982 7
9732 2
14919 9
5739 8
6561 6
8131 7
15962 7
14748 5
3035 3
2364 4
3239 10
11554 6
14839 4
11069 10
12220 3
250 9
8079 10
5731 1
5245 10
355 8
2386 8
10515 4
8221 6
12534 9
1894 2
3584 6
8065 4
7787 5
59 3
1285 5
11032 4
14715 7
95 1
1144 10
2666 9
2878 4
2970 9
3739 6
8577 10
1240 7
14161 9
4293 10
13027 1
9338 5
13582 1
1915 6
13994 2
6188 4
16134 3
3569 6
7870 4
6125 4
11381 1
122 7
8163 6
6550 10
5502 5
5995 9
1580 1
1636 3
2608 4
4817 4
6895 1
8166 6
1623 4
12616 1
15279 9
1702 3
3402 9
11696 9
11530 6
15005 1
14859 8
15308 10
7260 5
13455 7
1163 10
3592 7
8886 4
4338 5
11153 5
11411 6
194 2
3297 7
4005 10
3579 5
970 5
4557 10
2711 6
8692 2
9261 1
14375 6
2349 3
4574 3
2814 7
3775 4
8290 6
6467 6
5481 9
6610 1
9608 10
4412 7
7977 2
117 7
4847 1
9801 8
11625 7
2606 10
6455 10
13954 6
227 10
1541 2
8102 4
15316 5
10761 10
16224 4
4326 7
6136 5
6786 6
1560 6
8649 7
11080 5
12748 9
13863 4
1999 6
5474 7
7056 5
8037 9
12728 1
15254 1
4391 4
14516 7
1248 9
4223 2
5868 6
6941 2
9969 8
5911 6
8440 4
1364 8
10740 7
11938 1
2072 8
5742 4
10606 3
13371 6
936 5
8059 8
11457 3
14510 2
1790 5
7318 1
3050 8
1836 10
8710 3
11983 5
11132 1
11860 6
8290 4
10125 9
12526 4
2972 8
13239 5
14521 8
16124 5
7390 9
9425 8
9703 6
8062 10
2780 9
1579 8
8924 3
634 6
6794 6
16234 9
11781 2
14115 2
16345 4
9882 7
12231 8
8570 1
14709 8
3699 2
4546 9
5602 5
9027 4
16095 7
11290 7
3283 4
3222 6
302 3
16244 3
4861 1
1598 1
4050 8
5857 5
4440 2
15763 6
14280 9
16198 10
4287 5
8499 7
1145 9
6408 5
1606 4
4726 5
13199 4
14307 2
14919 9
3020 9
3684 7
5339 6
7255 8
10897 4
14112 10
15412 2
3524 8
6350 10
13915 2
4658 5
5530 9
10482 2
12208 2
979 10
13064 5
14246 3
7292 8
16259 8
11221 4
3945 10
5552 9
6218 2
6267 1
770 9
25 5
11211 3
6544 1
11511 7
14325 5
4254 10
9837 5
15210 1
8268 4
13622 10
10023 5
10241 10
15556 2
7316 2
5893 7
698 5
14039 6
4367 9
8917 9
9489 10
703 6
5360 2
433 1
2129 6
8507 4
3061 7
7619 3
3624 8
12418 1
15610 9
1676 4
3062 5
3065 6
5629 6
9764 9
10024 1
14693 10
12861 3
8185 2
3010 10
3217 7
4440 3
7654 2
9860 2
771 3
13781 1
14517 9
15649 9
4448 6
6614 6
2221 1
11297 6
3847 1
9654 1
521 3
5706 3
12367 9
39 4
3047 1
2668 3
2921 2
10511 7
671 1
12200 4
13889 10
16183 1
3931 7
5370 1
8354 4
8551 2
8838 1
5669 5
7723 1
15883 8
5446 3
4933 4
5231 10
6110 1
8214 5
3435 9
11892 4
10861 8
14799 1
6809 2
2031 2
10871 2
2711 3
4714 3
7766 6
431 4
13470 5
11450 10
4569 7
6651 10
2389 7
852 9
12076 4
13422 9
3180 9
14548 6
7990 8
10134 8
8778 1
15984 8
2474 3
6940 6
1551 3
15125 6
10233 4
13579 7
5 1
1122 2
10531 3
10938 4
10534 1
8318 2
3205 3
8179 3
14894 10
438 6
1092 5
6381 10
14768 3
1321 8
13051 5
15768 6
13843 4
5547 9
4785 9
14923 6
4180 5
15832 7
5942 1
11607 3
6627 4
10831 7
14537 5
1770 9
4526 2
297 8
6615 1
7343 4
15217 1
14328 1
6575 3
5435 6
11167 5
14738 9
9161 2
11918 10
6896 8
9991 2
15675 2
9078 6
8959 4
10209 8
6745 6
11358 8
14715 7
2665 9
4087 9
6033 5
6921 7
9321 8
12233 5
11179 6
4892 6
8548 7
7392 2
11486 5
14963 2
4700 10
12376 1
8677 2
13697 8
6885 9
8158 7
15752 4
15770 4
3221 1
7733 3
2100 10
1082 7
8623 3
2541 5
4284 10
2883 9
14054 2
14586 6
15442 6
2255 9
8840 6
13496 8
2539 2
113 6
516 4
625 3
2187 4
3609 3
4721 3
10210 6
10689 7
2106 1
4474 3
732 2
5826 8
2876 9
10778 1
2874 7
13132 2
6225 1
8736 4
14841 7
4942 10
12974 2
15123 9
4328 9
6388 7
9072 5
9475 10
12090 2
3314 2
6930 1
11710 7
15143 10
2189 2
9770 3
6192 2
13845 3
10113 1
13023 6
13637 8
197 5
1591 4
2377 9
3535 9
7662 1
436 4
1322 10
7900 9
14170 6
12444 5
5424 4
1699 7
6988 8
11057 9
567 7
3441 9
8286 3
9512 10
2924 5
12792 10
6775 2
11591 7
1315 9
1733 2
2099 3
8280 7
2039 1
11251 7
629 8
12268 9
6864 4
7091 3
9129 4
16297 3
3971 1
7525 8
10046 6
10476 8
9026 4
15399 7
370 8
5992 5
6174 4
7859 10
14411 6
7794 1
15366 8
1382 3
4088 3
11759 10
7202 3
3602 7
4667 6
10342 5
1257 6
73 6
11547 10
1810 5
9915 10
3474 3
7964 6
9615 1
2467 1
15964 2
1080 5
2192 1
2219 10
8561 7
14879 4
4283 9
6133 4
13806 3
12000 9
12489 1
1920 7
2270 3
3277 4
5598 2
8622 2
13512 4
16070 7
5133 5
8102 4
11186 10
2030 4
3034 5
14643 7
6206 9
9601 6
648 4
9229 10
2894 7
12120 8
11279 5
13275 6
14564 10
6908 7
13258 3
7365 5
9816 5
5142 5
6605 6
10686 10
4613 8
10823 2
14675 4
8427 10
1423 6
11578 8
5902 5
6060 6
7916 10
8553 6
10409 10
14942 10
13571 10
4697 4
250 5
15453 3
8625 5
8510 2
6907 9
3815 1
5015 1
15200 9
16311 3
4274 6
7536 3
13362 6
6631 7
11407 6
13232 2
14585 8
1736 9
14539 1
5272 6
12575 8
1441 2
5604 10
7909 4
5897 8
5897 6
10032 8
8703 3
10942 10
7287 6
14367 5
14369 2
5174 2
11694 10
13139 7
13192 3
12233 7
4426 9
756 6
12898 8
12742 5
2213 9
3575 4
5743 3
8809 8
13741 3
11153 3
7945 2
15775 9
13487 2
15445 2
3907 10
11980 4
12406 9
5089 3
3373 5
14498 10
10304 2
15095 6
4405 8
7835 8
14111 9
1237 5
15762 2
12913 7
5133 8
7897 7
3199 2
2224 2
5026 8
368 7
9126 9
590 3
12886 10
15546 10
1060 4
3857 9
12443 2
9860 7
4316 1
65 8
5590 8
6808 4
10165 2
10741 1
5122 5
7863 5
16234 4
15016 6
14038 5
528 6
1705 10
1898 5
2492 8
2322 7
6193 4
12245 10
8150 1
14065 5
4437 5
6225 9
9771 2
4039 4
7665 4
9317 7
10868 2
5522 9
14162 9
13927 4
15499 5
8021 2
10066 1
514 7
13219 2
14442 4
2232 7
7166 5
5687 7
1 8
1747 6
3225 6
5179 10
8477 10
9441 6
16176 10
11653 8
12599 2
12778 6
13466 7
189 4
4342 1
14713 3
8282 2
2712 4
2872 3
3747 1
7351 8
8298 7
13365 7
8397 10
9222 7
15179 4
8786 10
12076 3
15992 3
3855 6
13884 3
5452 2
13628 9
10166 6
10483 5
14650 3
2238 8
7965 3
3329 7
12323 9
4214 1
11296 8
7676 2
11846 7
15116 9
15859 8
3973 3
4192 9
5855 2
9105 10
10406 9
9426 8
10334 2
14238 6
1357 5
8957 4
4239 1
3510 10
1821 5
1383 1
16303 5
4579 4
15678 3
16300 1
2804 4
5063 5
14532 1
11871 2
15847 1
362 10
2209 5
8377 9
9528 3
12499 3
1751 8
3972 10
5694 7
9307 9
9894 8
382 10
13950 7
14523 4
14716 8
4186 10
10009 7
9366 10
10531 1
5237 10
12731 10
5695 6
7273 10
7584 7
10993 2
13541 10
16354 2
13659 8
7486 5
2872 4
6329 9
5485 6
15195 3
8537 10
9498 4
11277 2
4133 6
11969 4
11704 5
9645 10
6901 6
16085 1
1665 5
9122 2
16302 3
2700 4
5516 2
3575 8
4312 9
10915 3
14033 6
767 2
1410 4
4611 2
6443 8
9789 1
10140 3
10149 6
562 3
2549 2
14109 7
6335 5
6480 1
10123 8
2561 6
7260 8
8428 9
11239 1
7166 9
133 2
12119 10
2309 8
4970 9
5355 4
2270 4
3564 9
12991 6
15444 10
12539 8
12958 7
2255 7
4971 9
4410 8
4624 5
5150 6
13289 4
1923 8
8220 6
9891 1
1152 1
14108 10
6797 8
12209 4
13072 10
4677 2
5309 3
2306 4
9571 6
13102 6
1823 7
2529 9
12827 7
11420 1
10916 10
12363 1
14082 3
3785 5
6720 5
8275 8
418 2
14635 4
2875 4
6073 2
8008 3
15471 1
11380 5
792 1
8960 6
9491 5
9828 1
9305 3
15201 6
10260 1
10874 9
15436 6
4598 8
1976 8
8111 8
3879 8
2746 5
1782 3
6512 5
11251 5
14533 2
15297 4
3034 2
6845 3
7516 5
14813 10
5619 2
11021 6
10889 6
4180 9
2880 1
10272 3
10761 2
9230 10
15120 3
12889 3
626 1
933 8
7569 3
11696 2
13288 5
796 9
11146 8
6732 4
2200 4
4007 2
5519 8
9497 5
15098 5
14878 5
15421 8
4087 2
4150 9
4884 4
15702 5
15147 10
376 5
4847 3
8912 3
9589 5
5950 8
9779 10
11841 9
11086 3
14607 2
14722 9
15975 9
1573 6
9181 9
7464 6
14900 6
6561 6
14915 7
7320 2
7781 8
10259 3
6978 4
15700 2
1223 5
11912 9
13985 6
882 2
2198 10
3614 9
6779 7
9116 8
9742 8
10728 7
2321 3
7478 10
9475 6
4142 5
13124 8
13177 1
9226 10
9920 8
4786 9
4047 8
8705 10
14308 4
16361 8
9850 1
966 6
811 6
12880 9
11133 1
10986 5
11148 10
11388 3
5173 3
3769 5
2193 10
7221 3
2278 4
13550 2
2552 7
14375 1
12768 8
16364 4
1985 1
11993 2
12879 7
1464 5
1739 8
2095 6
4942 6
8810 7
14573 8
14916 8
799 6
13325 2
8842 3
3383 2
9510 4
11959 3
15098 8
2605 6
7945 2
6472 8
12511 6
5024 2
376 6
7021 4
8211 10
10317 10
10985 5
3872 7
13238 3
14803 7
5400 5
7179 7
9330 2
14888 7
2368 1
8906 5
13199 8
9906 8
9941 5
11503 10
12707 10
11540 8
104 8
145 5
2819 3
5361 8
5956 2
5979 6
9351 5
1626 10
1139 9
4846 6
1424 3
12521 4
2228 5
10437 5
1129 4
6906 8
9822 7
1918 2
8693 5
10446 4
15309 7
11452 4
3 5
7967 1
124 7
4955 9
12446 10
15284 10
1423 7
4724 1
14112 7
4456 5
8329 3
12179 1
15140 2
6431 9
4340 9
6121 1
1232 7
3030 8
13832 7
1876 6
9869 3
5684 4
12023 3
12562 8
7902 9
9501 7
13110 3
6440 3
14355 8
11100 4
16083 1
2347 6
2086 8
13566 4
9600 9
11922 8
661 8
5265 4
6604 4
6813 5
10659 1
686 2
14519 2
12584 3
12096 5
7282 4
3229 3
15345 3
7613 9
13405 9
11981 5
2746 6
4759 7
15026 1
1447 8
5516 10
10664 5
14443 6
14742 5
13968 2
1527 9
14108 9
412 8
2022 5
8292 10
10327 4
7215 5
12418 6
12201 2
14735 5
12066 7
12801 7
110 5
5590 2
8617 4
8721 5
15275 10
1934 5
13943 2
2570 10
8171 1
4226 1
3915 2
15628 9
9392 2
13331 3
14315 4
15259 4
15997 9
8844 5
4785 3
627 2
10716 8
13990 6
14526 5
1189 4
7459 5
9130 1
10920 10
2091 1
3881 7
10537 4
7130 8
2885 4
13483 8
13526 1
7612 10
8052 10
8747 7
11255 1
5188 10
9850 4
11043 8
12221 8
4218 4
7794 8
2313 9
14878 1
1154 5
1603 5
3565 10
7402 4
6139 7
11739 9
8555 3
989 3
9155 6
10915 6
12794 3
13868 1
15098 1
7353 10
8477 5
10782 2
9280 4
14625 4
4858 6
3739 4
2590 8
13475 9
12760 7
14104 3
1819 2
3715 8
7286 5
6478 8
12401 1
15777 2
791 3
10717 2
151 3
2635 1
4225 4
6051 6
6817 10
13557 1
6153 6
12541 2
12261 9
4281 6
9446 7
13467 8
7986 2
10817 9
14601 6
7133 4
7697 5
15114 2
13745 1
2104 7
4782 6
9866 7
13236 8
13362 5
10580 3
9542 3
2677 1
11602 7
7028 5
13008 2
10956 7
15597 5
13176 5
2906 8
6922 8
12958 8
4189 9
3627 10
12256 10
12623 8
5382 4
7815 9
853 1
2447 7
5397 2
2912 2
15009 5
15177 8
15070 6
15934 8
1730 8
3356 6
5041 6
8177 6
9359 9
1633 3
2184 6
11021 4
11127 10
13217 8
15382 3
15558 6
16008 3
15534 5
10478 2
15904 7
6757 2
12776 4
12183 2
7615 2
11984 7
12710 10
13576 5
14151 2
2585 8
4924 10
5412 9
7204 7
4095 7
11119 2
1438 4
10536 8
13489 3
11597 3
10996 4
8979 6
4834 2
14118 10
12904 5
14283 10
1225 2
12067 3
11508 5
6122 2
11139 9
10909 4
15504 2
119 6
2121 9
7625 8
10821 6
6280 5
4834 3
13618 7
5041 7
9084 6
3848 7
1502 4
3610 8
11824 7
20 1
9965 10
9226 7
11182 7
15502 10
1320 8
6480 10
6622 9
6235 4
1367 10
14694 7
2547 1
4340 9
8709 3
9921 4
12416 8
11485 8
13562 4
965 6
11954 7
15318 8
6969 2
11347 10
14870 8
9798 8
89 4
6732 3
12172 9
2826 4
13146 1
3887 3
6339 5
7513 8
2801 6
9292 7
14674 3
4360 4
3198 8
10700 4
2690 5
3621 2
5454 6
988 4
13486 6
15976 5
4034 1
9978 2
1450 2
6900 7
14817 3
9178 4
11280 7
6106 10
15023 3
1016 7
11560 6
14118 2
15043 1
1149 8
7450 5
2098 8
5573 8
13307 3
15990 10
722 7
6547 5
9970 4
10114 10
3870 8
5857 1
10053 1
7099 6
9343 8
8505 5
13725 1
11866 4
13892 2
14796 4
15843 7
3245 5
7282 8
2658 7
15649 5
1293 3
1376 3
3030 3
12809 8
10018 10
14826 6
13915 8
5301 3
9860 3
3116 7
15864 2
16347 2
3760 6
4244 10
1367 2
10952 3
10266 2
11598 1
7540 8
3528 4
2024 4
11466 10
8516 2
8914 5
13548 2
1424 10
14030 1
10888 4
11921 6
13018 8
4343 10
9076 9
14962 8
403 10
13825 6
11630 8
12236 8
14246 5
9371 3
7011 3
9669 4
15010 3
753 3
2396 5
9772 3
3098 8
7356 9
3468 4
14700 6
5932 2
7755 6
9907 8
4945 6
6031 8
10276 10
3816 5
5877 4
13165 2
9228 5
9937 9
10805 3
2306 7
6107 6
10867 6
5681 5
8971 2
15783 1
10814 10
2927 6
826 7
5436 1
15394 3
7890 7
15753 8
14277 6
14269 9
12974 8
4379 8
1684 2
2953 3
3355 8
2804 10
11730 8
15959 5
3466 6
3491 4
4119 3
7489 6
8397 5
10862 10
13135 7
7450 8
7720 1
15310 6
11798 3
12750 1
5202 9
6746 4
7996 5
8920 8
9075 10
15708 9
11821 2
11997 2
6522 5
1108 4
3788 3
7001 3
3832 3
10585 3
11567 10
12696 7
9164 5
12118 1
2906 7
7276 1
75 2
5219 2
5994 4
7905 5
5573 3
15174 10
15042 6
147 2
6259 6
8252 10
1167 1
2222 7
1283 7
8481 8
10366 9
3865 7
776 4
14935 9
9024 6
13924 2
1371 6
3192 3
7273 4
8175 10
7108 7
13620 3
13852 6
7177 4
6383 5
5347 2
9424 6
11683 2
14552 8
15403 5
9353 6
15034 3
13788 3
11455 6
1169 5
4290 6
13034 7
5123 2
10498 9
10139 4
4787 3
16010 5
4776 3
9126 7
14256 9
15831 4
4716 8
9575 8
9630 4
10462 3
3184 7
726 10
11930 4
14365 2
2157 8
16310 6
11526 6
7682 5
6234 6
12166 6
400 8
1152 10
8014 2
5675 5
6412 5
14467 3
13954 7
15426 9
316 8
5110 8
12216 9
15058 1
2559 2
3390 9
10662 7
7817 5
8225 7
5915 4
4457 7
11807 6
937 1
4465 2
11688 4
12816 3
14916 3
2779 10
2896 1
10723 4
13737 2
15454 6
13882 2
15968 3
8875 5
14230 6
5227 8
9448 3
13986 7
14706 5
9145 10
1507 2
2798 3
3325 9
5530 2
8683 3
9973 2
10256 7
13652 1
6321 9
6738 10
14490 5
6455 6
2803 5
10768 10
43 6
3343 2
3927 4
9828 9
490 9
9285 4
4254 7
13569 7
10599 2
2657 5
14021 5
330 10
5185 8
3938 3
2405 1
8118 1
3499 6
2854 4
15181 6
12555 6
8787 5
12538 3
13546 1
541 5
3204 6
3679 7
15759 2
12317 2
7669 10
12933 5
16337 6
8566 10
9378 10
12578 5
780 2
11437 8
13160 10
157 7
7370 2
13272 10
6976 2
13817 8
9004 1
5394 9
12939 6
13540 2
9271 1
15832 8
2067 4
4808 9
10024 10
2872 4
15967 4
2971 9
13147 5
10009 4
10226 5
10242 8
10907 3
11114 1
1389 1
11326 3
1690 4
10133 1
4826 4
12740 10
1654 9
6312 3
7098 9
15886 6
12145 9
13981 1
330 10
11400 10
5062 3
7639 1
10341 7
13355 2
19 1
6200 8
16260 7
14350 1
233 10
1069 2
2344 10
6867 5
7871 2
10878 7
14105 9
12444 6
13834 10
495 10
6737 1
6593 5
1986 7
14979 7
15934 1
15001 5
1380 5
12724 2
4243 5
4567 2
2076 10
13271 8
3562 2
7549 10
5088 8
11850 4
12094 1
1834 4
3074 7
12564 10
10634 9
14627 5
15982 4
8886 5
15656 5
11932 7
12460 3
12810 3
14802 3
16106 9
3636 10
3790 4
5437 5
6327 10
11901 6
4096 5
7826 10
9567 8
16036 4
6308 8
4219 7
14912 5
15269 4
15724 5
4074 3
11391 2
707 7
2947 9
3974 6
4147 10
7321 1
9178 5
9543 8
14107 3
9290 8
11272 5
13637 9
2820 7
6363 9
14135 10
14100 6
348 8
11648 8
1788 7
10354 5
6669 5
12547 8
1579 8
3522 8
14556 5
10485 6
13424 6
9226 4
2086 5
3692 4
5211 10
7551 8
16213 4
8137 1
7770 8
11026 3
7640 6
12831 3
751 2
15734 7
7895 7
5433 6
6291 3
6792 9
7556 7
7560 9
3278 8
6297 3
2940 9
2869 8
13313 3
2359 7
6120 3
965 5
2475 8
15846 8
1802 4
5891 10
8843 3
16295 2
11861 2
5766 4
1930 9
11771 5
15939 2
3730 5
8072 3
8567 8
11280 8
12148 8
11599 4
15385 10
608 8
8825 2
3882 1
14633 1
6178 3
3286 10
9249 10
6684 3
1206 5
5018 7
7518 9
1623 8
3045 8
3544 1
9844 3
13203 9
9627 5
13448 3
1860 9
3482 7
15354 1
10534 1
13799 10
15904 1
9026 2
9739 4
7282 9
2049 10
8654 1
1627 4
5778 9
9713 9
10069 9
7453 3
4535 9
4003 5
4938 8
6418 3
6798 4
16153 8
11288 4
15837 5
3419 10
13387 3
11377 6
8885 3
9396 2
11593 5
12452 10
5535 8
8652 2
10841 5
11188 3
641 2
8514 4
14187 7
10834 5
11421 1
12415 10
13878 9
4640 10
6150 3
6474 6
1375 10
7118 5
1347 2
3031 6
12828 9
14309 9
425 6
4410 6
5024 10
9932 1
3534 6
5130 9
11934 4
13179 9
3518 9
75 7
8853 3
5987 3
13290 4
10606 7
8461 6
14728 4
14021 4
16323 4
10322 10
8200 6
10183 4
7868 1
14541 9
15228 5
6698 9
2517 1
14389 5
7648 9
601 5
10799 2
2078 4
3204 3
11112 7
11253 1
15250 5
7562 4
7834 3
14372 9
12881 2
8867 10
12364 1
2333 8
9247 1
8743 2
732 6
13670 4
5216 4
8900 5
10886 4
8594 8
12697 6
8471 3
8668 2
5883 9
3797 5
12593 2
12712 9
13468 7
14480 8
1448 9
4117 8
9558 10
9168 4
1398 9
16117 5
886 3
12236 10
5697 2
7979 6
7943 2
9830 7
12886 2
8327 9
11226 10
14094 10
5739 4
6100 8
819 7
8917 7
14372 5
4806 2
14100 4
1252 4
7808 2
10290 4
16068 1
16337 8
3634 3
13700 6
14107 7
4934 4
5895 4
7567 10
5743 9
1961 5
8378 5
15499 5
10489 10
16181 4
8638 3
13973 10
15016 6
9328 1
9966 5
14659 9
5849 3
11847 6
13744 3
15242 10
1073 10
4113 4
6835 4
7120 3
7582 10
16084 2
4569 2
147 9
8035 10
1448 5
2632 5
3282 10
3299 10
3598 3
812 9
8258 8
12139 8
4513 3
3657 5
10456 2
4056 4
15090 8
5882 6
5882 9
12050 10
13706 1
14829 10
15320 9
9689 8
6421 8
4852 4
4345 6
2126 4
16305 3
6890 5
11606 1
11125 8
1547 3
12978 9
4364 2
8996 7
13435 3
5933 7
14927 10
11442 1
7938 9
1982 7
3710 9
14752 2
2615 2
9791 7
16160 3
3304 8
3212 4
2570 1
11682 4
1363 2
8163 5
9534 4
14784 10
9297 4
11647 6
11569 8
2250 8
2322 1
4381 4
7265 1
10657 9
2539 9
6675 5
11053 6
479 8
7781 9
13141 7
14502 8
11705 1
1034 2
12944 4
4631 2
7764 6
8629 7
9096 7
12345 5
16168 4
9051 1
5068 7
11957 6
14924 5
14987 6
2 9
5715 4
10821 6
6754 3
3496 3
10020 6
10882 4
11319 5
3910 10
7060 4
9994 4
169 7
2647 6
11562 6
13714 6
15776 9
750 4
794 9
5204 7
8857 10
8946 4
15670 2
12548 4
15909 3
16342 9
224 2
2318 4
10462 6
10131 4
12448 2
4288 7
6612 2
2138 1
3658 2
7538 6
11255 3
11291 9
11393 4
14744 2
5640 10
10067 3
10970 3
13873 6
15205 4
3103 4
11727 10
15026 5
16248 3
14275 7
8834 6
9896 2
11108 1
827 6
5974 7
2364 9
3672 5
10094 1
2221 3
7320 6
949 8
11259 6
13885 2
444 9
4069 4
9517 4
2605 5
11770 8
11932 6
15249 6
8778 3
14644 2
1164 7
6366 2
10671 4
11443 3
16291 3
7406 3
12732 10
567 10
9689 3
9340 4
13315 2
5426 2
9703 9
15425 1
5181 6
6875 1
16032 6
1500 6
4463 8
3453 10
7661 7
13093 1
11739 10
15334 3
12335 7
14773 3
244 4
1228 5
11198 7
15325 10
2595 8
3793 8
7398 9
8374 9
9102 1
8907 10
5346 6
13809 9
12249 2
13346 10
13750 8
13811 9
15747 9
790 9
1479 7
2616 7
8830 6
9990 2
15 3
5184 5
14627 1
9179 7
8781 10
5324 6
15653 2
12208 6
4483 10
5634 1
7802 6
2052 6
7735 2
8954 1
16035 9
4055 5
7209 9
5128 1
13064 9
12525 6
12961 6
13352 3
13360 10
4535 9
7826 3
10864 8
2430 9
13278 9
1678 2
6027 1
6155 6
12129 1
1538 6
15437 9
5276 5
9882 1
13270 9
14547 7
7223 8
6141 10
3238 3
4737 3
11947 10
14472 10
12267 5
16378 10
1674 6
8773 3
9686 8
15588 2
12558 6
2579 1
513 5
12715 3
1681 7
6060 10
2820 10
13030 5
3725 5
13457 9
1327 6
1719 6
1762 6
5634 9
9579 6
8278 8
2265 5
15183 9
1142 8
3829 2
6994 6
11366 10
14008 10
9957 9
10232 6
10565 6
8867 6
1672 9
8757 3
12124 8
12294 9
9460 9
4360 8
485 1
4610 2
11769 5
6477 7
10325 10
14150 9
11018 6
12955 4
563 1
8170 6
11903 8
6854 9
6698 1
6967 3
16312 6
14274 5
8265 7
159 1
647 10
10085 1
6723 7
3408 4
13102 5
15226 10
3908 1
9291 3
14451 4
10746 9
11403 7
3333 1
14191 1
15772 9
1880 3
4616 6
6758 10
8071 8
8433 3
8850 7
9881 4
16230 3
2932 8
8292 6
13178 8
14858 9
349 5
9314 1
9639 10
13666 1
4733 2
1334 3
12135 1
13692 3
14749 10
248 1
8040 10
3976 1
9239 10
2005 9
16293 6
107 2
2041 3
10445 10
879 10
13572 1
15542 2
2076 8
15385 5
875 1
3776 1
1794 8
10620 10
12512 2
5649 9
4162 7
4257 8
7798 3
16149 6
2684 7
3215 5
15691 6
6513 3
3092 5
11149 5
118 3
1026 10
2636 9
1783 7
6600 2
3191 4
5019 7
5156 3
7124 8
7172 7
4296 9
12006 4
4469 5
15839 3
1884 3
4361 3
6656 4
1221 6
16368 8
8376 2
14770 6
12572 3
67 5
11203 8
1603 3
2116 10
8406 5
2101 8
10668 10
3054 2
7133 10
13390 7
10058 3
2588 5
6644 10
4221 10
10582 7
12170 9
11509 2
15832 1
7063 1
6599 10
7020 4
12223 5
12906 2
3204 8
3354 7
4791 9
16297 10
13652 4
16238 5
9885 2
3822 9
13624 7
11441 8
13309 8
15828 6
229 7
9707 5
10170 8
4823 3
11263 7
2947 7
8885 3
14449 9
16153 4
1020 8
2515 2
8185 2
4305 5
6135 10
7317 10
3329 5
13275 7
10026 3
13528 5
14412 4
15027 1
16166 6
16351 6
15594 3
4535 10
11963 7
10687 5
11376 6
2760 7
6677 1
13645 6
12414 10
6555 7
13076 4
2785 7
11550 8
12645 5
15353 2
6028 8
10456 1
10252 6
1832 5
1308 5
8118 3
10101 10
1633 2
13849 4
3463 5
6218 7
15466 6
4275 9
6032 3
15812 8
7048 9
11356 8
6111 2
13967 8
5429 8
10828 3
10003 2
11323 7
4981 1
3707 3
6198 3
9569 4
2110 5
3801 5
14554 6
15278 10
6040 4
6122 4
7299 7
4928 2
828 6
7973 2
10651 8
8608 3
7181 4
14136 4
15746 8
8223 7
8900 3
15107 10
7626 6
891 5
14687 6
5677 4
3512 9
8818 9
11595 5
12699 2
4865 5
14129 3
7953 4
90 5
15308 6
4311 4
5982 3
6765 8
7552 1
14828 8
2280 5
10349 6
8085 1
15245 6
8200 1
15847 5
612 9
8340 8
12682 3
5293 2
1389 1
2514 6
6287 6
6564 9
9725 4
9542 8
1370 10
3150 9
5345 3
9387 6
11740 1
15794 4
15382 3
5658 6
636 5
10531 6
8999 1
5074 7
1971 2
3149 10
1518 8
9523 9
12480 3
13106 7
14506 8
10450 2
10851 4
15917 2
1822 1
4810 6
14355 3
512 3
4066 7
4613 8
15376 2
13465 3
8812 1
6341 5
1036 10
15407 3
15926 3
9360 2
4394 10
14039 3
3632 5
14669 6
15503 1
1959 2
3714 9
9430 1
8553 4
10454 6
124 7
466 6
2853 10
7743 5
6407 5
8980 1
13271 9
10419 2
3418 8
9087 10
11633 9
12018 4
12398 9
9667 2
16357 1
1378 9
4206 9
2618 10
11260 10
11997 10
13211 1
14046 1
16350 8
2647 8
4025 10
11027 1
1222 9
14858 5
9626 5
15827 3
7393 6
5063 7
14922 1
9632 2
4672 7
14865 8
3020 1
805 2
13480 6
14921 10
4397 4
10270 8
8920 7
10993 7
8181 1
10601 3
7305 1
14051 2
13543 7
11673 3
510 10
4189 9
4461 6
5215 7
5975 1
8039 2
9831 8
10952 1
14219 4
12653 4
11867 4
9821 2
2830 4
4943 10
11871 4
11493 3
1903 8
4621 6
16280 5
8683 8
1032 7
16370 10
8983 7
9521 5
9621 9
2982 5
4490 9
6134 4
13288 5
1282 5
3526 5
6489 5
13851 2
15096 5
7748 4
14284 9
10296 9
10885 2
1095 2
7924 3
12019 6
12433 7
15912 5
3673 2
9372 7
5901 7
11748 6
5759 4
15470 10
6188 10
9574 10
16350 2
8948 4
12597 3
11260 10
4244 6
4312 5
6154 1
8747 3
9105 5
16253 7
12762 6
15018 4
2764 3
6810 4
10611 2
4819 4
11246 6
8947 4
9673 9
8369 2
11585 3
14607 8
15372 10
7798 6
9200 9
11012 8
9267 8
7802 7
15567 7
9160 9
9518 3
6029 3
4321 1
12296 2
14625 2
15347 1
15589 10
1539 5
1568 7
9217 7
12038 8
4028 7
10882 10
6633 10
5389 2
7349 4
9522 5
5356 1
12235 8
1824 10
3318 2
8711 7
15828 5
9451 7
14695 10
12634 5
1553 5
3954 3
5203 5
5428 2
6597 5
7855 6
13947 6
3787 8
14263 6
14745 3
8376 1
9431 5
11219 9
10234 1
4605 1
7056 10
16016 8
869 10
6487 9
10691 1
11538 8
10834 1
16382 2
8798 5
2470 3
174 10
9822 9
8811 9
10017 2
8810 2
10620 5
3243 8
4994 4
288 1
11755 7
13340 6
13713 4
1821 4
2417 4
2979 7
6722 4
6887 8
8991 10
5443 7
10338 10
12889 4
14942 8
15140 1
1394 2
1644 1
4936 6
11828 7
1083 7
12520 6
6075 3
6853 7
9180 4
7657 8
10641 4
13462 3
3911 10
4371 2
8366 7
9225 2
9902 9
10888 9
11167 9
8050 3
13894 5
743 8
4998 10
13405 10
4499 4
7531 1
4425 3
15201 3
9135 10
718 8
5953 5
13584 4
3795 1
8998 1
6895 10
11675 4
2559 7
2928 3
15878 8
232 8
9325 6
14981 1
13701 3
1130 5
16021 2
15455 1
14900 6
12806 3
4426 10
4626 2
6051 4
613 2
12380 1
752 7
12874 2
13875 2
3467 10
3763 8
6345 2
10825 8
6565 4
4692 1
2313 4
2044 9
489 1
1113 3
12281 2
12218 1
14763 7
406 6
1562 5
14207 8
10834 10
11064 5
13878 9
1210 4
3731 2
12998 9
7418 6
8841 8
1089 4
3175 7
3609 5
4324 5
7181 4
9949 5
14530 7
12384 6
2707 2
2468 10
11799 4
2693 6
3676 5
8274 4
12548 6
16165 2
10680 5
10771 3
11544 5
320 10
16107 4
15588 8
10126 7
13139 4
2049 10
13095 1
4222 3
3238 9
4006 4
11962 10
15542 1
2318 2
5628 6
4410 10
13339 4
14804 4
12793 1
12744 2
15027 5
10433 7
7056 3
411 7
1947 2
2561 6
2940 5
10373 1
11 9
13251 7
8329 3
3742 10
5781 8
13769 9
932 2
10385 2
10481 2
10298 5
14935 1
13617 2
1066 4
12853 2
13414 5
5232 3
10447 1
4057 9
1146 3
3377 10
15956 10
9180 7
15109 5
15121 8
8692 3
3186 4
15024 5
9731 7
10160 10
16091 10
15738 4
5607 3
3241 6
2109 2
4269 10
5635 3
384 8
6274 3
5424 5
16304 8
11442 6
1126 9
2312 1
2616 10
6672 6
11139 9
10729 5
14751 6
2583 1
4281 2
6800 1
15281 10
2401 2
12139 8
8463 3
5315 9
6349 5
3143 9
1558 9
10558 8
15101 6
8266 3
8507 9
9620 7
8199 10
15103 6
1182 2
9548 9
8192 1
6391 9
11420 6
2414 5
3294 3
6420 2
6496 6
10567 6
12469 4
12466 8
11658 7
8757 10
1710 9
6609 9
14574 8
1671 8
10235 7
11683 2
15873 5
3166 7
15943 3
3951 2
3920 3
11206 3
6239 7
6934 7
14911 1
4310 3
2565 2
15219 6
4199 10
8503 7
4035 7
550 3
4375 1
7228 9
8364 7
511 7
844 4
2555 7
7627 9
10504 2
1817 1
16154 3
5570 8
13118 1
3548 1
5358 8
7038 2
13985 4
3717 10
8557 5
10733 6
9627 2
12854 2
6329 5
4500 5
7227 3
8589 9
3809 3
12754 7
1819 4
10891 7
15961 7
14127 1
3597 10
10172 10
10605 10
7203 9
14445 3
12739 9
1417 5
4320 4
7300 3
2734 2
14339 3
4455 4
5494 8
6191 6
6888 7
9629 5
2624 5
10349 5
973 9
2516 10
15172 1
1372 4
7866 2
10758 10
8614 9
4548 5
12412 7
14864 9
7533 3
16110 10
2398 9
724 6
1982 6
5149 5
8457 8
10985 3
8120 5
7897 6
7043 10
12727 2
6782 8
7569 10
13941 2
15596 9
2071 7
3884 1
7581 8
8245 5
14524 9
15414 6
6949 1
2612 9
11453 9
13372 2
15546 2
15590 4
9137 8
5887 1
7556 3
13208 3
498 10
1017 6
5577 7
9856 6
1704 4
2934 4
8934 8
6910 10
4871 4
7017 7
7677 6
15387 9
4411 9
12588 3
15160 5
16270 8
2495 6
6550 6
6908 1
8593 3
9260 5
2475 8
10085 5
4071 1
4559 1
4761 8
10429 8
7317 5
15370 10
15854 1
6105 6
9524 8
704 4
15350 9
15763 1
3007 10
9298 4
6341 6
10248 8
4617 6
11381 2
14311 10
15593 4
2959 6
9220 5
11037 7
16154 8
13221 6
5666 9
12232 10
11623 8
171 7
8843 3
8184 3
2245 3
10170 2
8339 2
6484 8
14009 5
1269 6
5030 3
15254 10
13314 7
13792 10
14875 8
7061 1
7209 2
15375 9
3150 8
3626 8
11068 8
5047 2
15966 1
15238 8
11741 1
8247 9
293 5
10183 6
5845 1
9306 2
13038 3
1268 3
5826 6
3955 10
7403 7
3574 10
9850 1
9940 4
14034 6
11174 3
15542 4
776 10
11375 9
11623 4
14180 1
5722 7
10271 5
9205 5
16225 1
5177 8
6402 6
389 5
3244 1
4415 4
8305 4
10396 10
19 10
5794 2
3020 4
11695 7
1477 3
2528 1
8281 9
14958 2
10631 9
3097 7
14213 6
15235 7
539 8
15948 7
16116 9
2569 5
8330 4
9994 6
10704 3
8805 4
3835 10
1591 1
11544 3
10150 1
10441 9
15574 4
6847 3
15079 6
12703 7
12963 1
15531 8
10161 7
11661 6
3739 5
8123 6
15665 9
6247 1
12205 5
1257 4
15821 7
16166 8
10508 6
8093 1
3741 3
114 4
9231 5
2507 6
9359 5
1797 8
4236 1
8687 3
8738 4
12751 2
3284 8
8224 4
11817 2
15753 7
14055 5
10358 1
11940 9
14588 7
3132 6
3188 6
10505 3
11131 9
9769 5
3098 2
11802 5
12164 1
14391 7
1979 1
2976 1
3037 3
5515 1
11905 8
7369 4
13385 7
15667 5
6660 2
7527 9
8594 1
13154 6
6300 1
10703 4
787 1
506 9
8343 6
14359 5
4111 2
8883 4
4333 8
15120 2
10635 10
4582 10
12539 10
12674 6
1393 7
5086 2
15673 5
7981 6
12343 10
15026 5
2991 2
10636 7
3079 8
6235 4
9090 9
9858 5
11384 8
13604 8
296 9
3914 5
12718 7
10999 10
13272 9
6426 1
2127 1
3737 4
13628 10
7906 9
9786 4
14033 6
9241 6
14949 8
1382 8
14642 8
4801 3
7858 10
5801 1
5935 7
9462 6
2678 10
7333 1
8861 9
14176 6
11332 9
12904 2
13545 1
14990 1
660 3
2332 9
4003 10
4645 8
5679 3
9339 9
1853 1
8122 9
12715 3
14521 6
1261 8
4520 6
12444 3
4270 10
13167 8
15469 3
6639 8
4976 9
8646 1
2361 1
13747 8
15598 10
751 10
7804 2
11590 7
15817 9
677 8
5117 7
9778 6
13527 9
10271 2
15885 10
14143 7
14442 10
13877 10
9003 7
14207 5
454 8
3349 4
4610 4
5241 4
7069 2
6428 7
11278 9
11415 5
5877 3
8074 7
13544 6
4332 1
12357 2
14999 10
5875 5
5879 8
10808 1
15635 8
9334 9
11319 6
14558 5
16151 7
1654 2
8917 3
12157 10
15395 8
2937 2
5101 9
9496 10
2137 7
12455 8
10508 10
3557 10
7007 7
4797 6
2239 3
7498 6
14201 7
14883 4
9649 8
2395 2
15353 9
8262 10
8394 1
15590 7
7612 1
9948 9
13973 8
14090 4
5366 3
5869 5
9787 9
11123 6
9403 1
12609 3
13465 7
13690 5
15608 2
4403 7
8121 7
6956 3
14433 1
5755 10
11923 5
8316 7
8519 9
10629 7
1548 4
4194 7
5986 4
1664 6
6903 8
5490 8
4538 7
7395 5
11927 2
13230 10
15219 3
13127 3
13980 8
14411 2
16305 3
5670 4
8086 5
10748 7
10819 5
8570 5
12736 3
6677 2
13771 4
5593 9
11680 10
15455 1
7278 10
9668 9
10993 1
14252 2
12835 9
3110 10
3148 4
6057 9
617 3
1549 2
13871 5
14840 3
613 5
10864 1
4784 8
11025 3
15781 3
10006 4
10412 6
14943 2
8630 5
14709 4
11584 4
1385 7
1997 4
3200 1
9660 5
15565 1
12222 8
11322 9
644 9
4444 8
5710 9
6178 7
10030 9
13244 2
11029 6
3982 8
2159 5
1034 10
4149 5
15198 1
16323 7
11121 10
11107 10
13125 8
15219 6
8379 9
13155 3
13888 10
14871 2
15575 2
11759 4
337 1
14286 8
3461 2
5906 4
9497 1
11076 7
2901 1
8753 5
7683 4
4454 9
158 2
2041 5
11468 8
4492 4
5532 7
6000 6
3582 1
14388 6
509 10
373 7
14929 5
1390 8
4213 9
6730 6
6924 8
7659 8
16129 1
1155 6
2186 6
2020 2
5352 4
8492 4
7318 7
16294 2
15606 8
9361 4
2694 1
5953 1
6266 7
16309 1
5720 3
12549 8
1367 5
1493 7
3070 8
5772 9
7489 8
1966 10
14867 4
14050 7
8528 1
8681 9
4853 10
15519 5
15564 1
12772 4
15107 4
6766 4
2040 6
4082 4
15846 5
2358 4
10966 5
2862 5
2731 5
2805 10
9889 4
9943 4
9808 4
1723 4
4586 7
14255 1
12939 7
594 9
8385 3
8280 8
15230 3
12582 8
13479 8
4353 9
13227 1
1094 3
15844 8
1895 3
10802 2
10233 1
2785 7
3376 4
11237 9
288 10
14442 2
6713 7
2679 1
13163 6
10759 5
4892 6
1430 7
2128 3
4859 9
5977 1
10975 8
1353 1
16169 10
10899 7
14266 4
1296 9
3337 1
3573 10
7682 10
6780 4
11533 3
9847 1
14136 10
15954 7
1055 10
3374 6
7921 8
9535 7
103 5
13573 6
13999 9
9604 6
10597 6
4687 10
9136 4
14913 10
4117 10
6552 1
8434 3
9419 2
7998 10
7422 6
5040 2
14072 10
16242 7
4964 2
5091 6
11853 8
10562 2
14550 8
14105 8
1199 9
5964 2
2909 6
14672 10
6236 6
9318 1
14963 9
1323 1
4604 3
2830 8
6452 3
14646 1
85 8
3638 10
10982 4
2824 4
4085 6
15766 2
12521 7
3255 10
10519 3
7270 1
3763 2
7430 2
14206 8
706 9
1361 6
2656 9
3753 7
9895 1
10547 2
10696 7
1837 10
15407 7
7233 8
16285 4
11025 9
873 9
2361 9
6169 8
6665 1
12842 7
2026 5
12524 10
14914 2
1834 4
4032 6
14669 5
15132 4
12992 1
7321 4
3084 10
14592 2
6625 2
966 1
14965 7
6619 8
15004 9
15605 5
1869 6
4668 6
6510 1
6513 1
10791 8
11638 3
14660 1
11835 2
12788 2
13806 9
674 10
736 1
5783 2
8162 2
10712 6
16025 1
7246 3
2190 10
658 2
16257 3
1071 5
3176 10
5804 8
9026 5
5819 2
7636 9
14426 10
10314 4
11962 6
7428 4
9787 4
11762 10
14556 4
15352 5
486 4
1920 10
3317 8
8458 10
4313 4
4795 1
6313 6
6031 1
14802 5
6596 10
4705 10
6796 1
4822 10
15451 2
7463 3
8955 1
10130 10
1438 9
15795 7
9038 9
3366 6
3755 7
4397 3
11546 1
12023 1
12586 9
15513 4
2024 5
2159 8
5362 1
7001 4
15076 1
15522 6
12386 1
7321 3
6845 7
8228 2
12485 3
1714 9
14882 7
3275 5
7492 8
10169 2
13125 9
16363 7
5093 4
11740 3
8702 2
15334 6
1616 6
7927 4
13445 7
6385 2
1714 8
11858 9
13394 6
3776 1
6166 1
682 10
15900 7
14558 5
8806 10
5295 10
5841 10
15000 10
11745 1
12129 3
6634 5
8031 2
1552 6
14656 10
11756 8
13378 4
9079 3
11517 5
11822 1
5626 3
6514 1
7626 8
14292 3
4122 10
15763 8
14627 2
14224 9
15625 4
890 3
1650 3
2360 10
2845 3
3442 4
4940 5
5194 10
6100 7
3924 6
1348 5
14370 6
3519 2
1427 2
18 2
8466 2
5979 3
13307 5
860 1
5675 4
7994 1
12093 10
7950 6
11436 8
12470 9
13943 10
2766 6
9558 9
4654 4
9458 2
7415 7
11239 6
11021 5
15721 4
6285 7
7392 9
11524 3
14185 9
14239 5
15938 10
347 2
9901 6
3712 7
15478 4
4506 5
5422 5
8927 5
15271 4
13766 9
14896 4
5169 1
10351 2
11257 9
8494 7
15877 7
2475 5
4172 3
5220 3
11086 7
15953 5
4379 3
3968 10
14192 9
14468 7
3424 8
7591 3
9225 4
9877 5
12007 9
11739 1
5237 2
6604 10
4911 10
9128 4
11689 10
7577 4
10952 3
12570 1
13285 3
13672 10
2733 10
13073 6
14893 7
4073 6
4595 4
10453 6
9607 6
292 3
14560 5
4007 10
15315 6
4044 9
4707 7
9610 9
3145 8
9165 10
15217 4
1182 6
3271 10
7425 7
8604 2
14564 8
5604 1
14391 1
5379 7
7801 9
13238 5
3067 9
14854 9
1987 10
2871 1
6310 5
11230 9
14791 4
9858 3
477 3
11739 7
14272 8
148 1
9692 4
9229 10
1082 1
15263 7
15263 3
1521 9
1879 5
2778 5
3393 9
10109 7
15758 4
15847 2
13384 9
15714 1
3020 6
3815 10
15898 3
9203 9
13475 10
1281 10
7110 5
8048 3
15908 6
10627 7
5198 2
14130 9
1562 4
268 1
11507 9
1727 4
4151 3
7996 2
8282 10
8893 10
8498 4
2234 10
62 1
13579 2
2235 10
4868 8
11431 4
4346 5
16375 10
13336 2
14635 2
5600 6
10117 9
12563 3
14241 4
13245 9
14538 2
931 10
7711 1
12695 5
6234 6
13738 7
16088 6
3219 2
4819 7
6851 5
13097 10
15928 4
15122 6
15851 2
3653 2
5736 4
10320 8
9106 4
14746 7
2456 4
602 3
4067 10
1322 5
6553 8
1295 7
1687 4
714 6
2469 1
10335 6
431 8
1976 7
2517 1
13561 8
13897 9
687 3
855 9
1674 9
2126 6
4665 5
6603 7
14366 4
13222 6
5961 5
13970 3
14063 10
15528 7
15788 10
6138 6
8457 9
9048 8
10894 10
14295 9
12991 5
14061 10
1953 8
8284 2
6315 7
10042 5
10542 8
11896 9
6997 2
1794 2
10266 3
1944 9
5417 4
9758 1
14870 7
5181 4
9578 8
14158 10
7813 2
12592 4
14772 2
8575 2
10577 6
7999 1
15651 2
248 8
11595 8
15620 7
9633 6
10592 9
1558 9
4699 6
15784 7
1000 8
5145 6
3849 9
612 9
10009 10
1834 1
6197 9
9205 5
302 3
1510 9
4472 7
11432 10
3370 9
11085 8
9480 10
9232 3
3900 9
14826 3
4024 10
97 6
1182 10
3902 3
9508 6
2505 10
3903 6
7559 4
10732 8
675 6
8313 5
15732 7
16138 2
3510 2
10228 1
1946 8
7121 2
5145 3
11737 8
11500 8
15576 3
1388 7
6445 10
15082 2
6387 1
1701 2
6 8
11370 8
12334 1
14890 9
3855 2
178 10
6276 8
9897 5
6423 4
15532 7
6683 10
1417 3
5053 10
3766 4
15589 4
12562 10
11715 1
14991 2
15627 5
5730 1
13372 9
9334 1
4306 6
1170 3
1510 4
11671 8
16034 3
12797 2
4918 1
11050 10
4946 1
9593 10
15486 3
7223 3
11555 7
16170 10
11424 5
1328 8
9108 9
7385 3
1091 2
4996 5
6967 3
9519 4
11424 4
13010 3
6171 10
4703 2
13152 5
11841 4
11360 8
14592 6
14718 9
7666 5
12376 3
2223 7
5596 10
8962 9
9879 9
8012 9
11931 7
4161 8
2144 10
9842 10
8254 10
11545 6
13285 4
3756 2
2504 9
13868 2
14111 4
1773 6
4811 4
8224 7
6256 4
11206 9
14717 10
3130 9
5536 10
9959 3
11080 6
6264 4
10983 6
13900 2
2972 6
14664 2
1132 8
3705 2
6238 10
959 10
3300 5
15383 4
2303 9
7643 5
10503 9
15760 7
4013 3
12084 7
5358 10
4045 5
10816 5
13543 3
5584 2
5696 6
6848 2
8052 3
8231 4
10675 1
5072 5
8082 1
11197 2
16370 2
15276 3
8590 6
3656 3
14197 10
27 6
13101 8
91 8
2413 2
15185 10
167 9
7395 7
1926 9
11225 8
12604 2
1754 7
6068 1
8155 7
16330 3
8208 1
14075 1
5134 8
15821 10
12776 3
12972 10
13513 2
13852 2
220 5
2233 6
7241 4
14392 1
5520 2
12149 7
2942 5
10834 3
11904 6
3611 9
9457 7
1750 5
7894 3
10373 1
16375 10
10425 1
4441 6
2104 4
3807 9
4449 9
15323 4
15725 5
2350 2
13652 7
13982 5
14493 4
787 1
1689 4
10965 2
16265 5
12735 10
14740 8
182 8
9923 6
502 5
5391 1
9515 9
7402 5
13442 6
9694 7
11025 4
1606 5
12283 8
9599 8
5947 6
3854 3
11626 3
14388 1
3968 8
281 7
14225 6
8144 6
5360 1
2267 3
12531 6
5714 7
14695 7
544 7
693 1
799 9
15827 7
9821 8
11419 6
1368 8
2198 2
2964 8
4752 1
3686 3
10375 3
5592 3
11529 9
12570 4
15268 1
4467 2
7392 8
9907 4
6175 10
12111 2
9850 5
14331 4
3364 8
10137 10
14976 5
9525 3
10954 10
9470 3
11458 8
1896 8
2826 2
3317 8
9357 7
802 7
13133 3
6380 5
14419 2
11597 5
2377 7
4372 5
7162 1
11057 7
16041 3
4982 4
14479 9
10531 5
3624 2
9019 7
3801 8
10524 4
4028 6
9355 6
13172 6
13550 8
11658 6
2552 5
2956 10
4611 8
390 10
8000 8
5078 9
10208 4
5385 7
5664 5
3024 4
8368 8
14631 6
10766 6
13671 3
14491 10
887 9
1110 4
1415 6
5444 3
7574 4
7247 3
7897 2
4189 4
16196 4
15592 4
4239 6
6623 7
10011 8
14295 1
14701 3
8354 3
13240 3
16358 4
9711 1
14193 6
638 3
6580 9
8272 9
10680 6
6675 10
11427 4
3041 7
13778 3
14243 7
7318 2
1135 5
7595 2
10379 10
10553 2
5444 3
1325 10
6090 8
6451 10
13324 5
13360 9
15018 9
16229 1
8659 8
3850 10
11237 5
13469 7
7056 4
11891 2
15335 7
3058 1
69 1
10330 4
5019 1
9023 5
11551 7
15116 5
2985 9
3719 10
4962 9
8319 10
10064 6
12249 7
13096 7
3106 9
7532 2
9088 9
6485 2
8951 6
101 2
7425 7
6385 2
11397 6
8461 10
10814 1
3157 10
13164 8
11171 6
15836 2
5044 10
6616 7
10986 1
13059 4
14485 5
1210 8
2779 8
10168 1
570 5
12843 3
3759 10
13300 10
886 10
3614 9
1590 7
14765 8
1566 9
1300 5
13438 5
3339 9
3954 9
11369 4
14348 2
4875 7
11367 5
10388 3
10594 1
1462 7
11649 9
13338 7
5024 7
5025 10
8567 2
799 8
13803 8
11607 4
14464 7
652 7
5895 8
7204 3
1370 9
14720 5
2734 8
11411 4
13464 10
15716 8
1038 1
5578 5
33 9
14122 3
15395 9
8280 1
5548 3
6914 1
2706 9
4321 5
9858 2
4690 9
5699 3
14073 4
12668 2
1835 8
11339 4
15466 10
3518 1
13723 6
11355 10
2620 6
9330 3
2459 6
2715 2
3350 8
6692 9
8728 8
6138 5
16018 7
13841 5
5491 4
2269 4
3223 10
8098 4
9039 10
8970 3
7248 4
13200 9
15464 6
11317 8
13372 10
14433 8
2264 3
3668 10
10948 8
14162 8
14390 9
4364 2
746 5
11746 2
15241 2
13572 5
15367 9
5576 4
9764 7
4026 7
8910 3
7146 10
14658 6
5965 4
11075 8
1911 4
9282 10
11552 4
13596 8
14562 4
7313 10
7633 2
11014 1
11165 6
14531 6
12593 5
14994 7
15541 9
1479 5
5492 2
6764 9
11032 3
13172 5
5574 7
13775 4
16182 1
3152 10
7521 2
8123 2
252 7
14165 1
14674 10
15644 4
11856 8
9760 10
9908 8
12712 10
9406 2
10269 8
11579 5
4658 3
8378 9
12237 9
1324 10
3078 5
4308 4
1699 2
7572 6
6826 9
11593 9
12074 5
15419 2
1267 10
7357 6
2961 2
2038 8
9025 6
11766 2
11475 4
13391 8
14436 5
15049 3
6165 3
1040 7
3444 9
3248 4
14983 4
927 10
737 2
10718 10
14626 4
14837 7
894 10
5635 1
5829 5
9631 6
9667 4
6642 8
9377 5
15176 2
15995 8
8020 2
5164 1
6248 5
10846 4
13843 4
6865 2
11190 9
849 2
9651 4
14042 2
7414 8
10929 6
4077 3
2010 9
7235 8
14099 6
14664 7
1107 8
4438 2
1804 6
1772 6
1623 10
12038 1
15673 3
9627 10
10690 3
9420 2
9674 8
15520 4
13016 7
14532 8
15368 10
3330 2
6965 5
11400 8
13944 7
5906 6
12667 2
2366 2
4628 3
15703 6
14752 9
3610 4
916 6
12982 2
8702 6
9431 9
5489 10
8934 10
5869 8
3003 8
14369 5
15788 5
4094 6
1939 2
279 7
8734 2
11752 7
13058 9
15623 10
6471 1
15742 6
2572 7
7743 6
3643 1
4628 2
2309 2
15457 5
15425 9
3732 7
7756 2
10043 5
6356 7
7130 1
6679 5
13526 1
14616 5
758 1
1522 2
3232 7
9305 9
10908 10
15139 9
3971 6
560 4
5779 4
1799 3
6189 4
7104 4
8484 5
9136 7
10455 4
16266 10
13643 1
13205 10
8592 1
16100 3
1193 2
7611 5
11264 8
2409 10
15960 2
1940 1
127 3
996 6
1051 10
2946 7
6306 7
8241 4
14111 4
7263 7
13538 4
2984 1
12277 9
14422 10
12168 3
14775 8
5170 7
4878 8
1308 1
7488 10
8261 4
6869 1
11664 3
11980 4
10662 3
1122 3
12463 7
1926 3
1197 3
15854 2
1079 9
2340 10
3527 8
5226 8
5583 10
4821 6
8992 6
5396 9
7062 2
8988 9
741 1
12202 6
403 8
2442 8
3905 2
5279 3
14170 8
11448 4
7781 1
5361 4
7459 6
9850 7
14883 9
12122 7
2629 4
7547 1
7895 3
6181 10
2187 4
14430 1
6612 8
6944 6
7174 6
7726 6
9540 4
10078 4
5047 7
14678 10
11963 10
15635 8
953 10
967 9
2380 8
5889 4
6588 9
9811 10
1531 2
16104 5
5290 8
12963 2
1805 1
3412 5
10529 4
14818 3
4551 2
2272 2
4043 8
2653 7
5231 9
2900 5
369 9
12816 2
1512 4
3088 2
4759 2
6675 10
13624 5
4102 2
4131 5
8369 7
3991 7
10506 4
16072 8
6800 7
1264 4
6953 2
6700 9
10893 8
13131 2
16014 8
3461 7
3849 1
9406 7
10734 5
10392 6
3938 7
5959 6
9329 6
13913 6
2345 9
14408 2
16283 3
12151 4
2132 4
14900 3
5764 3
467 3
14113 3
518 1
7210 7
1441 9
427 3
13122 3
2202 1
4561 4
4938 1
12503 1
9200 7
13755 3
10511 4
2825 10
5824 2
2277 3
173 8
14582 2
15337 10
1335 7
7679 7
15057 7
2022 7
3595 2
6751 3
443 2
11115 3
3942 1
2143 7
9426 8
14744 1
12381 10
5812 3
6718 9
5021 6
8939 4
13052 5
3118 10
15540 3
10021 7
13998 10
10151 8
14532 6
7782 2
9248 7
1376 3
6884 2
7705 5
11789 6
1601 10
9540 6
3764 2
2547 3
2302 10
6444 4
12946 6
14643 8
14988 1
7359 6
7389 10
7831 4
11359 8
11622 9
789 7
15955 6
8760 2
12089 6
12378 3
9233 5
5525 4
6075 9
15952 2
947 1
3353 6
3541 5
10843 10
6006 4
2432 10
4915 6
4739 9
13765 1
2811 6
10523 8
3698 5
11527 9
15746 2
16207 7
6792 8
6940 7
7792 6
1543 9
12974 9
6270 7
2627 5
15430 7
6135 4
6554 8
8518 6
14628 10
12751 7
9632 6
82 2
4424 7
6654 6
11337 9
13957 4
5623 6
6824 6
1064 1
7282 7
10888 5
1905 9
9317 3
9424 4
10263 4
3127 9
3345 5
11072 2
567 2
15677 10
2201 4
12426 10
15031 5
6916 7
9173 6
10238 3
9375 3
4192 5
695 3
9749 6
8707 3
174 2
10704 7
13258 8
16213 2
3108 7
6272 7
7158 8
4253 1
4126 10
11762 1
13555 1
25 8
8328 7
8365 10
3255 9
8253 4
13362 6
7766 1
14785 9
13516 2
9959 7
13904 5
4233 9
15634 5
3667 2
6774 8
8399 3
819 8
3500 5
3669 5
4002 5
877 2
9227 6
14535 8
13938 9
2307 9
11313 5
15232 10
6747 7
1266 9
2190 3
7204 3
1605 1
501 6
5047 3
12337 9
12634 6
13098 6
8661 4
7221 4
5099 7
5969 3
8537 3
13759 5
645 10
2534 4
2646 1
10434 7
10249 1
12993 8
15008 3
15533 1
11550 1
12890 9
14743 4
11 2
2343 3
2789 3
8242 3
3905 1
1880 6
10500 5
13819 9
15794 10
8863 9
10603 3
13932 3
647 7
16306 6
1637 8
9444 5
10614 4
11319 3
12579 3
236 7
2576 2
8548 3
12207 3
7806 9
10933 6
13184 6
14677 1
15442 10
15672 9
12447 7
8847 2
11504 9
4073 1
751 2
5359 4
6410 10
9697 9
9794 7
14251 3
2287 2
4210 10
4898 8
5972 1
10665 10
8467 5
11398 9
1813 5
14669 9
1550 1
4609 3
10678 6
11907 9
11605 8
14531 9
3388 2
14205 3
960 1
6304 4
6723 9
8026 9
15315 9
16298 8
15118 10
2989 6
8129 4
11281 3
11626 2
12052 2
15824 4
14129 7
2026 8
3548 5
7941 9
15034 2
5129 8
3467 2
5781 8
6757 10
7603 10
9285 7
10148 3
5007 7
6326 2
634 2
4333 8
767 7
13858 4
13456 8
15052 10
7638 2
8222 9
10027 2
980 5
8747 8
13066 8
16378 7
5321 4
10185 1
11132 8
7295 4
840 6
7158 4
5550 6
14635 1
6242 7
10843 8
4697 3
2697 2
13947 2
1386 5
1706 2
3860 2
5174 2
5925 3
11673 3
4079 4
4931 6
560 4
13255 8
2217 8
14064 8
4694 1
2577 9
1311 3
7152 4
392 10
11153 5
11211 3
1195 2
5458 8
2533 10
11373 6
15411 5
11962 1
1045 5
3442 4
8409 8
11304 1
14423 5
3036 9
4611 8
2592 8
307 2
2244 5
4587 5
8150 9
10464 2
5899 4
10753 10
6633 7
11949 3
16018 8
16171 10
4259 7
2898 9
12741 1
8488 8
15853 5
1469 9
6182 4
13819 2
15508 4
3238 10
16211 9
13961 6
4043 1
8016 9
9933 1
11082 8
8925 4
12403 9
11521 1
15016 6
14239 1
11416 7
14458 7
5738 1
13024 1
1933 10
2252 8
6251 10
11441 4
6389 5
175 6
2842 2
9191 9
14287 10
2843 10
7763 4
14344 9
3012 8
12613 10
4806 4
10245 3
10299 2
10668 6
6822 6
6932 7
11727 2
4557 6
12053 4
13312 3
2646 2
2975 1
7585 5
7931 5
11367 7
3963 2
1709 10
1050 5
5415 5
8990 8
16132 5
13154 9
905 3
10530 6
15298 5
15495 4
14027 8
5780 5
12947 4
799 3
6785 1
9989 8
12461 1
1553 4
9058 8
15224 2
12851 4
3746 3
14451 4
8664 9
2577 6
5211 1
9346 10
3004 4
10900 6
8354 6
1560 1
6646 10
10190 1
11946 8
13432 6
15388 8
15515 10
1815 4
5257 7
11022 6
12480 3
1916 10
1764 6
13703 2
13751 1
14793 6
3760 9
7249 8
8784 10
7053 10
6431 5
15401 10
12899 1
3054 8
15041 4
11744 4
6409 4
14356 3
10463 5
509 5
15486 5
5652 8
8076 6
13610 8
6616 9
711 8
1437 8
12432 8
6856 2
10922 10
11617 3
1021 6
7057 2
2840 6
6607 1
6477 6
14865 6
12946 4
168 4
4672 8
8179 7
13473 10
11017 8
15725 8
7659 9
7835 5
5959 9
5453 9
14841 9
1184 3
13840 8
7599 4
12647 9
13800 1
14088 6
10406 1
543 7
3715 2
673 5
658 7
6111 6
7958 1
8964 2
7726 10
8647 6
5242 10
451 2
4560 5
6396 8
7347 9
7714 4
14988 1
3239 4
1461 8
10472 3
15348 4
2741 9
4196 6
13021 2
10622 7
7532 5
9881 3
13226 5
2815 7
3101 8
3367 3
7740 10
10583 7
12242 8
12661 10
614 9
1814 9
6125 5
8912 3
4553 10
14178 7
16075 6
10762 8
15064 9
2641 1
6963 10
8026 6
11445 5
1192 10
12541 7
7385 5
5767 7
8144 4
15161 9
14204 1
5973 9
3940 1
7245 9
621 8
2298 10
11949 8
3290 9
4973 4
15492 3
997 4
8233 4
1673 4
13702 8
15267 4
2109 9
9074 4
9977 10
9247 8
8765 3
6836 6
14817 3
4824 9
9059 6
12314 5
8985 3
530 5
11256 4
14139 10
15224 6
15788 1
11124 3
1417 1
2173 3
1817 1
8563 7
15189 10
5175 9
10422 9
9064 1
5132 1
15508 7
15801 2
756 9
9072 7
8187 3
12390 1
7475 8
8605 2
15527 8
1797 6
3679 10
16020 6
7476 3
11840 6
12508 5
163 6
4598 10
6842 8
11234 7
5245 9
1718 3
13252 9
14832 9
8877 3
10747 7
14577 5
3154 3
730 4
5410 8
9973 7
1007 7
60 7
11602 2
14853 7
6598 9
10984 5
11447 9
2702 7
9327 9
11778 2
3585 7
1902 3
1482 3
276 4
535 6
2064 2
8706 9
11091 5
3532 5
11352 8
14439 7
5247 9
7329 5
1526 7
14289 8
13314 2
13691 7
10886 3
11402 5
4099 7
4995 4
1351 4
13065 9
2282 4
10907 1
3291 2
7386 1
14268 2
3104 6
6431 4
8778 2
9933 2
16322 9
10975 4
3791 4
4173 2
6681 5
12984 2
388 10
4874 8
13095 9
2774 7
5066 1
15934 9
7065 6
11700 6
12326 7
15368 2
15813 9
915 1
4661 10
10591 1
10877 7
7642 3
13915 1
11592 2
5385 10
14770 9
15135 5
3929 3
7029 3
1388 9
1788 9
12804 7
15680 10
877 4
1256 2
3813 5
4898 3
16149 8
1028 2
14590 7
9263 9
11530 8
4104 4
13393 5
9568 6
700 2
12682 2
6502 9
11012 1
6901 10
4482 4
3718 8
3916 1
11865 5
1735 1
5399 5
9848 1
10727 3
6430 4
11426 4
85 4
107 8
6685 5
4136 1
11857 6
14628 1
8926 8
8915 8
14766 5
7982 9
8198 8
12293 9
15986 7
8356 4
8436 3
9600 10
4955 3
12645 9
1797 7
2731 6
6410 6
10216 7
10509 5
2450 7
15941 8
15109 6
8694 2
340 7
3917 8
4442 10
10262 2
4334 2
5011 4
13899 2
3928 1
14707 9
7539 2
3540 3
15002 1
15619 7
14454 4
8396 6
11906 6
5622 2
16377 10
6535 10
6088 8
14058 8
14451 9
15503 7
895 10
1489 7
1631 10
2237 1
7107 6
7910 1
8675 1
8860 3
10167 6
11567 3
6940 5
9392 6
2097 7
3301 8
9772 9
16102 2
3142 3
10028 4
13931 8
2346 6
8658 7
13344 7
855 4
16217 10
2253 6
3604 7
8206 2
1049 4
1510 2
215 5
217 6
1903 6
9538 10
9650 5
14463 4
16358 10
1978 3
81 9
1830 1
13277 5
11500 9
2494 4
11766 7
14910 9
7029 9
7838 7
11198 8
11206 4
8472 7
5551 7
11712 10
15137 1
15689 5
203 6
9238 5
13225 5
15186 3
14172 9
12962 8
2722 7
4455 5
4666 7
9689 8
10517 4
10685 7
96 8
4052 10
5732 4
16368 3
12176 5
15051 6
1374 9
8674 3
11533 2
11394 3
15503 8
12618 6
11922 6
4127 10
6285 7
7458 5
12024 10
13106 2
891 7
1852 5
13109 8
1274 9
2631 6
8632 1
8655 4
763 1
7687 3
10135 4
12740 7
9985 3
10056 3
10144 4
2773 9
4528 5
13013 10
8888 8
10162 8
10578 6
10910 8
3464 3
8419 4
15131 3
2873 3
3907 1
6047 1
14721 9
3733 6
2220 1
12288 10
4799 5
9366 8
12085 5
7989 3
4911 5
7688 9
15105 3
8041 1
9215 10
10581 2
2105 7
15835 7
11106 9
56 3
15680 9
3951 2
8654 10
1160 1
4874 2
12772 3
5174 4
10163 4
3351 8
13044 10
5254 6
6617 5
7163 9
10121 10
2322 5
13428 2
8020 4
2382 7
2417 2
10132 4
4804 7
12791 8
3471 5
11296 3
12371 5
8402 1
14440 3
12603 3
6181 3
1648 7
6045 8
15010 5
3362 4
9251 4
184 4
5107 6
7707 3
7314 10
7323 10
12816 1
2256 5
14316 7
5576 4
5957 10
13840 4
3741 9
4920 3
7451 7
581 3
15438 4
14397 3
14264 3
3378 7
15449 7
12110 6
15516 4
12496 10
14691 3
6832 2
1921 2
13864 3
499 2
10040 10
5487 2
8461 5
4245 7
12428 5
9337 7
11017 6
14956 4
12412 6
15991 8
220 3
5650 10
10467 7
2860 9
6247 1
14135 5
10967 8
4110 3
6652 7
11425 9
5042 7
12355 4
3440 4
9700 4
13809 7
9006 10
13935 4
6350 10
9232 5
12644 4
13202 10
16190 8
243 3
626 9
7126 2
8420 6
9684 5
4825 4
2126 6
5121 7
6364 2
4459 7
10785 8
8287 8
12293 2
3395 2
4318 1
620 9
13409 8
12070 6
11911 2
1320 1
1707 5
5184 9
8989 6
9088 1
14957 6
7129 10
15667 6
1391 10
8851 5
10372 6
13316 7
9566 1
13164 9
14744 3
8898 1
11172 7
10299 5
11405 6
4846 6
9466 10
16317 3
87 9
9770 9
14471 8
1934 4
7354 3
8842 4
9923 10
11213 6
10269 1
9032 1
15091 4
15936 4
6809 4
8494 4
4664 6
642 10
15989 7
2161 5
5940 7
10335 8
9489 7
4358 1
12983 7
12857 8
10526 8
11471 3
6463 6
6430 8
9423 4
9302 3
4614 6
5281 8
5580 7
7557 7
3486 9
15790 4
7940 7
14948 9
1841 3
816 1
14429 3
14846 8
2292 7
7583 2
16349 7
11957 8
11977 4
16192 6
1899 9
6356 7
7699 6
9680 5
6689 8
6243 4
7467 1
2089 5
2280 7
10348 6
15876 3
12973 2
13692 10
94 2
6953 9
14059 8
174 2
13775 6
11983 8
15255 10
15344 8
273 8
2173 8
3155 2
10547 9
11365 8
13707 10
5344 5
7362 9
14015 3
5001 5
1991 10
5931 8
16279 1
2528 2
11541 3
4463 10
3379 2
11113 3
13415 3
1551 2
2176 2
4302 5
9057 4
9985 1
8245 3
1713 9
14380 2
11142 4
7008 2
15026 2
1276 2
13386 8
9291 2
15598 6
15623 4
1215 2
7058 7
4299 1
14211 1
12639 4
13946 9
1210 2
7135 6
8382 2
5973 10
5808 4
13053 1
14274 1
2081 1
7691 8
13521 3
3696 8
12519 1
7323 2
11955 6
1240 9
1588 9
5152 1
5790 8
11252 10
12215 1
4728 4
15760 5
8 5
5807 6
13185 9
891 5
12034 1
4268 8
8779 9
7291 7
5433 6
11016 4
3275 9
1796 4
8988 9
9625 2
11173 2
4421 6
10928 2
1379 5
15008 4
15832 5
343 6
14275 5
1922 7
1798 4
2195 6
7591 7
13184 4
15606 8
13451 2
7846 10
1358 7
14558 10
587 5
9115 5
1870 6
13598 10
11926 7
5957 8
10937 4
16066 5
9780 2
2120 1
4740 10
5637 1
8435 3
10372 7
7181 9
11325 10
4069 4
9024 5
2341 6
9312 3
1385 1
2181 2
4701 1
14824 8
11837 8
1337 4
2639 6
4789 10
6667 6
5020 9
391 6
8969 9
7034 6
5499 8
5869 5
14623 1
3543 5
3956 2
8302 3
10769 10
12902 3
8361 5
8736 8
13302 7
6070 3
11208 7
1139 4
408 7
152 5
3892 9
4064 3
10678 9
6795 8
10824 2
13510 3
9078 10
5722 6
12649 7
3216 6
3959 7
3137 1
4982 7
3248 1
9367 9
2478 5
2834 4
10200 1
11601 6
8362 6
12680 5
3699 3
4741 4
6626 1
1981 5
4952 10
8557 2
10202 1
7743 8
15420 4
1336 5
14595 5
2701 1
6537 9
7700 2
9274 2
12430 2
8411 6
10645 4
10803 5
8055 10
10016 1
9641 4
1054 9
12737 10
7959 6
11019 1
8450 2
12369 4
3177 3
9774 9
2433 7
3094 7
12422 10
2409 5
15348 5
1039 8
6861 3
10615 9
9357 8
6412 7
5409 8
13477 3
3945 8
8884 2
302 3
13717 8
13177 3
6177 3
6454 5
3923 10
10000 5
7803 7
13924 10
14401 1
15727 10
6642 4
13029 1
9290 1
10743 7
3792 7
14865 10
9777 7
15971 6
14965 7
768 6
2902 5
11623 10
13847 3
16277 2
2196 9
4595 1
235 4
7819 1
6828 9
9740 2
11738 7
14928 10
8850 10
14341 6
649 2
8161 1
9497 4
12761 3
11363 1
5437 3
15637 2
5741 3
9910 9
5212 8
1618 2
14329 1
1546 5
15274 1
3901 4
1799 7
7282 3
3106 2
7532 5
7636 6
308 9
2268 9
3952 4
2465 1
12038 10
12500 5
4559 9
8086 1
8461 4
3416 2
6559 10
200 3
8914 2
3919 5
264 4
6735 7
7115 5
7566 9
6324 7
13618 9
4371 1
5523 2
6280 5
7422 7
9759 5
14803 10
12265 5
394 9
2388 4
8877 3
7153 5
10229 5
2578 6
6675 10
2284 7
14406 9
2746 10
9689 6
12498 3
14379 9
11554 2
4973 10
11026 10
13764 6
15836 5
4020 9
920 4
4913 6
3676 10
2437 9
2051 3
5151 3
14232 2
11935 7
1806 2
2732 8
3067 3
4977 4
9875 1
10919 8
7120 2
2425 4
5148 1
5909 5
7207 9
1703 8
10177 4
3712 6
12895 6
15588 3
5819 10
7177 8
5162 5
1241 6
7546 9
15734 1
350 5
2512 1
14431 2
2365 9
12928 4
2036 3
2394 1
5614 1
10399 10
9277 7
5547 3
7859 2
8208 3
3942 7
7442 4
10392 2
12954 7
13946 6
397 6
8851 2
11359 8
14121 7
15683 6
12375 6
12843 10
16374 5
1604 10
2795 10
11714 7
13885 7
13950 1
12804 4
1284 4
7284 8
10866 9
11036 10
11332 7
9219 6
10548 6
7301 7
11324 1
11097 1
11308 3
13855 1
4157 2
2982 7
13992 6
7165 2
7535 1
9950 8
11203 1
9 7
4225 9
15190 1
13327 8
2635 3
5953 2
7097 1
7861 1
7237 9
1898 10
13661 4
13709 3
14058 5
4264 3
10337 2
8750 4
9593 10
10576 10
8870 3
11564 4
7255 6
10184 9
6705 3
3504 1
14755 8
259 7
8063 9
10315 6
11311 1
16258 2
10565 1
8427 5
4990 7
5535 10
3875 1
6748 10
6565 8
11438 2
2657 9
9138 6
7551 4
3175 9
1294 10
2874 2
3490 2
7579 10
11120 6
14391 7
3538 10
6674 9
10646 9
7566 2
8426 1
15079 1
7013 4
1389 5
2090 4
12162 9
3677 4
3889 4
7184 8
4687 6
361 3
15466 10
2111 6
5678 8
6500 6
7253 2
13469 10
16000 9
7181 9
8361 2
14899 4
390 9
11462 7
12552 7
5838 9
15268 4
9189 6
16235 9
5504 8
6987 3
9474 1
13583 7
8802 9
5365 1
13936 9
303 4
2475 1
6823 8
10576 2
4206 4
11135 7
12963 3
13732 3
4273 6
13489 10
3251 2
7109 9
10253 2
1172 8
9191 2
11312 8
13178 4
7641 2
10148 10
7207 1
5068 1
7699 1
621 8
5538 2
534 3
13249 6
3336 5
6357 9
10752 10
11262 4
6483 6
14514 2
5901 5
1025 7
1988 6
5974 1
9492 3
6634 10
14774 2
13517 1
15361 7
6408 8
9891 2
9432 5
6452 5
15084 9
15274 7
2540 4
4585 9
5461 3
11299 10
11512 1
10173 3
7200 9
15039 3
15545 10
7804 10
2207 1
5770 2
15346 2
10415 6
15491 5
3171 3
11997 9
13965 10
15622 10
7731 3
12644 7
13583 6
12984 8
14331 6
15422 6
3182 1
3407 2
8731 1
11448 2
11622 7
1234 3
9438 4
12562 1
13037 9
1042 5
5535 7
12466 4
10477 8
7806 9
5468 3
9543 9
15921 9
2538 9
15406 2
14285 2
13619 6
14139 4
143 3
2903 2
7955 7
7990 9
12837 6
3472 6
11052 5
8885 1
11030 8
801 5
614 9
10342 10
15441 7
2452 8
4306 5
3028 3
10974 5
15588 6
2610 9
6282 4
16020 5
8777 2
14720 3
10185 10
1190 9
4715 5
14212 4
3647 2
14251 7
5340 2
3415 2
836 8
440 10
10199 2
7033 2
5410 9
3552 2
6714 4
16337 3
1078 3
1492 6
291 6
2492 1
2158 3
11593 2
542 3
4051 3
3515 2
10371 2
1784 10
7504 3
708 6
5566 6
3890 5
10048 4
8924 2
12142 1
15148 9
16126 2
8620 3
10694 2
13128 9
5704 10
13857 10
1478 8
3152 2
10514 1
9168 3
13448 2
14271 5
16164 10
5540 5
3961 4
12266 6
10184 6
15217 9
15845 3
779 8
2354 4
4171 10
4784 5
5477 7
9024 4
14625 10
4773 2
9190 2
5333 4
15327 9
5328 5
364 7
2074 1
4721 10
16015 1
15036 5
6250 9
5335 3
8864 1
12694 10
14359 4
2962 9
4049 3
9562 5
11497 6
2288 2
6801 2
13264 5
12758 1
14384 2
3532 3
4775 5
9994 2
9299 5
4266 8
10276 9
12963 7
2077 2
2399 4
5058 8
6344 6
9404 2
12553 5
4866 2
13108 6
13379 7
6144 3
7098 7
403 1
3752 2
4195 2
5302 9
7836 2
14225 8
13890 7
11923 7
3323 2
5436 10
9533 3
4430 7
13212 9
14832 8
8405 5
6039 10
8351 8
4946 7
14930 2
5653 8
15906 4
1699 4
2099 9
3443 9
8203 2
16356 10
14810 1
12744 3
5912 3
7794 8
9095 9
10920 3
11892 8
16010 6
8292 2
11152 4
16029 4
5295 2
7788 1
9934 7
15381 7
9894 9
8563 4
5308 5
15077 6
806 2
3467 5
16310 9
5711 4
6250 3
1632 8
11219 5
5454 7
9913 2
15247 7
13911 7
4821 3
4989 10
6260 9
7074 3
4864 7
10551 10
12005 5
12912 6
1626 2
3202 2
13272 10
9439 9
10605 4
7434 4
7441 5
1664 3
12826 3
13389 7
14433 4
1685 9
9538 4
13553 1
4769 3
10936 6
5533 3
2167 1
2206 1
3162 7
7316 10
6090 2
1725 1
879 8
6565 1
11863 8
15308 2
11890 5
14022 3
4106 2
6938 6
4562 9
2247 2
15108 1
2446 9
9129 9
9708 9
13072 7
14290 8
8260 3
1379 4
165 7
7886 10
9933 3
15123 4
15430 10
8119 2
9885 7
6330 5
6124 7
5429 2
2527 7
605 7
1752 10
7539 8
14928 10
10634 1
16112 1
10301 2
5195 1
7072 7
2861 4
15602 8
5069 7
14627 2
14661 4
15468 6
1272 6
4106 8
14444 7
16197 6
121 10
3097 2
3255 9
3562 9
11217 2
6487 1
1984 9
13041 7
5170 6
9389 10
263 4
675 6
8513 2
15018 1
2457 6
3671 7
7254 1
9972 4
5194 1
624 8
2290 1
14779 5
4430 7
5140 6
4467 5
2499 3
7094 8
10921 2
2291 3
14615 10
6631 4
14161 6
14357 2
2963 4
11313 1
2626 3
8728 9
6735 9
14711 4
4795 3
5122 4
8677 3
10363 9
3951 5
6358 4
9188 8
1340 7
2427 10
3355 3
10890 7
1816 8
12011 4
3578 4
4628 6
5950 8
12250 3
8442 1
12008 3
15031 4
7951 10
15423 3
12242 1
14309 9
2683 2
4426 5
10233 8
14637 8
3942 5
13320 9
143 10
9609 7
11137 7
14544 10
6755 5
10046 5
6212 3
12772 7
13862 8
6970 6
5050 10
13947 8
14292 5
14739 10
4678 1
4831 6
9950 3
2939 10
10049 8
1977 8
345 6
431 2
8890 2
9920 7
1174 8
1366 10
3538 4
3499 8
14419 10
12102 1
3331 5
4406 7
10057 2
1595 2
16142 2
15397 2
4585 5
2442 10
12674 4
8972 7
3646 2
8048 6
11296 2
545 9
6082 2
14450 10
15093 8
12286 5
10211 5
11877 3
2590 10
4191 1
6184 10
6410 7
9882 4
7906 3
11691 8
13594 1
5678 5
1382 10
4944 3
6833 2
6079 7
1327 7
15679 3
12308 2
15789 2
9547 3
11589 6
1516 4
14183 10
4452 6
6519 8
6608 2
10828 9
11370 4
355 7
12961 10
12149 5
2140 2
4287 3
4429 5
12416 8
9872 10
5848 2
15444 4
2543 4
10232 6
12833 5
14001 3
14718 6
14721 1
6004 8
9413 3
5256 3
14173 2
5074 7
2922 6
6278 4
2563 2
3891 5
8708 6
9895 4
10791 7
7974 5
2568 4
14763 3
1364 10
2803 6
5299 10
10460 1
11005 6
14207 2
4261 4
4939 10
11921 5
1976 1
5074 5
14872 6
1086 3
5551 5
7578 1
5275 6
15616 8
9462 3
2912 2
5073 7
6870 1
10960 4
4415 7
1625 5
2407 4
9647 6
1649 9
12603 8
4702 7
6797 2
6565 6
12049 2
7045 4
9369 8
1194 9
5578 1
9603 9
11285 8
4736 7
13150 3
2995 5
4659 3
8036 4
5156 8
7470 1
684 6
4238 5
8075 3
895 1
14569 10
2388 5
6924 3
3259 9
11444 8
168 6
6811 5
11608 6
5893 7
4788 5
8022 9
9199 3
16167 2
11309 9
449 4
3257 10
9200 9
14878 6
4098 1
7229 3
10691 6
13445 7
12769 9
3524 2
8708 10
10974 2
3214 1
7519 10
5076 8
6406 9
13791 8
9891 6
16272 9
2089 4
7222 6
9218 4
11809 8
9355 2
4489 3
7514 5
7910 8
7138 3
5833 7
678 3
3264 8
5387 1
4593 4
2174 1
11606 5
7544 7
6614 8
9428 7
10903 4
13150 6
5712 9
14604 8
15048 3
1401 1
3673 2
10018 6
11114 4
15465 2
16132 3
1501 2
4940 9
4137 10
844 4
4360 7
5112 2
6627 10
4695 2
1926 5
3716 9
3728 8
13924 5
15694 2
6162 3
13704 1
5596 10
15664 6
1537 4
8553 2
10795 2
11115 4
6116 6
16208 8
6421 9
10057 1
13098 3
1008 9
10436 7
15971 7
417 9
4941 5
6639 5
10402 4
5409 3
12265 9
4140 8
4376 8
1611 1
8714 1
15057 8
12533 9
12782 7
14329 6
961 4
2163 5
9289 9
9283 1
6644 3
5487 2
2220 2
3994 2
15255 1
16110 7
3091 9
3622 4
13275 8
11836 3
3683 4
9432 10
11883 4
4969 5
5190 2
12135 10
6339 1
642 5
643 3
10598 3
13145 5
7197 6
2415 8
4539 6
725 10
2741 6
15685 2
1082 9
9124 3
13635 10
7167 6
6014 4
6942 3
11878 4
9727 7
12057 7
2894 6
12106 2
13282 7
1555 8
9795 6
9645 1
14282 8
5418 10
815 4
2269 4
3031 5
8733 2
9316 6
5124 1
2856 3
13902 9
8638 5
956 1
3987 2
5783 1
6438 9
7543 8
5083 4
1728 9
13438 8
8186 3
8370 4
14671 1
3783 8
12559 7
1865 10
4783 7
6666 6
3840 10
8577 2
13377 3
12343 8
12680 6
1325 7
14222 4
12962 4
668 4
2684 3
4928 4
11809 5
7385 1
10532 3
16204 3
12809 5
15990 3
10558 1
11415 2
15683 1
5878 7
10716 4
11798 8
12180 1
1761 1
14450 3
6095 6
9980 4
757 4
4025 3
2142 2
14805 9
10285 7
14432 7
13010 1
14319 8
7382 6
9810 5
3953 8
4741 9
16337 3
12999 7
1903 2
7178 9
7687 7
11349 9
12134 6
2487 2
15685 9
3849 10
4201 7
5647 1
6275 2
9016 2
9092 9
6750 5
5523 6
5066 4
1398 8
2848 1
9488 6
8047 10
8373 10
163 3
2344 5
2986 3
3016 5
4948 7
7655 2
2715 1
3004 4
309 4
13234 1
8353 7
1717 7
14337 2
16192 8
3243 10
4694 3
10655 7
10963 6
6245 10
10118 7
13861 5
14478 4
3368 1
4932 2
6986 1
9110 4
8657 6
8336 3
15733 10
15748 5
310 6
755 7
11054 8
3848 5
12395 1
4148 7
7338 1
14362 1
14909 3
579 5
5870 1
6351 9
11388 6
16375 4
15951 2
7814 1
15425 8
5509 4
10367 2
11220 8
15311 6
14816 1
9916 8
14024 10
7206 9
15265 3
9366 7
14562 6
11615 6
373 1
2536 3
6006 9
11530 9
14029 9
6743 9
358 4
1987 3
5060 8
10458 9
14896 7
987 6
13260 8
13338 6
4352 4
9357 10
1498 6
9594 2
5477 4
13204 8
13499 3
717 9
1197 7
1288 4
2659 10
6803 8
10390 10
2368 6
7864 8
4309 7
11655 2
6513 6
7974 7
4183 9
8837 5
3746 1
10830 9
2453 1
4527 9
14804 9
3118 6
8676 9
12631 10
804 9
3310 3
7048 7
8410 6
9047 10
14707 2
2497 1
11940 9
12420 1
13329 2
3690 2
4311 7
1970 6
635 3
4458 7
7801 5
9553 5
2393 6
10525 5
3021 5
15574 10
2491 4
15866 8
2703 9
8750 9
3623 1
2944 7
10730 10
12133 2
1510 7
2335 5
4514 9
5950 8
7145 8
14947 1
15025 9
15699 1
2096 5
3375 9
4548 10
10548 7
11848 5
1809 6
9094 9
12919 7
10909 6
824 9
5703 2
10607 9
10852 8
11626 6
873 10
8820 3
10310 10
11793 7
5316 3
6465 4
11247 5
13402 1
261 10
4744 10
8547 9
6365 2
5677 1
12893 5
8713 2
12877 8
8001 2
11687 7
6226 10
10099 2
14026 7
13300 8
15393 2
6818 4
8296 6
11250 2
2390 10
3345 7
12145 4
7768 6
7971 6
9211 6
9564 10
16217 9
8082 9
223 6
7090 2
9985 1
1102 5
2438 5
2224 5
12122 5
2098 6
6809 1
9599 10
10932 4
7002 1
177 5
4476 4
11372 7
4609 9
15004 7
10962 7
5555 8
11030 6
12211 3
8241 8
9793 6
10037 3
4606 9
2159 9
5767 5
12638 9
8926 1
10098 6
10988 4
7512 4
5868 3
7319 1
7718 1
11729 7
12474 6
13493 2
13373 9
14815 2
4398 5
6827 7
15704 10
15586 4
8314 7
9256 7
6623 9
10689 1
1502 1
15906 1
4926 1
10005 6
8651 3
9581 10
15348 9
1836 10
6713 4
11218 9
11914 9
3757 4
16293 1
2580 1
7139 7
16344 9
4649 5
45 7
288 2
665 6
1563 3
3451 5
7616 8
9480 7
14192 1
15067 9
2953 4
15063 2
530 6
15061 4
6407 9
16241 6
3416 9
14156 10
13280 1
14421 9
202 5
14113 8
15281 2
8787 10
11561 8
14655 4
4747 7
11046 10
397 10
14933 10
4805 10
714 6
1779 10
7011 7
7328 6
12817 1
8978 3
658 7
3324 5
10049 3
11547 3
11581 8
14641 5
6004 6
325 10
3859 5
14810 2
15072 6
12514 9
2913 7
5547 3
10098 2
8652 4
811 7
1163 8
14157 9
3579 7
3654 10
6955 7
10465 7
11978 5
4987 10
198 8
1859 7
16254 1
6679 2
6981 5
14456 5
6071 8
16239 4
464 10
2380 6
5205 8
10893 7
12787 10
1110 3
9014 1
10331 1
12508 2
11679 6
9841 3
4570 9
2873 6
12516 7
212 2
1332 6
9891 9
11667 8
2598 2
14205 5
4533 2
11020 6
15937 9
6592 4
9715 5
9932 6
4182 7
2647 8
602 10
15082 3
13009 4
15929 9
10839 3
6087 9
5815 10
12850 1
1255 6
1844 6
15395 9
6654 9
7688 10
1878 9
4744 4
7358 7
9216 5
3321 8
1523 10
14189 3
12306 7
2689 10
11298 6
2544 6
11545 1
11155 10
902 3
1232 6
1930 6
4474 6
11080 7
11478 10
3577 9
2669 5
16287 10
4785 5
4853 3
8717 1
2799 8
8825 6
12567 4
3113 10
8566 3
10336 9
1599 1
3876 7
16204 8
7067 9
15528 8
3108 10
7645 4
13763 6
14685 4
9364 1
14351 6
10571 9
6413 4
10802 4
3768 4
14293 7
4041 10
93 5
12525 7
2975 6
14263 10
1041 5
6161 2
9348 5
4614 2
15868 6
12292 7
4640 8
9706 2
224 6
7659 4
5675 8
7398 9
9782 4
12779 2
13795 8
452 4
8838 2
15681 8
2544 8
10135 7
2027 3
12319 2
13489 2
3897 5
10023 2
9113 8
5083 6
5204 2
12358 3
7458 9
10429 8
1455 10
7790 3
13881 9
6055 5
13101 3
3531 3
11667 4
15113 3
8968 9
13214 2
12881 4
3453 9
11952 5
4318 1
4729 6
1669 6
12894 3
15231 7
396 10
7690 7
8833 2
4042 8
10772 4
11471 4
8509 7
13557 5
8627 8
9790 3
10200 1
10855 5
3020 3
13596 2
13612 9
5347 6
14664 7
2863 5
4266 3
6651 2
10660 2
10691 5
11670 8
9599 10
12433 10
16306 9
10884 7
10035 2
9494 5
3421 5
9095 10
6479 5
12168 9
12781 9
3300 1
10610 9
13450 1
4458 7
14890 9
2124 4
5231 1
10203 3
10199 10
1266 4
12853 6
14774 7
3227 7
5342 4
7629 3
8158 4
6947 5
1672 9
1846 8
7236 8
3485 2
13162 1
13070 2
13477 4
2742 4
2867 4
9479 5
24 1
4497 7
9749 9
8467 4
13455 9
6582 9
13160 7
1833 5
13768 10
532 3
4453 10
10608 4
4285 8
9837 9
13844 6
7852 1
12984 8
15930 2
10837 2
5841 6
1936 9
10589 2
158 1
13873 8
13554 5
13262 7
13734 3
760 2
14762 4
8928 1
2182 1
3649 9
8590 8
478 1
8021 8
7188 2
3730 9
7218 4
10921 2
11764 9
6109 3
4950 4
11107 10
15041 4
15892 3
462 3
4012 10
9418 6
10578 1
7040 7
14158 6
2708 7
13577 1
74 3
3739 7
4 6
3407 4
5178 9
9155 6
10756 9
15197 7
9065 7
14921 2
15895 2
9081 7
14498 9
15178 4
9310 1
7002 6
7159 5
2343 3
1990 9
4508 5
5765 2
9672 8
10093 6
14917 7
4562 1
8937 9
13324 1
4640 3
6526 3
9235 1
9636 10
1083 10
12257 5
15719 6
1993 6
7526 10
1372 6
5318 1
11804 5
5811 4
15727 3
7985 8
11066 4
4974 4
1465 7
13624 4
13627 6
14224 4
1819 4
9525 10
11324 9
2218 1
12306 7
12604 7
15524 3
5011 10
3785 3
11825 3
15828 2
13710 7
13939 4
197 6
8626 8
12858 1
4766 2
1546 10
6357 5
3022 4
13609 3
15676 2
585 4
6352 5
11824 4
7960 2
1228 1
10642 7
8869 3
3662 10
9531 9
10613 9
4751 8
13386 3
13054 5
13834 1
223 9
3861 6
10001 8
3441 10
7492 8
2458 10
3600 6
5548 10
16067 10
14742 2
6239 5
380 7
1592 6
4386 5
5699 2
9518 1
10466 5
15979 7
2930 7
2389 1
6721 3
9372 3
7178 4
12179 4
12642 8
247 2
989 9
6301 3
6341 5
8569 5
16383 7
14893 4
3768 10
9809 9
15808 4
2262 7
7071 8
11106 4
9436 10
7854 10
8146 4
1702 5
9389 7
11119 6
4623 2
3553 6
8212 1
7615 2
1468 8
12642 4
14292 9
16023 7
4463 3
7097 6
6104 7
8239 10
3333 4
13334 2
16073 1
888 9
1518 7
5142 3
12288 2
13517 3
4182 4
13894 8
14824 7
1909 3
10556 4
11304 1
10850 3
5225 6
16359 8
11627 10
9638 7
3336 5
14187 3
6006 2
961 8
7225 10
4720 1
4263 10
16100 3
4827 7
12836 4
15442 9
15120 8
2242 1
8617 4
10163 10
119 9
16213 7
10338 6
12129 1
15013 4
8678 5
4676 6
12507 4
15027 7
8972 5
15880 5
10389 10
14712 7
4602 2
6534 8
7712 2
12874 8
425 2
16063 3
700 1
4860 3
14719 5
2301 9
9820 9
13205 6
2997 1
7437 2
9969 7
152 6
7992 7
7952 3
14306 4
6294 6
3272 5
15729 6
3631 3
3708 5
5632 6
15538 10
8465 1
5740 8
11681 1
13994 9
16019 6
3767 8
7599 7
691 7
925 2
2770 7
8671 2
2604 9
14797 2
14805 2
3734 4
1120 5
7388 2
12668 8
3654 5
12282 6
12927 5
9132 1
10278 1
11127 8
0 3
11720 10
7521 4
11456 1
6741 5
7808 10
5494 7
13945 7
12822 4
12978 3
681 1
4112 3
8201 7
7027 9
4151 3
761 10
14758 2
15326 4
5953 1
8237 6
9746 3
6649 7
1053 1
8132 6
85 9
2107 9
4230 9
7450 4
8136 2
7144 1
8462 10
13476 5
6412 3
9385 4
5288 6
3095 3
9753 8
6831 9
15318 7
6702 7
12408 3
5148 6
14361 4
15113 9
15412 2
1158 9
3139 1
5674 9
6525 4
3829 10
15514 3
8187 8
13651 2
14366 5
14671 9
15389 9
4245 7
4472 4
5710 8
3943 2
16120 4
5468 5
300 2
12621 8
13323 1
4596 10
7302 7
8584 3
477 8
3401 9
13721 5
13721 2
795 5
4660 3
6692 6
4807 2
6921 8
15428 5
4571 5
7297 7
10200 7
11852 2
9796 10
3900 10
13312 4
8640 4
12519 1
13143 8
409 7
7347 7
8607 5
11009 10
2343 6
12173 4
2641 10
13786 1
6512 10
2658 8
15972 8
5496 1
5772 2
8464 4
11533 2
2474 9
4743 10
7647 8
8356 10
9038 10
13771 3
1091 3
11554 4
664 9
4448 5
4025 1
4435 2
9777 5
13838 10
15106 7
3731 10
5147 6
6195 9
245 10
6603 10
3547 1
9586 9
4532 7
6786 8
7079 8
10039 9
13170 10
12648 9
1171 6
8192 3
440 1
4276 5
11883 7
7020 7
5436 8
2906 4
6028 7
14431 1
2794 8
432 4
9891 4
13256 5
13762 2
14561 5
15330 1
245 5
3330 3
6589 5
8493 7
10657 8
4918 7
15427 3
5117 5
7660 9
8282 7
8630 1
5712 6
5843 2
9574 6
2812 9
12714 8
14026 6
16064 1
14000 6
695 7
15205 10
13479 8
3814 4
7587 3
5945 7
13001 2
9860 5
6129 6
7304 8
4747 9
13140 9
288 6
1292 8
279 7
4027 2
12664 4
5099 7
5768 2
12844 2
6223 7
14956 5
9401 9
10858 7
8756 5
649 3
2657 10
8667 2
10888 3
1599 5
13932 1
14075 5
16033 1
1136 7
6833 9
7590 9
10340 10
4740 10
14189 3
13592 6
4401 10
14521 1
8352 6
10546 8
13265 5
925 7
1681 9
5093 5
11655 6
6325 10
379 4
8353 1
15092 7
8442 5
7879 10
4259 10
4832 4
6817 10
6981 1
9172 7
9901 2
4882 5
4996 5
12825 3
14981 3
13060 2
14181 3
5328 3
6102 2
3291 2
14251 4
14387 8
3376 10
9002 10
5877 6
5711 10
3971 10
11447 5
871 3
3624 5
7038 6
16223 10
10377 6
13220 2
14156 9
15411 9
1193 9
1873 10
2866 2
10719 4
14144 3
4486 5
10788 3
14350 5
15335 2
9897 7
3474 2
9509 9
8728 9
1056 8
8973 8
6806 4
15172 9
15815 9
3772 4
712 8
2867 1
5517 1
6286 2
8692 4
14487 10
1078 1
1566 9
5515 2
12606 1
13920 7
10261 7
4378 10
9766 5
845 9
4715 7
12861 5
12959 6
15039 8
14652 9
5031 1
6823 2
7994 2
1092 7
13230 6
5421 6
9387 5
11379 7
10115 1
8680 1
5720 3
3047 8
11632 5
12548 3
15265 4
7926 3
12859 1
6293 3
7225 10
15927 7
12772 7
2232 1
632 9
2293 2
823 10
13668 2
2338 3
6505 4
9144 3
4540 10
2796 2
13322 10
1872 9
2339 4
2589 3
3343 8
7022 2
7648 9
3313 8
183 3
11501 6
13447 2
8519 8
9468 3
9768 2
10743 2
1547 10
5146 6
16084 10
1615 2
4807 9
8587 8
10023 4
7935 4
15374 4
186 7
2492 9
7800 2
992 4
4858 7
7845 2
9318 10
11317 10
8020 2
16091 7
13441 6
15652 5
1769 1
8540 2
1628 10
4198 5
10960 1
7224 6
15773 9
5903 7
10136 8
7352 2
6481 8
6620 8
8696 4
12751 1
15660 8
3305 4
10853 5
7788 1
6686 8
4892 8
15097 3
15858 5
4481 3
4643 2
13073 5
15822 5
4974 2
5756 2
14448 3
1857 10
14959 7
4239 9
7358 1
9304 6
15264 10
12667 2
7333 10
10611 4
3707 2
15947 5
6971 9
10436 7
11832 1
1671 2
5411 4
1088 6
13104 6
7779 6
8989 6
12157 1
686 3
4282 2
9617 6
8675 7
9776 5
13340 6
5443 1
8757 2
2236 10
943 3
9234 2
173 10
11883 2
3148 4
4444 1
7654 6
1897 10
12664 10
14791 2
14021 8
9475 1
2516 9
5723 2
3916 3
8888 8
15277 7
11644 6
15128 6
5981 2
16147 2
9386 9
12677 6
6756 8
11399 2
15658 5
5032 4
4200 10
6734 7
16004 10
8252 9
13822 6
1787 7
6137 2
7348 1
509 4
9055 7
1817 8
2108 1
9708 3
2433 7
8830 6
7640 5
1245 2
4109 7
6635 8
13529 7
2356 6
8118 10
9588 6
3471 4
3742 6
9021 5
4896 5
9678 8
6795 6
12439 4
884 3
4248 10
4676 4
10923 1
15720 5
13352 2
6837 2
13157 9
794 10
4163 1
10808 10
2072 10
12755 4
14314 4
3551 1
7913 7
10759 8
1559 3
13137 9
2717 10
14473 10
1955 5
5416 5
7052 7
15817 5
5229 9
2328 9
10635 7
11929 5
1148 4
11476 7
3602 4
5054 2
5975 3
4822 2
10119 1
2269 7
4456 5
11051 8
12465 7
13578 3
13636 8
13993 4
14764 4
15970 8
8111 3
15185 8
643 5
8246 1
7660 10
7339 3
14666 4
3226 10
12465 10
6681 5
4801 9
625 5
2771 10
12548 10
14776 8
1477 2
15614 2
5349 3
9013 4
11044 1
12028 1
11311 3
8712 3
3096 3
7253 3
1221 8
1952 9
12993 1
3832 7
9673 1
9336 2
4095 3
13069 4
424 9
1684 6
4114 10
8245 4
8355 7
449 5
2996 3
8820 7
9152 8
11919 2
6962 6
13954 2
300 2
7197 3
11896 6
14113 9
2635 6
5749 9
13033 8
458 3
1446 2
6299 10
7558 9
11879 10
11059 1
5838 8
6855 10
15507 5
207 6
3211 5
9413 8
13681 6
15900 8
6286 8
12225 6
6807 8
6673 5
6046 8
12647 4
3527 7
4900 5
8406 4
14756 1
3111 5
13647 10
1618 9
2675 2
11168 8
11007 8
10562 2
12146 10
7170 4
13534 9
10389 1
2557 4
2838 6
14200 6
730 8
9694 10
12615 3
7066 4
12223 2
15457 10
105 9
4542 9
8067 5
11780 1
14796 3
20 6
14240 10
16067 2
1544 5
15321 7
2460 7
15886 10
878 2
2442 7
5172 8
14425 9
8807 10
10954 9
11927 4
102 4
12858 8
15929 2
3235 2
12139 10
10471 5
8356 4
12331 2
2412 6
13144 1
6716 10
15879 2
13989 7
3953 2
2579 5
7675 10
9362 5
10975 8
2211 7
13811 8
2278 2
2809 1
5464 10
6381 6
7797 1
10240 5
11387 7
15435 7
11841 5
989 7
4064 6
7068 10
16333 9
8636 10
8387 5
1548 4
5192 6
9665 10
11487 4
13439 6
1618 5
14469 4
1319 8
5865 9
187 1
14426 9
14246 8
8413 5
690 3
4278 2
13740 9
636 4
5985 2
6064 10
14397 7
5588 7
3887 3
2880 10
14189 6
8479 6
15591 4
795 5
8260 1
8628 8
9873 6
7857 2
6894 5
12525 5
2033 5
13260 3
2793 8
11240 10
6051 1
12103 1
12469 5
14355 1
9996 4
16191 10
3280 10
3889 7
4942 4
7516 7
1030 2
1377 3
2569 4
9709 3
2996 2
12753 7
16160 7
1752 9
2392 7
9581 7
6390 7
3639 3
3059 7
13438 6
14835 2
732 2
4648 1
6052 7
4479 2
11749 9
14039 10
15193 7
12689 2
12979 2
7591 1
14557 3
5189 10
12477 1
14981 9
15789 9
16239 1
109 1
6661 8
7571 4
11219 1
6908 10
14081 5
14134 2
2315 5
5631 5
6884 10
16312 4
2159 1
2259 5
192 5
1904 7
5463 1
1487 2
1783 1
7766 3
10933 6
15425 10
159 2
2150 6
2370 3
8892 9
387 7
6711 8
15140 9
13166 8
9610 5
11470 3
11985 9
9842 7
3221 7
15598 8
571 9
4299 10
5892 8
6208 3
9347 3
835 3
13078 9
8782 3
14592 8
14904 1
214 8
7855 5
8597 4
3938 10
11071 9
3564 8
6396 4
13943 2
5172 3
8318 10
10376 7
4737 8
10442 2
7028 3
10019 1
10895 9
2286 6
3261 4
4279 3
7514 2
2927 1
8494 3
10274 1
687 6
12050 4
12628 9
15992 10
6293 7
6711 10
12367 1
5134 1
13142 6
9485 1
14480 9
961 3
6876 6
6695 3
7726 7
14523 7
1143 4
11625 5
820 9
13168 9
16053 7
2023 6
6284 9
3269 6
1237 7
14311 1
4703 7
7623 8
3621 2
6306 1
12016 4
10848 1
403 8
5422 7
3315 9
12824 10
14672 9
10210 1
11892 1
9864 9
4215 10
3943 7
9202 5
2421 3
3458 6
7212 3
7111 6
3121 7
10213 6
15183 8
15723 6
16130 4
187 5
4783 6
7518 7
9848 5
13146 7
13873 6
12735 3
14160 2
330 8
2290 4
10396 5
10884 2
13029 3
14667 2
14778 9
13905 6
5395 2
8861 10
13149 8
3166 7
7147 5
14969 3
938 6
3229 3
2797 5
3093 3
16020 6
6708 6
9105 9
16116 2
1919 5
6369 1
15767 3
2059 8
3347 10
13891 9
8754 9
6389 10
9626 5
13907 9
14050 4
7738 4
10635 5
8672 7
13623 2
4706 5
8906 10
5209 2
13642 6
13138 4
3718 1
3726 10
13509 10
6398 1
10124 10
12434 2
1591 3
10201 3
13744 5
12205 4
13520 10
40 3
8808 9
9669 8
15736 9
20 10
15252 5
13451 4
3624 8
14653 9
14679 5
7918 2
14891 9
8325 10
15604 1
13216 8
9487 10
9986 1
2139 9
14084 8
6414 7
3026 4
7200 7
736 3
5127 5
14520 7
16125 4
9703 4
2639 9
2218 1
14885 4
7314 1
1943 3
15951 1
10714 4
14711 2
7155 7
7311 3
10639 2
10857 2
5361 9
12644 2
9517 6
13298 1
15290 3
6866 7
321 1
11474 6
5026 9
12663 8
2563 6
4466 3
13363 2
15823 1
16076 3
4074 8
6197 1
14805 6
7805 5
1112 4
12972 7
15165 10
1362 8
5522 7
6056 4
9121 4
11214 5
12192 4
13813 4
15639 6
7738 7
14824 10
16225 2
5269 10
7955 2
5006 1
15545 5
4405 1
6940 4
8688 2
10110 1
11525 3
6248 6
1107 6
9401 2
880 10
7235 3
10702 2
11040 6
14415 6
5829 7
2659 7
3175 9
5649 10
6061 8
9597 8
894 9
10812 4
15203 3
15726 7
3452 8
6063 5
3273 10
4267 1
4726 4
16158 7
16271 5
11932 3
12633 6
13732 6
8161 4
13631 3
12619 3
234 9
1407 4
2872 4
10657 9
8834 4
16120 8
13436 3
9943 3
3783 9
1607 8
12256 4
12588 8
3783 6
9554 5
6665 10
15719 3
15675 10
11680 1
4345 4
8608 2
882 8
14099 4
1845 1
9362 2
10935 9
7614 10
5183 4
2207 8
12482 3
1168 6
10645 5
14188 8
14270 6
294 6
7912 6
5497 7
15978 7
11147 1
995 4
13343 6
15321 10
15522 9
2749 8
13354 9
10322 9
2704 5
10668 3
7987 10
2127 3
4070 10
12823 3
2022 5
3115 10
7132 7
9690 5
10864 8
15535 5
4527 9
12785 3
11257 8
12280 9
5128 1
13999 2
12710 3
13572 5
14670 8
2664 3
4106 7
11073 5
12141 2
9219 4
14806 3
13990 5
3861 8
4469 7
6270 8
9066 6
9866 4
14886 1
7938 6
9201 6
12137 6
10319 3
6145 7
9732 1
5707 9
15260 2
320 1
4752 8
5240 4
4217 10
13074 8
1375 9
13462 1
323 2
168 8
13542 8
10117 1
7902 7
16135 4
6893 9
8866 5
9931 10
13957 2
12803 9
1783 2
1888 6
8074 6
646 6
6121 8
1440 2
15013 10
4291 1
4790 3
10695 8
2741 4
14836 8
13257 8
979 5
5366 2
5600 1
8884 10
11198 10
14971 9
9149 3
2276 5
2359 5
10733 5
10770 7
7604 9
3432 7
4288 1
14512 2
802 1
8745 2
2310 6
13978 10
13139 5
14020 5
14194 3
16179 2
5523 8
8384 2
8501 7
11128 8
16380 2
6330 4
10229 5
9239 10
15815 3
1863 8
4706 6
9736 3
10998 10
10910 8
1732 9
11446 9
14360 2
8948 9
10552 9
15695 7
4545 3
5548 8
15801 8
670 2
13156 3
13334 8
13639 10
9572 5
7639 10
12991 5
8810 7
8251 8
3820 1
9042 7
10535 6
14878 10
15193 4
3472 10
1283 6
41 1
1777 3
3210 7
5981 8
13749 3
15043 5
11826 1
2878 1
11577 8
9449 3
12576 10
13834 3
2948 5
8082 2
10436 2
887 4
1562 6
2782 1
9296 5
12296 4
9779 4
157 2
1248 3
10177 1
10780 10
6526 5
10578 2
13738 6
2226 1
5838 10
8993 1
8760 8
1471 1
4026 3
5550 3
6431 9
7099 7
13959 10
15698 4
4704 9
10273 6
16328 8
6867 1
7000 2
9655 3
10026 5
11038 2
11417 7
2573 3
8965 2
13536 5
1738 6
11825 3
15185 5
7355 8
14627 5
1949 9
4681 8
8267 2
3707 9
1133 7
9587 7
4850 5
5379 4
15710 4
8397 8
272 8
10416 1
8387 1
12850 4
2046 10
1946 7
1567 2
2972 5
3471 4
9614 5
2618 1
7183 6
1050 5
14660 6
14712 7
15063 7
15801 1
16075 10
16311 2
4770 4
8639 1
8744 3
650 1
7463 7
13993 9
9559 2
164 4
5970 9
12213 4
2359 4
10879 10
14434 8
14509 10
6164 3
9060 3
4973 7
6797 2
12004 5
3696 10
8019 8
8945 5
7171 5
12996 5
13461 5
1260 4
1683 6
8279 2
7847 10
15680 9
8920 8
9302 5
6132 7
4980 5
8879 5
6011 3
13670 4
14205 4
16173 2
9605 10
10873 9
16272 1
5578 3
13271 7
6340 6
10504 2
934 8
5093 7
1445 3
10585 8
15443 10
2333 1
1513 10
1863 5
13552 10
14821 2
8089 9
5564 7
4557 4
4003 8
16101 1
6193 2
8699 5
11873 9
9573 4
11724 5
500 3
1983 10
7561 9
11783 6
1599 1
786 9
6586 9
1787 7
6383 3
7875 7
11046 5
13922 2
5619 3
10748 9
1548 1
12628 6
13906 5
13974 7
15317 3
15981 3
3369 7
6397 9
5621 1
1835 1
16262 3
10446 8
86 10
4944 2
12633 7
9853 9
5958 6
1521 3
5279 7
7337 10
5093 9
10052 3
8006 6
14285 10
2241 2
15683 6
8532 1
14252 1
13271 7
6613 10
7671 8
14677 3
5521 10
7236 10
7775 4
8278 6
226 1
2302 4
8412 10
4230 6
13761 3
5327 6
8507 10
5791 8
4390 2
8148 9
5973 6
6233 2
11469 9
3207 2
12576 1
13254 5
15698 1
5862 4
8838 6
2806 2
16262 9
14743 2
3781 4
8729 3
13332 3
15655 5
1118 5
3215 7
12222 9
3990 8
13590 8
9790 6
15558 5
13575 9
11147 2
3001 8
5446 6
8352 8
12799 5
5952 9
6727 7
7211 10
12037 6
8324 5
8456 1
10156 9
11393 8
9087 9
4376 3
14531 2
6585 1
8421 9
8670 4
13807 7
8421 10
4510 6
6952 1
5930 4
4114 4
175 10
13440 8
12937 6
13893 6
220 1
4202 8
6536 6
11836 5
5577 1
8472 6
7003 5
9786 6
15197 5
2223 6
14080 4
10309 6
12920 1
5508 1
8931 8
12022 2
6287 1
11631 10
15609 7
9632 10
12332 6
13483 6
15774 1
3623 2
6682 9
13342 8
13735 10
16262 4
16290 6
2182 4
7598 4
9942 2
14184 1
6543 3
3559 1
382 6
12302 2
15201 3
1720 7
5740 10
7354 7
11971 7
13425 3
14423 4
15075 8
16245 2
715 2
9538 10
11610 9
11654 2
2749 4
8646 1
11051 9
14273 6
5147 6
7175 7
6457 1
7226 1
12244 4
4692 4
15221 2
11126 2
13732 7
1944 1
6801 6
12825 1
2993 9
7809 8
13657 2
14808 8
987 2
7198 5
8949 10
5106 1
13351 8
13455 8
12366 2
1645 8
5845 9
5965 10
5526 4
6221 2
2203 10
3798 9
7803 7
5506 5
8431 4
15868 4
14272 8
15518 3
4054 1
4399 10
5166 3
8323 3
8991 4
12756 8
7618 3
4072 6
10086 4
4774 3
16334 4
2443 6
12291 2
12775 1
16178 9
3558 7
13506 6
9684 4
3080 5
6985 9
2002 2
3501 7
9260 9
5826 2
10122 6
2847 8
1280 7
16000 8
8025 5
4444 4
8561 9
15521 9
5746 6
12007 7
11961 7
15655 3
12714 5
14832 1
4000 10
15112 3
8798 6
9229 3
13829 8
15715 4
16171 9
4137 3
5588 2
8054 1
9698 4
11839 2
3588 5
16080 6
5474 10
15013 3
13301 3
14184 4
10170 8
1357 7
4326 1
8852 2
15534 5
6171 6
4790 6
7799 3
8625 8
9076 4
1920 2
3526 5
13358 9
3510 7
2261 9
15388 7
7977 9
6487 1
404 4
15718 7
2610 6
16216 9
16324 6
11584 5
1087 9
12874 5
12696 3
13768 4
7579 6
7952 7
8753 2
9995 6
9525 8
2231 10
13459 8
16295 9
955 1
1389 7
3008 7
4217 8
10242 2
10541 3
6157 9
3685 3
4472 9
10947 2
541 4
5115 2
3373 8
15738 9
4082 7
2630 7
137 9
7790 7
11974 2
1401 3
6318 10
5076 1
13826 7
13490 2
15891 2
7401 10
9651 9
9567 8
15162 3
15344 8
16177 3
2130 10
1107 1
6649 1
2425 5
7560 6
9563 3
13890 4
13008 5
15248 8
15304 7
222 10
7731 3
8032 2
9315 10
9416 8
4627 9
10790 9
6739 9
2383 6
4745 1
6056 7
8331 10
3141 1
3757 7
2028 5
9284 4
1083 7
2249 8
3869 8
15818 5
13220 4
245 5
3326 1
8145 5
10141 5
8278 3
15690 2
11601 7
6973 1
1720 4
7550 5
14996 2
166 8
1855 8
5781 7
5971 9
6889 6
8854 1
10158 2
6456 2
2693 4
5897 4
1133 5
13791 3
3125 5
9376 10
5126 1
1668 7
12909 9
13498 4
12146 2
12949 2
16377 6
6205 5
6364 9
9460 1
12288 6
444 4
5368 5
7598 8
6994 3
9013 3
16188 4
2443 9
4285 5
6626 4
14439 7
10393 5
13386 3
11360 1
15328 4
4915 7
7516 1
8857 7
10279 2
2036 9
1935 6
13542 10
11036 7
13480 4
4907 3
12955 4
7791 4
13063 3
14961 6
741 10
5666 4
7449 3
8191 9
10254 3
11519 9
7253 5
4586 5
14875 9
4227 9
13571 7
1239 5
8093 1
13765 8
12972 2
2862 9
8693 5
2470 2
4130 5
7927 2
12351 8
12872 6
2943 9
3524 10
8105 3
4879 1
3932 5
13662 5
7434 5
2669 4
8111 3
9313 3
7766 1
336 1
15868 8
1555 6
7723 10
10447 3
7190 9
13248 10
290 9
505 3
7451 6
9533 3
11224 10
11888 8
1046 3
6104 8
9875 10
9086 6
14906 2
962 2
11020 5
6548 7
15797 3
289 7
8531 5
5246 8
8661 5
15240 8
7177 7
14530 6
840 7
5769 10
7623 1
8602 3
12781 8
855 8
15657 7
13373 8
14420 2
655 9
245 5
2689 6
3574 4
7070 6
7327 5
3831 6
15242 8
5424 5
10662 2
13183 7
14034 8
396 3
912 8
5591 7
8223 5
7617 3
3484 8
193 2
5540 10
13753 3
501 3
9557 1
3851 2
3751 1
12339 8
9184 4
15862 8
1476 3
6593 2
10322 2
4304 2
5919 10
4407 7
5735 6
6712 10
6573 4
103 7
219 9
9410 6
7007 6
7524 4
5192 7
15387 7
11649 4
8915 4
5270 6
4994 9
3519 8
4462 4
10545 2
10085 10
7248 2
3665 6
7867 8
8504 8
10427 9
10491 2
11238 2
10066 9
15764 8
958 6
8576 1
9489 7
1212 1
6243 9
11975 3
15774 10
5452 6
7793 4
1450 9
8874 6
8753 3
8469 3
14258 9
15201 4
358 2
2788 2
2612 2
12440 1
2091 1
12908 6
9988 7
1027 8
12700 4
8308 6
15607 10
1399 2
3828 7
4357 4
9000 9
14313 7
10814 1
13602 3
3496 2
5534 10
13187 2
15123 10
14432 5
10994 1
1261 10
1728 8
3639 5
16345 1
8995 4
3777 9
12298 2
2173 10
2642 6
4037 7
10713 9
12174 1
10090 8
10262 8
9822 3
10581 4
998 8
1928 5
831 5
2030 6
5255 10
10255 1
11705 4
12398 9
14706 2
4464 3
2273 9
3042 6
2166 10
923 8
6264 6
476 6
4502 3
4751 2
11638 5
4223 5
13905 6
13562 9
5099 6
13567 7
14167 10
15936 8
3191 5
8613 8
9359 8
6936 9
5000 10
14513 3
13432 2
3399 8
6296 6
7911 2
2523 10
9410 4
15598 2
3833 8
11737 6
12897 8
2535 5
15959 7
2569 2
14400 2
6582 10
7593 8
8588 6
10735 1
11371 3
638 8
7695 1
762 1
3796 2
13015 7
1603 9
2065 8
6037 1
5210 10
12749 3
8480 1
16001 5
3964 10
5850 2
9932 2
10628 7
11501 3
15091 6
16136 10
463 10
5316 2
2906 9
293 5
1220 10
9295 8
11145 1
9136 2
8938 8
14067 9
5991 1
11494 10
1385 4
15547 8
12734 5
4175 5
15160 1
15809 2
1759 3
2072 8
3116 8
7292 8
247 8
4299 3
9560 10
13355 9
3808 9
5148 1
5178 3
5388 6
9069 1
8187 3
9236 3
13999 1
13236 7
11151 6
3005 5
2725 2
10105 8
8372 7
13221 10
1426 8
9791 9
8697 10
16272 1
2920 3
11305 1
8117 3
5335 10
14628 10
16337 4
13984 4
14528 2
713 9
4167 8
5527 4
9905 6
4366 3
3923 1
6583 3
9614 8
8454 1
14522 2
3693 10
6229 3
7184 9
8757 2
14064 3
6312 6
1987 5
4268 3
11587 1
6104 7
109 5
12589 9
12981 1
14377 3
16261 10
4678 4
9576 8
8341 8
8922 4
3769 6
9665 2
7225 1
186 5
3026 4
4851 2
5525 9
6973 5
7635 5
14833 3
2661 1
16343 5
14715 1
1371 8
4243 9
5876 9
8095 3
8766 10
2335 4
793 4
13688 3
3373 7
4359 5
9379 2
11903 1
5595 6
12636 6
511 4
3210 6
15614 2
3542 3
4100 6
6995 1
10171 5
8932 1
13479 1
15350 9
15209 5
7893 8
863 9
8448 6
8788 5
12369 9
2954 10
11106 9
7102 9
13136 10
13442 8
1954 10
5067 3
5784 6
9844 5
4334 4
3396 10
13386 6
15298 10
3514 8
6791 9
7354 5
1021 8
2335 6
7971 9
10870 1
1229 6
5329 5
2288 7
6948 2
3768 2
8968 10
12994 1
6777 1
11550 9
7536 7
10271 6
5245 3
3616 10
16061 5
645 5
5478 8
15282 10
16158 3
1960 3
5578 7
5742 10
8623 2
16246 10
7796 9
16236 6
4898 2
9528 2
2049 8
10772 9
10243 4
2599 1
8690 4
1135 3
9462 1
9877 1
12044 3
3689 6
4073 7
3194 8
13145 6
2714 2
1649 9
14751 8
15087 8
459 5
2921 1
1504 4
2709 8
15448 7
1456 6
2285 1
10433 6
10111 5
2654 6
13313 1
3759 1
3188 6
5930 9
11647 6
3658 2
11186 7
6272 1
6163 9
14841 6
304 4
803 9
905 7
4877 5
6546 10
7106 10
7107 2
12747 9
1869 6
4750 4
11081 10
3058 4
3786 9
2808 4
13850 7
15352 7
10986 10
1137 4
15171 4
5481 10
85 8
7710 1
8268 7
9091 6
10893 8
11842 8
1212 1
15155 6
13790 5
5035 6
15972 3
9188 9
10273 1
6537 2
6968 4
10857 6
10708 1
5219 3
8601 7
1521 2
1060 10
2149 6
729 7
7700 2
10247 10
13170 6
4774 5
5698 4
6159 10
11914 1
7359 2
15882 7
13407 1
14454 8
1046 6
12679 3
689 7
4560 5
6837 6
10395 9
11706 10
1841 7
3745 8
3026 7
6231 6
13434 2
15892 6
3826 10
1897 7
7025 2
3427 2
634 3
1015 6
371 4
2708 3
2910 5
6123 3
7524 6
4581 8
16031 10
2924 10
4153 5
11509 10
1257 6
447 5
14962 1
3963 9
4781 4
5898 6
6933 10
4191 3
13866 7
15182 5
2042 3
13655 3
15804 9
11646 5
15130 9
6143 1
13764 7
918 8
7759 7
11703 2
14393 6
15118 5
9915 9
12548 2
9297 2
8797 9
5884 8
7850 2
8945 6
9974 9
11566 8
4024 1
3371 7
451 7
3341 3
4879 8
7584 5
7735 8
9453 6
14090 8
11983 10
11119 7
2862 4
6144 3
7130 8
7251 7
7433 5
16107 6
16124 7
12500 1
12191 2
15431 5
1662 10
9067 10
14428 7
5354 9
3241 7
3428 8
3710 5
6490 5
6935 10
7250 2
667 9
4847 7
8439 5
8732 6
5436 4
4318 8
3319 9
15341 8
4311 2
7888 3
12117 4
9911 5
4963 2
13979 6
15735 2
12361 1
4552 7
10107 10
4052 7
12539 5
5286 10
8445 3
13064 3
12781 10
12936 9
13494 6
4135 6
5751 9
14546 1
10435 2
8579 8
16334 5
2319 2
8442 3
10777 2
8890 7
4238 7
2777 9
6428 7
10956 6
11232 3
10745 5
10336 5
4850 3
15910 3
1324 8
421 6
4514 1
13774 4
14018 6
8758 6
9774 3
14840 10
4368 8
10847 10
13471 5
13993 10
15136 5
814 7
2111 7
2123 9
6617 9
7940 7
11526 7
13950 4
11024 2
2437 2
5811 7
13464 3
15373 3
16372 2
9613 4
15009 6
2566 7
9716 4
13721 7
14776 5
555 5
9142 8
9478 5
9503 7
15452 9
7314 10
6147 4
3736 7
7056 8
301 3
167 6
8760 1
10984 10
14263 3
13025 5
1725 7
7552 10
15107 7
903 7
936 4
6597 1
9575 3
2246 7
12627 9
13241 5
7092 10
1098 8
13400 7
13086 1
8215 4
3052 5
8504 5
9185 7
11241 8
6156 7
2736 8
2795 10
8855 10
50 6
7093 6
15465 9
13930 7
15635 9
1675 1
4029 6
5293 6
6914 1
15721 10
2659 8
13931 7
321 4
2158 3
10516 2
708 8
2143 8
653 8
4136 6
14814 8
3970 7
8221 5
10610 9
15790 6
13341 9
1781 3
6534 5
10962 3
12934 2
7166 8
14941 4
9849 8
11558 1
6784 10
9733 6
728 3
9152 3
8832 7
5494 5
12788 3
13977 2
2536 4
5396 4
6035 2
8298 7
11472 7
14778 3
9238 6
63 3
9670 1
10448 9
8771 9
1604 8
3523 3
5439 1
9158 3
12124 7
12126 10
13055 1
14831 9
15501 4
940 5
5690 2
11172 8
11767 4
16012 8
1423 7
293 2
2454 6
3851 3
13301 4
4190 1
15125 9
12904 6
13614 10
517 4
15881 6
2746 6
11172 4
12157 5
5008 8
3838 1
8533 6
11317 9
2198 2
2633 9
4215 6
4922 2
5716 4
13858 4
387 8
14291 5
4471 3
488 10
4480 4
8072 7
10283 1
6771 9
14066 5
9239 2
15584 9
5027 2
4456 8
8916 7
11935 6
15689 8
15872 10
4970 5
1313 6
13780 9
14431 7
2258 8
9113 4
13452 1
7313 9
14510 4
2094 3
13318 1
4845 3
7793 4
8287 7
10024 8
13461 9
9568 2
9599 3
7479 1
12163 1
16160 6
6889 2
10267 7
3784 4
6034 2
8021 10
1285 8
4170 7
12953 10
1197 8
1986 10
8258 4
4027 2
1586 9
6457 8
14525 2
13792 4
14133 9
11562 3
13920 10
11099 3
939 1
15932 7
3122 10
9882 4
1440 8
3538 4
12217 3
6108 8
7876 7
8502 3
9095 1
5347 7
9853 7
13850 4
2929 10
5597 3
10109 1
13281 1
12567 1
2076 7
12496 1
15517 6
5448 9
10112 6
11306 3
1210 7
6708 2
13261 2
13827 1
3386 9
6689 4
6949 6
9223 8
4913 4
6900 9
2485 6
7096 2
2772 8
4110 7
179 8
639 10
6038 9
5083 6
3800 1
5893 8
10756 1
15850 3
15005 2
3957 6
13854 4
8490 2
12861 1
714 6
7676 10
4590 9
14769 9
1193 3
2396 6
7758 9
836 9
2964 5
907 5
15437 10
14708 2
15535 8
4080 2
7898 2
10387 7
5539 8
8318 8
13342 7
13681 4
6751 10
8907 8
14158 10
10175 3
3080 9
8302 1
7885 6
9384 6
8767 6
3206 1
3597 2
7633 4
10321 5
11644 10
405 7
12484 1
14482 10
14073 9
12625 8
2102 7
10635 2
2791 3
15951 6
12976 4
14691 1
2952 2
3946 7
5931 5
9196 5
7161 4
9543 10
3049 5
11726 3
670 2
8115 4
10796 3
15236 9
6990 4
5731 2
15959 8
61 3
4704 8
6591 8
12434 1
9612 1
7344 10
11720 5
16353 8
3268 10
1877 1
15004 9
6893 6
2385 5
2739 10
6836 8
8312 8
78 6
14282 4
13398 2
5688 3
9063 1
11490 1
6688 6
1188 10
1341 10
3322 3
10087 1
7113 7
15773 10
13817 3
12580 3
13247 9
5033 7
7604 5
9688 2
6626 3
6717 1
15904 2
814 6
1304 8
10122 10
3942 9
8051 1
12893 2
3670 7
6067 9
16190 2
12028 4
577 3
4456 3
4616 2
6330 2
8497 3
11955 2
7987 4
11589 5
8057 4
1111 9
12547 1
13237 1
1697 8
4559 5
4981 2
8112 1
429 5
6251 7
16009 4
807 6
4626 6
10569 2
4008 10
5934 7
13568 3
15709 8
16090 1
4315 3
10840 6
14121 1
3310 2
8835 1
2282 8
5709 3
6210 8
6956 3
10092 8
11062 2
8327 6
14926 8
10439 2
3665 8
12523 8
12978 8
1937 7
3063 10
16342 9
14815 5
5746 9
11950 9
16216 7
4626 1
15597 1
2352 2
2613 4
13633 6
7114 8
885 6
9953 3
160 2
4113 5
8089 8
11956 7
2597 7
16329 9
14684 7
14712 8
15985 9
16049 1
557 2
6548 9
8945 3
4993 3
6001 9
9358 9
9334 2
6018 9
2150 4
2939 1
3821 2
5411 6
5593 6
6389 2
8315 3
11679 1
14225 2
9167 6
12049 1
2035 4
2877 5
4465 5
4943 6
11137 6
9408 5
8838 7
4253 4
6057 2
11288 7
10844 4
12598 5
5384 8
100 5
9790 7
10154 4
2562 10
13522 4
15274 7
7860 9
420 4
12512 8
13443 6
11292 10
8602 9
2878 7
4725 9
4985 1
8724 7
8894 7
11970 7
12156 5
11042 6
9193 9
7623 10
3588 7
2177 1
4775 10
5655 7
9775 7
10692 4
4072 10
464 10
13657 2
1740 9
2042 3
6790 5
9831 8
15334 1
5910 7
1610 6
13951 10
13400 2
13714 6
7195 6
8685 4
8476 10
3853 6
9950 2
4425 3
7033 1
13851 8
5574 3
664 3
9876 6
9408 8
10378 10
1519 9
9079 5
11396 6
9899 9
5635 9
1327 10
6654 9
7168 4
9798 4
10299 8
6182 8
9918 6
2213 6
14372 2
2067 10
5033 3
10411 7
11874 9
13260 4
3440 7
8879 9
14462 5
1506 7
2722 9
4733 7
10670 9
7106 2
730 1
4848 1
4952 2
10560 2
10268 3
1512 7
6777 6
2231 7
5556 8
3802 10
9945 9
9541 10
2838 1
3275 5
7634 4
8618 2
4740 8
8702 3
786 3
8250 1
15319 2
10946 3
3775 3
12440 5
610 1
11223 10
6189 1
10809 8
975 9
1107 2
3014 10
3064 7
4820 4
7240 5
59 10
1098 1
1458 10
1832 9
7873 9
10367 4
10873 2
11579 7
8968 10
13739 5
16247 10
414 10
720 5
13978 1
2251 8
14515 8
13619 9
448 5
2082 7
9559 4
12588 4
7051 3
9175 3
10600 2
732 8
1523 9
7915 2
7202 1
13190 10
16198 8
2899 8
4856 7
7503 1
9279 5
5631 6
14913 3
1765 8
5287 6
1919 9
10968 8
12508 1
3704 9
4110 6
14884 10
1430 9
4447 2
11023 4
12085 3
12128 10
12431 2
6300 6
11152 6
14658 7
14710 4
1250 2
11268 8
8093 8
3255 9
12579 10
12840 4
263 2
1423 5
6319 6
6709 10
4575 2
6794 2
13027 7
14398 6
16166 7
5559 3
11752 7
9740 8
14506 9
274 5
3842 6
4662 5
11791 5
15098 10
10206 2
4857 3
15858 7
8988 5
13626 4
2375 5
13997 1
10152 4
10946 6
15504 6
9256 3
274 8
2200 2
7026 10
15142 7
8135 3
674 2
3499 2
9696 9
10081 9
10059 2
5263 2
3703 2
2507 7
3568 10
8590 7
11047 6
2284 2
13715 8
881 2
2622 8
823 3
3458 1
11887 7
13859 10
13877 7
12886 8
6692 8
16013 7
2584 1
4240 7
10343 9
13900 7
9810 9
16225 5
1344 1
1976 2
10309 8
10333 4
11363 10
9159 7
14475 10
10850 8
11766 1
6176 5
6423 8
11340 3
3187 4
985 5
9199 10
8234 10
12943 3
3186 2
3784 7
8995 5
10961 10
13447 6
5381 4
4119 10
14490 2
5814 9
8857 9
14921 5
8429 2
7958 7
15566 10
4962 7
10609 8
16268 4
2500 8
13397 3
1054 3
12484 1
11964 4
5983 1
15144 1
5083 1
4245 1
5867 7
9341 3
9031 7
6334 1
13853 7
13010 1
1415 3
15831 8
1526 9
2173 10
4576 6
11326 1
8066 2
11398 4
465 2
5931 5
7356 7
9968 3
9479 3
15922 8
12782 6
10008 9
11068 3
10439 7
13708 10
13616 6
14265 2
4072 9
6024 3
5209 6
14942 4
2127 10
8047 2
9614 9
9874 9
1867 8
3756 9
15804 3
10767 8
705 9
6634 1
12277 1
12242 10
12781 5
15274 9
2598 6
5364 1
4000 2
14664 8
3493 7
13107 3
2034 7
4062 10
4148 10
6230 3
10129 3
10948 5
15535 7
14060 9
14957 2
7775 4
11524 3
12549 10
23 5
6462 7
15409 7
8572 1
6307 3
2956 10
12504 3
14655 4
4107 6
4241 3
9780 6
10031 1
2734 8
14516 10
13395 5
3860 9
11275 8
999 6
3433 10
15245 2
8833 4
14408 5
1263 2
3675 3
15012 6
13621 7
134 2
266 2
8847 7
10853 3
993 6
13120 4
12786 2
15072 8
15776 7
7509 2
2050 9
3588 10
11304 9
5366 6
183 6
13607 9
10639 2
12873 2
15438 9
13581 1
15816 10
16133 9
1093 5
5720 9
5827 6
9179 3
9451 4
12543 4
15063 7
11193 3
12213 8
4193 6
490 3
2981 4
3171 2
4387 6
5459 10
8808 7
12390 9
9794 2
8968 4
13064 2
13696 4
511 2
9090 9
9188 1
1235 9
4867 2
14012 2
14121 7
1419 8
8032 3
6952 5
1354 5
7279 4
9739 2
10345 10
11351 4
13070 4
7765 10
16026 7
4779 1
11442 5
1752 2
14077 8
10997 2
1719 7
125 1
3234 7
7298 1
16348 8
9355 4
3645 1
2038 6
7306 1
3566 4
2325 7
2429 7
9942 7
2831 3
10399 3
14051 9
14162 4
1159 6
1916 10
11121 3
8214 4
6038 4
15715 10
6350 10
6481 5
12521 5
7895 7
3247 3
16191 9
10623 7
15847 7
2405 5
15920 1
10785 2
13267 1
3178 5
3858 2
8206 2
10163 10
1977 9
6986 3
422 10
9546 5
6998 2
10441 3
15444 4
2460 10
4535 6
4712 8
8144 7
11851 8
11638 3
2830 10
2223 9
6917 8
15190 3
3593 10
4095 6
11384 2
12007 7
9598 1
2596 1
9636 3
3400 8
15009 3
1323 6
8892 9
7894 9
15803 2
14609 5
12626 9
16292 7
2578 5
6941 8
9882 3
1534 8
12080 1
13822 7
5980 10
3365 10
10292 6
2557 7
15458 3
1461 3
309 8
2255 9
10499 4
10124 1
13283 6
1116 10
16138 8
4058 8
11246 3
3493 7
2564 7
9686 1
15914 4
59 5
4387 9
13034 8
2594 2
4738 5
9073 6
10581 1
602 3
1623 5
619 1
5405 2
6956 9
7899 7
8855 5
444 1
3143 6
1261 10
15035 3
539 10
6225 3
6606 5
11553 10
928 8
14095 7
2891 10
13349 8
4510 8
6172 10
7323 9
2185 2
15193 5
1370 6
6545 6
8190 9
10056 10
12141 3
13136 1
15195 6
10072 3
570 2
10677 1
1208 3
6169 3
2529 3
3932 2
15253 4
8082 9
6121 2
1381 10
10485 4
14471 7
16126 6
7470 10
11626 6
6389 10
7811 1
13181 4
3958 3
3794 6
9797 9
10380 1
9988 2
12211 3
4861 2
12673 1
15345 10
5847 3
8829 4
729 2
6858 9
133 10
9893 3
12046 8
13867 7
13675 8
3003 8
943 2
16301 10
4038 10
3827 6
3228 1
3655 5
10879 8
1224 2
6650 6
10490 6
16210 3
4628 7
7264 5
10569 4
164 9
12496 8
10033 1
14169 3
13717 9
6469 1
1280 6
12605 9
5131 7
6630 2
7334 9
12453 9
5513 2
15269 1
1400 9
70 3
8505 8
724 4
12173 9
12268 6
445 9
6724 10
1370 2
14018 7
9727 8
13844 10
16366 2
9338 8
14654 1
13929 4
2591 3
7004 3
9260 6
11913 10
15854 9
2954 1
13794 7
7046 7
2616 9
3475 2
5679 6
9160 8
12211 6
1442 1
8183 6
12270 7
4120 4
4322 2
6991 2
8299 8
11519 6
11129 5
14060 10
5616 10
6837 10
2590 7
8742 5
2961 10
9347 10
12395 6
15964 2
13842 8
13521 7
15111 7
1792 4
5352 4
10228 10
8636 5
14057 8
7271 8
7572 4
37 5
11933 9
13054 8
925 8
2011 8
9118 3
11677 4
8939 4
13687 8
14565 7
8258 4
8307 4
7580 7
3666 4
3595 8
15529 9
3487 2
4159 9
4896 1
8453 4
10615 7
3746 7
4806 4
883 3
14580 2
4026 2
5068 5
12016 8
13477 10
12020 4
13639 3
6086 8
14564 9
6869 9
10014 8
644 3
13024 10
5420 8
11651 4
11765 7
12201 2
2524 7
371 9
12916 4
15547 7
2560 8
5458 9
6041 1
7559 4
8080 6
9493 8
11082 5
11611 9
9967 10
3229 9
2765 10
8128 4
6125 6
9975 1
1020 2
8833 10
10073 5
11571 9
3911 7
9618 7
13877 3
12137 4
13455 10
12056 9
9332 9
6313 9
15822 5
11698 7
7777 5
4468 8
8267 10
7541 9
15032 10
75 5
14285 4
627 3
10037 1
9075 7
4726 6
2693 4
10106 1
1540 1
9344 3
8138 2
1014 10
5412 8
10419 4
11114 4
1441 1
1646 10
15866 6
15194 6
13704 9
16000 10
3019 4
3084 5
9078 2
10611 3
12898 6
3798 6
14934 3
12765 7
15782 10
15341 8
5445 1
7265 1
15029 7
211 3
7991 8
2477 5
9368 7
6491 1
838 8
1312 7
7697 9
8233 5
2519 6
10274 4
5680 3
1221 2
9841 5
13572 10
5291 7
1937 5
5995 10
7788 4
10060 3
9909 2
13229 6
12984 2
3300 3
770 5
13440 8
2737 9
8528 8
11577 10
9130 5
2366 7
5806 6
5830 10
15698 9
13297 3
15016 1
48 1
983 4
2432 10
12203 8
12744 2
13407 7
15355 1
446 7
9366 6
13117 2
12064 4
9952 9
12107 10
14820 7
400 3
5231 8
12927 10
13983 8
2 5
9445 9
4587 1
13306 7
83 8
5268 7
9626 10
11458 2
12100 2
15592 8
5331 5
653 1
3122 3
4834 3
5544 10
7188 1
12037 8
9201 9
11430 2
700 6
1933 3
2156 2
2751 9
9140 5
10169 9
7576 6
7256 4
3306 5
15591 4
310 4
1345 6
7871 3
7083 7
7254 4
13921 10
5917 10
13061 8
309 2
9640 8
4997 1
13019 4
15526 7
4164 1
5775 4
14822 9
15426 10
5334 1
1048 8
7353 9
8589 3
12619 1
8448 7
2620 2
847 7
2588 1
2715 6
3425 6
7167 10
7643 3
11223 6
11834 4
12 9
1615 3
5326 8
3799 6
7698 3
824 1
15839 1
8001 10
8351 4
9695 1
4872 1
13244 8
12110 6
7475 1
15059 1
10441 6
7100 2
14657 5
2945 8
8050 1
14584 1
1292 7
1499 7
3314 3
3604 10
6905 4
7018 1
12421 3
6481 7
2060 1
16196 5
8198 8
12870 5
464 2
11888 6
11700 5
13698 1
1443 3
6522 7
9712 6
739 9
800 2
14645 6
8768 3
9533 1
11095 3
6343 10
11605 2
14508 2
15547 10
10128 9
14517 2
15493 3
5781 7
7987 8
7426 8
15573 5
3600 7
684 9
14700 4
5039 9
6189 9
4435 7
8879 3
1220 5
16300 3
1561 7
5026 5
2528 1
1361 9
16024 9
1009 9
1420 8
5052 5
5553 2
6559 3
415 3
5592 9
14148 2
14915 7
1502 8
1611 8
6037 4
8230 3
8336 9
9033 4
1753 10
3200 9
3100 9
14269 1
14268 5
14810 1
5501 7
60 1
12162 2
48 5
7629 2
15383 7
15730 6
8634 6
10538 6
1264 6
13208 2
4526 10
935 1
13310 2
12820 5
6391 4
13144 2
14201 8
2804 8
4273 9
4495 2
8365 1
2709 8
2171 9
3265 3
4339 9
6135 3
5143 5
14551 9
285 3
4548 10
11788 10
1623 2
2684 2
3519 7
11341 5
13560 10
14916 9
4823 4
8411 8
4613 8
10922 7
12314 3
12933 9
4065 8
6932 9
10996 6
15683 8
2731 3
7172 5
14875 9
1688 6
8020 4
8201 10
10384 2
3555 8
11091 2
4623 4
12362 4
1467 10
878 6
14762 4
2062 3
8486 4
3295 6
15975 5
307 2
2219 10
9009 10
9151 6
14863 1
15549 1
1218 1
1394 4
9309 6
3681 7
8269 4
11212 7
13325 5
14403 7
1645 1
3488 8
8966 2
6283 9
1497 6
3865 4
5279 3
5973 5
8707 1
10359 3
5825 5
15280 10
3923 7
4143 10
4351 6
9201 10
1000 8
6070 1
15347 1
15939 4
15958 3
16126 6
5554 1
8437 9
10843 10
7115 1
1550 8
5268 1
2441 9
3787 4
4393 8
9684 3
15185 5
1617 5
2155 8
4466 5
10064 1
189 8
6546 9
15800 6
13292 6
16349 7
6246 2
9274 3
12222 3
5188 2
1469 2
10884 10
13899 10
388 4
2451 9
3962 3
5237 8
7063 4
14591 4
6264 9
15539 2
13285 4
13502 4
2181 7
4157 9
11445 10
10997 9
5522 4
7994 3
8315 9
13986 10
10364 7
16096 6
15256 3
16094 7
12921 2
256 7
12306 5
12060 8
15267 9
9 1
1299 2
11231 3
3860 9
11047 3
12800 3
4285 6
14392 2
3952 5
3782 2
6519 7
5873 7
13771 9
650 2
6094 10
8062 3
8466 3
10164 5
11226 7
2162 9
423 4
5464 8
14323 2
331 2
4504 4
8890 10
15466 4
4012 1
10467 7
3583 10
3771 7
3923 5
6058 8
6586 10
7334 3
6463 9
16271 10
1364 8
7629 10
4395 6
5069 1
8943 7
3117 6
9979 2
2971 2
12790 10
5048 5
5669 10
7792 10
5128 10
15 7
8467 7
14394 9
971 4
2977 9
5316 2
8555 2
5572 5
13638 6
13838 7
14061 10
15291 2
6599 3
10958 2
14917 4
6345 9
13472 2
7546 2
13501 9
31 5
6046 9
7709 1
8708 2
5948 4
1066 2
6586 6
13048 8
2491 9
11188 2
5248 9
4490 5
10688 1
16332 1
14973 7
2702 4
13193 1
13866 2
3692 10
4783 8
15125 3
2744 9
14043 9
309 2
5038 6
6700 7
13684 4
2289 3
9040 8
1535 3
5897 10
16319 2
6155 2
8393 2
10798 10
786 8
1813 9
2866 4
11033 10
1235 5
5824 8
7393 9
4006 4
7571 7
3253 1
4181 2
455 7
4408 8
4484 3
6590 4
9844 8
9920 4
12381 5
15205 10
8198 9
8942 10
16092 9
9988 8
11391 10
10189 5
12182 3
3975 5
8390 4
15307 4
11251 3
7440 8
13299 10
15655 5
1711 6
7337 10
13279 6
7832 2
11704 10
14282 10
15562 10
973 6
6158 2
7979 1
8168 7
16237 4
5893 1
513 3
11183 9
3760 3
8547 3
13116 10
15299 8
3235 10
5854 9
5979 10
6022 6
11628 7
6698 9
7272 3
10953 10
13184 8
14261 1
1284 10
4284 3
7757 7
7823 9
8852 2
10387 6
11548 1
3213 1
16085 9
13280 1
16357 1
12820 5
13806 3
4719 2
1382 7
4032 5
10770 5
6197 2
13228 10
11797 3
12663 2
11156 2
8010 2
3997 10
14384 5
366 3
3219 3
8918 10
6117 1
6681 7
13858 8
15051 1
16243 8
6459 9
7005 6
1528 3
14580 1
2505 8
7133 8
8232 4
12413 9
284 10
15030 5
13486 1
3332 6
6049 6
10137 10
10687 9
755 10
5115 10
15087 5
9227 3
12377 3
10341 2
5810 8
4138 2
8908 2
4131 10
10920 1
7007 9
13950 4
14379 6
14687 1
3274 7
6173 1
11217 2
11506 7
12095 1
15116 2
14056 4
15859 4
14599 10
420 7
2271 7
16081 5
6634 8
13643 9
10230 10
5793 5
15708 1
1010 9
12160 7
16255 2
7656 7
11181 7
7557 10
9073 3
846 5
8249 10
14527 9
16089 5
5228 5
8345 1
8844 9
4396 4
12828 9
12119 4
3929 10
9423 7
12301 8
5630 9
14199 1
4586 9
14700 8
4073 10
7516 6
9697 3
2794 9
3226 4
14547 3
4908 6
5703 3
8690 4
11789 1
10320 10
14234 9
4385 4
5205 6
10306 9
13988 3
123 6
5686 3
5306 10
753 7
14175 6
10869 7
15463 8
15940 1
4903 3
9705 8
11715 3
7332 6
4076 3
13868 2
13340 7
13777 7
5377 7
7925 9
13374 6
11122 6
6172 7
2153 7
9809 2
1468 8
1011 4
2274 9
13405 6
14206 1
7902 7
15600 4
4435 9
1177 8
4011 5
2900 8
14421 9
12654 7
14710 1
850 7
1666 3
3072 5
6596 1
7957 9
751 8
15218 5
1141 7
6960 10
14497 5
3994 10
12957 4
4988 1
5267 10
10836 8
2990 3
9869 5
13638 2
7819 1
1731 10
11860 9
13512 6
751 7
1455 1
6011 3
13748 1
14524 5
9361 3
9139 9
5671 10
10148 4
9093 2
11270 4
11634 3
12086 7
11828 7
9330 8
13401 7
2329 4
3060 3
5562 4
6227 3
7769 2
7830 9
9016 2
16106 7
6317 6
921 3
5090 7
14279 8
1903 2
9993 9
5151 1
12302 1
1299 4
1707 5
2549 10
2922 2
10884 4
1179 8
7709 3
11386 3
6754 4
5796 1
4648 7
1278 1
4953 10
6576 4
6755 1
864 8
10785 6
1862 10
6120 8
11973 2
2538 5
10201 7
4336 3
9425 3
1249 2
5975 9
9011 10
1700 7
1756 1
4202 8
13410 9
8421 4
9480 6
11985 9
12347 8
12441 10
15246 3
12576 5
14938 2
12813 7
13855 3
1334 5
3810 7
12571 6
6307 2
11874 7
15247 7
6547 1
3304 6
3606 7
6268 3
9344 7
3161 1
14236 10
16095 4
2185 3
6487 1
7807 1
209 6
6342 2
10358 3
12221 3
5296 1
3617 8
14335 9
3704 3
10308 1
8941 7
9056 10
12584 2
8423 2
1919 9
2708 8
4703 6
6328 9
3517 2
1377 9
11954 10
9799 4
8860 10
9716 2
12462 3
11296 2
14133 5
1508 5
1853 5
8867 2
830 4
2059 8
6013 1
14558 2
4924 1
8646 2
12721 10
3164 10
2165 1
15559 3
13263 1
14612 4
15366 7
6311 4
11637 8
9766 3
9416 9
472 5
6961 7
10747 10
4863 7
13828 3
3209 1
13773 3
3850 2
7074 4
7369 8
8128 7
11156 1
2816 3
1350 10
9671 6
2374 10
14992 7
10867 3
8383 10
3404 6
9032 3
10297 1
9059 3
122 9
2366 5
5080 10
9633 2
6908 7
13748 2
13146 8
6707 9
9986 8
11365 2
10305 5
4790 2
242 6
1165 8
9261 8
5685 6
3417 4
7377 5
2602 1
16304 1
12281 5
8827 1
5345 4
3927 8
12715 3
13597 2
8641 3
1996 8
5753 3
7617 4
2577 4
10858 7
5877 7
1280 4
6652 7
8879 3
5298 6
8989 2
261 3
14054 1
14883 3
2039 6
3985 8
10490 4
12229 9
5602 6
16120 8
2402 9
1638 3
11738 4
11603 7
13515 5
4083 2
1719 9
790 9
13635 9
14991 9
16195 8
7310 9
7382 10
9829 6
11144 3
4571 4
10568 9
2187 2
2331 5
16271 1
754 4
4375 5
13063 4
13867 10
14750 1
4536 8
5759 1
8439 4
14007 9
15901 1
14278 1
14579 5
10905 8
11890 5
9438 7
984 3
5923 8
9471 8
13705 8
10538 10
10962 3
10630 5
10084 6
10446 5
8874 8
15098 3
8687 9
1692 3
3227 4
5235 6
9782 2
9010 4
2437 9
384 7
4444 3
13249 4
16024 5
239 5
2934 2
5298 6
6219 3
7934 8
12781 7
1750 8
3158 5
1860 1
6878 6
12935 1
8292 1
14757 2
2513 10
5980 5
6239 9
10470 1
7475 8
1661 6
1219 8
14124 8
13739 6
14978 1
1286 9
4450 6
8536 7
9027 3
9570 1
10937 3
11641 1
6278 4
11481 2
260 9
7133 4
11948 1
2090 4
14171 10
15299 4
6939 5
2289 7
2744 2
9343 9
5189 10
13881 8
3586 8
16153 6
47 10
4174 7
8693 8
15610 6
13605 3
15047 9
10399 4
12691 5
8788 7
12741 5
14111 6
10421 2
10184 10
13121 2
14254 5
689 4
12039 4
12220 3
3331 1
256 9
2236 5
12179 10
13131 10
202 2
770 4
7524 1
8903 6
12072 3
12297 1
10118 5
10430 3
14126 10
2164 7
3401 5
4589 1
5339 1
5401 9
11806 3
14061 8
2294 2
13843 8
806 6
4827 7
9942 3
10814 7
8246 5
6712 6
5036 10
4311 4
986 5
8173 9
12755 9
10987 9
3487 9
5307 3
13767 1
15561 6
4676 9
5010 1
347 7
2191 10
6922 1
8647 4
15490 2
1670 3
8216 7
8510 10
8641 8
10971 3
3094 7
9071 9
1514 9
6504 8
6620 10
7825 8
133 10
14091 3
15554 9
4669 7
8058 10
10139 2
1921 1
16191 2
11843 5
689 1
1549 7
5699 6
6373 4
6632 8
4993 2
7932 1
5708 1
4789 2
11253 9
6475 10
2038 7
10334 7
12026 4
14495 5
4350 7
13162 7
14209 7
15498 6
5012 4
11769 6
13242 4
3446 6
6185 8
1134 7
7090 1
13204 6
2001 8
10061 9
97 1
4984 9
5056 3
15298 7
4602 5
15216 5
4003 9
10606 6
5806 7
12549 4
1205 3
1867 10
4551 1
4947 10
1321 2
8391 4
754 4
7436 2
8593 7
11292 7
1930 4
8957 10
8040 7
13231 6
11422 3
11737 10
1319 1
13514 4
13782 3
15983 7
1834 3
2346 4
12065 2
9525 6
10587 8
13296 2
172 6
2934 4
3009 4
3971 6
5335 4
8059 4
590 7
1525 6
9895 3
14380 5
15722 4
4521 6
14553 4
8233 8
14214 6
843 3
1484 3
15826 3
302 10
3536 4
7191 5
5127 10
15589 9
13587 4
13590 9
13804 5
439 10
11959 1
12253 4
4773 4
7921 7
14752 1
930 8
14935 2
3485 1
9978 7
11558 4
9713 9
2815 3
14129 1
6116 9
15921 7
16273 10
11160 2
11987 6
9926 10
3882 10
3277 1
9380 10
11180 2
2082 8
8428 4
14891 8
12955 10
3719 7
4758 3
7277 10
955 4
2707 10
13476 5
1753 1
454 4
15919 7
15704 9
13106 5
14351 10
10254 3
11663 8
14273 9
1901 9
8042 7
12009 1
1444 8
12145 8
10353 7
7531 1
3802 6
2400 9
12085 1
3208 6
13201 8
294 1
2979 9
4370 5
6438 5
9647 7
2935 4
3576 4
9489 4
13283 8
102 2
8234 1
10710 3
12082 5
405 6
12490 1
518 9
9462 4
13639 8
2774 10
5129 4
10513 10
2211 10
9499 7
8554 4
14497 4
1254 9
7398 7
4616 9
7100 3
13139 1
14073 3
835 3
6528 3
368 10
5919 10
2240 1
13260 5
14881 5
16125 7
327 7
9623 3
16281 8
443 1
411 6
727 8
7346 1
4611 6
13743 1
9620 10
5035 3
7836 3
6232 6
8546 8
5209 6
7509 3
8275 10
14237 4
6917 9
794 4
3038 2
6902 9
9443 8
12680 5
14738 9
4146 1
6294 9
5952 5
4803 8
15407 5
253 9
2971 4
2256 7
3337 10
4517 7
12339 6
3661 6
8932 4
10307 2
10311 1
12587 2
16140 7
4426 10
13373 6
7913 5
9428 7
12030 8
12314 5
11145 2
367 5
12970 2
14220 8
3625 1
7721 5
13026 4
1053 8
1216 9
14181 3
1784 5
6829 7
7471 1
2101 5
5932 5
7677 1
1281 8
12977 4
1008 9
2825 2
11925 8
229 5
6593 1
923 10
7601 5
13939 3
1398 2
3827 6
5262 4
10837 7
13944 3
7118 2
12955 10
14933 6
1136 10
7252 4
10834 9
1273 2
15818 8
15643 6
3862 5
10994 2
1222 7
11977 4
3215 4
1058 1
13412 8
639 1
13870 8
10171 7
12933 5
4291 7
14572 6
2373 10
10444 3
10001 9
2239 3
2771 2
4980 7
13161 1
27 7
1280 3
5391 10
15967 2
3588 3
10776 10
10999 2
12560 8
3484 9
15460 2
1591 6
15052 2
15089 10
5539 8
5702 3
5740 8
9717 8
7049 5
533 5
3567 10
15675 9
13002 10
2873 10
596 5
2939 6
10359 3
360 2
4685 8
1247 5
10823 3
11136 4
1495 10
2547 1
10605 2
11521 9
3202 8
7173 7
3305 1
10431 9
6949 1
14426 3
4525 3
6357 2
7799 5
8983 7
2691 1
9447 5
2174 9
11925 5
12506 2
14038 3
6204 10
13346 6
3562 5
11978 3
1091 5
3239 3
13879 5
2831 3
5581 3
9160 2
11732 6
14247 5
2961 5
13811 6
3801 10
6333 10
14619 9
2159 2
4127 7
6929 8
1935 10
3862 10
8521 8
12375 8
14165 1
7083 3
4921 6
2839 6
10770 8
12654 6
2350 5
8758 6
13741 5
3021 4
137 5
8973 1
11563 1
5308 5
2905 7
4803 7
6717 5
7664 9
4226 7
102 6
9275 8
1816 9
3002 10
9037 6
11694 3
8707 2
10234 1
13346 6
1523 2
1873 10
7486 10
1456 5
15911 10
7990 7
11230 2
12468 6
6708 8
7830 4
10887 5
741 9
14000 7
14922 3
16291 8
2747 5
7134 8
9681 2
10028 1
1542 3
14254 5
806 9
3222 10
3301 6
2553 1
11073 2
2229 10
15865 8
7221 6
8526 2
738 2
8784 7
15700 7
7403 2
7618 4
10260 6
3427 8
363 5
12361 6
2844 6
14850 3
12330 9
6348 6
7563 6
6783 7
9917 2
13886 5
14965 7
3735 10
4845 2
9292 10
5787 3
251 10
14740 8
15133 10
15527 1
5095 1
6176 9
5022 6
11804 6
7048 6
16009 9
231 10
1273 7
8325 6
354 10
10774 7
14214 8
15810 10
5130 3
8327 2
5142 10
2717 1
14264 5
1519 8
4375 9
7523 4
10409 4
2646 2
6598 3
14028 7
6623 5
7365 4
12644 4
9222 1
9958 2
8547 4
7128 6
555 8
5484 9
1016 7
6617 9
2605 5
14025 4
378 4
415 4
4405 2
7578 2
8864 9
8908 9
11921 7
5610 9
3277 9
7419 6
4733 10
10400 2
9691 7
12287 1
1420 5
4071 2
12713 2
13041 10
3175 4
5520 3
8842 4
4632 8
1506 6
8106 5
9133 3
6384 8
13856 4
1755 5
5345 4
9306 2
10263 6
6021 4
3648 10
15351 6
9939 8
5775 5
7811 9
9440 5
648 3
1078 5
1171 8
8503 7
12037 5
5607 6
12665 10
14071 9
1609 6
9871 5
11734 4
14432 8
1015 6
10565 4
10595 3
15590 2
6539 4
14574 10
4215 8
10452 9
16149 3
14445 5
564 10
2774 4
2909 4
3254 9
5603 6
15325 7
2442 2
4388 4
565 4
8055 5
498 3
4977 8
5190 7
12882 5
10947 5
8287 10
12696 9
6357 1
14433 6
12460 2
5950 6
7542 5
922 2
14031 2
378 2
7830 5
10107 2
12814 1
5133 10
1268 9
5708 7
41 1
12441 9
10609 3
15690 6
12285 6
1133 2
8500 3
9129 5
1395 5
8856 3
3724 2
2856 8
14037 10
1939 10
10950 6
5470 10
9540 9
11274 7
15210 4
4842 6
4049 3
1638 2
9673 2
16278 4
16349 10
1360 6
2194 10
4255 10
9873 2
15957 3
15415 5
15962 7
16233 10
1150 7
8930 8
5595 6
6588 8
6303 2
7588 3
6636 6
12563 3
4212 9
5098 9
1608 3
4127 8
9462 10
11019 4
16106 7
4440 1
6488 7
14340 6
16302 3
1785 8
8887 6
9587 9
11499 6
11568 4
4240 8
9105 2
10356 1
11557 4
5500 7
9598 10
8013 8
5413 8
1134 10
2574 1
12331 2
6517 1
6036 7
1629 1
13402 3
1006 6
3282 1
3123 1
13418 9
2087 6
3262 8
7176 6
3072 2
1024 5
3848 9
3934 3
5443 4
13064 8
8570 5
5972 1
12478 10
6500 1
4003 2
2915 3
6552 1
1336 7
11736 7
13274 9
14023 1
14713 10
12336 4
12879 10
11053 4
12854 10
2502 4
7998 10
13788 8
13819 4
2546 10
7185 5
8539 2
9759 9
13655 1
10156 7
10426 9
826 2
5429 6
12767 4
4033 3
15104 10
6732 4
10810 7
10879 8
15652 5
7485 10
6692 5
16162 1
2353 5
9919 5
12082 6
8196 8
8107 6
5566 6
15453 3
2314 5
6969 9
6505 1
8600 4
372 5
3315 6
6530 6
7349 7
11841 10
1126 3
11042 6
13794 2
13866 5
400 7
2818 3
6183 6
11624 8
11889 4
15472 4
3412 1
8528 6
11755 3
13353 8
11790 7
11479 2
11212 1
2888 3
5276 4
4280 2
5369 1
14554 10
1531 4
3836 4
5403 10
16036 3
7598 10
9307 1
14264 3
4955 1
8355 6
9141 3
13980 6
9730 10
5651 10
2560 9
2229 6
10248 9
7339 9
9244 5
10468 7
2029 1
2691 4
14093 8
1591 1
12874 2
8835 4
7178 6
13762 7
12338 2
12204 7
14550 1
11386 10
13195 6
7293 10
10335 4
11669 2
16168 3
13965 7
6255 10
1882 9
10918 8
11505 9
7138 8
10742 2
2813 5
15708 4
4216 4
8357 10
2764 6
5825 6
1335 3
7643 2
12497 4
16219 1
2403 3
2879 4
15958 6
12876 4
3084 9
9707 9
12039 3
12512 8
11012 9
7985 6
1612 4
12162 2
13757 1
1097 2
14212 5
6493 10
3294 9
15830 7
5913 9
7755 9
7914 3
12390 1
15549 1
13422 3
908 2
6028 7
8188 7
14054 7
11459 2
13131 2
1442 3
7827 1
11663 7
1455 2
9834 6
1469 5
13559 5
6495 8
11600 2
11765 8
12659 2
11992 8
1717 6
8859 7
5566 8
10283 2
8567 3
15537 10
5122 9
9857 6
7308 9
7816 3
15586 7
8960 3
1959 5
2874 9
3804 10
5550 6
5512 3
6975 4
15923 6
7584 3
5526 3
140 10
10118 3
13871 4
14581 10
15987 2
348 7
7431 8
8811 9
10232 4
8301 10
7952 7
13840 8
487 1
1540 9
4700 6
5374 1
10809 6
11347 5
12239 5
3543 5
5318 2
15253 5
6520 2
7832 6
11293 1
15721 2
13053 1
14659 7
15391 3
6204 8
10638 5
11521 8
12130 1
7763 4
13207 5
2170 2
5512 8
7678 8
8024 4
10051 1
12402 1
6352 3
15349 5
1150 7
7203 6
2792 9
24 5
225 1
878 4
12258 5
5742 1
8411 2
2185 2
3966 5
8283 6
5564 3
3547 3
13301 9
15916 5
2427 8
2497 3
2878 10
9073 1
11149 9
5587 10
3145 5
1252 6
8970 4
11895 7
16366 1
13674 8
9676 9
9316 8
16248 1
12062 2
14810 1
13180 4
15215 8
14492 8
1158 5
9392 10
3366 10
12887 10
13649 1
6988 1
9888 7
7350 2
15621 2
10211 10
16155 9
9052 9
449 7
8820 3
8322 2
9686 7
5833 3
14389 3
2063 7
5773 6
6966 7
15829 8
5525 7
8615 6
9991 3
6076 9
8383 10
13253 5
13657 8
10229 4
12322 5
4316 8
10877 2
13019 7
11958 4
138 9
918 9
11369 3
12568 1
11894 1
14765 10
317 2
3678 7
1383 1
10632 7
4532 2
6143 1
40 6
7766 1
4229 5
9883 5
11629 10
15622 4
14087 6
3673 4
14856 2
3756 4
6688 6
1122 1
5602 2
12376 7
15316 10
908 8
11457 7
13038 2
3023 6
1806 1
2680 6
2796 10
4646 4
14680 8
3384 9
269 9
2341 5
5476 7
8426 4
9638 9
5284 8
10909 8
16231 10
485 4
1864 9
9229 7
9109 6
7891 8
12671 4
13008 7
13240 5
5051 7
8817 8
3511 2
1468 9
5297 3
15284 8
3447 9
3674 3
11575 2
7820 3
14025 5
10285 8
7065 10
9481 8
9820 5
2916 9
7149 9
15948 4
10744 6
6801 4
914 5
6114 10
12643 10
3981 9
11551 1
3300 9
15999 6
6164 3
12452 5
15843 8
2016 7
4434 4
14116 3
14789 4
5723 8
12875 4
14582 7
7844 9
626 7
13946 2
3625 9
4093 2
6098 6
9120 6
10673 1
6313 7
9057 10
3789 3
12550 7
1103 6
401 8
8742 6
14035 8
35 6
11710 1
12183 3
15592 5
6126 5
15399 4
14656 9
3766 10
5774 1
11048 5
6742 3
2192 9
15710 9
15749 8
4228 3
6117 2
7218 1
9981 6
10316 10
8361 4
835 8
2149 1
2824 2
9003 2
14416 10
5178 1
15055 5
12134 8
2452 7
14831 5
3838 9
10930 7
12610 8
14734 3
2617 9
4748 4
8029 7
14647 1
6204 9
15517 7
1838 8
4408 6
7787 8
9136 4
4270 4
4713 2
5302 1
6485 6
6750 4
6705 5
14285 10
8214 10
11766 9
14061 2
15922 4
16190 2
1833 4
5498 4
13016 2
14933 8
11204 3
13816 6
8243 7
3935 9
16007 6
14504 3
8355 6
3386 2
2381 10
14400 3
2512 2
14676 9
5623 2
5690 2
6010 10
12921 10
11817 7
5018 10
14538 8
5903 9
7180 6
9582 1
4272 6
13154 3
290 3
2000 1
7144 2
10283 6
921 3
2310 1
3296 5
14865 3
13505 1
1899 8
9191 2
11635 10
1506 2
5041 1
4559 8
15671 6
4926 5
852 6
5857 7
9312 5
3111 7
4512 5
10177 9
5198 6
1285 8
13748 5
15412 10
6433 4
12727 8
13180 5
64 9
8873 8
9453 1
14873 4
3475 1
3825 9
698 3
2401 7
5803 10
8367 10
13250 9
537 1
1155 3
2097 1
10725 5
9404 5
5218 7
2666 7
7657 4
11495 5
2860 9
4161 1
6381 6
12992 1
11678 1
12012 5
12638 8
3096 7
6181 8
4352 7
6843 2
2161 4
3373 10
12465 1
9408 6
9981 7
419 2
550 7
4003 4
15662 2
651 1
7075 1
15184 5
11462 9
9931 5
5730 10
7334 9
14059 3
14286 2
11421 4
2153 5
12072 2
1508 1
5644 2
12671 8
3144 2
1745 3
15017 10
15769 5
15874 10
2456 3
9842 3
9032 5
2438 10
694 6
12807 4
7022 1
2356 10
12336 3
5462 10
5822 2
7565 6
10702 5
11042 9
12441 3
12952 8
13371 3
1475 4
12589 2
4636 4
8941 5
14172 9
11597 9
1313 3
1597 7
2904 10
4693 2
11537 8
6479 1
4541 4
13189 2
2643 7
14247 1
15487 1
3483 4
4079 7
841 3
6342 5
16245 9
1305 2
9112 8
13142 9
6085 5
6387 1
2320 10
1293 10
1571 4
6174 9
7883 3
12131 4
13900 8
2507 7
2699 3
2838 10
8341 10
12592 4
4001 7
8288 4
11989 2
2132 9
15564 3
9637 6
9012 1
1606 9
1984 9
10657 10
11811 7
10812 10
16120 4
8950 2
5754 7
11327 6
12097 5
5081 4
396 4
13518 10
7828 6
6179 2
6268 3
8010 4
12226 8
16012 4
5212 3
9882 2
13527 7
13632 1
1215 6
2759 9
8435 3
4027 7
15791 1
456 5
2992 1
11081 4
9654 2
6697 5
1871 2
4714 5
3882 6
10201 9
913 1
1275 3
1625 6
7912 10
12169 9
7985 4
9366 4
4224 6
15988 4
921 7
1352 6
7800 6
8522 2
15021 8
6878 1
15879 2
16011 4
208 8
5023 3
8060 2
10084 5
5725 6
13407 7
3877 1
8498 4
6367 9
3082 3
7155 5
6028 1
1190 4
8611 4
4797 9
8635 4
13701 9
15282 4
756 4
3742 8
3968 5
7677 5
14472 8
14757 2
15677 10
6353 5
6352 10
13440 8
2638 5
15371 8
2283 6
3638 1
5807 2
8281 7
9657 10
12454 1
1580 5
2799 2
14452 8
2128 10
2170 1
10605 5
14323 7
6089 7
7016 5
9043 9
15672 4
5725 9
9941 9
286 1
1015 1
8777 6
2953 6
9919 4
10268 9
15398 2
6703 4
4218 9
5325 9
9221 10
7219 4
6896 8
4181 5
7874 10
8046 10
6755 6
14326 6
8588 6
8682 4
10258 2
901 2
2429 3
14928 2
11036 1
14545 2
13337 2
10504 10
965 9
15467 6
813 10
6067 5
6751 6
7076 5
8486 4
4537 3
8152 3
531 4
5346 8
7696 5
11154 1
11600 9
2271 10
15442 5
728 1
1881 5
8568 7
10538 10
11417 7
11342 10
3000 5
7369 6
1843 2
14263 8
2575 6
8060 7
11872 3
11519 6
15552 8
1254 9
4457 5
15063 10
3519 5
9882 4
632 6
5353 8
16165 7
1142 10
2161 2
10266 4
1962 8
15276 2
6043 3
7768 10
13796 6
1018 7
1056 4
4842 2
9722 3
11383 8
1432 4
11976 3
7398 2
4937 10
5016 2
4724 4
1866 4
10813 6
11056 5
2434 8
6595 7
4384 4
10634 4
6218 5
8074 5
13226 7
1558 8
12103 6
13633 2
14119 6
15894 6
4296 3
9307 8
7155 3
13944 6
13264 8
15288 4
33 4
9461 2
11627 2
12856 5
10333 3
10150 5
11099 7
8357 6
12577 3
864 10
2700 3
2748 2
436 9
1563 6
11791 6
9475 6
3918 2
5417 9
2359 1
5032 6
11627 8
15162 5
14961 8
5163 3
10851 3
15283 2
6293 10
14051 7
4763 1
8613 1
9181 9
7819 6
8982 9
7761 4
15060 10
2345 3
8374 9
2180 8
4979 3
8542 6
1836 10
10555 4
13563 1
14494 5
3003 5
10143 5
5089 5
13516 2
7666 8
14708 3
9619 6
2357 1
6330 2
5902 2
4182 1
2819 2
3294 10
7689 4
4093 7
7172 3
12739 10
3227 8
2310 2
2947 1
12664 2
8261 8
1203 2
5101 8
11178 1
4621 4
2400 7
9668 8
13681 6
15136 2
13422 1
4006 2
8560 8
12584 4
2736 9
2636 3
7856 3
3607 10
12821 2
8929 5
5113 9
13874 10
15697 9
2349 1
11489 3
7392 10
4656 9
640 9
13865 2
13728 1
1949 10
5772 3
13464 6
3024 10
6842 3
10831 8
8835 5
6139 1
9912 10
5296 4
11260 8
11307 9
6870 10
5139 7
7734 10
9293 6
6843 2
4029 8
16346 5
6705 3
4382 2
7761 5
8596 2
3782 5
13915 4
11250 3
7477 9
15083 10
2325 10
4649 4
9118 6
10567 8
11781 9
3019 7
7739 7
3318 8
13345 9
533 9
1029 8
3906 5
1704 9
8764 9
15133 6
4522 3
7272 4
7291 6
2749 9
9039 8
4742 1
8858 8
11485 2
12824 10
886 8
4716 8
12982 2
1510 6
3447 6
3975 8
10741 2
4814 5
11401 3
5384 7
4393 3
4034 2
5351 4
126 5
862 1
5832 6
6379 10
8037 3
9943 3
633 9
5098 10
8146 10
4730 3
14446 1
1350 5
10920 7
5472 10
9513 9
14802 7
12398 10
12615 1
2821 8
7719 7
4564 5
1862 7
12120 9
14618 5
2230 3
6338 6
9851 4
15 9
10170 5
14461 3
13943 3
12190 4
13183 2
15208 6
407 10
1513 10
8404 5
11154 4
12234 5
10769 7
12863 1
13729 5
7087 4
423 1
16154 10
12063 9
15759 3
7013 10
9546 9
11019 7
5077 3
9200 7
9628 2
12174 6
13068 9
2621 9
4857 5
4333 6
6923 7
7637 9
12049 8
10599 5
4132 7
15311 6
15678 10
4077 5
9092 3
7608 4
12146 1
12691 2
9759 10
4100 5
4534 5
8090 9
11880 5
15560 9
12408 6
14918 3
4951 2
12182 7
10895 1
12796 8
5254 5
13410 3
1177 8
2753 4
2754 6
8124 9
9909 4
10121 6
14684 3
14490 1
10951 5
14806 9
3912 6
10627 4
1086 7
2287 4
12184 8
3795 5
13520 8
3196 1
1652 3
15872 6
1700 2
10641 4
11853 3
11866 6
14908 2
2088 1
4286 5
5822 8
6155 10
7880 6
8094 8
8926 7
402 10
15430 7
3038 1
1439 3
15772 7
289 8
4254 3
10164 3
11370 5
15955 1
3015 7
333 4
8559 8
2276 6
10283 8
7730 2
13791 10
3272 4
4365 8
6865 4
11221 6
11556 9
13042 3
4682 6
434 6
7939 3
11261 3
151 5
15921 2
14650 10
2855 7
6877 8
1837 8
12238 3
6409 3
12118 9
14542 7
1723 2
4773 6
5969 6
6163 9
3912 5
10277 9
9421 2
8162 10
13291 8
7229 10
14471 10
11991 7
10948 10
9533 10
6692 5
4860 8
6661 1
6696 10
12884 1
14381 1
7524 10
13626 8
13250 3
235 4
4113 9
11989 1
12836 7
14465 4
2230 2
7546 9
4208 4
6975 5
8047 8
11279 6
6216 7
6939 2
6503 1
7903 3
11420 8
13201 6
11657 9
5081 6
4957 10
13456 7
3921 10
5040 3
6108 3
6604 5
9123 2
9593 5
10914 2
15111 1
3580 10
5389 7
8559 2
12167 8
684 9
14612 7
16030 1
5398 4
8041 5
10197 3
11232 8
7654 6
14346 4
2953 5
8233 1
9617 10
13825 8
12176 9
14085 8
5937 9
9881 7
2230 1
3266 3
9853 8
12056 10
4892 4
15804 9
16223 1
12419 6
151 7
3027 9
5126 8
9194 2
4396 1
481 6
2864 8
11405 6
11443 5
3458 1
15695 9
1393 3
89 7
8610 6
13299 3
2512 6
9397 4
13434 8
1115 4
9051 4
3098 9
7054 7
10475 5
6179 3
6276 3
44 9
16265 10
10878 5
1379 10
9453 8
3487 1
5497 9
11708 3
6390 8
10831 1
15677 5
1418 10
2593 1
10293 9
11058 8
14628 1
14614 8
11756 4
14834 3
881 7
1330 1
4803 4
6060 1
7254 3
5663 9
10988 9
9193 5
1215 7
13283 10
13476 4
14290 7
8362 8
13001 4
13048 5
15305 10
3611 1
9924 2
12618 4
8265 7
2974 8
15967 4
2328 2
5069 5
6271 4
7588 7
9006 7
13814 8
14901 4
14737 4
1188 8
1356 9
4099 6
4263 1
8807 8
9680 4
13138 2
12349 7
9292 6
6685 7
10081 6
16310 3
2630 2
11526 6
11685 4
12740 8
445 7
2728 3
13830 1
3412 2
4884 1
5071 1
11681 9
5170 8
1777 5
2414 8
5832 6
5772 8
13787 3
5709 9
3059 10
12364 2
1500 1
13615 7
3218 8
666 6
4992 5
16280 10
16265 7
7378 9
3700 10
8146 9
13066 2
4687 5
8719 8
9812 3
14326 6
733 2
1157 3
2665 2
9901 2
12545 10
14437 5
15003 10
9769 7
15465 6
7998 4
10769 3
12728 1
9391 10
2820 2
13629 2
13657 6
4736 9
6544 2
15277 9
6468 4
13541 8
1585 1
12972 6
9303 1
1028 5
3273 5
4058 4
14605 10
6833 7
7772 3
4541 9
4797 1
7644 1
16036 5
71 9
5257 2
8126 8
7433 9
2074 2
14779 2
15410 3
1127 4
10842 8
3849 1
10699 4
4333 4
15111 5
16074 6
10092 9
4075 7
11435 9
8051 7
13164 6
12859 8
9316 8
13965 5
7903 10
11651 10
10606 3
7790 9
15077 1
15942 1
3152 6
6453 6
8220 6
9652 3
10978 9
8811 10
5818 1
13876 8
3770 5
13959 7
14538 3
3004 4
5427 3
12838 6
9477 4
11909 8
13418 3
14822 6
5620 3
11467 10
5905 10
12031 6
9573 4
1506 8
2284 10
2164 2
9714 3
2026 10
4762 1
4994 8
4607 5
3092 6
7099 10
12993 5
3096 8
11191 3
6689 10
12690 2
13650 5
324 10
2800 2
9457 10
4313 1
5907 9
6284 6
6454 4
6385 8
9717 10
5773 4
5697 3
1519 3
5316 7
5856 6
5954 2
11107 1
8866 8
13946 4
11794 9
14512 7
2972 6
1742 3
6030 10
10362 2
912 7
4655 3
7733 9
5879 9
16217 8
16231 3
1087 4
2204 2
2762 7
8718 5
8850 1
9871 4
11977 2
15424 1
16019 2
13408 1
416 9
13800 1
8429 6
10395 5
7514 7
7520 5
14908 1
4901 1
12195 8
13748 9
16195 2
13791 3
2122 2
4544 8
6518 10
697 8
10882 8
6596 8
9596 3
14304 8
5209 9
819 2
6472 6
10783 2
13460 5
2357 4
4149 10
6691 4
12075 2
12325 4
9026 10
1560 4
238 4
11198 6
7444 8
12384 10
3770 5
13805 1
16012 7
1977 3
10233 8
11346 6
15430 2
3367 3
10503 6
7262 5
3862 7
13749 10
3390 8
2103 6
8373 10
8422 3
15003 8
16074 4
13718 3
10328 7
11624 5
14615 3
14191 4
16152 2
570 10
8753 9
9260 8
11576 5
8940 10
1095 4
8629 6
13103 7
13845 2
15132 2
16250 2
67 3
1445 4
3369 1
11276 1
14495 7
155 8
15519 7
8078 7
12743 10
14533 1
3030 9
16123 4
9757 4
1481 7
12659 6
5517 5
1053 8
754 2
1989 10
4872 10
8808 1
9813 9
11250 10
9003 8
3135 10
7628 5
12083 6
9305 7
12842 6
6242 5
3319 2
10081 10
1789 8
10766 2
2805 1
6838 9
7731 5
9744 9
5193 10
15965 4
301 3
6655 5
8069 1
11899 1
14866 3
9078 7
2382 9
3870 1
5194 6
14319 5
15789 6
10876 8
14125 4
12383 7
13333 1
2946 7
3086 7
3664 2
2200 9
12508 1
2183 4
6129 6
13653 6
14852 10
5786 9
5915 1
11331 5
4520 2
10841 3
7675 10
15356 8
13372 2
15049 7
4957 7
9522 7
10692 5
13292 3
13749 6
1840 2
2151 7
6296 7
7243 6
8149 7
9879 3
11409 3
13019 5
13922 1
4348 10
8868 3
1036 10
14024 5
13735 4
12453 5
14179 2
12837 4
151 2
8296 5
6704 6
177 5
14756 1
2615 9
11258 2
12676 8
6375 10
6480 2
2789 5
3290 10
3488 1
4805 9
8402 1
9246 7
5669 3
6115 9
11340 9
2904 5
4061 4
6029 7
6723 8
3825 9
14700 2
2806 5
5831 4
8910 8
10602 7
4373 4
14556 5
14860 7
12504 9
13809 4
14945 8
3043 8
7542 5
9661 7
9837 6
13754 8
12342 10
1907 1
11758 6
4819 4
12812 4
9523 5
8203 7
13050 9
13161 3
3533 5
13967 2
3980 10
11158 7
7040 6
5874 5
10103 4
6284 1
9405 2
11590 9
6293 8
182 1
4525 1
14418 6
14950 1
210 9
4654 10
5239 5
9325 8
13007 5
3465 8
13340 1
4719 8
8714 9
6433 2
12277 5
5716 6
1046 8
7707 9
11542 8
10345 2
10405 5
7342 4
10108 10
12058 5
7081 5
6834 10
13326 5
14992 9
16221 4
493 5
12231 8
7794 4
16083 6
1299 6
9885 7
10760 3
11511 8
970 8
15431 4
6382 9
15360 9
4075 10
16303 1
15351 3
5198 9
12533 4
12865 5
3665 5
11908 8
12156 3
9989 8
1608 4
4746 1
10431 8
12485 2
10605 2
10364 10
11994 7
8636 2
14168 6
4023 4
8556 2
12790 1
992 6
15361 8
2062 8
2070 5
5428 5
11789 5
13105 8
17 5
3786 7
10031 5
6593 2
13883 5
1645 5
12069 5
7224 6
769 9
5716 9
15288 9
380 4
1180 1
2598 10
9401 7
15294 1
4762 4
7903 4
12599 1
14203 5
14625 8
9915 2
245 8
4274 7
5821 4
2649 10
14880 3
5102 6
5248 2
5772 5
9187 4
10266 10
11045 9
8127 3
10107 2
15620 2
2107 10
16003 6
645 4
5170 3
5438 8
10959 8
12261 7
1927 8
12273 7
16155 1
11105 9
1002 4
10949 10
11805 10
5284 6
11226 9
14311 1
473 6
14821 10
6484 3
8978 10
10058 4
9564 7
7004 6
12954 9
591 8
11079 7
11877 8
10759 6
9257 3
1566 6
16138 5
5976 7
6258 5
14887 3
15648 10
749 2
1765 2
5383 6
6093 1
9675 3
10419 3
11622 5
7909 6
7322 5
15300 4
16222 6
1867 1
5728 3
6246 6
11043 9
7679 8
10528 7
10501 3
6716 7
2008 4
3249 7
3684 3
12737 6
421 2
1129 3
3534 6
6176 10
5003 9
12741 1
11944 1
6259 1
1057 5
1552 2
4600 8
7206 4
12484 1
16074 9
9884 2
4506 6
5666 2
8819 4
5882 7
11883 7
13447 9
6618 6
10005 1
12608 6
15820 4
14871 2
12860 8
13179 10
13646 1
13951 9
1993 1
3025 5
14332 1
2179 2
15020 6
15022 6
5020 1
12711 4
5400 5
11373 4
3812 8
11326 3
7733 9
10428 9
16037 5
9832 8
740 10
9377 9
411 8
1178 5
2941 7
4786 6
2936 1
5941 9
9049 5
428 3
1156 6
10070 1
8149 5
10824 5
11117 5
14479 10
8049 8
10811 4
67 1
3031 1
10661 6
5225 1
5369 7
7188 2
10989 4
3659 5
4493 1
15203 5
15855 10
1037 6
2742 2
3709 4
4045 4
13159 8
2790 2
1245 2
15947 7
13623 7
14519 2
2938 2
12709 6
13239 3
4776 10
8579 1
9765 6
15407 8
822 8
1683 4
4300 4
15520 3
2592 4
10476 3
7253 2
14497 7
852 5
953 4
2781 1
4556 8
6113 6
4115 2
7537 6
5829 5
14297 2
4327 6
15112 8
590 7
5877 3
6235 9
12844 2
9958 3
16086 8
119 4
13420 8
14824 2
548 1
12662 3
1958 8
16223 10
546 9
648 8
9084 1
10620 5
2442 2
12201 1
8473 1
7577 8
9062 5
13173 3
4534 4
12736 10
9651 1
11926 8
11422 10
10590 3
12467 4
12997 9
12308 3
6445 3
8711 10
676 6
2188 2
9054 5
11694 7
5025 1
13968 5
2036 7
2469 7
14714 7
10262 4
10381 1
2982 4
5988 10
1951 7
9823 9
13691 4
15093 2
1140 6
6120 7
4991 2
15911 1
9479 7
9353 4
12666 7
6666 4
13424 9
3650 4
5615 7
10532 6
5032 4
11316 5
10901 3
3038 8
4619 9
4843 6
10633 10
6570 7
991 9
459 2
2845 10
10034 6
5353 7
16102 6
11075 8
2868 9
470 6
6794 4
12691 2
4561 3
16255 6
16174 7
10093 2
14411 4
5805 5
6734 3
7989 8
3527 8
15617 9
2741 9
15200 6
15256 5
16338 9
1826 8
7575 6
12049 4
11554 3
4048 1
7759 7
10199 6
12411 1
14244 10
7386 1
10972 3
14953 3
6707 1
8478 4
11201 7
11596 2
2550 5
6906 9
3436 6
10113 1
14892 4
6782 4
9167 5
2828 7
11033 2
1071 5
2138 6
3040 10
4964 4
11657 7
14050 4
7178 1
2058 4
5838 6
14006 2
15445 2
2174 10
6899 7
4469 1
10227 4
8728 6
5694 10
7438 7
12475 1
3754 6
567 1
4226 10
10251 9
13443 2
5223 3
14807 4
7189 2
1398 3
5606 10
8271 9
8767 4
4107 2
11827 9
3958 1
1679 4
988 6
6106 8
6860 6
2786 3
13639 8
12088 10
4502 2
4740 8
12046 1
16216 5
5828 6
15036 3
11414 5
12003 1
10449 8
7108 1
14666 3
12703 5
10838 2
3207 5
186 2
13256 5
252 10
4562 5
13814 8
14648 1
548 9
8263 3
11741 8
14931 1
2176 5
15272 5
340 9
2214 6
5083 4
7128 1
8582 2
10286 2
4109 5
16193 5
7342 3
11914 2
813 1
5326 9
10229 5
2428 1
3090 8
3127 4
3187 6
1754 8
10860 3
14291 1
15991 5
861 3
12279 3
3572 7
7702 9
4346 6
13927 2
14532 7
14599 1
2048 3
7037 2
8878 1
9481 5
10526 4
3940 9
13236 1
964 1
353 1
15062 7
12021 2
3915 7
12238 8
13681 10
13892 10
2347 9
6548 4
9938 1
10087 8
8700 7
9620 9
13522 8
14587 5
1983 3
8870 5
11339 2
6979 10
8516 10
13536 9
13987 5
14959 1
1466 6
13093 2
1004 4
3267 5
1102 10
11425 7
2135 1
11908 6
5602 9
11156 4
1836 3
14759 3
10648 7
14477 5
13253 1
11135 6
7401 10
12761 7
12104 6
8156 9
2358 7
15074 10
12459 9
10237 10
3551 9
3209 7
12289 8
8223 4
12493 7
864 1
4329 3
12218 6
5904 10
1778 8
2102 1
4774 2
9140 3
11619 7
3773 10
15368 1
7667 6
4341 3
13128 9
434 6
13480 4
9834 5
12902 6
11038 10
15939 6
9502 7
12893 6
561 5
6200 4
6851 6
2886 2
2614 2
4476 1
6202 9
8219 8
3338 10
923 8
10231 5
12613 8
6783 2
2380 7
4458 6
13609 1
9146 2
15337 4
19 7
12298 8
15873 2
3897 6
14896 9
10104 1
13766 4
4161 3
4713 7
8229 3
10105 5
12118 2
14459 1
11042 3
5445 5
6692 6
7560 8
12963 8
803 3
9144 8
4634 3
4154 5
5401 1
12219 9
3797 7
4821 10
4759 8
14508 2
49 6
8997 8
10227 1
10955 2
573 6
5334 3
7823 10
12382 9
14635 4
4183 9
8256 1
9524 4
1343 9
3180 1
5728 3
1699 8
3771 2
5381 10
14207 2
7420 6
14989 4
15040 4
12312 9
6801 3
5730 9
4226 5
4410 7
4294 8
8159 7
2961 3
5014 3
7560 5
11414 9
11042 10
4327 10
14641 1
35 7
4825 4
9756 4
13920 2
5594 7
8088 4
10766 6
10876 5
11513 6
1402 7
3893 5
3997 10
12203 2
1030 8
1139 4
7265 1
4773 10
4657 2
9829 1
2971 4
10349 6
10787 7
881 5
4910 8
10338 3
6555 6
491 6
6455 10
7630 6
7194 6
1178 10
76 4
6559 7
2558 8
15754 3
3549 5
6079 8
7045 1
10422 5
2704 1
14166 2
3998 6
2277 6
2437 9
4202 9
9969 9
10490 4
10533 4
16341 5
8932 4
14490 5
15761 1
16060 6
8747 9
10398 4
9487 9
16100 5
6245 9
10690 6
13064 3
4249 2
15306 2
11364 9
11436 10
11190 2
1269 5
13238 2
12873 6
11935 9
5547 2
12347 8
4455 6
14535 3
8123 1
9906 3
12762 6
5385 3
10503 8
43 3
5983 3
3776 5
1743 5
757 4
2368 8
15519 5
7717 8
13391 3
14665 7
681 10
1636 3
8601 8
11888 3
9484 7
6935 2
5456 1
8915 4
988 4
2096 2
11312 4
4788 4
14597 5
4450 1
14596 5
9668 6
15993 2
11791 7
9837 5
16213 7
1928 10
5038 6
5046 6
6537 9
8234 10
14454 7
7233 3
1374 8
6508 1
220 3
9342 9
14392 3
2327 10
5785 3
10502 10
6581 1
8254 7
2248 6
13700 4
550 5
4032 7
5525 3
7810 8
11334 9
5276 9
14947 3
564 3
9137 6
184 2
4107 4
9660 3
11220 7
801 8
13773 2
16184 1
14344 8
16189 5
5104 8
5171 4
12012 3
12334 3
12399 6
11675 8
5540 9
8548 7
10982 3
5532 1
16312 2
6610 1
14425 1
1597 2
14042 3
4312 3
11806 7
3590 6
10293 5
8913 7
4414 6
13472 6
13748 9
5778 7
5792 3
6426 8
11070 7
4966 8
10210 6
10301 5
3200 6
5683 8
5847 9
8324 4
13376 3
11448 8
1956 8
7187 10
3837 3
9156 8
10052 4
8170 7
15388 6
326 2
606 3
11605 5
7063 6
380 8
1242 7
2991 4
5095 3
8136 1
9159 5
327 9
11309 6
3792 6
14555 5
622 2
12581 5
2996 4
15616 10
1719 2
2037 8
3306 1
4551 1
5732 1
6086 1
6465 9
8 5
16296 1
33 7
12566 3
5732 7
15302 10
8816 7
4867 5
15924 6
5478 1
12502 2
513 10
1373 1
1470 3
13729 9
14485 7
7579 4
14746 3
1381 8
1633 8
8157 3
12454 7
12527 2
8304 3
13810 10
1462 4
5836 3
12772 7
1360 7
8235 10
371 7
8803 4
10648 8
12949 3
25 4
11923 1
130 9
8869 10
2939 1
15309 1
13836 5
6228 6
7700 8
5186 10
3534 6
6531 2
14735 5
15498 10
8797 8
10855 9
11140 10
12763 6
9178 8
7779 6
448 8
5950 5
7895 5
9093 6
6790 4
5418 3
9027 5
6119 5
4995 3
12420 1
12663 7
13080 7
524 2
626 5
514 1
13678 7
5992 2
6688 8
13214 1
8299 5
411 9
14448 3
7991 1
3130 8
11655 8
133 6
716 3
3066 3
4746 7
7629 5
7667 1
8654 9
8754 9
13146 3
1371 3
12780 9
3815 1
6686 3
9570 4
9593 3
6721 6
963 9
1846 9
13612 1
2960 2
12881 8
3110 4
13515 2
7137 4
252 9
5992 10
8388 10
4160 2
5767 1
11160 5
15710 3
1708 5
4897 10
7318 3
7585 7
11673 3
13951 9
6593 6
16206 1
5846 5
5610 10
7296 5
785 2
3988 6
6202 6
7067 8
428 10
7737 9
9823 1
12950 9
13204 3
6901 10
9627 8
15014 1
14559 3
3232 8
8146 10
9378 3
10508 1
6584 2
3823 3
5283 8
16172 8
13296 8
3586 2
15286 6
15999 1
8940 9
2634 1
4709 8
3070 7
7380 5
15830 4
8295 9
10195 7
12981 3
13119 1
6026 5
10719 9
9166 1
15637 5
5073 8
5608 2
10051 3
10247 3
11 6
3058 10
6857 3
10969 6
13306 9
14618 3
5096 4
1168 8
13656 4
15905 3
12292 3
15805 3
10455 5
4883 1
6746 1
2826 9
9706 4
5940 9
9767 7
15170 4
106 2
14117 7
14235 10
11636 2
5771 3
3274 2
5906 7
9444 5
5487 9
7289 5
8693 10
16022 8
1841 9
1421 10
2756 9
2982 4
8389 1
15334 5
242 4
16253 1
680 10
12373 2
11561 6
7312 6
5553 10
223 8
1437 7
3118 7
9040 6
10531 4
252 7
8106 6
13174 8
4914 9
12422 2
11013 3
3360 4
2762 2
7914 1
1359 9
3140 2
3449 10
12212 3
13833 5
1915 6
5601 2
7003 6
4934 2
16336 1
11886 8
3716 2
11423 5
12161 6
1547 4
14050 6
15198 8
10093 8
12151 6
54 6
9361 8
16209 8
4249 2
5828 8
12285 8
12660 8
13085 8
9301 1
1011 4
15237 5
6131 9
13544 4
14710 1
1316 10
5088 10
6194 4
10295 3
16071 10
12093 6
5675 10
1227 9
5506 3
11392 6
9174 2
12398 8
15425 9
13993 7
14020 1
6375 3
9403 10
12523 6
13319 2
9265 1
2259 5
1369 4
6169 3
13506 6
13732 1
729 3
10441 5
16345 4
345 3
654 7
3039 10
11309 7
11860 7
2614 9
4928 10
15117 3
4152 9
7114 8
3053 4
2404 7
15403 10
9864 2
2180 3
4046 2
10525 5
12564 6
13282 9
6162 10
12089 2
2263 5
6441 10
10978 3
5266 6
11782 2
13696 5
14621 7
4024 9
15726 5
10006 7
9540 3
8960 6
11986 1
5506 4
2403 10
15129 7
10148 8
3214 10
5735 6
12194 4
7182 1
15223 3
11685 2
4075 6
13551 10
16366 3
1900 4
2281 1
3931 6
8308 8
12475 1
4057 10
7128 8
9704 4
10549 5
6985 3
9784 7
10222 10
7313 4
5006 6
8633 10
1612 5
15076 9
15332 8
1382 1
2011 3
5982 9
6757 5
8496 5
7750 10
14383 2
4138 9
12298 8
10679 7
11990 9
12647 10
15033 3
13164 7
6607 3
11536 8
8767 3
5272 1
5703 2
6338 8
8170 8
14756 9
11048 9
8881 5
9466 4
10582 9
6031 10
976 7
4556 9
4717 4
5176 8
8686 7
12315 8
16137 5
13219 5
7945 4
8401 10
942 3
2651 4
5904 8
12476 9
9250 9
12258 5
1456 10
3125 10
7299 8
12226 1
11138 3
4790 6
5021 8
5636 6
3454 8
4324 10
5669 7
9176 7
6698 4
2574 6
13844 1
13123 6
12448 3
11427 10
14193 6
9314 10
11101 3
2242 5
11246 7
7369 8
8195 5
2818 6
14801 2
68 6
10785 7
1507 4
10006 8
8027 1
14820 3
10873 8
634 5
3576 5
6333 9
10997 7
9223 1
8969 5
11415 7
11751 10
15677 6
1145 9
357 1
1089 6
10718 5
14276 7
3842 5
4163 8
12446 5
4926 1
9422 5
12724 2
13389 6
6889 8
10213 8
11569 10
13985 2
306 1
4008 6
2245 7
7657 1
6820 5
7771 3
6629 10
10869 9
11335 10
16008 9
12042 5
12855 5
1180 1
13179 4
6183 2
1792 6
13738 6
15169 7
15534 10
3173 10
6444 6
9763 4
11707 3
12642 10
11989 4
5462 2
15436 3
873 9
4281 8
6051 2
4337 2
6671 4
586 4
624 1
4826 6
9263 4
9894 6
10110 5
12396 1
11275 8
12061 8
4057 7
9778 2
7157 3
13345 4
12335 4
13999 4
11110 6
947 2
1622 10
7559 7
14339 7
48 8
9520 1
16067 8
4521 8
6210 3
7833 1
6790 2
6681 4
15452 6
3759 2
5065 8
10863 8
12289 6
5989 4
3425 7
2759 8
7456 4
9221 1
15903 1
3448 8
5482 10
4503 2
15726 4
9077 2
1557 8
2381 10
10898 6
12747 1
14669 7
13898 9
3639 3
5867 6
683 4
2699 3
2940 9
4760 7
10772 2
1767 6
7026 4
14601 9
8588 1
5253 8
8792 6
9805 2
827 5
3594 7
8064 8
4549 5
13938 7
10886 3
11974 2
4255 1
11755 10
1389 3
2064 6
12319 2
8015 5
165 3
14123 7
15875 5
1877 1
6530 1
6856 8
4749 9
2313 8
15349 5
16248 6
3583 4
8046 2
5729 3
14390 2
837 7
3175 5
11935 2
1998 7
14052 1
1266 3
8098 2
8606 9
13930 1
12441 6
15943 7
123 8
6636 9
14089 8
3930 1
430 1
7372 6
10739 8
14084 9
1186 3
6785 2
2861 9
9216 8
4435 10
4260 8
10462 3
2079 1
4290 4
7519 8
10314 7
4968 7
15932 9
12330 4
8303 3
9776 1
10287 8
2375 3
5601 3
11909 3
14031 10
14472 2
8159 9
8677 5
14298 9
15814 7
5902 9
6921 5
12725 9
3457 1
14133 3
10034 1
14977 3
3312 3
12711 4
13873 5
7447 9
15876 2
9123 6
3302 10
15694 9
15174 9
7145 5
8276 5
10632 5
3301 10
14514 7
13043 1
5444 2
14898 3
15945 2
766 7
4065 1
5046 10
9674 4
12303 6
13938 2
13753 8
13443 6
14491 2
2661 7
7161 4
9307 1
8395 2
1327 8
8957 3
15938 4
2900 10
2367 6
13932 6
748 7
2786 10
12191 10
2397 5
6043 9
14490 5
11697 3
1436 1
9902 1
281 1
3011 9
9847 6
931 10
8214 6
5627 1
15130 3
388 8
4827 1
10757 4
12770 6
1579 7
15679 9
5824 6
15233 4
3529 3
4910 10
566 1
11386 2
2524 8
4967 4
6016 7
15792 9
1320 1
12843 4
15949 4
5193 3
12804 5
13412 2
2881 3
14388 9
6244 6
3133 5
3932 1
5250 7
6628 5
8321 3
11514 2
13114 2
16067 7
4820 3
5943 9
15610 1
4954 10
9563 3
12022 3
6004 5
11760 1
1023 8
10260 6
13073 10
4091 10
1662 6
7969 7
15510 7
14924 8
13959 6
6466 4
4368 2
9558 6
13149 8
6854 1
12192 10
3380 9
14153 5
11679 3
2535 2
2690 3
12636 7
549 3
16073 9
4285 5
8827 1
12522 4
13335 8
16239 1
1334 5
1580 10
1804 6
2354 3
9371 2
13976 7
14026 10
2181 6
8709 2
718 3
8258 10
8343 2
14685 7
190 9
9496 9
9343 6
16336 6
10863 1
11465 1
15011 7
15247 8
3483 2
11235 9
7562 3
14622 10
2981 4
13074 7
13840 2
15093 5
15321 10
15374 8
1486 9
11079 5
6723 10
2426 10
12115 7
1177 7
8270 5
10532 4
9769 8
2302 3
5397 7
2311 6
6185 3
1941 8
7764 3
5074 2
702 9
4582 8
4486 2
2534 8
5784 6
6234 3
10563 9
9387 3
14778 9
6541 6
16225 1
8054 1
3873 2
2460 5
14352 2
14774 8
2902 5
8648 8
14461 7
2387 4
12139 9
15883 5
72 4
15623 5
14895 5
8214 10
14905 9
15789 9
1276 7
165 2
12249 5
13336 9
13764 7
6437 7
9947 5
81 1
151 6
128 1
11469 4
14931 4
14896 4
15383 8
1974 9
8974 1
1209 1
8785 7
4478 6
3435 9
10950 2
15907 6
2602 1
15185 8
8997 10
10799 10
13194 8
13875 4
9410 4
6182 8
12227 8
12335 10
10548 9
5457 8
15270 6
4025 7
4331 2
10656 8
11113 7
11380 3
9048 3
5090 7
10221 5
11238 6
13678 6
708 6
3673 7
13440 4
15427 10
2298 8
5692 1
5937 8
2323 7
11230 1
1415 6
15374 3
5244 4
8235 7
2851 5
10946 1
9230 3
7357 7
14269 6
5854 10
7866 2
10248 7
8816 10
15291 2
10909 2
14543 3
5727 10
10477 8
9058 6
6574 5
13666 10
15836 8
5486 1
9278 9
10836 2
11405 8
1175 8
4314 5
8393 1
9888 4
10324 2
10458 9
1102 5
13451 10
2551 2
2486 10
14355 7
12263 10
16337 5
13763 4
14569 8
11807 1
1441 8
15788 5
1223 9
1245 4
15159 2
10280 10
11994 5
754 9
14251 8
9171 8
8142 3
460 8
2834 9
11512 1
60 6
542 2
652 10
4643 3
3477 10
10466 4
15332 7
9579 5
15192 3
10241 3
10872 1
11980 5
9538 1
6888 6
16376 2
16259 6
4544 1
2025 10
3442 3
4908 2
13822 1
14519 2
2367 4
8274 2
982 9
3853 1
12983 5
14312 1
8589 4
8883 7
12695 10
385 10
3748 10
3142 8
3868 5
2027 2
11345 8
13782 3
1031 9
15072 5
740 8
777 1
4666 4
5086 1
10893 4
4735 2
12371 9
15434 6
15483 3
3396 7
15568 9
13113 1
15226 9
8040 5
1641 7
4921 2
2491 3
410 5
596 4
6632 6
14640 9
8235 6
9145 10
1499 6
4416 6
6737 2
8646 5
10852 4
4031 6
2811 8
15588 7
1030 1
14945 10
1231 3
2172 3
3065 8
4525 9
12372 7
8503 8
4415 2
15543 10
16167 5
2323 3
4961 1
10078 9
10518 3
12510 3
14910 9
14988 4
15535 4
15711 6
53 4
6977 3
10943 7
15391 2
5627 5
5911 9
5144 10
5961 10
1323 6
5999 10
5575 10
10763 10
12337 7
3652 8
6417 4
7147 9
11061 1
11439 5
12658 10
8404 4
12222 5
11282 6
2074 1
16138 8
6700 10
2705 8
7442 7
9390 4
1229 3
9097 10
15823 10
5128 1
7157 5
12280 9
14783 8
2549 1
5534 8
1638 5
3265 1
4709 4
9575 7
9804 4
4744 4
10884 5
6574 6
7118 7
8906 4
10032 10
13787 8
16032 2
6809 7
11998 1
571 4
3358 2
5485 3
9231 7
15506 6
12124 3
15237 7
1148 2
6283 1
11338 2
15897 5
10722 7
15331 8
14416 5
2693 5
7399 2
8809 1
1562 1
819 8
3595 9
4897 2
14489 9
14642 5
14854 9
15892 7
61 1
6303 1
1975 3
4105 4
12587 1
9845 8
10248 1
10673 1
13890 10
1775 8
3888 6
11753 7
11765 6
8175 7
93 6
3401 7
6472 1
7828 4
5175 8
11141 4
1748 2
8017 5
8680 4
2016 6
4282 4
4717 1
14840 9
564 7
3899 2
7179 5
5936 8
9998 10
2925 10
3497 2
4912 1
6292 9
7682 4
8824 2
3281 10
12849 4
14009 1
6769 4
14944 9
2596 5
1016 10
6868 6
5786 6
7181 3
15387 4
2053 10
10325 3
329 6
1859 6
4826 8
5806 10
12280 8
4572 6
12849 9
421 5
8249 6
15030 10
5958 5
7892 7
3384 3
7200 4
5962 2
8229 7
10393 6
12068 6
5260 2
13664 7
15897 7
859 8
14850 8
3649 3
14155 2
16189 1
6641 10
8136 7
5048 4
11837 1
15210 6
3098 5
4441 7
7415 2
13797 4
3789 1
2578 6
14605 5
4093 3
5058 4
5598 4
11981 2
13744 8
11441 8
9758 5
3399 3
13921 6
1270 5
1649 2
12800 2
15106 9
3685 8
14814 3
4649 2
11687 10
3027 3
14864 5
6796 7
14025 5
1185 8
10 2
2477 7
14624 5
584 1
8618 10
3778 8
8010 6
3 9
3617 9
5596 3
8399 3
9617 7
15226 7
7504 8
6931 4
9217 8
2786 3
12363 3
14391 3
5363 6
10314 6
4970 6
8126 5
9275 10
4881 3
3541 1
6854 9
9394 6
11225 8
7592 2
4604 6
10522 2
14702 5
3089 6
3346 8
8160 5
9647 8
4327 4
1948 1
12819 3
15952 4
3189 3
6720 4
9095 6
6349 5
1847 7
16250 2
9667 5
4270 8
7924 10
3204 2
12586 9
1418 6
5773 9
10487 3
2198 6
13654 1
15687 5
8977 8
12010 3
13350 1
6526 5
8730 10
6701 5
662 1
680 2
5814 3
11566 8
5701 2
9483 2
6151 8
6897 4
6360 6
1756 10
2495 6
4314 8
6670 4
13411 1
4917 8
11981 9
8672 4
5525 4
4888 4
14950 4
4640 10
9949 1
12468 10
10137 1
13933 8
13187 7
10172 5
957 4
3834 1
2222 4
5350 6
12572 6
4843 9
13689 4
15645 9
3736 10
4626 5
6397 3
9815 3
11160 2
10226 3
2562 2
14279 9
3859 8
7125 2
7324 4
10889 7
11723 9
14255 2
4037 8
15392 3
909 6
5800 1
7908 9
11768 6
1436 9
14802 7
12542 9
14270 10
4550 7
4842 2
10927 3
1636 4
16169 8
16342 6
5506 1
10293 6
10549 10
15066 10
4021 3
8551 7
12583 7
15002 6
1944 10
4584 6
14368 3
10705 10
6462 8
13291 7
15858 3
3306 7
12189 2
8018 7
8579 4
11075 7
11482 5
12006 4
10023 6
13921 6
338 7
14250 4
3943 5
5859 8
7217 7
9635 8
9856 6
16372 3
1805 10
12554 4
13161 8
14839 3
6082 7
8454 3
12006 6
10552 10
2205 5
5829 6
8969 5
9264 9
9989 7
10789 9
4893 9
181 6
11227 10
1433 9
10658 7
13193 2
8942 7
14294 7
481 8
6999 9
5407 6
1055 8
12211 3
9743 7
9263 10
2423 10
3487 1
4031 5
13074 1
1497 5
12515 6
13104 2
7738 6
8791 1
1585 3
1760 3
15148 4
3075 2
3763 9
6911 7
11882 10
8674 10
12805 9
6694 10
14943 2
4351 1
12124 8
2519 10
13689 3
5501 1
7141 8
9158 1
10744 8
9905 3
10966 9
15384 3
1639 4
5978 1
8853 1
12769 2
566 9
12723 6
6266 4
3438 6
14136 10
2793 6
3470 10
5473 5
12642 3
13322 8
12238 10
12861 8
2767 9
7119 9
4809 10
9321 2
6225 2
618 8
2494 2
4864 10
7765 4
4524 6
2497 10
14454 9
15039 3
5577 9
12190 6
7535 9
14956 3
2951 1
4280 3
6593 4
7703 8
9534 6
11467 1
12752 9
2237 9
7125 2
2410 7
4517 10
16046 9
14643 9
3762 7
7237 1
16338 5
5371 5
11081 6
7707 8
10272 6
9755 1
15351 5
13283 1
8954 7
8326 9
16228 7
2942 10
12138 10
1790 6
15479 7
3778 4
5042 7
15129 1
14228 1
5151 10
3100 8
7380 7
2269 2
13002 1
7557 4
8468 2
13208 5
5129 2
5205 5
14934 7
4803 9
5992 6
12045 2
286 10
3893 9
10941 1
11074 4
15724 10
8371 2
7841 6
11390 7
4813 9
6264 7
7848 5
15842 7
10541 1
3221 1
13237 6
866 2
4524 10
5937 8
7041 8
2081 2
13608 1
7439 8
2001 7
4920 5
12428 3
12956 1
16380 8
4439 7
9618 1
41 7
5396 8
5740 8
6680 4
14556 1
13 3
13424 4
15293 6
13007 8
15087 8
12297 2
12526 2
13193 6
16310 5
8630 7
8749 2
5075 5
353 5
849 3
9261 2
10800 8
8974 10
15243 1
15190 8
8061 8
15844 6
2548 8
1747 3
14294 3
7648 1
15825 9
11742 4
14052 2
9328 8
14077 7
4093 10
12340 5
935 9
14983 6
5721 9
14549 3
952 6
6133 5
6872 8
7934 1
9471 1
15741 2
2880 6
6318 8
15178 1
1232 2
2366 5
5641 1
13592 7
994 1
8355 8
13974 8
8054 6
16230 4
11059 1
13549 10
5120 5
8353 1
15878 9
5136 10
5942 1
7574 7
2860 2
5689 8
15863 5
12087 2
6434 3
6946 9
9839 10
2239 1
16023 10
2911 6
3661 8
10995 4
4090 6
12260 4
1167 2
1285 6
11407 3
8728 7
7271 10
9085 7
11326 10
4654 3
10627 2
8470 8
15826 8
1371 9
12999 8
2525 9
14694 3
3041 1
1724 4
6911 1
10224 4
12621 8
4906 7
1569 6
15685 10
6841 1
8808 2
8651 7
5142 9
5912 1
15434 2
10382 3
5225 8
15085 8
13407 7
13544 6
1612 5
968 2
3020 5
3198 1
5297 10
5173 10
1580 5
15375 4
3561 1
7036 10
10443 10
3667 7
700 5
3836 8
12136 6
13119 6
13334 10
12493 4
15975 10
14784 1
15673 10
7420 9
8845 2
9071 5
1262 8
9050 3
2378 6
7295 10
9525 9
5561 1
370 8
4140 9
4271 9
12730 4
5921 4
14433 3
7462 2
8440 2
15028 2
31 5
6210 5
215 5
9807 8
10349 7
9655 3
651 6
9265 6
14926 1
202 2
3353 8
3589 10
6415 2
12639 8
7984 10
310 5
14863 3
302 7
8309 2
15935 4
106 4
12394 3
14576 2
13616 4
13636 3
15238 1
644 1
1399 9
2430 5
2496 1
10434 2
10553 6
11246 5
15018 6
4831 5
15858 6
16043 3
5495 4
8735 6
11596 7
13304 4
7761 5
872 8
3377 9
11669 10
11059 3
15727 1
1049 6
1144 1
5557 5
9116 9
14427 9
3112 4
15259 10
2200 7
1928 5
2176 7
9820 10
14382 4
83 2
3455 4
6826 5
7409 9
10159 9
10474 3
4148 3
152 5
7509 9
8310 7
15536 6
1853 4
6175 5
13448 5
15807 4
2066 2
12589 4
14504 1
15004 7
15964 2
16226 10
355 1
1870 8
5977 1
3762 8
10735 8
3550 6
8696 3
3547 1
10462 9
15742 2
7101 7
12680 1
14809 1
9258 8
4754 3
1274 5
2775 9
6299 5
7515 8
11002 6
2436 7
13383 4
8376 5
14253 7
2654 8
5348 6
11143 3
6572 2
3404 1
13083 9
8777 3
14222 3
16133 9
9299 5
7553 3
11582 8
15463 1
16201 8
10016 1
11562 2
5875 1
2861 8
11870 1
7544 3
4031 4
12653 9
15805 10
5564 3
10573 5
12810 8
15641 6
7024 2
448 1
561 2
2152 1
4370 1
7487 7
6077 7
11009 1
2744 5
14648 6
11671 10
15909 3
14137 2
842 7
1703 5
1914 1
12572 10
4910 9
5015 10
2848 3
909 6
14781 9
1669 10
5762 4
5025 6
11742 3
15027 6
203 6
3148 2
3210 3
3429 5
4518 2
624 5
15161 5
12008 7
15666 5
9253 7
3301 2
939 10
4261 8
5241 10
5225 3
9434 2
914 2
15483 6
3390 3
10276 10
15001 8
11135 4
14574 4
15286 9
2945 8
7428 8
12527 6
11022 6
1765 9
1569 4
2042 3
12558 8
553 2
4783 3
15533 6
14513 2
16052 9
731 8
10488 7
9256 3
14943 5
13739 2
2410 2
7742 4
7783 7
8585 3
9023 3
11708 8
12625 9
2917 9
15154 3
4368 7
5720 5
8383 7
9949 3
13224 3
5540 6
10569 6
4759 1
14409 2
1894 10
2380 1
5449 10
7140 8
10490 10
8814 1
4853 4
242 4
8964 9
8030 2
15805 1
15441 8
1614 7
6159 8
9580 2
12047 5
12449 7
6312 4
12047 2
10623 1
7802 9
9580 1
5920 4
5521 1
15308 7
435 1
8196 6
11432 6
15993 6
14127 9
329 8
4391 8
5241 1
6668 10
7598 10
608 4
2484 8
6453 10
8105 5
10903 1
14477 8
15035 9
577 10
13922 6
14023 3
14216 8
14844 5
15988 2
8033 5
8896 4
5177 6
281 4
3163 5
4663 3
6234 8
7619 1
8186 10
10322 7
3245 7
6821 5
9067 5
4999 1
6142 6
6538 8
13123 1
14426 8
15020 1
14013 5
1799 4
10602 7
13399 9
13139 5
6157 10
16376 7
3415 7
8639 8
16284 1
14470 10
13936 2
14811 6
7966 7
14825 9
3963 6
5461 4
11755 3
12211 6
13443 1
12296 7
14683 7
6104 4
874 7
1949 8
11994 3
7335 1
10621 2
3720 1
4111 8
8529 2
13241 4
3729 3
12289 10
6400 4
16336 9
5750 5
7148 2
9262 6
9561 1
7506 8
5222 3
16284 5
15737 5
967 10
3066 5
5969 5
10938 2
5442 9
8899 6
10246 4
3706 6
10099 2
12245 6
9234 6
11341 7
2855 3
13476 6
1295 5
1322 2
1608 4
7299 4
12541 5
13716 2
2384 2
12815 6
3741 1
5688 10
9561 9
859 9
12153 9
3870 2
8518 2
9606 9
10107 3
10771 3
12898 5
15281 9
15794 3
15168 5
4927 9
6764 1
9246 9
14506 3
2117 4
14612 5
2596 9
9501 7
12867 1
13950 3
8365 4
8748 7
6685 10
14926 9
1195 1
5398 6
9307 8
12192 5
13596 8
11005 3
2917 6
8389 6
15109 10
1948 5
10875 1
7173 3
5455 10
5055 7
10210 5
1215 10
6174 5
15820 4
4916 4
6624 8
7980 7
8101 5
4714 3
2602 8
11233 8
1495 2
9120 8
9334 7
10072 6
12796 2
13047 5
13216 9
12770 1
13389 9
15570 5
13223 10
10584 2
12241 3
13239 6
1363 5
7254 9
11038 8
5591 9
5827 10
7338 4
6530 4
3027 9
11562 1
8565 3
9223 2
6173 4
1119 9
14169 8
14874 2
7045 1
13506 8
2927 4
12350 3
1834 5
6270 1
13248 8
14783 1
8163 3
15346 4
1436 1
9148 8
605 8
6532 10
11490 3
6345 10
14401 8
15212 1
8258 1
16147 9
2075 8
9778 3
12979 1
7407 6
8835 3
14459 9
14779 7
1116 4
8505 2
338 4
2042 2
15355 7
1590 2
8639 6
3477 8
11520 5
16333 5
4209 10
7134 5
8035 7
6462 5
3496 10
6912 10
8295 10
15686 9
6316 2
12275 3
9803 6
16114 5
3754 6
4974 7
4162 7
12058 2
10531 5
12971 7
7155 4
13552 4
11967 6
14833 2
16050 1
16246 7
3639 8
8706 7
8933 5
11727 6
12429 7
13536 7
1565 5
4972 4
7805 2
8678 3
9259 4
12338 8
11503 1
1224 7
8236 5
11321 9
7161 4
13351 4
3347 10
12828 1
1820 10
9509 2
1032 6
11991 10
12314 4
1404 1
7748 3
6110 4
10162 6
15028 10
11159 9
183 2
4232 2
7453 7
1346 7
6792 5
7832 5
14780 8
864 9
2529 3
3698 4
4710 10
8643 6
9473 5
11252 4
12053 3
12717 9
16176 3
14754 3
7041 6
2498 7
5605 3
7278 4
8079 7
14898 8
6980 1
1363 9
2180 5
2456 9
5270 1
7076 2
8799 10
13385 2
9793 7
12792 3
2558 9
3303 4
8729 4
370 8
12445 4
7892 8
329 3
5916 6
5925 4
11443 4
11670 6
7431 5
14371 8
1726 7
6351 2
15094 3
15376 6
872 1
4965 1
8171 5
8916 5
9368 9
7101 2
7580 8
346 2
1084 5
7651 3
12761 7
4210 2
5076 9
9354 5
11412 3
4953 5
2996 7
7460 7
8218 7
9843 6
7802 10
573 4
15892 6
1136 5
2292 1
2815 6
3791 8
12474 9
4719 6
3245 2
7800 4
10711 1
9187 5
10439 8
3279 9
1496 8
9401 3
10014 8
13561 3
2631 7
12843 3
13800 7
15280 3
4962 9
3391 9
1653 6
4419 6
7499 5
9894 10
4412 2
554 1
675 7
3324 3
5526 7
7343 10
3078 6
1357 10
1953 5
2049 7
593 9
7829 10
10036 10
12051 1
3275 1
10166 5
15390 7
15800 2
1493 4
13186 3
13577 8
1912 7
3150 8
703 2
10929 3
1741 2
12955 8
587 7
2235 9
747 5
795 2
2299 6
7601 4
12416 5
8339 6
10044 9
6469 3
3077 7
4366 10
5113 10
11862 8
13216 3
13153 10
12329 3
5430 3
11201 10
406 1
12479 4
6918 4
476 1
15425 2
2733 6
641 10
8783 4
12632 7
12961 2
2239 9
4286 1
6233 2
7553 10
11973 8
14151 7
2678 9
7612 7
7981 10
13100 6
7850 5
16181 2
1166 5
10544 9
13595 4
4399 3
16297 2
13827 7
8013 8
8078 1
8238 3
14113 4
8162 10
15758 6
1835 5
10350 9
10979 10
1742 6
16060 2
14589 4
3335 3
11571 1
13782 7
422 6
13214 1
14614 1
351 7
6583 5
8659 2
9414 3
6893 6
2702 4
679 6
5777 8
3187 7
9180 6
4059 3
4493 7
7170 10
11426 8
14050 6
9514 3
9650 10
16076 7
15343 9
8757 8
12849 5
673 5
2239 3
13221 1
1236 9
10756 3
3745 8
12741 3
11296 9
14319 2
14123 3
15935 3
1820 2
9788 4
12284 7
8220 9
4909 7
163 5
15249 8
10157 4
3672 3
1068 4
1549 10
3641 9
5492 1
9519 10
11038 9
11650 7
13850 5
5161 7
13247 4
13850 8
1146 9
15816 10
5079 3
13400 10
14647 9
954 3
4347 2
12148 8
14771 6
11038 9
12895 6
16097 7
270 3
503 7
1219 1
1545 4
6185 2
7734 9
10043 10
6747 3
13968 10
15211 3
135 1
3039 3
4063 1
7770 6
12205 4
5905 2
4428 7
15500 2
3603 6
13182 8
13326 8
5381 6
6138 3
49 8
7211 2
7440 6
9236 6
6770 2
15958 8
946 5
3739 10
13038 6
3143 3
13964 3
335 8
7829 8
12504 3
7333 10
14377 9
9263 2
10949 8
7759 4
15078 10
1959 9
16163 3
5373 4
11549 2
3813 7
11522 9
14118 6
12955 4
15909 8
682 2
5303 1
6792 7
2384 9
15024 4
528 10
7554 9
8152 4
5554 7
5612 5
4843 4
16166 4
1820 10
2737 6
10325 5
12606 7
12112 6
13558 1
16226 4
15331 5
16034 5
1282 7
1460 4
5534 2
15275 9
7785 7
383 8
8437 9
714 7
2623 8
6437 5
6611 8
7028 7
10910 6
13168 8
14366 8
10011 8
14588 6
1529 7
8347 7
8458 3
9351 7
12319 7
3548 6
14556 6
16263 7
14078 10
14148 8
3452 3
6019 7
8306 3
748 1
13797 7
12485 1
8000 2
8075 6
12792 3
7118 10
3232 8
3729 3
13924 7
10115 1
8959 3
12307 8
2901 5
9826 1
860 6
13184 1
193 5
6433 8
15036 2
2391 8
2761 3
7228 9
9729 8
1631 2
14187 7
2799 5
5373 4
7384 10
7088 1
10849 7
14825 8
9159 8
4236 6
13436 5
2220 3
10956 10
12012 1
14510 5
12242 3
15215 10
1726 2
5353 3
7565 3
9673 5
7959 3
2858 9
16152 1
1063 1
3508 3
3734 5
3915 2
6564 2
8146 10
13403 5
14728 7
965 2
1996 9
14012 3
9407 5
866 7
1717 3
5709 8
7875 1
8214 4
9410 2
12054 10
16014 7
712 9
12723 7
2967 7
5533 5
9155 2
8041 5
109 9
395 5
914 1
3512 3
11571 8
11642 4
12990 8
13527 2
3400 5
8864 3
10070 9
16119 10
11433 5
14187 10
7818 3
1288 2
1732 1
14513 10
1569 7
2719 2
8058 10
12636 8
4821 8
2365 3
1176 5
9796 5
10726 4
11452 4
1561 6
14552 3
12826 8
2820 3
11992 6
12629 10
4278 4
13463 1
10744 3
1956 10
6033 10
13226 2
14237 9
14840 9
136 6
7982 7
9304 8
623 7
10266 8
14424 2
9607 1
11712 3
3058 3
2245 6
3501 5
7178 5
8295 5
9639 7
8893 9
4829 5
8006 3
9659 6
11084 4
7927 10
15567 7
3296 10
3870 3
7693 5
7724 9
12414 7
13809 5
13809 8
14782 10
12483 4
1396 10
8319 3
907 10
7639 8
11118 2
12529 8
7191 4
4553 10
6954 1
3918 4
10927 6
11386 2
6591 8
3277 7
14682 9
483 6
12568 7
7988 9
13880 8
15166 8
15846 8
2324 10
12490 4
14312 7
7260 3
2962 4
3146 6
8536 5
11740 1
12781 3
10144 7
2154 10
2477 2
4272 8
12923 4
1789 3
3455 3
10392 4
16371 4
10563 10
11781 10
8798 6
3451 1
3800 3
8601 6
9320 8
9495 4
9935 3
11536 4
12471 4
12745 8
5601 5
13915 3
2730 1
484 8
1276 3
14402 3
12559 10
5109 8
7078 5
1042 2
3190 8
15020 2
1341 7
3355 10
11901 5
3283 9
10231 9
7984 10
11828 8
16023 2
14747 9
3990 10
5679 10
7675 3
16259 4
10687 4
16347 1
11645 3
9364 9
13948 5
3121 4
8561 5
15894 10
7837 7
291 8
486 2
13122 2
12427 7
2586 2
12961 5
12728 2
3194 6
5080 9
12621 7
3958 9
3263 7
9104 5
12807 10
10281 7
12761 2
11374 2
10867 1
15379 9
15513 2
7862 6
10480 1
6706 4
10154 8
14914 9
12882 8
14983 9
8817 9
4669 7
3224 2
15103 6
12989 4
11254 5
884 8
16221 3
16328 1
4552 4
9926 6
11026 6
11994 8
12182 6
9218 2
13502 5
4730 5
6624 4
8376 5
13121 10
6449 5
4355 2
15358 5
6363 7
7021 2
13541 4
11145 2
3924 9
4368 3
10039 10
13203 8
14715 4
4277 4
6446 7
176 5
3531 6
5059 5
6116 10
11236 10
12560 7
12647 3
3844 5
10146 10
3081 3
491 3
1875 3
10112 5
11149 9
9315 1
7558 1
10986 9
5196 1
7111 1
15338 3
12894 5
1093 1
3097 3
9588 8
9966 5
13853 8
8787 6
15277 6
596 3
630 9
2160 7
4012 8
11976 9
12818 8
5252 9
1266 9
5502 1
8061 9
2680 6
3061 10
8905 10
9282 10
9803 1
10938 2
4538 4
5827 5
7060 1
9780 8
10189 2
13264 5
1019 6
14645 2
10789 3
1580 2
14391 7
8752 7
8745 4
11029 2
11738 7
9848 10
4627 10
2892 3
1880 2
7109 5
10358 3
2158 8
12910 5
4047 6
5102 6
5467 3
1958 8
8525 2
9180 4
3252 4
3771 8
7550 2
8557 10
9179 4
11261 10
3902 10
7438 5
2655 10
10714 10
16167 8
8603 4
1163 3
7238 8
11793 7
12322 4
13582 10
5069 1
14255 10
1616 7
6995 4
7852 7
12188 9
2327 5
4969 10
13983 1
15544 8
271 4
13334 10
10903 2
10300 2
2278 3
284 5
12285 6
1943 6
136 4
6836 4
7422 7
12022 8
8144 10
11139 5
3663 2
4220 3
14949 2
15217 5
1671 7
3566 1
8319 5
206 3
5604 6
16199 1
7360 4
9706 3
6255 10
14391 9
11345 9
16344 5
13486 9
16152 2
2626 8
7369 9
1026 5
15042 9
3071 7
5333 7
9170 7
11613 2
12710 10
75 8
10139 7
15703 6
1780 7
4133 8
5320 3
11377 2
12561 7
14599 10
13069 8
7174 8
9387 5
746 7
2581 3
3431 1
4652 9
15700 3
4884 1
4000 2
11885 9
8827 4
6453 7
5109 5
15677 7
14971 8
4008 10
4182 7
8874 2
13982 1
15362 10
7696 2
14947 8
16193 6
4272 10
5835 4
9304 8
6453 2
6815 4
11514 5
2754 9
2862 10
3798 4
4828 1
9066 2
12371 6
10319 6
12183 6
7963 10
15852 3
6000 7
7120 10
7448 6
15356 2
4427 3
12268 5
7979 8
12188 9
1223 6
15626 2
945 9
4021 7
8818 1
4749 5
6085 6
6042 1
449 3
6968 5
16352 9
15256 10
765 4
1498 4
4763 3
6004 10
8574 3
11803 7
7095 4
1630 1
16057 3
16211 4
3111 5
2122 3
4547 5
9361 10
20 3
2532 5
8380 2
9560 8
11486 6
8987 6
1021 5
15216 5
1632 9
2345 2
7402 5
6865 10
10701 2
11602 1
13127 4
13858 3
10905 8
10396 7
14182 9
14574 7
4390 8
8151 8
9005 6
6567 2
7606 8
6119 2
10194 3
8013 4
14829 8
1640 7
713 6
7173 1
4921 9
15478 6
10031 3
1556 3
10153 10
4278 3
2656 2
6143 6
7774 7
12480 10
13361 2
9801 4
12080 7
15547 5
15980 10
920 8
4337 6
6344 4
8805 7
13624 6
12670 10
10642 4
6471 4
13596 6
14654 5
13240 1
13725 6
9612 2
12267 2
5882 5
8251 7
1072 9
2477 8
9706 2
14421 5
526 7
9393 3
10372 2
13829 7
10926 2
16109 10
11709 10
11869 5
15578 1
2341 8
2914 4
10651 4
4045 1
1614 1
8480 4
14373 5
2651 9
10436 5
6828 2
6799 8
4645 9
8907 4
10782 4
15413 6
7728 1
13332 2
16252 5
4392 9
9197 10
5869 2
7875 6
8021 9
14907 7
6530 6
7765 4
12630 4
1240 8
7373 4
9931 1
15787 1
574 10
8849 1
9268 9
10534 3
13494 1
8868 6
7426 9
12456 7
5165 7
6993 4
11618 8
7636 8
12457 7
3276 3
3585 7
5638 2
6104 4
11523 3
12067 1
13508 6
7218 10
8068 4
736 4
13614 8
14306 6
6366 2
3219 10
5292 3
1974 8
2392 1
2604 6
9027 7
587 3
4898 9
14437 6
15886 3
10019 3
11650 4
16348 5
16038 2
2057 2
16212 3
9667 4
13730 2
4193 10
11753 9
14358 6
14487 4
16151 1
3527 10
1122 7
6095 2
6177 1
10248 1
13506 2
11516 9
13488 7
815 2
16250 6
14110 1
14370 6
15533 5
16123 2
683 2
1339 5
7798 9
8479 5
12878 3
1480 6
12008 4
2570 5
8160 9
4588 9
5848 3
10465 6
15309 10
6149 10
6358 10
11189 2
16301 2
14251 10
6723 2
8181 2
6074 9
7728 9
4348 2
6201 7
6336 3
13138 3
10859 2
11317 10
402 6
12170 2
785 3
5639 5
6019 9
11458 7
12879 3
13105 6
14179 3
2297 3
1113 8
15780 8
5120 4
6561 1
12039 7
10285 5
9665 3
14200 2
1048 2
4925 10
7034 6
11677 9
13211 4
10217 4
11736 6
13026 2
5552 8
1095 9
6698 9
10000 4
11130 6
11829 8
14405 7
389 4
11540 2
1608 7
15472 9
1300 9
6927 6
8034 4
9812 10
13864 5
14341 3
9556 7
10206 9
15922 8
16108 1
5478 9
7796 5
6925 1
14428 10
3098 10
4101 5
5586 2
6611 5
10797 7
11738 1
12447 4
13743 3
14974 9
4180 5
12750 4
14226 5
3736 10
6341 10
6641 10
12527 10
13415 9
10239 10
201 5
13283 9
14253 6
15441 10
8294 8
3915 10
3550 6
14015 7
3620 9
6033 7
9387 5
14134 4
9031 10
14089 3
8963 9
12133 2
10685 6
10934 7
2360 6
10611 3
3951 10
16369 9
3465 9
10488 7
975 2
10573 5
5356 5
15556 3
572 7
11507 4
12229 2
14299 7
3376 4
10377 7
4784 8
14673 1
2241 4
14322 4
16145 7
1112 4
12247 10
13519 6
13203 7
2857 4
14599 3
8297 6
8775 4
6367 2
15908 2
6021 1
9284 5
5563 3
11549 6
21 2
1955 1
2309 2
7038 8
9967 6
6210 3
7615 4
3842 10
2203 2
4702 7
9889 6
6755 5
18 10
681 10
8912 2
9040 9
2209 6
13816 3
1244 7
12973 7
13201 5
11764 10
9344 3
3856 10
4614 5
9725 2
10538 6
15947 8
13250 2
5783 4
2754 4
11085 8
10856 2
13303 5
2881 5
13812 10
1416 2
3717 6
9018 2
9583 3
10138 6
5890 10
1628 6
8802 1
11346 3
1354 9
9869 2
3268 7
8727 6
9678 4
16225 10
1500 1
7344 9
5804 5
1084 4
9877 6
2848 4
15989 7
2429 1
7374 7
8543 9
11004 10
11245 8
5416 3
1026 9
6845 2
9058 3
13664 8
9624 7
12268 7
6598 4
3493 3
4626 8
5676 8
346 1
7983 3
4312 2
1460 4
6209 8
13523 7
9033 2
5376 8
4684 6
5775 7
6891 6
8127 10
2371 4
14236 8
6564 3
12462 2
9510 10
12234 10
12542 1
15341 3
4519 10
373 4
14826 1
15260 10
2430 2
3052 10
3890 2
6756 5
9701 8
5619 10
1534 6
12439 6
12966 6
2647 8
11250 8
14767 9
15821 10
15903 5
7606 10
8639 6
10954 1
7328 6
3701 5
7032 10
14001 4
5227 3
13903 1
8073 4
5894 1
2453 5
11390 5
14419 5
675 5
6533 10
8401 4
13891 1
12665 8
4738 4
7338 8
962 3
9199 5
5870 10
12386 4
1036 8
4370 2
9683 4
11179 4
13473 2
4724 5
1823 6
25 6
10830 6
2888 9
3553 4
6139 1
7634 1
9082 1
10491 5
10939 7
6091 1
12712 10
652 5
3379 3
3384 4
7344 10
7562 2
9548 1
5565 8
6245 10
13336 5
15458 6
251 3
791 1
2106 8
3456 9
6476 1
8056 3
12759 3
8249 10
2872 2
14503 5
15581 2
1129 5
2698 6
6703 10
9354 6
12147 7
10203 2
1592 7
2340 8
169 1
2568 3
15789 4
12223 5
10861 6
10338 7
6370 3
8493 8
10315 10
10223 1
1236 2
1463 4
6517 3
11740 6
10569 6
15312 6
3286 2
14783 7
16328 2
2211 9
6199 5
10393 8
12255 9
12124 4
14529 7
13442 7
12446 10
14533 7
7803 5
10674 2
12034 9
1991 5
10467 7
14943 4
15040 9
6060 2
3827 5
4078 10
4469 2
3200 2
14416 4
678 4
2508 5
3560 8
12554 1
7370 2
9264 3
346 7
11496 10
3942 9
9565 2
14015 8
4266 8
6647 6
9031 7
10371 8
12222 2
12383 1
13480 4
11282 9
3446 5
2723 6
5972 5
7009 9
12061 6
9634 1
12904 7
453 5
8806 3
13981 4
11843 3
6849 6
16060 3
16267 6
3019 4
3182 6
5114 10
1087 5
8620 10
1828 5
8881 2
9230 6
10552 7
9932 9
4223 10
16252 4
3086 4
6839 4
6489 3
6898 6
8235 5
14894 7
5389 10
13316 2
3644 6
12808 9
3191 3
9754 7
4594 10
11050 10
7184 3
8941 10
15963 5
13587 1
11200 5
7412 6
5275 8
7537 7
14388 2
15162 9
9531 4
15483 8
7591 1
15877 7
10537 8
3091 9
4773 4
4890 9
6745 9
12590 2
13837 3
14565 8
9579 9
547 7
150 10
2970 8
7049 7
7160 5
13728 5
14746 3
5049 4
919 6
15971 8
1993 2
10181 8
6138 10
9238 5
286 8
584 2
13952 7
11671 3
14209 3
13998 8
16230 7
2955 8
6953 4
105 2
1668 2
14310 2
9032 6
7232 1
16187 3
15818 4
7164 5
7701 8
12629 7
5294 8
12445 6
193 6
1661 5
10423 5
4499 7
16337 9
4765 1
15577 2
4664 10
8761 6
12234 5
15306 4
3695 9
13442 1
14935 6
1984 1
5045 8
8625 6
9161 8
10944 5
10990 4
12108 8
14705 8
14676 6
1332 1
14713 3
2147 2
5862 7
1818 4
11809 3
7883 2
1907 6
16270 7
2906 4
12954 1
2740 5
1108 3
13725 3
959 5
3720 5
5377 6
6694 3
13241 5
10230 5
4001 3
11905 10
3873 10
14307 1
15869 2
8711 2
13021 5
13599 5
6733 7
12918 4
784 1
2942 9
3876 9
9220 4
11926 7
12060 6
16193 7
15414 2
13523 10
8300 4
8359 5
11557 8
9478 2
240 1
9132 3
494 5
3740 8
7645 4
4258 1
12915 7
14454 3
7242 8
7414 6
11907 9
8579 4
2053 10
1872 6
9811 9
14756 7
16011 1
3234 3
8473 4
10909 1
976 7
3626 5
14818 5
1777 7
6457 5
13499 10
9186 9
12934 2
10215 5
5189 4
6373 7
10328 7
2016 4
3770 7
15560 8
169 4
5276 7
10121 5
11228 6
10529 10
3774 2
10805 6
15287 7
585 9
1259 7
3327 2
8380 5
9043 9
9330 8
9714 8
11206 6
3290 5
12349 8
8904 8
16273 10
2831 6
3856 2
13028 8
6921 4
1848 9
15054 3
5885 10
10627 1
4911 3
6353 3
8158 2
14835 8
2998 3
9914 8
15323 4
12938 10
14057 4
15661 9
8844 8
12893 3
5567 10
3518 10
10778 5
1634 2
2621 6
11103 3
12162 10
10706 6
14687 9
14151 5
5890 4
9404 2
1082 6
2774 6
3143 3
14492 2
15675 2
3070 3
4742 5
6799 6
8211 9
11454 2
13388 3
434 1
7858 9
2508 7
1019 6
2372 5
8339 7
12729 9
6572 9
5433 10
1876 1
5942 4
6249 2
14554 8
2332 10
7778 6
7383 3
729 8
5812 6
9805 10
8344 4
7221 6
16098 2
6552 9
9113 5
11107 1
15857 5
2649 5
3301 9
9398 7
4949 8
1458 7
9119 4
768 5
1521 5
1793 2
9192 8
3261 9
15596 10
554 3
7101 6
7614 5
9717 10
14436 3
5031 2
1851 3
6378 9
13316 4
13803 6
2773 9
13438 6
12188 4
11269 7
11113 2
12596 9
1955 2
13110 7
5595 2
13493 1
13661 2
14457 2
15774 8
2274 3
6486 2
7355 5
15214 4
9764 1
7640 3
7013 10
8610 7
12802 1
12982 7
6779 2
10738 2
15896 8
6155 2
7167 4
9310 5
11218 5
766 5
1471 5
9050 5
12751 4
1704 8
9692 8
1484 10
3983 7
9441 9
9940 8
12637 8
4869 9
14037 4
502 10
3708 2
11616 8
14816 9
4303 3
11742 5
3513 1
11670 8
7155 4
13058 3
14761 10
15081 10
15465 2
711 7
3939 1
12578 9
6077 7
12634 10
15794 1
6529 2
7519 8
12826 8
12723 10
13037 2
2057 1
11347 10
15011 3
4818 5
16361 2
8029 7
15060 10
15722 3
15966 3
3153 8
5130 6
7544 4
4200 8
4963 3
11346 10
9308 5
14718 10
216 8
3254 3
3921 4
5730 5
11542 8
12389 3
9729 1
8819 3
6932 8
6952 5
9262 6
10780 5
7313 2
5797 2
14704 7
10506 6
10140 1
6815 2
12472 5
1823 7
2276 7
3121 4
10182 9
15927 1
12380 9
8931 1
14105 8
3211 2
10589 4
6994 1
15789 1
1965 1
4986 9
7735 6
9737 7
3472 4
1807 2
15896 6
1788 8
7192 1
15774 9
14660 5
2185 8
2226 8
4360 4
1592 10
15967 7
12927 9
1515 7
11284 10
5877 1
15226 2
8193 6
11430 4
12496 9
9614 4
12863 3
3419 8
5504 7
9561 10
3426 5
4776 3
1690 1
11386 1
12067 5
5060 4
1137 6
16116 5
1454 3
2463 2
2481 3
6519 4
6141 9
10466 3
12593 8
13661 7
14245 2
749 3
5219 6
13826 10
5939 5
9169 2
9316 4
9892 9
12287 4
10226 3
15782 1
1298 9
2323 8
12164 5
1695 8
2009 4
3760 1
10616 6
4303 5
10814 3
960 10
3112 8
7949 3
8752 10
14482 9
6894 5
659 3
7465 8
9215 9
13496 9
14087 5
12196 8
293 6
4228 3
5512 5
13168 8
5793 3
10142 6
5953 2
15784 2
327 5
2944 6
2285 4
9674 9
1451 1
2155 5
14084 5
13013 6
15516 3
16213 7
3730 9
141 7
11571 6
5894 6
13495 8
13953 3
14619 1
15434 10
15558 10
8136 4
16137 5
12433 8
3197 6
3770 3
11245 4
2247 4
8308 8
12832 3
15442 7
14529 2
14920 5
283 5
1453 6
1849 7
9139 6
9868 9
14606 4
6462 1
8633 8
1642 6
12969 8
5950 8
10118 1
1398 2
8496 4
9591 6
16373 4
14130 7
10999 10
4998 9
6480 10
8519 6
12613 7
8029 2
15024 4
14821 10
14984 10
10116 10
1018 1
10011 1
9450 5
2156 6
2790 6
5611 4
7648 6
10492 7
319 9
593 1
1260 6
2194 3
11455 6
2881 5
12215 4
4911 9
8615 2
10967 6
2665 10
5075 4
11000 4
6352 3
1253 1
1507 8
2088 4
15317 4
15842 10
4689 3
8845 4
15030 10
3712 4
14134 2
15124 9
3532 5
5982 9
9508 9
1848 1
3245 7
1251 1
7538 2
4566 2
9298 10
10869 3
2833 9
5922 10
10956 9
14067 8
11285 8
14609 7
10459 9
112 4
5669 3
262 8
3890 8
5544 8
10966 3
4470 5
6454 2
11002 7
14318 9
10812 10
8710 6
10856 9
6195 3
1968 8
2799 6
4118 6
10806 7
751 2
7780 7
2419 5
13938 1
2722 10
7278 3
15091 3
1679 5
7391 9
8811 6
10774 9
11469 4
8579 3
12820 6
7570 6
11374 4
514 1
3715 3
10700 10
10848 7
835 6
9744 5
575 10
729 10
3643 6
10012 9
11945 8
12134 9
13798 4
1898 3
11488 3
4948 6
6274 7
16140 6
6818 8
2768 5
3793 2
3821 3
5994 7
8025 2
10694 2
5337 3
4895 2
3552 7
7492 7
8887 10
13025 3
7601 4
4752 7
10169 10
13427 7
10663 7
4875 1
3989 4
10887 10
13819 6
10900 2
1616 6
4961 4
3913 10
6917 5
7492 3
13104 6
5877 10
776 9
7462 6
8580 5
14647 5
328 7
14264 1
8494 10
14557 8
5961 6
15220 2
1956 2
11737 7
12511 1
6019 6
12590 7
531 8
4078 9
11428 3
7762 1
3023 10
3877 4
16030 3
13806 3
15824 3
595 8
13490 7
2209 10
12815 8
16152 6
3976 7
15719 7
64 3
767 7
1062 8
13236 4
10283 4
406 10
1217 7
1475 4
12825 10
14294 9
3185 8
8663 7
8422 5
11182 1
13723 9
8812 8
2902 9
19 4
15414 2
2259 1
2916 8
6296 9
6463 4
9648 7
8398 2
1838 3
4303 6
9199 8
9828 8
11092 3
12852 1
7846 7
8848 5
4675 3
11533 7
14869 10
8764 1
11337 9
14094 7
15319 8
488 9
902 9
4777 7
5149 7
15336 10
771 10
3754 9
7359 2
10063 5
8797 1
922 6
9157 2
9280 7
13501 3
12788 5
12479 9
8455 6
15250 4
4132 10
13953 4
14876 3
14102 2
3537 2
12164 2
14677 4
16142 7
10967 10
11648 5
4836 7
2503 8
15266 9
6522 2
7530 5
8927 8
11281 10
11089 4
13638 10
8962 7
10216 9
13707 2
2578 10
2109 6
2067 6
5469 8
1458 4
2668 5
1458 9
639 1
4299 3
15479 6
721 10
5475 6
5503 5
8655 8
9166 1
8368 10
11768 4
11584 10
1952 2
4297 5
6182 10
3289 6
9401 10
5065 8
2965 7
7347 5
7427 10
10370 9
770 9
8318 2
926 2
2274 1
3212 2
7494 1
6509 3
5122 1
10590 8
5193 2
183 1
11236 7
15519 1
5066 3
15634 1
6845 1
12076 3
8632 7
10087 10
7470 5
746 5
9420 5
3059 8
6687 7
15893 3
6567 2
6972 1
15850 5
6394 8
4364 1
8188 6
7755 3
14602 1
993 5
12687 2
7020 1
13826 8
5021 3
15450 1
1416 8
6601 7
3245 9
6927 7
15941 10
3990 5
4512 4
10025 8
11053 9
3903 7
6957 1
8703 2
6579 2
6866 5
13795 7
14039 5
10626 3
10884 2
7092 1
3289 10
5382 8
7129 10
7033 1
4798 7
15410 10
335 7
13520 5
9304 8
3152 5
15985 1
4389 9
8270 6
9944 5
3211 2
8474 2
394 2
13593 2
16057 7
2786 2
1766 2
7837 6
8540 10
11944 10
12075 9
5299 1
15401 6
15977 9
11951 9
1662 8
5371 9
10330 8
11350 10
11998 6
12494 10
5231 2
1546 9
3815 5
7894 9
8856 8
5549 7
1940 8
1308 9
7955 6
12182 2
6755 10
294 5
2237 10
4601 6
6708 3
10672 9
9561 4
9174 10
11821 6
3212 4
5627 4
10782 9
11437 8
12596 4
554 4
2035 6
1120 3
14888 3
4168 8
3277 9
15824 2
6496 6
3735 1
3857 5
4671 8
15478 4
11444 1
12897 1
5501 6
9906 3
7251 10
2952 9
5053 6
13368 2
9315 6
5523 9
7881 6
1231 5
14284 6
5087 6
9993 4
15473 7
8973 3
1183 2
12372 10
14884 7
3511 1
5604 3
14317 8
5803 5
13262 6
9812 3
12625 3
10075 1
13752 8
9561 1
15047 3
4045 6
4069 5
10745 6
11475 8
6886 1
7540 6
15905 5
5834 5
8478 5
8750 7
12817 10
14396 10
15733 4
3824 5
7132 9
11624 9
13065 9
2915 9
653 1
5656 8
14814 4
14891 2
2551 5
8701 4
11844 2
1885 1
4755 3
10507 1
14190 5
152 10
3437 3
3868 6
9629 6
5933 7
7683 7
12760 6
2162 2
5964 6
8238 4
14341 7
420 10
5565 8
5893 4
11230 6
585 8
15094 9
3096 9
14830 3
14849 8
786 5
5451 10
15671 1
398 1
316 4
11578 7
5852 1
10289 8
6607 4
13944 3
13241 2
6168 3
6057 6
6068 7
11206 1
9366 3
9622 4
2782 3
3827 10
12875 3
12072 3
106 2
8523 5
13915 9
8560 3
9639 9
9734 5
15238 2
5469 1
11840 10
6951 2
14235 2
14855 1
373 4
7448 5
12290 1
12309 4
2474 8
499 2
1854 9
6525 1
11319 9
2364 1
15189 8
15761 9
1538 5
8402 9
16155 4
14752 6
4380 2
9606 5
15537 9
4431 6
10986 7
13831 7
13841 10
7511 4
4938 7
12024 3
4858 9
2799 3
3994 1
5443 7
5800 2
12217 8
1526 5
5011 10
7290 2
11961 3
12068 3
12155 6
7656 6
3228 2
2632 3
3700 2
5476 5
6986 6
8599 9
9270 8
14173 5
6188 1
1864 10
2365 6
8642 5
15915 10
5823 4
13225 4
8962 10
6136 4
11057 1
15649 3
3317 8
5861 5
11942 1
8314 4
11323 9
6828 2
11410 6
10059 5
13464 6
7681 4
5796 2
10190 6
12234 3
349 7
5030 4
2133 9
5441 2
7266 7
9330 5
10359 2
10528 2
15955 10
15893 1
10449 7
16087 9
4485 8
4863 7
6017 2
7295 1
9217 8
14318 8
7545 4
6230 6
2508 7
10237 9
7058 3
1845 8
15350 1
11382 10
560 1
9412 3
2069 4
8381 9
5433 9
9786 7
12756 1
5797 4
9313 9
14415 6
2780 5
12140 6
13945 2
16072 9
5355 10
5483 4
11243 7
12691 8
15644 4
2444 8
3295 4
7338 2
2474 10
7298 1
4350 5
13267 5
6041 2
3693 3
4771 2
4828 2
1549 5
11580 1
852 2
3583 9
10290 7
3250 7
14578 10
11531 3
11957 5
7207 1
12260 4
15001 2
9001 2
17 1
2288 7
6288 10
4982 5
12763 1
6852 5
11289 8
14226 4
3511 4
5727 5
11148 8
13357 2
15253 7
11847 2
1365 2
11236 5
15328 7
15865 5
4083 8
6029 3
3217 5
9809 4
14604 9
1027 7
6348 2
14015 3
12836 7
2039 5
2466 8
9385 8
1747 9
3793 3
4354 7
15463 1
15304 9
3703 9
4897 1
11677 1
8946 2
8521 9
1531 10
641 10
8407 9
11773 4
12980 5
9312 10
10546 5
6800 3
3738 2
2579 8
5375 1
11210 6
4291 7
1012 4
2203 3
4387 8
5381 7
6147 6
12847 6
15720 7
6500 6
14798 8
12913 8
16381 9
7615 7
6295 5
6875 8
8395 6
9560 7
9839 5
13725 8
7517 1
15261 10
2870 8
4141 2
4683 3
7516 10
6573 9
15279 1
5778 5
5900 7
6205 6
6896 2
1790 9
3886 4
14670 6
2753 9
2966 1
4684 2
11114 4
1720 7
5653 4
3568 4
5250 9
15110 10
455 3
1924 8
3769 8
10063 10
7212 1
12874 8
8686 3
8781 2
4933 1
8938 2
7773 6
3993 9
14423 8
15380 5
4185 4
5377 9
7791 2
11889 4
4964 5
5609 5
13701 3
15937 9
2824 5
5603 6
6508 2
14492 10
2026 1
1243 4
15659 6
6837 8
10058 9
12006 4
2926 4
11314 9
15951 6
14318 8
742 2
3309 2
8174 5
9429 8
11395 6
11793 8
12519 2
10233 7
985 10
5112 9
1799 1
2239 8
3775 4
5965 6
10435 8
13950 5
14206 4
3613 8
6646 7
6737 4
7423 4
8099 2
15626 9
7169 4
3285 4
13648 1
4393 6
929 3
5294 1
1914 6
3659 6
10084 3
8883 8
3876 9
590 9
1032 6
6449 5
10939 6
2136 6
355 2
3575 5
8305 5
4124 7
4769 3
5267 4
6321 9
14804 9
9432 6
2092 9
3386 6
7357 8
7960 10
8935 5
11729 2
5023 4
9632 5
1466 9
3195 1
14938 1
6514 7
8339 6
5892 10
7655 9
12758 9
15328 10
15193 5
15222 2
15774 9
6049 9
9122 4
14183 2
13427 10
290 9
6658 9
12783 10
13977 8
2222 5
10540 1
14651 9
2409 4
4678 2
12869 4
4153 2
7343 9
13845 9
3174 8
4809 3
4901 7
5537 8
5695 8
10792 6
9513 2
1171 1
5555 2
7435 1
11550 1
11319 5
15760 10
7970 5
3331 6
1195 3
7422 9
12142 10
15856 10
16266 8
11340 4
16370 1
3294 7
3249 6
7065 7
4657 6
7736 8
6518 4
5636 4
14279 7
11412 7
960 9
14471 6
1109 9
925 1
1223 5
2582 2
6148 7
9886 5
13313 10
7875 9
4644 3
16125 10
16258 6
8337 5
14077 2
5997 9
7523 3
6629 10
9507 6
10703 3
12152 8
7051 5
10910 5
2449 10
15322 7
5993 8
10629 10
12895 5
13066 1
14257 1
15050 4
8545 6
6276 1
9878 1
3895 2
15934 7
9764 8
14538 3
10016 4
6874 9
8323 10
4344 10
8996 8
13624 4
16370 9
14782 4
772 2
11528 3
12073 4
13554 8
13941 10
3074 1
11773 7
11253 2
12273 1
7100 2
3082 7
15414 9
982 3
6906 6
15156 4
13700 7
4967 1
13951 6
8082 7
9419 7
12821 5
12905 5
8885 8
9942 9
11274 1
13618 2
13890 10
15123 5
7951 7
322 2
9951 3
2114 7
7877 7
8023 5
1156 6
10931 9
15713 7
29 8
1719 5
3767 9
7175 7
14247 1
15643 10
6183 2
15437 5
15797 3
1472 7
7526 4
12360 9
5560 1
2148 4
16297 4
2252 7
2457 6
1863 7
10461 4
16047 4
9049 9
10120 1
2277 5
584 5
14409 10
15637 2
447 9
2225 7
3820 1
6301 9
6773 4
12740 1
5008 4
5129 8
4195 6
4037 9
6695 10
6002 4
4623 2
1078 7
11130 6
12452 3
13097 8
15314 8
11970 10
15380 3
14986 2
5915 9
12914 5
14120 1
3255 5
11643 3
12965 3
7434 6
15949 3
2637 1
6855 6
12572 2
2605 7
3983 7
14802 9
15578 4
341 10
1399 10
1468 10
4711 3
6728 2
10306 10
15198 7
11280 4
1145 7
10635 6
572 4
15094 3
11598 2
7306 3
7024 2
12688 5
338 7
2612 10
12688 1
10917 9
5456 1
13546 6
7646 10
1718 7
5216 3
12217 6
13619 10
14335 8
507 10
3072 5
1885 3
11782 5
2997 8
11332 8
12300 8
2263 4
15188 5
5809 8
12294 6
12857 9
4729 8
8569 3
10608 1
11055 5
2140 3
9458 8
11678 1
15641 7
15658 7
8255 4
11027 7
11684 5
10612 1
6911 5
6508 8
14961 4
1959 2
7529 6
8506 7
9697 5
10611 8
13470 7
6239 7
6683 6
4520 8
7873 5
15907 5
3457 7
4044 1
10023 4
10917 6
10584 6
2039 2
8906 9
1950 2
12808 1
7768 9
16153 5
2188 7
3647 4
8568 3
10554 5
12774 8
14242 7
13617 9
16240 9
6696 5
15726 4
3505 8
10698 9
440 8
4540 3
15056 1
6654 5
8745 9
5703 10
2537 1
11884 8
12502 4
8574 5
12737 10
326 4
14958 4
9305 2
10887 10
15103 1
4367 4
647 3
1190 1
15302 10
11118 9
14166 6
4426 8
4674 6
8660 2
9558 4
11768 2
13037 10
12650 4
15838 9
12272 10
7495 2
1108 7
1237 1
1324 9
1973 6
5699 3
8774 10
11262 8
13058 2
3450 6
4328 2
11552 10
14325 7
15327 9
803 2
3302 9
8228 9
6813 6
5653 8
6080 6
15766 9
1749 8
3345 3
5961 5
11596 8
4171 7
3464 4
16310 3
11811 8
3289 9
13179 7
14707 6
15462 4
710 8
1439 3
1454 3
12471 5
4998 7
156 6
13331 1
10605 2
11314 3
7736 9
12020 9
11829 5
2478 7
11969 7
194 7
7669 6
16309 8
7061 1
13629 7
13660 3
14126 9
2057 4
10281 9
5590 8
9971 5
3984 3
4341 7
4412 8
9089 7
11347 9
11409 1
9820 5
16322 6
1103 3
3894 4
5583 10
9837 7
9855 3
5608 3
3922 2
5892 1
3648 9
10328 1
13294 2
4285 4
9117 1
15684 1
2636 2
4188 10
13500 9
14622 6
6927 1
653 10
9677 1
13957 7
5599 8
4501 4
982 9
1889 8
2467 3
7641 6
9597 3
15072 8
15954 3
4366 6
5298 2
2312 7
2555 1
3763 4
8991 3
9193 9
5777 2
1404 9
603 1
14867 3
1825 7
3515 10
2992 2
2717 7
5446 3
6206 5
9403 7
4779 2
4498 4
13218 8
786 1
9233 5
16141 8
3050 9
6743 9
1655 6
6277 8
14378 5
4541 1
5284 2
12033 4
13933 6
9270 10
1964 8
8103 6
9141 1
10699 2
14024 1
5831 5
9555 9
10833 4
9812 8
5114 4
1022 10
7579 10
7952 5
8880 1
11826 9
2828 10
10987 9
3358 8
8554 1
810 10
14016 2
3883 4
6631 10
6645 5
12178 1
9180 8
11197 10
15509 1
13272 1
1731 7
3436 2
13854 7
14514 7
9666 9
13559 1
7878 4
1716 6
4028 10
12363 7
14980 5
821 4
8193 5
9081 4
14846 6
4305 3
9207 6
2538 1
12119 4
743 5
1058 9
10008 9
10860 4
929 9
1992 3
4642 7
6520 1
9392 6
11641 7
6897 9
14168 8
3308 7
3731 10
761 7
3100 10
5275 8
14196 8
14107 9
14224 8
7619 9
14795 10
15632 10
6832 9
13235 5
13806 2
11894 8
3739 5
3313 8
15732 1
969 7
15079 5
5764 6
15671 10
6782 5
9333 8
9455 2
16348 8
1219 5
5413 6
9513 10
7820 6
14461 7
7787 4
13958 4
7825 3
9125 7
13087 7
12718 2
8427 4
1526 8
5323 6
7514 3
10161 9
3847 8
4928 9
9720 7
7735 2
14287 7
10704 5
2763 6
3531 9
13189 6
127 3
13091 6
15087 3
2419 7
4360 10
7200 10
9308 7
10441 6
7475 4
2574 3
3581 10
1391 10
2486 9
5545 8
6173 5
8421 8
10729 1
2244 7
7856 7
11716 1
11874 6
509 9
5000 1
15697 6
8706 10
9411 1
10057 9
4787 5
5843 4
5081 2
11399 4
11765 6
13284 1
3635 2
14565 2
5727 7
4794 2
7790 7
6635 8
1873 6
2393 5
15599 2
7922 7
1364 8
14787 1
470 4
6705 2
15105 3
5806 1
8398 9
10220 6
14270 8
5430 5
8498 8
12785 9
2151 10
15213 2
3073 10
7642 9
8889 1
9866 4
11900 2
6984 10
10182 2
2463 5
7761 3
15805 3
3625 10
4565 7
7247 1
8106 8
13481 7
3815 10
11184 3
14809 10
1214 10
5268 10
5850 5
12945 6
10369 3
2467 2
597 2
11714 6
13948 3
7723 2
14175 7
4556 10
7827 6
4721 9
10656 10
3919 8
16131 5
212 1
936 10
15682 1
11553 9
2443 10
1030 1
6123 5
13385 8
15204 4
15537 8
10086 1
10449 2
14477 7
7807 3
564 4
9210 5
10522 3
461 7
13167 4
2808 8
7983 2
9653 10
2578 10
4203 6
1200 2
2933 3
11424 2
6091 4
9072 9
5720 3
16278 8
15232 9
147 7
7858 3
9028 10
5537 5
5338 3
9554 5
4831 6
9565 1
2840 10
7209 9
12076 5
10955 1
16120 8
9417 2
11968 6
8584 5
9165 10
12856 10
2574 9
15600 8
16190 6
4764 5
5800 3
13533 2
10544 5
10494 1
16175 9
5422 8
6626 4
7889 8
8553 3
4679 6
10357 4
14655 6
16373 7
8437 8
14648 5
7538 1
4991 3
6226 9
10851 8
11100 3
13552 7
12157 1
10021 1
2461 10
6610 4
11564 3
3536 8
949 7
3017 2
1430 10
15250 6
4897 1
11821 2
784 10
2614 6
15321 1
13936 6
15999 10
489 5
5999 5
9627 3
5713 2
10264 6
11788 4
11222 5
1230 1
12237 2
15203 6
7876 1
291 10
7127 8
37 2
12044 4
2202 3
5213 1
6989 1
15488 8
11903 1
4680 7
5384 1
10459 1
10092 3
15039 7
3185 10
4329 10
15738 2
3846 7
8379 1
9642 5
6342 1
10932 2
6803 5
4027 1
2060 5
3428 1
7312 10
11346 4
13825 8
12045 5
15139 2
15713 2
3902 2
6498 6
10769 5
4650 2
7877 7
13622 3
4227 8
3922 10
14749 10
14977 5
2136 8
3935 3
5102 10
10769 2
11460 5
2467 10
10073 5
14380 6
2571 4
4919 8
13938 6
11315 6
6943 2
13775 8
9881 8
5665 9
850 7
5610 5
6867 5
10994 9
11000 5
8340 10
12532 2
3741 4
1587 1
6604 9
6231 3
3044 4
2273 1
13925 5
5463 1
7978 9
3195 10
5333 1
9915 9
10836 1
10268 5
1911 4
10682 6
5159 1
4144 3
15824 5
2497 2
2068 1
2446 6
13817 9
12390 3
5289 8
16049 2
1778 10
10460 10
2732 9
14305 5
9677 1
14579 5
1325 2
2762 9
8818 9
12750 6
8808 8
8465 7
11726 9
554 1
2241 10
4958 4
12846 5
11674 2
14369 6
1947 1
5240 1
6857 3
13161 1
2120 8
3708 4
3841 8
1098 9
2407 8
4824 9
5653 8
10585 9
8571 2
544 3
13694 4
1677 3
13454 2
9876 4
10237 10
15710 3
2095 1
2548 6
7043 9
5805 6
12744 5
11789 2
3654 6
4941 10
1635 4
6922 9
16074 6
2364 5
5248 2
8093 8
10170 10
8795 9
5108 3
15648 7
2264 8
5223 1
12073 8
185 10
8749 5
11265 6
13515 9
14010 2
11394 1
7029 6
16080 2
534 4
6283 6
10299 10
10992 5
6282 8
2912 3
8629 6
13005 3
2204 9
2718 7
8488 4
10295 10
11438 9
343 3
13492 2
11330 1
11748 7
13602 3
13884 7
13897 9
2276 6
11219 7
6297 6
9648 9
2528 9
3758 1
9230 2
9907 3
10294 6
11387 1
12716 2
13382 3
4523 2
15898 4
10636 2
12430 6
508 5
4766 2
9270 6
6308 9
6977 3
7851 4
12722 9
9954 7
8626 4
15324 8
15997 4
994 7
3459 2
6119 2
16346 5
4397 8
4601 10
14171 10
7914 4
3550 10
14773 3
16238 5
2265 1
3616 3
6738 1
7849 10
11643 3
12154 7
7638 4
4691 10
1527 6
3037 5
14839 8
7762 7
8996 4
12551 6
5380 9
8124 7
9327 7
4379 7
2852 1
3541 5
5471 6
4609 7
4211 5
9105 7
1860 2
630 9
3860 6
4720 2
6820 3
9349 4
9459 6
13040 3
12375 2
5170 6
8830 2
14853 2
15102 3
15733 8
2043 6
13756 8
8031 6
11709 1
914 10
7222 3
9392 9
13859 3
16328 2
426 3
1773 5
5163 10
10181 9
12703 7
1197 4
4035 1
16253 8
30 7
3285 7
6093 3
10079 6
6559 8
13947 7
6911 4
8116 6
639 3
11726 9
1999 2
2762 7
17 1
14915 7
3832 3
14656 3
4552 6
4815 10
119 8
11487 2
12583 5
14757 2
9872 5
16025 10
61 7
8523 9
9367 7
13718 2
122 6
14260 10
5701 5
6354 9
9334 7
7657 10
1993 9
14859 4
3141 7
10751 6
11250 2
13310 4
15293 5
3361 6
9712 4
9352 1
11079 4
15985 5
3799 8
9903 2
15752 6
1884 6
15342 1
14439 2
2495 7
9708 1
9384 4
5321 4
15405 10
5227 5
9813 8
12208 6
8712 9
14199 6
13032 10
13996 4
6706 4
13579 5
1411 7
8289 10
6043 6
4759 1
5296 6
4155 6
6234 5
13252 6
16 6
4518 6
11402 2
11832 10
13982 5
14448 9
9029 5
14714 8
8245 9
9611 9
12348 2
5887 4
2154 3
3070 4
14885 7
6850 4
9388 1
12765 9
15431 1
11944 9
13923 5
9635 4
5219 2
11469 10
5493 7
958 2
4431 1
11546 5
14221 8
12292 4
6013 3
7337 8
13846 2
9027 9
673 1
2892 5
4766 10
9118 8
10109 7
12144 9
14672 8
13387 1
15626 5
5933 10
11298 10
12152 9
12891 3
13728 8
2819 7
6133 7
6085 3
4500 3
1051 8
5030 2
13693 9
15962 6
10252 7
5632 6
16032 10
15391 1
12436 7
13949 10
5797 9
9261 10
6253 1
3202 2
11666 3
15298 8
2875 8
3462 3
7883 8
3462 10
11477 1
14602 2
744 9
4908 1
9051 3
10046 2
11734 2
12057 1
6860 10
12474 7
4868 1
9201 1
11894 7
12364 5
12928 8
8369 1
6158 3
14622 1
61 4
11247 1
13684 3
11436 8
12933 6
1348 3
11806 4
15539 2
12256 8
15200 7
15866 7
7556 8
1578 5
2390 3
6424 10
6740 1
14600 5
16046 5
5313 3
3415 3
2054 10
4379 7
10505 4
14049 3
11448 5
15552 4
2049 2
6608 4
7832 2
10230 1
9610 1
13934 6
15566 3
13190 5
339 7
4268 5
6219 4
3323 5
8174 10
15365 8
2486 6
15463 8
3651 7
5857 4
8347 7
8892 9
12334 7
7082 10
11595 7
14413 2
15907 7
11638 3
4142 4
10501 9
783 3
3788 5
7123 7
3766 10
483 3
578 9
11236 10
11278 2
704 8
5104 2
3563 4
10783 4
1261 3
10856 6
15087 9
8573 6
9645 1
15690 3
2229 6
3495 10
11816 7
5868 6
6846 5
8313 8
5673 6
11183 3
1898 10
2263 5
12930 5
8509 1
5673 3
8230 3
13134 1
14928 10
6116 3
6729 7
16378 8
1851 3
3301 2
3506 2
998 2
4600 7
12098 3
13408 3
14419 9
2053 1
14477 4
1832 7
14796 9
16197 2
11077 9
16046 7
15665 3
387 3
9502 5
10020 10
11836 10
11892 3
5297 9
2110 2
2677 5
5224 6
5665 7
10609 1
11057 4
11559 4
5548 7
11616 9
3538 2
13086 8
15894 9
17 2
1839 6
4092 7
4625 4
8514 10
4418 3
4114 8
16029 2
9063 9
11615 4
12421 8
13381 7
13641 9
6340 8
5622 8
14028 3
10270 10
4094 5
8007 6
9376 3
10057 6
3924 5
10051 2
11953 5
16178 7
7549 1
10480 8
9497 2
639 6
14052 2
7242 8
5059 8
7608 1
10235 8
11551 7
2023 10
8041 1
7558 5
9451 2
13352 1
1443 10
13757 9
14999 2
4016 7
4424 2
7057 3
8069 10
15913 1
7845 10
9308 4
10437 9
2272 3
7881 3
10485 3
13138 3
13534 7
14322 7
9934 6
4791 1
7868 10
5864 5
10045 5
10131 2
12533 5
14894 8
5651 10
4204 6
6270 10
11621 4
10193 5
5102 1
7561 3
15104 10
15958 3
2844 9
11426 7
3007 6
8883 2
13162 4
15713 8
5082 5
2071 1
654 7
6928 8
14880 7
6573 6
10934 3
5612 9
1167 3
2402 10
14525 7
3230 1
8083 10
696 8
11323 7
9281 10
6830 10
12151 4
6126 10
8879 2
4849 5
15102 4
5303 4
6180 6
7231 3
9932 3
13730 10
893 1
9494 10
462 8
3369 7
6672 10
7526 5
11660 8
14243 6
6046 5
13159 10
16007 4
12617 7
15511 1
11046 10
13500 2
10424 9
13084 8
391 7
4156 2
9544 2
2375 8
5048 3
12120 10
799 7
2588 3
6140 9
8836 1
14586 3
5381 2
1410 8
6957 10
15714 4
4254 2
5100 4
7020 3
12562 10
7729 9
2686 7
788 3
10053 8
9069 7
15607 9
13339 5
13725 8
14345 7
14448 4
9138 1
226 9
14795 10
8754 8
11901 4
14525 3
14966 8
11403 9
6158 10
13288 10
5863 6
12174 9
10997 8
1670 9
8287 9
4396 6
2352 10
16285 2
10181 3
2958 5
12496 10
14083 9
9051 5
7644 2
8639 3
1701 9
6252 6
3908 1
9453 10
2763 8
9041 8
4880 8
1945 9
3452 7
15203 4
13399 7
3270 1
11421 5
3663 6
2404 5
2504 3
5332 7
1773 4
5568 1
15518 7
5478 6
12079 10
8659 4
16003 3
9082 5
13936 4
8255 10
6164 2
8499 6
7165 7
15362 7
217 8
13580 9
10521 1
13147 1
13369 5
10941 5
12564 2
1228 9
13509 5
14697 8
1934 2
10637 9
11407 10
4309 10
13506 2
218 2
6033 1
14041 2
14223 10
13001 8
514 10
10328 7
14671 6
7642 3
1507 4
11390 4
331 10
13113 5
5323 3
6555 1
8394 1
12836 5
13227 7
7705 3
9451 7
16368 2
4313 2
7789 10
9621 10
10020 9
15635 6
60 6
8830 8
9033 6
12767 5
12862 4
13293 7
6794 8
9634 3
10773 10
6116 7
10486 6
12001 9
8010 1
15078 6
1422 5
7185 8
7404 7
9639 4
10202 3
6338 4
1367 4
15360 4
1363 10
5020 7
15945 3
10399 5
7525 7
14565 6
14844 7
15095 1
1390 8
15676 4
2188 5
14556 2
15013 4
5115 1
7608 8
11019 8
5314 9
2209 6
7458 9
271 2
13988 5
675 3
7439 8
9585 6
13696 1
13039 3
10111 3
5096 3
5923 6
6514 5
7043 2
7328 6
4128 10
5097 1
1118 9
8495 2
12552 9
13742 3
6851 6
11099 8
1953 3
4331 3
8880 4
3274 8
3353 4
979 2
5233 6
6796 10
12682 2
13354 2
14747 1
1158 8
4052 7
255 6
10135 8
12256 10
16278 5
6465 2
12475 4
13834 5
14952 4
105 3
1464 1
10690 2
15579 7
4464 1
5043 7
6867 3
7593 10
8331 1
10431 2
16072 1
15903 8
15080 5
387 10
6903 6
13212 7
3885 3
12233 2
5711 10
10547 4
2260 4
10127 10
12373 3
13715 2
13841 10
11759 2
13505 7
14312 7
10398 4
2603 10
1658 4
1854 3
5430 8
10610 4
12542 8
1527 2
2555 10
9957 1
172 7
4614 8
5044 6
7752 3
10688 7
12581 10
16063 4
5124 2
994 1
2334 2
6197 10
12683 2
10711 9
5791 9
15603 5
16104 4
4757 9
3364 10
3470 1
1561 3
399 1
5546 7
6863 10
7408 5
10853 2
13291 2
15923 2
8146 2
13558 2
7809 9
8310 6
12198 7
5155 7
9742 5
2687 4
11231 6
4912 10
10189 9
10692 8
12068 1
2719 5
7514 1
9196 7
12388 2
8721 2
14877 7
4134 5
3769 6
12175 7
469 7
5834 1
10797 4
6409 8
1437 1
3285 10
11190 9
12770 5
5557 8
6137 5
1458 4
1755 4
4014 3
12479 2
14467 7
14478 3
8120 5
6777 8
3540 1
15866 1
6130 10
10861 5
2586 2
7123 5
5728 1
5951 6
12754 9
15326 6
8032 3
8648 4
224 5
9519 8
12386 2
250 1
964 6
5130 9
5183 5
7183 10
7940 6
13993 7
14091 2
10401 9
104 3
7845 6
3528 5
16301 5
8091 4
8138 7
10251 10
11151 7
8582 2
12346 6
15526 9
2001 1
2713 2
6337 7
8491 1
11442 6
7520 3
11530 9
12283 2
15192 1
4054 8
10795 1
8549 8
13332 7
11496 6
11457 8
14962 3
1618 1
1848 10
6784 3
13228 1
13993 7
10819 2
16126 3
2934 1
4422 3
5395 6
7427 4
19 1
8698 2
6762 8
7194 5
11516 8
6980 1
13373 3
1936 2
6101 8
7162 4
16177 8
1042 4
15751 10
3400 1
10728 5
15475 9
9031 8
15181 7
424 10
4875 2
14248 3
10591 5
13203 3
13041 8
11340 2
1304 5
8165 6
10767 1
762 10
2836 7
9022 5
1525 6
1935 7
5338 10
1254 9
374 2
6602 5
4487 1
9948 3
10991 9
4830 3
15976 3
15420 8
5273 7
5715 9
13157 7
9722 6
3308 10
14846 6
15869 2
9 9
9930 9
10441 2
13548 3
3637 8
7740 2
16323 9
1633 2
14563 1
9827 6
11828 10
5199 9
5948 8
15707 3
15925 3
426 9
1031 6
3322 2
13093 2
5864 5
4240 8
3124 3
3952 4
12442 1
9605 7
7667 7
1117 5
4141 10
11045 7
5914 7
14732 3
12757 3
276 2
10720 6
4722 1
578 5
4363 1
6235 9
14879 6
2056 4
13662 3
6586 5
8282 1
2952 2
427 10
815 7
4325 10
6585 3
11285 8
12972 1
15503 10
4079 8
15872 4
12693 9
447 6
841 3
2251 3
3327 5
3942 9
13843 3
9569 6
14638 7
9474 10
10928 8
1599 7
3265 6
12847 4
3132 4
7360 5
86 9
15809 3
6365 5
6775 10
14044 8
16236 3
3769 1
12964 10
11087 6
15338 5
16253 6
2717 6
7953 8
8994 4
13394 5
16296 8
15056 1
9880 8
11299 4
13247 5
13656 1
13826 6
14501 2
10968 5
1631 7
459 4
3650 6
4501 5
6446 1
9319 6
12163 3
14120 8
6640 7
15972 5
11239 5
11686 10
15832 9
11310 5
14843 3
12789 2
1851 2
2538 1
5010 8
5920 5
8784 4
2036 5
6398 9
13418 3
16058 7
16144 9
11328 5
3484 6
5995 7
3839 10
167 3
2903 8
16189 5
14746 2
12058 5
5673 9
9719 7
11906 6
11441 4
4929 6
14877 10
15042 9
7105 6
496 7
14543 1
2548 4
14701 8
1148 1
5828 1
11330 8
10759 10
10164 4
2885 10
12642 9
10347 10
14012 8
14332 2
8047 2
12639 7
14500 6
15824 10
7884 2
9245 10
14910 8
6118 10
1679 10
1941 6
5800 2
7994 2
9434 1
9058 6
3170 2
5661 6
16175 5
8175 9
8763 3
8962 5
9039 9
15795 10
4183 5
11855 10
15567 7
13552 8
7279 1
4537 2
198 6
5863 2
3538 10
1942 6
10284 9
10414 5
6512 8
9188 7
3270 2
4523 2
5803 1
10062 3
12882 6
2160 5
7295 2
10838 8
7484 1
15317 8
16290 4
15944 7
1145 7
10632 7
11173 8
12930 10
13915 7
13713 4
10452 5
5245 2
5469 10
7715 7
603 10
15725 4
1530 9
4391 2
7196 10
9193 5
10631 3
13688 2
15267 6
3317 5
3701 5
11591 5
15438 2
5030 3
4189 2
14204 10
6966 4
4035 6
14852 9
16085 5
16285 5
5404 6
1428 5
12808 5
14378 5
16186 7
9260 5
6836 9
2288 9
12641 2
12746 1
2435 6
12989 10
6788 6
4971 1
2935 6
13026 7
16352 6
9422 2
11491 2
3454 7
6875 8
16066 3
2169 8
2736 8
3712 4
10646 10
12678 1
7427 7
3941 1
1098 7
10766 8
540 10
1117 8
8285 10
8802 7
10487 5
14474 3
4737 4
10738 6
5372 9
15261 6
3236 8
8476 2
2718 3
13335 5
602 1
6388 4
7245 3
13825 6
6189 6
5385 5
11218 7
8881 8
1722 3
4154 7
9436 7
13799 4
4323 5
15618 4
7887 10
5095 9
3106 7
11604 7
9290 10
1849 10
2272 7
3595 8
5357 2
12711 4
3483 4
4146 5
5036 7
15127 6
982 3
11370 6
141 4
11294 2
12169 8
8107 4
15731 7
286 1
2289 10
4479 5
9125 3
8648 5
9741 1
10095 9
3355 7
5868 9
1128 10
3647 3
7630 4
11702 5
10339 6
14665 10
16201 9
8025 9
13379 5
15951 10
8196 4
16140 6
13378 5
8398 6
4040 1
5638 8
2751 6
3988 4
13900 10
13959 3
13332 1
12751 10
1473 3
14632 7
14435 5
4114 2
15317 6
7751 9
15910 7
3714 10
6723 7
9963 4
10874 6
13487 9
3331 9
5843 6
16364 8
14147 1
8842 3
14430 2
5714 4
104 4
15218 5
14747 4
8548 7
14208 9
4255 5
3977 1
11866 8
7042 3
13196 10
13595 5
7206 6
7308 5
15533 4
1258 1
4359 8
4572 10
8950 6
14092 4
2689 1
2805 6
15179 7
73 8
11124 8
10828 2
4925 7
10425 7
2375 5
15711 8
4028 9
264 2
7954 8
12605 5
14105 7
9069 8
9636 10
5888 2
2261 2
5415 6
3610 7
2835 7
7625 2
14887 4
5580 5
13166 7
12790 4
13742 5
177 5
2158 2
3967 8
4323 5
2810 1
3459 1
5169 2
1486 8
10243 10
13178 8
13800 1
3294 10
16032 6
699 6
5202 8
11821 10
13225 3
1343 1
1069 2
6638 6
3475 5
15950 9
7565 4
2413 5
11465 5
6101 5
15886 6
760 1
10552 4
6873 6
16344 6
6890 4
13137 5
13424 3
7400 3
7368 2
1492 6
6326 5
9334 6
9506 6
12896 9
14089 1
14797 3
4766 2
15786 9
413 3
552 10
1539 7
4293 1
9229 4
10503 7
14804 5
16149 5
3404 6
3634 1
4876 1
5871 8
13448 7
8777 3
8651 10
7394 1
2355 2
9778 3
13527 10
14298 6
15606 9
7943 2
14432 1
3314 1
4427 8
2440 1
11693 1
9375 2
1069 2
6036 5
6499 3
13599 5
6613 8
7 4
9495 4
10868 4
11785 10
13268 8
11126 2
8881 7
177 5
2944 8
11450 4
9877 9
8627 2
6252 6
14985 5
15707 4
3474 7
4935 3
7738 7
11039 1
11314 2
12250 5
10961 5
4962 2
11815 2
11506 10
12386 10
13178 1
11608 1
5918 4
4525 2
9398 2
6841 6
4048 1
14846 2
849 5
8744 8
8415 1
15862 8
905 6
11407 6
4071 1
15134 9
6717 3
9094 2
14599 7
5543 5
15029 7
3478 10
9953 1
10976 1
2480 9
15681 6
8706 9
7326 3
2540 10
9036 10
9600 1
10815 4
11539 1
155 3
13355 4
5905 2
11339 2
2928 2
7831 4
14686 5
9494 4
5560 9
15744 1
1249 4
7684 3
11827 8
3674 9
2946 10
3626 1
8974 10
10013 3
14552 7
3479 6
3254 2
2385 2
7001 6
7153 3
2040 5
15258 4
6493 9
15942 1
1197 5
1775 2
7169 9
9689 1
187 7
13564 9
331 9
15591 10
11949 5
5454 3
16129 5
13360 1
5027 8
13580 5
11228 8
14925 2
15961 5
805 9
5476 4
11499 8
13644 9
10758 7
8297 3
1726 1
4435 6
10508 6
11031 2
10658 1
10659 10
14667 5
9280 6
12681 6
13883 2
6166 6
9196 8
10630 9
303 8
506 9
7222 7
10371 9
6813 8
11287 1
3236 5
5124 5
13035 1
13810 9
14119 5
4680 6
8777 5
14354 5
16050 8
6998 5
13326 1
13706 6
5491 2
6471 9
4372 6
5303 1
4020 10
16038 6
106 10
10790 3
4335 6
4136 1
8387 7
13155 10
1503 4
5707 9
5749 10
14236 9
8937 7
14913 10
2661 10
12082 9
6360 4
5971 9
3685 5
4103 4
7472 2
15223 9
12194 9
16314 4
14920 10
270 8
1130 3
12630 1
13921 5
10546 4
6497 3
6883 8
11946 4
12580 4
14353 6
9244 2
3255 10
2087 3
3877 1
8727 10
8960 8
11312 10
14407 3
13029 9
8822 7
5224 2
8686 8
10035 1
12678 5
1742 6
1465 10
4428 9
9784 3
12548 7
2485 5
6394 10
11440 6
1151 3
11005 9
15047 1
12992 7
1506 9
11296 1
14070 5
12254 6
1013 5
5223 5
1961 3
5236 5
2017 1
11815 4
10563 4
1532 5
4164 9
4936 2
16178 5
8600 1
5668 10
2281 9
3713 1
3832 6
6712 7
9770 2
10652 7
11982 7
12577 8
11455 7
11377 2
15369 9
7274 4
3276 10
5322 7
14595 10
13376 7
5044 6
16004 5
5340 7
9666 4
12126 4
13324 3
15387 10
5729 5
4837 10
3417 6
12183 2
14644 5
8196 7
941 3
1379 7
3972 3
5317 9
15373 4
15181 3
6818 3
7466 5
11293 5
13486 7
5812 5
11529 9
11103 6
2585 8
7779 8
14218 6
6107 2
12222 8
9223 9
7883 10
7954 2
8097 5
9207 6
11887 1
3220 10
12045 9
15302 6
14492 6
3255 9
11286 10
14425 8
2783 4
12179 9
702 4
2966 3
8199 3
13958 1
10077 7
8144 9
5031 5
4760 8
14819 4
1887 2
10896 3
11444 10
6431 6
5353 8
15183 6
5933 9
8579 2
8720 10
8984 3
9397 3
9599 8
10761 4
7555 9
6048 3
14021 6
13040 9
8670 6
8217 2
15258 10
2560 2
11526 1
12274 3
8013 9
10381 5
14134 4
14756 1
4887 10
6542 3
11478 10
3989 6
2277 2
14720 8
15833 4
1436 6
4449 6
12194 5
10366 5
6925 5
16334 2
13017 8
7573 10
14 6
3138 2
9270 8
3895 2
14758 9
8767 10
8224 8
4401 9
5163 3
13852 9
850 6
765 2
7411 2
9271 6
13732 7
3890 1
16142 8
1235 2
1495 6
1812 1
5285 6
9038 1
13147 3
12516 7
3359 1
15661 5
2465 2
2944 6
5207 8
8902 9
5131 4
13524 7
11967 4
1579 8
703 10
2553 2
14636 5
10267 8
1199 5
15339 9
1256 4
4607 1
7933 6
11090 6
14039 9
5305 4
4014 6
12750 1
1092 5
568 5
696 4
15980 3
888 4
6515 7
8801 2
6405 9
8493 7
7069 10
138 10
133 4
9937 5
2372 10
9235 8
12497 1
2670 2
4004 8
11644 3
3726 7
5641 3
2198 2
6215 8
14897 1
1890 3
5178 6
10709 10
9958 1
2136 3
3737 5
3863 1
13674 3
7473 3
4966 9
10892 7
2070 4
7641 2
8125 8
8420 2
11129 10
10493 4
11396 7
4068 5
8119 1
5078 2
6837 9
9309 6
14490 8
5553 9
10113 2
1541 6
5720 3
3665 9
199 2
16135 4
648 6
2073 10
7967 3
9820 10
7163 3
9953 3
9316 5
4453 2
5457 1
7876 6
12756 8
13246 2
1348 2
12684 4
10912 6
3212 2
11409 3
14563 8
4555 5
9586 8
6170 1
2921 1
4326 8
9122 10
1230 4
13604 5
200 9
7317 3
7073 6
964 7
8961 6
3227 8
14065 7
5191 5
14021 8
15308 4
3526 1
4958 7
5097 1
5556 9
12369 2
10939 5
4504 4
5221 4
16352 5
2993 2
6586 9
11914 2
14290 6
11613 9
9805 1
1577 10
1303 4
3068 8
4728 6
9126 2
12492 2
13114 3
4828 9
3675 6
16220 10
4778 8
5774 5
6007 3
7608 2
9999 8
11256 4
10695 8
4531 6
679 9
3933 8
4919 2
5033 6
6230 6
13440 1
12765 1
12548 4
16377 5
11822 4
12200 2
5472 10
2539 6
2602 6
5784 2
8681 8
12029 7
12254 7
12516 8
15319 8
3789 3
6846 10
9873 8
10786 3
14021 3
4152 2
12954 10
4164 3
14419 8
13303 7
8745 4
6949 10
6723 5
1073 2
1758 2
13876 4
7487 10
10671 7
10732 7
12393 1
7977 6
9437 3
4893 8
561 7
10797 8
15311 9
15324 4
11375 10
1823 7
9350 7
2676 9
6053 8
14063 10
11843 6
11370 9
16037 4
6563 10
12031 5
14780 4
7159 5
2205 9
5344 2
6203 7
6418 10
10528 5
11427 5
11772 3
14678 8
7113 6
4912 9
4510 8
4760 4
3203 7
3674 3
5492 9
11631 9
4741 7
11843 1
15966 6
2542 8
2981 5
7962 9
8587 2
39 8
9191 7
15635 5
10828 9
1976 1
9197 2
2398 7
16026 5
7499 10
9809 9
4952 2
1505 3
10320 1
1196 5
8130 8
4933 2
448 5
2236 4
3043 9
9323 8
2739 9
14727 8
2091 2
16127 6
6919 9
6921 3
8504 10
14726 8
14925 3
898 8
5760 7
1998 3
8671 2
10515 2
10990 4
3430 6
13836 7
7246 7
580 9
8947 3
9633 5
8119 9
2321 8
5578 10
6249 9
7782 8
8227 1
8907 10
5890 7
15111 3
9719 3
15497 2
1265 7
6712 2
16153 4
2394 1
14547 3
7937 2
6207 4
6257 9
14832 2
16195 10
762 2
4959 3
13034 3
4084 9
15471 6
4603 10
10324 2
2244 3
5375 10
8905 9
9381 9
10141 10
10858 5
9849 9
7922 10
5954 8
13404 5
16096 5
9602 9
1221 7
8698 7
19 5
6849 8
13182 4
5132 9
3426 9
4496 2
6069 8
9809 1
10730 9
12870 9
14783 6
9994 1
1292 9
3349 5
9389 3
5325 3
11829 10
12911 8
3272 6
11391 8
4481 3
7838 6
8150 2
7312 7
446 7
9070 3
10856 5
12014 2
5275 6
2809 2
974 2
10658 2
11521 4
3766 10
9366 8
12278 2
3309 7
5763 3
11494 1
5243 8
9468 10
11657 3
11025 2
10186 9
2068 8
15452 10
11130 3
15137 7
371 8
6584 7
8612 9
11343 7
14013 3
14561 2
2368 2
13399 3
9301 7
15974 5
5014 1
13862 9
14603 4
14508 1
14822 7
2120 1
8596 9
8687 1
8986 10
10379 1
10667 5
5036 1
4689 4
8999 5
14368 10
11059 10
5803 10
3501 4
1313 9
8871 3
9824 4
12807 1
2208 5
5317 1
6976 3
11167 6
12409 8
1329 6
67 7
9933 2
10033 9
333 8
1850 2
7854 6
11015 2
11459 9
12850 1
14186 6
5025 9
767 10
4621 7
3389 2
604 7
9815 5
6727 4
2789 3
4209 2
3935 9
13771 3
1382 6
5664 5
8547 7
15374 10
395 2
11744 8
7270 8
10595 3
12138 1
13243 1
13457 9
118 1
14677 1
14029 7
7827 10
14408 2
13084 2
12814 2
5105 4
6821 4
1357 1
14681 9
2257 8
8495 9
12040 2
9798 9
13339 3
2744 10
2239 6
1097 2
4511 1
10482 9
4711 2
8459 1
15548 4
312 9
2147 4
6144 1
9096 1
14854 8
6436 6
14059 10
16169 8
1575 1
6541 2
9566 9
11995 4
12700 4
1707 5
10259 2
15519 10
6966 3
10070 2
11147 7
11846 3
7005 9
7159 2
7848 5
7865 4
9109 1
9897 5
12124 4
8873 7
4109 6
64 8
11423 8
13010 10
5768 2
2122 3
644 4
1329 2
11609 5
13980 9
2545 1
1417 2
15275 6
6268 10
14867 6
14923 7
5006 1
9728 7
10725 3
2893 8
10349 7
4477 3
12491 9
3301 6
4796 2
6829 6
7382 1
8485 2
11067 6
11602 9
8760 6
9031 9
7146 10
9008 6
13811 6
2948 8
15388 4
2044 7
8137 7
16098 2
11351 2
14801 6
2162 8
8370 4
14396 3
1340 10
11036 3
15825 4
11760 2
13533 8
11987 7
5593 4
2062 4
14919 3
5162 3
7033 10
7064 5
9978 2
11470 8
7453 8
2174 1
3685 8
1073 3
12128 8
12449 5
5982 5
5120 3
416 1
8232 1
9770 7
3525 8
5465 8
15629 3
7727 7
12183 9
12463 3
13532 9
3828 8
4990 8
384 6
15025 3
11819 5
13757 7
13198 2
16013 2
1895 1
3678 8
14719 4
14938 3
5714 9
16287 2
13770 8
4680 10
5758 3
5779 5
9564 5
13708 9
3626 4
7844 4
4779 4
7050 10
13850 10
8639 1
14250 4
7614 10
5060 3
1119 7
3521 7
10635 1
13575 8
13754 1
14738 6
7779 4
7338 9
13992 7
2377 6
11017 10
13681 1
2056 6
5061 6
934 8
4336 8
4385 8
4673 8
6626 6
7564 8
7683 10
9423 3
11514 9
7930 1
6846 3
15736 8
9721 3
4388 7
15130 4
10102 1
14334 1
8754 8
15512 7
2360 8
2718 2
6713 6
7968 3
8877 1
3408 1
8388 5
16269 1
748 2
1454 6
2346 4
4213 3
13025 4
4469 8
15645 4
7898 6
3795 9
6948 3
9602 6
15018 9
3952 7
5304 7
11332 4
12107 2
5110 10
871 9
1159 10
3940 4
6992 9
9859 8
766 8
15380 5
15172 8
3508 1
9777 9
5463 8
11562 6
15943 8
658 9
4123 7
10085 4
1034 2
381 6
9937 2
14477 10
14318 10
15360 6
5881 8
9922 7
966 8
2265 9
8315 6
8351 3
8979 10
10292 10
12142 3
5485 9
3023 3
14448 9
10903 4
7353 8
12036 2
14619 3
3602 2
10402 9
4156 9
2226 6
4253 6
5733 4
9812 9
14214 8
14921 5
16329 2
2568 8
5382 6
5635 4
6056 6
7795 1
10716 1
15676 6
1818 3
5697 6
7600 7
14814 6
15811 6
13466 2
14772 6
5289 2
16111 4
5512 7
7433 7
8547 1
11301 5
13619 7
10962 3
15183 3
14265 9
13135 7
5079 3
8512 5
8809 4
10564 2
11724 10
8007 4
10841 7
1666 10
14965 2
16289 1
8841 5
11156 4
11913 9
14231 9
14620 5
16098 2
4858 4
5801 6
9091 6
11894 9
12036 2
12204 6
3990 8
8712 3
14843 6
2090 10
4074 7
9033 7
12223 3
13147 9
421 9
3060 3
2788 9
6276 6
7811 10
13319 4
7132 3
2107 4
16213 8
4919 10
6669 1
5321 6
12297 8
3854 6
5799 5
7241 7
13698 1
14339 10
15728 7
5143 10
6041 9
11797 1
11950 2
13001 1
7986 3
12688 1
5416 1
8318 4
13730 6
15888 1
1768 7
15749 4
8793 7
4431 3
16040 7
723 1
2012 9
5741 3
10374 6
5192 7
9737 1
10820 10
6287 9
14800 6
14172 4
857 5
13597 3
12458 8
16223 5
12513 5
11935 2
1305 2
6645 4
10269 7
11905 1
14058 9
6182 7
633 2
15460 7
10070 5
10899 3
11583 3
3737 5
11480 3
14030 5
15603 5
1194 7
3473 8
8576 2
14673 4
7521 3
7044 1
5668 8
141 2
4629 1
6587 1
9550 7
13467 3
12664 7
6927 8
5932 1
4015 8
7410 8
13273 10
14096 10
9006 4
12263 2
15209 2
15791 1
597 4
1385 6
9154 2
9178 2
12672 9
8643 3
13204 6
14747 7
1090 6
2980 10
6422 2
6743 3
8250 2
9756 8
3783 7
2019 1
5201 8
963 1
11691 8
13296 2
12205 10
12022 7
3567 6
1273 4
4022 3
4521 1
10000 2
13731 9
4798 1
15535 3
2558 1
13832 8
16169 5
1427 4
1583 9
9052 9
10126 5
10905 6
16365 6
13978 1
9828 7
11356 3
533 5
913 3
7208 2
15328 4
15879 9
1167 3
4838 2
2262 5
11093 8
15504 6
9842 8
10467 4
13917 8
11009 10
2564 3
4460 3
3662 6
7782 9
14176 3
9036 6
9966 3
15887 5
8773 1
13033 5
9328 6
12465 9
5162 1
5257 6
11794 8
14733 2
12306 1
11590 9
15540 6
1393 3
4871 6
7997 3
12393 3
3200 8
13763 2
970 8
2347 10
4444 1
6898 6
779 8
7728 8
13178 3
15988 6
755 6
6389 9
3004 4
7690 5
12161 2
14036 8
1881 3
12231 8
7905 9
4381 5
6847 7
7346 9
4810 8
11450 7
8024 6
8789 6
15977 7
15971 8
4149 1
6876 1
4292 9
4971 3
9727 5
10668 4
13626 3
14397 8
16002 9
2509 6
12446 10
13585 9
13845 9
11254 3
1170 9
2781 9
5732 9
8303 1
10363 8
10742 7
10459 6
12412 6
11570 9
582 6
7909 3
2466 3
581 6
1708 9
15572 9
15805 7
3413 2
4126 2
9384 10
14558 3
7092 10
14805 6
7591 4
344 7
6332 9
6829 2
14500 7
13725 5
15889 4
324 5
5199 4
7308 3
676 2
3933 2
2236 6
3834 1
2556 6
9271 5
14629 2
11666 8
14313 6
4353 2
14542 6
15908 2
16309 10
2205 1
4328 10
8314 10
6556 2
5361 6
7021 8
2756 7
5901 1
6495 10
9148 5
4341 1
9721 3
9421 2
16269 8
5193 2
5310 3
6985 3
14176 8
15483 4
5022 4
2214 9
2756 9
4676 7
8114 4
9676 4
13593 8
9264 2
10281 3
12908 3
21 8
8674 4
4490 6
6000 8
966 3
14999 3
15530 5
255 7
3166 10
8265 9
8573 6
14578 9
2999 9
13237 10
1958 10
2790 4
11592 7
2473 5
4113 4
14400 2
15807 7
8727 2
11331 9
14761 8
15298 9
13580 9
14183 1
3961 3
5116 8
7031 2
13014 2
443 9
3583 2
2424 4
16287 4
4096 7
5264 10
8172 7
10330 10
11108 5
6144 1
7376 9
11058 9
2109 10
14410 4
2360 5
2455 8
10678 8
13247 7
592 6
6322 7
5715 3
4666 9
181 1
7144 1
10254 10
3321 2
5491 6
1208 2
6144 1
8698 10
9903 2
10484 5
16379 3
15992 5
15001 10
2062 1
13687 3
15186 6
12702 1
789 6
8692 5
10137 9
13598 5
315 1
10664 1
11186 9
5514 10
9149 7
11110 8
11568 6
13043 3
6671 4
3210 7
11710 10
9688 1
4866 1
7261 6
13234 3
7561 9
14975 1
4460 3
6883 3
9012 5
11269 4
14301 3
14767 6
5057 5
2716 9
2862 8
6245 2
6331 7
7684 7
1304 5
5910 6
1699 2
7914 3
14129 10
2973 5
325 10
5768 10
5850 5
10894 8
11350 7
7994 7
2185 5
10500 9
4039 2
4192 2
6998 6
8079 6
13283 2
10250 6
11261 2
1835 10
5698 10
9358 6
11848 6
3358 2
9748 10
4851 2
2112 3
2752 10
2999 2
4080 5
13049 4
4071 2
9747 1
7913 10
617 7
1774 3
6526 4
13752 2
5616 6
12337 9
11201 8
12698 9
14985 2
15333 6
9492 8
14134 3
4211 8
7156 8
6676 9
8625 3
14522 7
15805 1
14562 10
1128 7
16117 10
6886 6
8840 4
10826 5
10865 1
11859 6
12240 10
8439 4
6971 6
5233 10
9991 5
10755 4
3443 3
6694 2
14548 6
15941 7
32 10
13269 3
2544 3
14466 7
4697 1
9597 4
1438 8
6871 4
12865 5
11306 7
3605 9
5433 6
15301 1
6376 6
6003 5
11476 9
5742 5
12802 3
11243 4
3800 5
7685 3
12547 10
7482 6
1933 4
6866 3
14167 7
1348 1
8954 8
9182 6
12199 4
4986 1
6458 2
14420 7
8675 5
12224 1
6842 1
8875 4
4631 3
13276 3
14611 4
3828 10
10258 8
15427 6
9740 5
10842 7
10654 2
14162 3
320 4
8638 7
10589 2
6059 5
10030 4
2329 4
5239 6
6341 8
9939 8
11986 9
6188 9
11360 9
2430 6
12195 9
12854 8
838 1
14172 2
15481 3
9774 7
2683 5
7592 8
13314 4
15882 6
3977 3
4083 10
11327 7
12017 4
9809 8
10075 5
15239 4
8069 8
14462 8
10724 10
14005 7
5247 7
13535 5
8216 3
6196 6
247 5
2904 1
14927 5
7509 3
9732 9
11908 7
13351 9
13538 4
4087 7
11321 4
323 5
7591 2
14692 1
7489 9
9846 5
15465 4
6105 6
13772 8
5445 3
13505 3
2582 5
6903 1
7975 6
8147 2
11751 4
5787 6
1344 1
1975 3
6272 5
10829 6
11144 6
15155 1
7 3
11487 3
4250 5
4992 2
7834 10
13182 4
9914 2
9770 1
6492 4
6311 2
26 8
16377 7
1390 6
1767 1
3939 9
4681 9
8923 3
9254 1
9480 10
10646 2
407 6
7077 3
1166 5
9399 6
6822 3
12169 1
6359 1
3928 7
6426 4
8836 5
7443 2
13535 9
3485 8
8792 2
7404 9
15010 1
12344 2
3915 6
13928 7
16040 4
60 6
7082 1
13150 2
13215 1
621 9
5219 3
1111 5
4990 10
9385 6
11903 3
10582 8
8527 6
15959 7
5575 1
9309 7
14566 8
13568 9
2979 3
11622 9
1210 8
3395 8
11175 1
5929 7
8145 3
15346 4
1213 8
3528 10
5937 10
10964 5
3217 5
15482 2
1993 9
1748 1
3025 6
12546 3
11283 10
14651 10
1281 8
13869 9
11292 2
798 1
16032 10
6692 10
14406 7
10829 7
12687 7
16 1
9342 9
16 10
2619 3
10838 8
12695 9
10937 3
8902 5
14993 2
16154 4
129 10
2140 9
5401 4
12003 7
12724 4
2609 7
261 3
659 7
5191 5
14957 10
15016 10
15541 9
6794 8
7228 9
13145 3
4867 9
6020 7
892 6
1704 6
3415 3
5244 2
14774 3
10666 9
8643 4
10699 9
3560 8
3616 5
6221 8
10580 2
14091 5
14653 10
1881 2
52 6
6274 10
11111 10
12001 2
12565 5
14798 5
15776 1
7378 3
3769 2
1446 3
4899 3
7171 9
7651 2
11109 1
6336 1
12904 3
9388 9
277 8
14767 7
10726 6
7708 9
1156 3
4060 1
13519 8
4628 8
11020 5
1378 7
1386 5
2121 9
7678 2
14727 3
14642 2
6132 5
4411 2
9946 1
8789 9
12512 8
13743 9
15508 5
13686 1
6471 4
5779 3
5846 4
7472 6
7922 5
11013 10
14895 5
15979 10
10592 10
1302 8
9469 5
9791 8
11714 10
11814 10
14446 10
13092 2
15739 4
880 2
76 7
3514 6
11265 5
358 3
2436 4
11796 2
6290 6
9969 2
15192 8
5303 3
931 1
1129 4
7354 6
13327 1
13538 4
10350 2
7334 2
15818 6
4508 9
4951 3
5151 4
9872 2
8511 1
2990 4
14967 5
3334 9
8338 6
9864 5
11947 10
13038 8
9731 3
12879 6
16113 6
6602 9
7393 7
9309 2
9789 8
12654 3
13650 7
8484 10
15052 7
15980 6
10926 9
11160 1
14020 6
12850 2
4075 1
1278 3
3956 8
8818 4
9319 3
4386 1
7654 4
858 6
10121 3
8763 10
15640 9
6277 4
12781 2
14780 3
9602 7
14232 1
5076 5
2984 5
4068 3
7900 5
8361 4
7185 10
6662 8
2172 1
3403 8
9627 1
1897 8
1264 5
5807 10
12460 4
15573 3
9059 4
990 7
3686 5
10763 10
11136 8
8160 8
3766 10
12573 4
15021 2
16323 3
5275 1
11256 2
13636 2
13716 5
5808 1
6189 2
13994 4
0 3
2173 4
5522 9
6301 5
7492 4
13588 9
3734 7
2841 7
6716 3
15288 10
3789 7
5929 6
13247 8
13566 10
4243 7
3020 10
8650 7
2587 6
912 9
6475 4
11920 1
13384 3
13903 8
1135 10
10463 6
15389 9
11666 9
1401 1
1522 1
4564 9
15638 5
2525 10
2680 8
9373 4
11228 8
13894 2
9941 6
687 8
3377 1
4865 9
8369 10
13252 1
15667 2
9507 7
13613 4
1175 1
5284 6
6648 1
8653 2
7338 6
4926 3
15566 8
15993 6
3155 9
3646 4
4651 1
14510 4
15827 4
9752 5
4543 8
15169 4
536 7
4133 1
7889 10
15661 4
13313 3
15378 2
5290 1
2849 2
5291 9
15768 10
15849 3
8217 10
10417 2
11647 4
13642 3
10636 6
1533 5
12065 5
3365 6
11656 6
14917 10
7897 6
12578 2
3498 4
4071 4
11209 2
14282 4
5091 9
7412 3
3315 8
7353 2
5992 7
13336 1
12098 7
3698 8
5367 3
15003 9
8746 3
9915 7
8199 8
15460 1
8685 4
9424 9
14275 4
867 2
13109 8
12336 6
1473 10
2980 1
9441 4
10910 8
12426 1
14532 3
4826 4
2742 10
10735 2
55 5
11286 9
4020 9
6180 2
15319 8
15698 4
7754 8
9146 10
10565 7
6232 8
15178 6
15530 4
5155 5
5453 7
5592 5
6774 4
11295 7
11711 7
12910 7
14803 2
399 7
3586 5
6356 3
8064 3
14478 8
4199 8
10453 5
3013 7
8691 6
10348 7
14932 5
15007 9
15083 6
6986 2
15970 2
6131 10
7903 3
10025 7
15975 9
15896 5
8502 1
6157 4
2604 3
9273 3
12184 3
3505 4
1016 9
901 9
9765 1
5116 8
2344 3
9105 2
12232 9
2961 6
13902 8
7506 4
16242 5
7043 5
3571 1
9800 9
12728 7
8447 6
10040 4
10156 9
5990 5
13950 9
15827 10
9923 5
4332 4
478 5
5598 6
14866 1
4479 3
15317 1
15939 10
5655 1
7654 7
8596 1
8868 2
11400 5
5480 6
10255 1
9517 2
1265 10
7176 4
13502 3
14368 5
4565 10
9543 1
5466 3
5804 10
5876 1
10503 3
12815 1
4299 4
8194 7
10957 7
2130 9
3226 5
15709 4
9650 8
14313 5
1466 9
9917 9
15925 2
3039 10
7016 5
8576 5
11143 1
12072 3
12163 9
4382 4
16070 7
4511 7
10082 7
16184 9
16049 3
838 9
11450 4
13662 6
13870 9
2759 4
5890 9
15939 5
1314 5
6698 7
14096 10
5281 2
4930 5
1291 7
15624 7
15630 10
10444 1
40 9
14875 2
14626 5
14263 2
1638 2
6100 7
6115 2
15354 8
3697 8
6567 3
10204 1
5025 8
11020 6
6585 1
4660 1
8238 5
11499 1
11574 1
13568 4
567 4
3199 10
15654 4
8759 8
9986 5
13357 4
10366 3
15553 4
4917 10
5413 6
5976 7
15527 8
11230 1
16380 4
3349 3
11363 2
2252 6
12805 9
15350 8
16025 10
3974 9
4279 6
8803 2
12794 7
268 4
3491 10
13256 9
129 5
561 3
2622 9
3199 8
5349 2
5417 9
7339 5
9240 7
9635 10
14916 2
3378 3
1466 5
50 5
3913 3
8839 8
9059 5
7179 3
11442 7
980 8
8792 9
9096 5
9642 8
1764 5
15703 6
758 3
3125 6
4362 5
5807 3
6658 3
7139 1
9525 7
6623 5
12327 2
6474 2
332 9
631 2
6918 10
10282 1
10407 1
5728 2
3025 2
6374 2
9611 4
16251 5
7964 2
6964 1
2175 6
6833 4
14459 2
14851 3
1809 6
11238 10
533 7
5376 4
7486 6
11311 10
16297 5
6529 8
15951 1
962 6
1504 7
5866 10
10958 5
13713 8
14205 2
4 8
14862 10
16214 6
13621 6
5139 8
11614 1
9356 8
7847 10
13191 10
13224 8
14960 9
903 6
6123 6
5587 9
11295 9
11931 7
12501 9
13696 7
9483 9
6483 3
10448 3
10678 1
2589 8
12489 2
3574 10
4801 3
6779 7
14967 9
2556 8
15304 4
15740 4
3656 4
3781 9
11521 3
16176 2
67 9
11683 4
1697 6
5953 3
10881 5
12449 6
10327 3
12604 3
3567 1
5948 1
6539 1
14906 1
10911 3
4209 4
2222 4
11639 5
7621 2
14061 3
13526 7
1151 3
3123 3
6060 1
12583 6
3205 5
898 2
12028 4
12230 10
12308 3
4150 4
8215 8
14501 4
3170 8
13418 1
15227 8
1661 5
3737 7
2523 10
15361 3
6961 10
10543 10
10778 6
11550 6
14917 10
11004 6
15555 7
12662 1
454 1
2951 8
9102 10
9369 6
13061 10
648 10
2898 4
8569 2
11414 9
13690 6
14790 9
11122 4
994 8
11818 1
5368 7
3623 2
10142 10
2720 7
4572 6
4634 6
2763 4
5859 1
13728 1
4683 6
13860 2
13284 6
4273 1
4049 10
13079 8
5401 5
1723 6
8023 5
14942 2
4700 6
6324 5
13284 6
3961 2
7704 4
460 5
4252 2
7779 8
8342 4
10220 3
10900 3
9010 1
15813 10
7637 4
13820 4
14095 4
10035 3
11162 5
2378 6
9726 9
11920 9
14778 3
3287 3
15441 8
8279 1
11675 2
11224 5
1981 5
11026 5
10855 1
16017 3
6263 1
7564 7
13709 6
8553 10
11156 5
12028 7
11079 1
16299 6
8825 2
13685 2
13769 10
10086 9
8367 6
4644 7
4267 6
5113 10
5863 8
6031 7
6553 9
8101 7
2596 8
12655 7
14632 7
7730 1
1290 6
3547 10
5516 6
12747 5
14102 10
6770 5
2339 3
15863 9
13590 10
336 6
1790 4
9971 3
10257 5
11825 4
11509 5
450 2
12650 10
5733 8
9046 2
13455 3
15758 8
10929 3
11534 2
3249 5
3669 9
15088 4
15124 2
1872 7
2185 3
2895 10
5950 4
13725 9
2968 7
12612 3
2785 6
3717 6
13323 3
8768 4
5484 1
13830 2
11787 5
1905 3
4221 4
4852 1
4893 3
5390 8
6393 5
5745 8
3753 3
509 1
3190 3
3468 9
6416 6
1167 8
6455 9
9954 9
12082 8
14364 7
11762 3
13641 3
4245 10
1467 5
9928 6
13995 9
7474 6
8376 10
2296 7
13357 4
15351 4
926 4
8605 7
9985 8
11564 4
8753 1
11997 4
1877 8
2842 10
4937 2
5984 3
6018 5
7175 10
8624 4
9764 4
10102 3
10924 6
13898 9
14562 9
2484 8
4510 3
7895 9
10113 9
5885 9
10900 1
12241 5
6028 10
5403 10
2943 2
2636 8
446 7
8563 10
5844 8
6853 9
9401 1
4665 2
2720 8
3746 4
5220 10
14169 3
14659 1
5293 3
6247 8
12819 9
7442 3
11866 3
16009 5
1781 2
7216 10
314 8
11448 3
13238 7
3717 7
4590 8
8682 3
14247 4
3246 8
15350 5
16194 10
7877 10
5620 7
11625 6
12745 1
4708 3
1963 9
5919 2
7324 3
10614 5
14934 7
11536 10
12886 2
7556 7
10313 9
4846 6
7064 8
9138 9
9139 5
1606 3
5197 7
10429 9
4604 5
9429 7
15860 7
14035 3
9645 10
2728 2
2806 5
5398 7
6425 4
13033 5
8632 10
8895 9
15963 2
15540 3
14281 1
14555 1
8150 3
15157 3
3835 7
4158 1
11492 7
11874 8
5439 3
179 2
15728 1
9308 6
10935 1
15441 8
1329 6
2088 9
5733 3
9649 1
12677 1
3034 1
8212 3
2833 7
8333 9
6139 7
1312 3
14062 10
13111 10
15378 4
8018 6
9830 8
11943 4
2780 6
15502 8
3856 8
2007 5
968 9
7869 5
9553 10
13334 7
3765 10
5002 6
4160 1
7353 3
8286 2
9979 4
12588 7
12254 7
3282 6
13098 10
11942 2
2120 8
5480 4
6211 5
7711 3
11578 9
1290 9
6066 10
7807 9
8081 10
5688 9
1643 7
3773 2
13621 10
16295 9
1232 1
3676 8
4840 1
9165 8
9332 7
10419 7
11942 9
4438 10
4075 9
1579 5
6924 1
3935 10
5204 8
2470 10
15827 8
2712 4
4656 8
5022 9
5819 7
6013 3
7825 8
4039 10
2722 6
9350 2
1334 9
1146 9
10881 6
7277 4
9854 8
596 5
3364 7
11950 6
14300 8
12584 8
13561 5
252 3
5967 3
10551 4
15229 3
4059 9
13341 10
654 3
7972 7
2833 3
9834 10
80 3
9995 3
12292 8
11305 1
3124 2
2919 6
13453 9
26 8
7380 3
11801 6
7602 5
6698 10
13202 1
15488 6
6092 6
13818 10
8018 8
14498 6
1800 10
3325 10
5479 6
7054 5
11212 6
11749 1
14320 5
4156 7
8694 2
7897 1
4169 6
1770 2
14511 5
4631 8
471 5
4537 10
7786 3
8195 6
14059 10
6204 9
10389 1
11360 2
11958 3
3448 7
8972 5
5254 2
6217 7
6772 5
14967 6
2740 6
13127 10
2068 2
5160 4
6594 4
9954 7
4758 6
11761 9
6919 6
13677 8
4529 3
8644 9
6983 9
1056 7
5760 3
9384 1
677 9
498 9
181 9
5034 8
382 8
7649 3
13657 8
14326 3
14443 9
2932 3
8036 5
12409 8
12748 5
2102 4
2975 5
15034 4
9092 9
7482 9
1597 7
2727 5
5396 9
6474 3
10014 7
15880 10
8155 7
12886 10
15439 6
15803 5
3701 2
4785 2
6362 3
1621 4
874 5
11008 8
10044 9
319 9
5999 9
9321 2
14110 3
12378 6
11661 4
10120 6
15705 7
4989 1
5770 4
6343 4
12070 7
9068 4
9482 8
11836 8
5732 2
7066 8
13527 5
13304 2
6325 6
14176 9
8921 7
1719 6
13775 3
14267 3
15948 4
1614 2
10773 6
3674 1
14500 1
6984 5
4090 1
15154 1
10178 4
11118 5
6605 2
4204 10
3015 4
6832 5
205 8
2643 7
7063 3
12096 3
6677 5
15590 3
419 7
1803 4
10826 5
12553 10
12811 3
10839 8
10867 1
987 7
2662 8
7566 7
8390 4
8781 8
6710 2
3783 10
5104 8
6803 6
9765 6
8179 2
336 5
15396 9
15925 2
5908 7
15128 6
11169 6
16298 10
600 7
4031 6
6189 7
6520 4
10242 6
10291 10
14469 4
14400 3
1333 6
11170 6
14283 1
13870 6
3342 1
132 7
3123 1
4976 5
5632 2
12957 10
5164 8
7925 6
3837 1
14463 10
2385 9
3592 4
9339 8
14334 3
7572 5
11632 3
10579 5
13597 9
12054 7
1101 7
9256 1
11090 10
11270 4
12452 7
168 10
16260 5
3535 1
6966 5
1584 3
11810 1
16241 6
6765 7
11162 5
11612 6
13744 10
1649 1
9562 5
15371 5
825 2
3568 10
8675 6
8846 7
15762 5
14219 10
3496 9
6075 4
6489 1
13165 1
14730 3
4574 3
12636 7
3400 10
13199 5
1583 9
1725 6
3952 3
10011 10
12307 3
13295 8
15197 7
8145 6
1012 6
11977 3
725 10
5991 10
12044 9
10875 2
16211 9
7778 6
631 1
91 4
5071 4
16032 3
2779 3
8503 10
3444 2
7487 4
9235 4
9521 4
12751 2
11416 5
10791 9
1639 1
2059 2
10184 9
3831 5
7805 3
13445 3
8978 1
2773 9
9124 8
12430 5
7134 4
7091 5
11532 10
3190 6
3554 2
2358 10
8286 6
7275 4
16179 2
8363 9
10198 9
10823 3
11223 2
4907 1
12026 8
6335 6
2257 8
3408 10
5187 1
11162 8
5970 7
5073 6
4980 2
1921 8
5483 10
9825 9
11342 6
5086 9
1409 1
12364 10
14255 5
6540 9
7502 9
11812 4
10742 9
15810 4
4820 2
7335 6
15034 2
8284 8
2561 4
14102 9
9105 9
10722 6
12468 9
12729 3
3864 4
3521 3
2863 4
6109 7
8891 9
8902 4
3275 8
9182 4
9922 4
7190 3
14591 6
15451 10
6374 6
3894 1
699 5
1065 8
12110 6
15101 6
984 9
8718 7
149 9
8498 6
13450 7
3438 1
6384 2
13647 1
15642 1
7131 7
12429 9
14786 4
8204 10
13511 3
6902 3
2596 8
4198 9
9480 7
11630 3
8288 6
9762 9
7816 7
11293 4
15172 5
13226 2
3135 7
816 5
37 3
9183 2
12911 10
13129 6
16245 7
4026 9
14631 9
7387 3
9676 1
1271 2
15160 9
7999 8
8676 6
15889 2
15947 1
11602 5
2668 2
13119 2
9422 5
12446 5
2916 10
4038 2
8553 8
14745 7
7483 2
1603 3
11623 1
15353 2
5330 4
7190 2
7444 4
7709 4
9189 3
4715 9
11466 9
14366 2
8401 2
8153 7
4677 2
8950 5
12167 9
11136 1
10848 2
5990 5
3812 2
15566 4
7063 10
4718 3
7996 5
12556 7
1877 7
8806 9
3898 8
3240 6
7882 10
10743 10
10322 4
2736 10
9229 6
12567 1
4041 2
7624 3
15534 2
6102 6
15738 3
4388 1
5052 3
5080 4
7478 3
8531 6
10115 2
7004 6
7594 6
15798 3
4325 1
8410 2
10827 10
9292 5
9551 10
6271 10
11780 9
122 8
13633 4
15373 1
5723 10
7829 10
6442 5
15595 5
7717 3
9576 10
8764 4
5842 7
1708 4
15511 5
4006 3
6516 4
7478 10
15231 3
7165 9
4593 1
2584 8
15648 8
9003 8
481 5
3970 8
7005 4
15400 1
3909 9
13717 3
15095 1
15855 1
1670 3
7892 7
12416 6
14900 1
50 7
4683 2
14253 4
8537 4
15804 7
6829 9
15056 3
6089 1
3319 9
7013 9
5511 8
7266 7
9095 2
9932 3
6400 4
8992 6
3450 3
7216 4
7944 1
4746 3
13553 2
6908 6
1564 1
4696 9
15134 9
12381 1
7279 2
11193 5
15697 3
8454 2
9204 9
11580 9
13710 5
15523 7
5837 1
2631 6
2865 7
13109 5
14010 9
12320 3
2565 6
3652 6
16004 2
2340 8
6340 6
8016 2
3796 9
2735 2
671 1
15237 7
6649 4
8336 4
10253 2
2456 2
2392 9
992 2
2858 6
9655 10
3136 2
1678 4
4832 6
12204 10
15299 7
788 5
6370 4
8613 3
13853 8
10493 1
7916 1
3997 8
1527 1
4679 8
6866 5
2113 5
3468 3
502 3
13741 5
6321 9
7942 2
15218 3
4293 3
5262 5
14952 4
6070 6
1313 7
7328 4
13476 7
10536 5
13427 4
8798 5
5641 10
1216 10
963 1
7457 8
12415 4
9092 8
769 3
5274 1
15603 2
3044 2
12078 9
15132 5
14792 8
9438 7
11185 1
3332 8
15446 6
2846 1
6417 3
6865 9
7422 3
2688 6
1642 2
6277 9
10924 10
13504 9
7268 5
10111 9
7542 7
9722 4
7924 1
2688 4
7100 4
3658 4
11451 2
1238 3
1625 8
3467 9
3947 5
4606 1
5605 4
10881 8
7565 10
8551 8
15527 7
3382 8
13663 1
5813 9
12001 4
14964 6
1486 10
10788 4
6947 6
5373 3
3465 5
14606 7
1497 4
1570 9
3701 5
3935 7
6647 3
5906 3
7525 9
4572 10
6992 1
3292 6
10946 6
14537 7
4522 4
14668 3
15461 7
16248 2
2798 9
6038 1
9738 2
10552 8
10355 2
9018 9
115 6
12427 5
10619 2
14802 3
11049 9
12181 8
14674 6
15340 5
341 8
9638 7
871 10
13057 5
3288 6
5668 6
12125 8
12250 5
12708 5
11383 10
13540 8
16269 5
1734 3
7658 3
8483 10
11624 3
14863 6
4889 9
2106 2
3247 6
4091 9
6128 5
10032 3
7837 8
4201 6
6496 3
8341 6
9349 1
9729 4
14272 5
8287 10
7171 6
1897 8
3558 9
14185 8
11585 10
6887 8
311 9
7573 10
11741 1
13659 8
12603 3
593 2
6958 6
4231 7
384 1
1557 5
2015 3
2082 10
2280 10
3620 6
10470 2
7320 3
2748 4
944 2
14930 8
14531 1
13556 3
2330 9
9888 1
12162 7
12240 4
14234 5
2761 10
16108 10
12614 5
12653 6
2833 1
3822 8
12615 6
10801 3
7075 5
3506 1
15951 1
2758 1
3338 7
10449 9
10613 10
6566 4
3047 7
8658 2
15362 2
605 1
6078 7
9524 4
12000 7
15112 7
3335 4
12286 5
8916 8
14266 7
329 6
11259 1
1079 7
13438 8
4414 1
5729 8
8387 5
9404 9
1527 3
1396 7
4132 6
4767 2
10160 3
14434 7
13311 6
10765 9
4173 1
7198 2
15406 1
15484 6
3867 10
7299 7
10817 6
11140 3
16146 6
12360 4
12291 3
3664 4
4512 9
5545 7
7164 5
10434 7
12209 3
14360 6
15821 7
8280 4
14484 4
13290 5
5202 8
6094 8
6632 1
14344 4
4853 9
1618 5
1682 8
6710 9
11026 4
12061 10
12734 10
10003 6
4431 5
3688 5
6650 6
9056 7
5450 9
6217 6
8658 9
9624 5
4120 6
16200 10
1540 8
3103 10
13138 6
9509 8
6653 3
2191 5
14821 2
12396 5
331 1
6594 4
10462 10
10705 1
12939 4
6770 10
13594 6
16020 5
4217 3
4415 9
6776 10
15657 8
13812 3
5225 6
15652 9
13756 1
3082 7
3578 2
4109 3
1149 9
15375 9
386 8
6632 6
7083 5
9331 1
7948 6
14335 2
14053 4
10024 2
10547 10
15495 4
6434 9
13001 8
10584 1
8905 7
13834 10
1071 8
474 7
8729 4
12839 5
10499 7
13913 5
7945 10
6639 9
10729 1
11784 9
4616 10
11329 4
6312 1
13894 5
3143 2
12766 5
14603 5
15435 10
10169 9
231 9
15168 3
3065 6
8628 4
11250 3
3488 3
11260 6
11175 6
16268 7
2084 6
5037 8
14120 2
16023 6
12296 2
15905 5
4517 3
5295 9
5616 5
14234 2
5730 8
6941 8
13451 3
14653 9
1351 5
8957 7
2422 9
637 5
973 10
11558 2
6960 10
11584 6
4078 2
10346 10
9619 6
4824 10
13563 9
13601 7
14072 2
1857 1
4837 6
6855 6
11056 10
15631 1
4597 10
9239 10
10433 9
15014 8
9882 1
2192 7
3389 10
3243 1
9016 8
10991 5
2953 1
4869 2
7824 6
15073 3
8182 3
3662 8
10275 6
6395 2
8401 1
10029 6
10549 5
11275 3
15894 10
3672 5
2784 3
2456 6
6805 1
7775 5
7739 2
1179 2
11978 7
15151 3
4170 7
5981 4
8004 3
8853 1
11517 10
14348 9
2564 5
16326 8
8337 2
13512 4
979 6
5890 10
8536 5
10608 1
15284 3
4608 10
16219 7
1429 10
11210 7
16173 4
3302 6
8184 1
2302 2
8756 5
9852 9
12499 9
9292 6
4833 5
3682 2
9470 1
10097 5
13440 5
13578 7
6332 4
15163 7
956 8
935 1
3196 3
11203 8
14182 2
13689 1
14893 4
4660 4
8832 1
12346 8
2241 3
3057 6
3861 9
4624 8
8108 3
9378 1
11438 2
15808 9
2862 6
12349 8
3138 9
2524 6
11005 10
2134 4
6085 8
7069 2
13659 1
16344 8
9600 5
6945 5
5949 5
6307 3
9510 2
7593 10
697 1
8904 6
11094 6
15964 3
7578 9
792 8
12582 2
278 9
1179 1
12781 3
1756 2
6916 3
29 9
4712 6
6998 9
11803 7
12782 7
13526 8
7580 2
4617 8
15729 7
12322 8
7604 2
2611 5
6778 3
9705 6
11031 6
13807 8
9792 7
1514 1
5383 2
7676 6
14133 4
14357 6
16272 6
10993 5
5192 8
3839 7
2075 10
2856 10
5140 10
6908 1
15484 4
8585 1
322 8
2869 3
8405 4
8730 6
12193 5
10075 3
3999 5
1636 10
4895 2
12991 5
14207 7
12616 4
382 1
4758 1
1702 6
4454 10
10235 7
10688 1
11201 10
1600 5
9215 9
1541 3
4706 2
5560 7
1217 2
11670 10
10446 4
11876 1
4063 3
12713 3
13910 10
13311 5
933 1
8459 6
1492 4
141 7
4913 8
7590 4
9131 7
1631 3
15516 8
6565 9
15756 7
6352 4
14639 4
14676 10
4469 9
9170 2
7095 3
8216 2
10121 4
13693 10
7329 9
10860 4
16286 4
536 9
5894 3
9798 8
13978 10
3381 8
4271 2
12225 2
816 3
4711 9
8664 2
14216 10
10269 9
14586 6
3073 2
4225 2
1839 9
5452 3
10555 6
11333 7
6955 2
11333 3
4347 10
9115 9
15925 4
1070 3
12100 10
9396 5
5740 2
10525 3
16340 7
8406 8
8511 7
9456 8
11906 3
12085 4
3683 9
8573 1
7180 8
3386 9
4074 5
14135 9
694 1
2100 1
3933 3
7246 10
9061 3
14576 6
6045 4
12714 9
11582 4
1361 10
4240 2
5249 7
11752 4
1584 10
10446 5
5940 2
11398 1
15473 3
962 5
1468 2
8949 10
12627 1
10964 4
2431 2
7567 10
16208 4
2630 7
3580 7
7889 6
13542 6
6006 6
3898 4
4838 3
4990 4
8350 3
9203 5
11321 4
4603 5
1713 4
7456 4
9870 3
3400 2
13327 5
3412 7
6194 5
3724 9
2283 10
1001 5
260 9
3292 7
8314 3
8840 8
11717 1
12576 9
12522 7
11761 7
10859 10
13823 9
14767 6
9512 5
3975 2
16312 5
9715 5
11382 3
13100 2
3733 7
1659 8
15494 5
4128 6
10647 3
13194 9
13880 6
12109 7
9206 9
15757 4
4699 4
11087 10
6419 1
2425 7
8976 5
948 4
1598 10
14217 1
10677 9
524 2
1232 9
4642 2
8657 5
13782 3
12705 10
4915 7
11168 10
11945 2
13741 9
3145 9
6224 6
15760 1
13083 4
5585 10
12404 10
431 10
491 8
3724 7
7201 8
8291 8
13110 2
8888 4
2495 3
10577 2
6634 10
16194 5
9192 5
15234 3
10847 10
13020 8
4142 2
7795 10
8433 3
7045 1
6083 7
3026 1
15475 10
735 10
2985 5
13420 6
1011 2
9824 6
13713 9
6034 5
6028 7
14033 7
5460 1
838 9
15856 6
7149 5
7625 8
8715 9
13265 9
6404 5
13105 4
2382 10
14944 10
446 10
1015 1
4877 2
5184 3
1749 3
954 6
6500 8
15320 8
16146 9
7476 1
8973 3
12201 3
1042 6
3083 4
16043 1
6745 8
6979 9
8114 9
8220 6
13547 2
10148 6
7667 5
12723 2
1815 5
6604 6
8917 2
10226 7
5380 1
1216 7
127 8
15714 5
14411 5
2624 6
13656 6
3057 8
10394 3
13266 1
3168 6
9426 6
1244 10
7391 6
8967 3
8771 10
3125 1
7562 9
4861 4
7537 4
3924 9
9451 1
656 8
4429 7
5013 8
10819 4
2694 10
1845 6
11557 5
12839 7
14429 8
14854 9
12399 10
2514 4
6654 7
4 8
12817 4
2267 8
12739 8
2576 3
15165 7
1124 4
927 2
13277 4
10572 1
15604 5
4651 3
14882 1
10335 9
15567 8
7333 3
15516 5
782 1
7752 2
13397 10
14284 10
14671 6
9150 5
3822 10
4957 2
6408 6
8258 4
4711 4
9907 1
2523 4
10080 7
1585 7
2798 5
5378 5
6528 2
9556 9
14210 9
15007 4
12322 7
2610 4
2663 9
4944 3
13180 10
9210 10
16135 4
5857 1
1943 6
3806 10
8771 9
13371 2
14020 4
167 9
247 7
1778 8
8683 4
12736 4
3606 6
9236 2
15773 4
8791 5
9853 2
10679 10
11809 2
14705 4
8123 3
13722 7
11092 6
6998 4
10846 7
13403 1
13940 10
9522 6
7342 6
15740 10
10920 6
393 4
4155 10
2733 9
10214 10
11905 6
14716 9
13143 6
5683 4
259 7
13992 6
10447 2
8604 5
4693 8
3058 5
8136 3
4731 10
15395 9
6024 1
14263 8
1105 3
7812 10
2838 8
15834 6
11532 9
9672 9
11328 6
3403 4
5609 8
7171 8
10686 5
13015 10
539 1
3644 9
791 3
14101 4
14573 8
14600 6
14975 1
1073 7
12268 3
15495 1
268 5
1494 4
1659 3
7970 9
5585 2
12043 7
10893 8
4701 2
5842 6
12538 2
14130 8
607 10
14963 8
14712 8
15924 4
10636 4
5792 1
15289 8
11009 9
15986 2
7250 5
8989 9
14358 1
13527 10
12218 10
12143 7
4814 1
14246 7
5824 2
3560 2
4458 1
7743 3
11390 4
14037 4
370 4
6418 7
1370 10
9409 6
14717 4
14394 8
8918 4
2201 5
3473 9
8608 5
11037 10
12931 7
8615 4
2694 8
8813 7
6592 2
7495 4
12040 4
14527 6
3627 9
6849 6
11786 9
6491 3
52 7
14287 9
14234 10
14207 7
15578 6
14827 4
12334 4
16134 6
16216 4
1965 1
2256 9
3850 3
5960 3
6924 5
9947 4
2405 3
12058 1
2436 3
13579 8
13822 5
6272 4
1006 1
778 3
842 8
13556 7
1220 9
13453 8
16335 9
4652 2
1731 6
10290 5
14875 6
7131 10
16216 7
4796 2
5872 2
10164 7
11036 3
11308 6
12527 1
13431 5
5860 2
10531 8
6023 10
8905 6
12076 2
4901 6
11415 7
1428 4
8100 4
6454 2
14131 10
15918 3
1866 3
11491 10
13350 4
195 4
13879 3
839 7
7145 4
14554 5
5662 6
14686 9
7993 5
8216 5
9514 8
15183 5
5843 5
4552 10
7613 2
12655 8
13978 3
4201 7
9527 10
15553 2
12438 8
191 1
7317 9
14413 1
5861 1
10026 7
8483 1
3222 2
8823 2
7983 7
13803 9
7130 7
3036 6
6386 6
12320 8
11670 8
4013 9
7132 6
10854 3
7039 1
3964 1
12619 10
5600 4
1008 2
9674 1
11763 2
14911 4
5713 1
13754 4
7948 10
3824 7
2369 5
7412 1
12706 1
6780 4
11126 1
6964 2
3156 2
1175 7
11575 4
11706 5
11939 9
2478 4
4589 5
7717 10
9602 6
13491 5
12994 5
12396 9
14197 1
15050 5
11196 9
14991 8
3127 4
2989 7
340 5
5802 9
12925 6
13259 3
13646 5
15855 4
16201 6
15040 4
15969 3
7572 9
12414 7
11299 5
1934 7
5616 6
6212 2
6771 8
11082 2
11244 9
15137 2
288 9
6068 1
1958 6
10979 1
1192 9
14986 8
8280 3
13758 7
8545 2
12663 1
8701 1
9821 3
13238 8
13906 2
3123 6
3189 8
7539 4
15812 2
10130 2
3657 10
240 6
1618 8
10455 3
8037 2
1394 9
13874 5
5210 8
1040 8
7496 8
8239 4
15713 10
10636 6
3989 3
3100 3
15793 1
243 10
4755 1
5409 9
14795 6
13258 9
15721 7
14499 4
878 9
15015 3
13263 8
8944 4
11760 7
8309 7
1032 1
4867 2
6452 7
13903 10
6035 4
15196 2
1250 5
14488 7
15681 5
4557 8
7214 2
6715 10
6458 4
15898 2
8629 10
15749 7
3700 3
15429 6
14438 8
16273 9
10158 2
1774 2
3946 1
6632 1
9999 9
2978 8
10751 8
12790 7
5560 3
16037 10
2390 3
3787 10
11439 9
6851 10
8663 7
6113 10
7982 6
13344 1
11457 10
11601 2
9556 5
2247 5
14664 9
1544 8
2840 4
16021 8
16061 2
2337 9
11195 10
8827 4
1969 7
10244 5
10311 10
6436 8
13085 8
2043 4
15109 5
5265 7
1779 3
7062 1
11124 10
14668 4
15148 1
12448 3
5513 10
2961 9
1652 1
3817 10
7640 4
8486 2
9676 6
13528 8
7709 9
13545 3
12091 4
14754 10
10004 6
11202 9
2736 3
15212 9
5901 2
13679 4
15962 2
8390 6
11101 2
13775 6
3937 4
3190 9
2045 7
9271 5
4543 10
4291 8
6875 5
14953 2
980 6
15060 4
3609 10
7150 1
16287 5
15760 6
10390 5
13868 9
6374 7
14263 3
14792 5
5370 5
5378 1
14221 5
4074 7
11800 7
5941 4
5142 8
8048 2
9328 8
9794 4
11097 3
10882 3
10393 1
8808 2
12689 7
6429 7
13538 8
11378 4
5209 10
2333 4
13637 3
7248 4
5523 3
12 3
2386 4
3009 8
8435 5
11061 5
247 10
7542 2
10975 10
1242 4
5849 1
10225 7
2533 4
4907 5
15542 9
16297 9
3591 6
8617 3
11193 9
12354 7
13589 4
14666 10
4296 10
5643 5
529 6
6862 8
6874 10
9525 3
14771 4
12312 7
11561 8
9923 6
13392 6
372 7
8678 6
8732 9
10397 5
1537 10
2050 8
12045 9
14947 9
3691 10
13786 7
8724 6
9980 9
13569 2
14427 1
12992 3
5683 4
9112 10
9501 10
13618 3
6414 2
16055 10
4394 2
997 3
7719 8
11926 2
9288 7
1112 9
10917 3
10029 5
6350 6
2672 9
6693 8
11240 8
11960 9
10191 4
15313 9
11428 9
1600 6
1917 1
3555 9
10319 2
9381 6
8455 10
15100 9
2074 5
3116 1
9606 8
1686 4
11833 2
5781 3
6062 8
13089 2
15538 4
2891 5
3621 5
3366 9
2571 1
3396 1
4637 1
6477 2
10750 7
13029 4
1104 8
5048 8
16362 1
4232 9
15153 1
15427 8
10341 7
11563 10
4427 2
87 4
14156 6
361 4
8495 4
5731 2
10141 5
4566 8
13446 10
10928 5
1765 5
16021 4
16082 6
1271 1
4408 1
9358 3
555 6
10212 7
7736 2
9284 6
10265 9
14414 10
3720 10
5305 2
6167 8
6353 7
11768 2
15200 1
3299 3
8453 8
11102 3
11290 7
12871 5
13292 8
7288 1
4610 8
3341 4
8759 3
9833 7
10574 10
7741 10
10547 7
1774 9
1782 10
4123 3
10090 1
10365 9
1276 8
6627 5
12579 7
10270 7
2188 6
5137 9
8904 9
13198 3
14152 10
10357 10
11545 5
12075 9
1657 3
6336 6
6420 2
10700 2
13047 10
908 5
12044 2
254 3
1918 9
9402 7
13927 6
2954 7
4541 3
1844 5
6040 3
7654 6
11190 6
14026 2
7841 5
14252 9
2391 3
14127 2
4406 9
12941 5
6486 10
4072 9
6213 3
8375 3
8501 2
6713 5
1268 5
2246 7
4976 8
2848 3
6795 5
781 10
1727 8
3639 8
9039 4
10148 9
3219 1
16181 1
866 10
16155 1
2162 8
11447 2
9155 1
4707 2
9204 3
11702 4
7948 4
14541 8
4435 6
10826 8
5650 1
4045 1
4443 1
16177 7
2448 6
5617 10
7815 10
11765 6
2968 3
5808 6
11826 3
16216 3
8776 7
6528 4
5945 3
13214 1
9123 6
907 5
4046 3
11034 1
11904 8
13442 9
13793 2
16176 6
11464 9
388 4
12166 10
7757 10
10074 10
12672 10
7972 6
10934 9
5442 6
2943 8
9159 8
14887 6
15400 8
13544 10
12059 3
15633 1
6104 10
7546 2
15660 5
12048 5
10369 1
3283 5
15909 5
15993 10
8455 4
15364 6
4831 2
4066 3
8808 5
1691 10
6607 3
9611 9
13151 7
13222 2
11505 7
8037 7
3209 4
11812 10
4728 7
5216 5
6135 2
9719 6
12435 5
13258 4
14421 1
1063 1
4743 6
5680 6
6873 10
8445 9
6645 6
8157 8
10090 6
775 9
2540 10
9375 2
10499 8
13562 6
14089 10
10528 7
13676 2
1395 6
5620 3
6485 1
12149 7
15218 10
3619 8
7645 3
15572 9
234 5
1565 8
4726 8
1387 7
13477 3
10817 6
16362 3
252 7
1965 7
3346 6
7596 4
12492 10
15741 3
14257 5
11044 9
4413 6
11643 4
12587 9
14577 2
19 2
2924 7
2438 3
3697 3
4999 10
7716 10
8521 10
10442 8
2594 7
15089 6
8292 3
3730 9
2371 1
2618 7
160 2
10021 10
11770 7
13720 8
15025 8
15058 8
13951 10
632 3
11526 10
12026 9
13095 5
14091 7
6018 3
10738 6
12263 10
4651 6
8718 2
1764 10
2518 8
4158 1
6658 8
10809 10
11843 4
2891 7
7958 6
7900 4
12602 4
16293 6
6743 2
10772 2
3853 2
3807 7
10189 5
13316 2
1812 2
15172 6
9484 8
2586 4
6050 5
4067 5
7392 2
2375 2
6351 4
9250 9
12410 7
15594 8
1188 9
3856 5
7305 10
11644 7
5000 4
2119 7
887 7
7269 6
6248 6
14148 1
1922 2
4765 6
9411 1
15127 10
11302 2
3501 1
9248 1
9856 8
312 8
1808 3
12450 9
14745 10
13482 6
9505 3
15775 9
10764 3
206 9
12959 3
87 7
1693 8
10938 6
15737 8
9637 8
389 6
5608 10
7247 6
11252 1
16249 3
11143 1
723 2
1043 6
15653 6
5312 7
1204 4
92 7
1367 6
4115 2
4980 1
11464 5
12141 10
9445 1
2118 4
6787 7
9641 7
12607 3
13987 6
7162 7
7409 4
239 1
10388 5
3893 5
7328 1
15965 8
1516 2
2417 2
12886 2
2516 4
3278 9
14960 1
14816 7
15946 8
114 5
3347 1
189 10
15181 7
3124 1
8367 10
14290 4
6446 8
734 6
3780 7
130 7
14210 1
14438 8
13702 1
12760 8
3378 7
3460 4
5127 2
3409 5
7225 6
11435 6
2955 9
15779 1
391 1
11867 2
12456 9
13191 6
14059 2
14897 4
25 5
994 1
11431 10
11750 10
12719 4
9394 1
11084 6
548 3
8001 4
13093 6
1339 7
15823 10
15975 9
16288 7
747 2
11815 6
8518 9
9369 5
8863 6
2011 5
11232 3
16330 8
15828 8
3200 10
3540 8
1175 1
11120 10
4427 7
5607 8
6887 2
10816 1
14734 6
2736 7
3139 4
16119 5
395 6
2296 9
12962 4
13947 9
8993 10
1984 9
9134 5
14167 7
15268 3
3815 3
9896 1
69 4
4410 9
5300 5
5440 4
6824 8
9168 4
252 10
3534 7
16199 9
1115 7
2306 7
3271 5
14537 9
9183 5
15285 10
495 4
7360 6
393 2
3240 10
2808 5
5434 7
915 2
1770 4
8134 10
548 1
3643 7
4674 10
8933 7
11320 4
13918 6
14164 4
5330 2
8888 2
15931 2
7862 10
8762 5
9964 5
13647 7
14138 6
6645 8
1254 5
53 7
7402 3
15832 6
2973 9
5056 8
6655 10
7403 5
10310 3
14891 3
914 1
3812 8
569 3
7553 7
14912 2
6862 1
9504 7
8354 7
10172 9
7622 3
14011 8
14849 4
13712 6
13562 3
7995 7
1253 9
7804 2
15251 4
1656 4
15200 6
7656 2
4021 9
1659 2
414 1
11565 5
2927 2
11366 3
365 4
9257 6
13066 1
891 1
8128 6
14362 8
4985 9
4661 6
15077 6
3049 7
16036 1
8169 8
2324 4
6767 9
2664 10
12830 2
4326 4
5889 5
11764 5
2655 2
5934 2
439 10
923 9
3517 7
3613 1
8786 2
11582 3
6499 6
8133 10
6203 8
2106 3
2987 2
5360 8
12683 3
475 7
8039 6
9299 2
7343 6
4737 7
8500 1
15276 5
3910 9
4678 2
9736 8
15993 7
750 6
2449 7
11557 4
15214 4
15317 1
7382 9
8038 2
4077 6
2601 9
2061 8
14730 2
3990 8
1178 10
2297 7
9354 3
13404 10
12836 6
15783 9
1847 8
4037 6
11003 5
10782 5
1249 10
4662 10
13813 2
9290 5
7992 1
5050 5
3940 9
6577 1
12465 4
889 3
1848 8
15061 8
10891 10
16339 1
5182 10
3187 6
8934 7
8993 1
11626 8
14550 10
3009 4
11103 1
11616 7
4324 9
12555 6
8875 1
10888 2
14828 6
1263 3
3933 3
798 1
3007 3
16345 1
13578 6
3041 5
6304 4
15622 9
1493 5
2829 9
8386 10
12135 5
9007 5
8981 3
9676 7
7738 8
6261 7
9747 9
11549 4
14926 5
7034 5
11586 7
16320 9
1785 1
14311 1
10166 7
5663 5
9357 6
39 7
13518 7
16184 8
1490 6
2653 8
3288 6
3722 7
5343 5
6703 2
15151 5
14471 1
9344 10
9836 9
9050 9
14787 7
522 2
16234 10
4202 10
753 8
8709 1
13868 2
11304 4
12045 3
3889 6
7413 10
15913 8
8499 6
278 2
11561 10
5099 10
9808 7
11644 4
14087 3
15257 8
8571 6
5716 6
15744 1
15301 5
4094 4
4580 5
13035 7
12484 6
3665 2
6226 3
12300 3
15584 4
14486 7
15687 3
3778 4
9168 6
11270 5
13376 5
14143 1
14762 10
13227 7
10126 2
611 4
2727 5
9693 4
11457 4
13293 3
4222 5
7896 8
2179 9
5858 6
8112 6
12305 9
1604 1
6430 4
7602 7
8802 2
11305 6
12218 9
2730 3
3674 7
15161 7
8546 2
2536 3
6882 7
2311 3
354 2
5513 6
6839 4
12007 3
10642 8
9368 4
9117 7
287 5
2869 5
4453 2
5790 8
6170 4
2225 3
8301 2
1118 7
3610 4
8645 6
14530 9
7167 7
12671 7
15827 5
304 3
1164 2
4055 4
11588 8
14990 8
6061 8
15177 7
3409 1
12911 1
15550 2
6668 3
4603 5
11966 8
11346 7
2033 9
8144 7
12640 9
1836 10
3830 1
5661 6
14851 5
14964 4
4138 9
3632 1
11212 8
760 3
4344 4
6915 5
4014 10
7300 4
1147 2
11361 7
2616 6
11521 1
13715 6
14605 4
13938 5
7267 5
6840 9
5630 4
10883 5
12310 5
2391 9
7070 8
13476 10
15144 2
769 6
7244 5
10477 10
12221 5
12578 7
14825 3
13568 4
3913 8
12492 8
1521 1
3029 3
6082 10
13695 6
651 9
12985 10
14186 9
14344 8
9242 6
5462 4
179 2
12034 10
15398 4
8488 5
7064 7
3867 6
4767 6
8112 10
12711 2
10306 9
14433 2
435 6
987 4
14832 6
9885 6
15055 3
11495 3
254 8
8373 10
14917 9
11442 9
2521 7
5456 2
8982 8
11061 2
11206 4
9078 2
15386 9
106 7
11155 1
2222 3
4105 10
2902 5
7717 7
13567 10
13891 8
9155 9
7022 2
15586 5
16286 5
2595 6
5896 3
6584 7
8399 6
9698 1
3566 9
11762 10
12206 5
16378 5
5831 3
6498 3
9121 3
11190 2
4591 9
10776 10
7505 1
12381 8
12644 7
7701 1
12682 10
13920 5
5862 4
15817 4
14760 4
7397 6
15731 5
2519 10
3173 4
12981 1
12702 1
10096 7
2993 10
16051 4
5236 8
9549 10
15527 2
2823 4
7380 1
9181 5
7894 1
2665 10
9036 5
10195 3
13098 8
14436 4
2498 1
4014 2
3104 5
15341 2
16012 2
8502 9
8007 3
14989 4
410 5
1791 3
2135 4
4392 5
5601 1
7477 5
3300 2
12832 9
6023 6
15016 7
7144 8
4470 10
833 9
371 10
10706 2
13956 3
1311 6
2282 8
4932 4
6590 6
9817 4
5300 3
7296 3
6600 3
15616 1
12280 5
14089 10
2020 4
10882 6
8998 9
12790 3
4906 7
6401 3
2744 9
13145 9
14032 8
9274 7
15729 3
15575 4
5748 2
12829 6
15601 5
2196 5
46 6
6297 1
547 2
3346 1
4083 4
2928 4
8650 6
12737 10
7390 1
15984 1
8336 8
9945 4
427 1
3682 3
8192 7
8022 8
11270 1
13071 3
1813 6
1916 1
15824 8
11257 1
16293 1
2759 4
6744 1
7059 4
6017 5
7312 6
8386 9
10476 5
14437 3
7888 9
12565 10
14951 8
15140 4
16119 7
13849 7
14569 7
15301 8
11125 7
9408 10
13563 9
79 7
6691 4
3459 1
5162 3
926 5
7568 4
7399 9
3386 6
6443 9
8986 3
9432 8
13748 5
1974 10
6298 9
10580 8
1791 10
253 4
4396 3
5052 3
6721 10
15897 7
2979 8
9857 9
7933 10
10058 1
15435 9
3123 7
14842 9
1511 6
1635 5
3145 7
4687 6
12684 5
14941 3
15660 10
6155 4
8199 5
3962 5
11212 4
11917 10
1022 3
6287 4
6683 3
6299 8
1241 5
2737 9
11262 2
9619 2
15560 4
3675 10
1750 2
9417 7
5841 5
2927 2
1610 1
11359 3
9106 1
60 4
14019 2
1524 2
15328 6
13924 1
14265 4
1174 10
14510 7
2810 1
4770 2
563 7
2428 5
4029 4
5551 6
7912 8
10084 9
9998 2
3806 3
4406 3
7125 10
7471 6
3846 5
13988 2
15703 4
2159 7
7137 10
9003 4
9664 7
1475 9
6828 5
9464 10
4137 8
9053 1
7671 4
7820 9
8519 10
9459 5
12473 9
15518 4
15752 4
3789 7
5882 4
8066 6
5642 8
16117 5
10321 9
12986 7
11936 4
9364 2
15544 5
2505 10
7840 7
5846 9
9833 7
565 6
6885 2
7080 8
11047 2
11153 8
11732 3
11771 6
13566 7
7695 1
8714 8
8384 7
36 6
3200 4
11363 4
12849 9
6501 2
11126 10
1833 5
237 4
15606 6
5943 5
11245 7
12929 2
11190 4
1646 4
15097 3
323 1
1602 1
12669 4
12155 4
3723 8
14640 10
12667 8
13029 5
11408 4
499 10
959 4
2473 6
3775 7
11197 4
6927 3
8837 8
7772 5
11080 3
15448 8
4415 5
2044 5
764 6
15149 5
5492 1
1842 8
2229 2
11189 9
6184 7
14048 10
6789 4
8020 4
7670 2
10878 5
12514 1
8595 3
6474 1
84 8
5998 4
7331 6
9742 2
11676 6
12374 2
12168 8
6841 4
11233 10
5870 10
4981 10
7356 10
10003 10
10252 9
14333 2
1001 6
6596 10
516 10
12764 4
4859 3
3320 9
14351 8
2214 6
1187 5
3908 4
15561 5
9441 5
6686 3
15 3
11815 8
8312 1
9826 9
1536 8
14517 5
14818 5
1155 9
15171 2
7257 4
16044 1
10152 7
12195 1
15300 5
1103 8
2428 4
5432 8
16242 8
7416 2
6037 10
11295 5
5325 9
8592 6
11267 8
11685 8
14622 9
5743 9
16119 7
1999 1
15589 6
14476 9
5818 2
16345 10
12362 10
7299 10
1444 10
1692 4
8141 10
3449 7
11246 2
566 7
1502 7
12288 7
2636 1
4781 4
8790 10
12819 6
10708 9
13516 1
9492 4
553 9
8509 6
9544 4
8017 4
8905 7
3489 10
3997 5
4087 10
6793 2
8367 9
10343 6
3760 6
16329 3
15645 7
1633 6
3340 7
9846 2
2646 2
8345 2
7753 9
12395 2
12128 2
16353 7
2807 5
2201 8
3940 9
2872 4
2904 7
5024 1
5353 6
11849 8
13395 10
15557 1
9636 9
195 8
15772 3
2320 8
13311 9
1968 7
15637 7
1746 2
8616 5
14589 4
6387 10
5650 8
7487 6
2855 9
4602 1
405 1
752 5
11614 7
9164 9
13270 2
11352 7
1394 7
8866 6
16361 4
2553 8
4795 5
7371 3
8937 1
13003 2
9875 9
6668 10
16240 8
13013 4
15506 9
11764 10
2123 1
4407 6
16233 1
2885 4
3825 3
11676 4
13535 5
11462 10
5621 10
656 9
7115 3
7466 5
6553 9
4421 2
1533 5
14984 7
9617 6
11314 4
2021 7
3641 8
14227 9
14425 5
6844 1
13907 2
4497 1
10154 7
11363 5
2789 9
8122 8
989 2
6065 2
10860 9
825 5
3488 4
5782 7
16109 3
471 6
1520 3
2948 5
4065 4
9296 4
14777 3
4253 8
60 5
3582 8
8450 9
8109 3
8535 6
14984 10
2291 9
6893 3
7066 8
8111 2
15226 1
512 8
3646 4
2325 7
5081 10
3414 1
14318 10
1961 6
2248 6
9744 9
15427 1
5666 8
5580 3
6876 10
11515 5
14143 1
5876 2
9830 3
459 7
1035 5
11239 8
14496 6
14722 5
15761 1
12456 9
7602 1
11478 8
1344 5
4085 3
5629 3
6830 1
7168 6
15617 7
13422 5
14260 2
11715 2
1677 2
2949 2
14948 5
115 10
956 6
4335 9
7545 10
12205 6
2200 6
1685 6
5326 2
5721 4
14937 9
5415 2
4366 10
5356 10
13705 6
16306 2
14274 7
160 5
323 4
577 3
15129 1
15725 6
5682 5
9257 9
14257 10
12880 6
4687 5
3355 8
10422 6
16250 2
39 3
11444 4
14201 4
6827 2
7574 3
1034 4
3125 3
4768 6
8917 7
14789 4
13616 9
15612 7
9942 4
9452 1
8084 9
1832 1
8779 1
2484 4
3598 9
8496 10
5896 2
7915 10
15152 8
13276 10
7354 8
9424 1
14386 7
10904 5
14191 3
10711 9
6848 6
8445 9
4214 10
5801 1
8885 6
94 1
8977 3
5327 8
6492 6
10651 3
11352 2
1977 8
9404 4
7661 1
16115 2
6832 7
8835 10
12958 5
15211 9
9406 3
12093 5
8911 7
11040 2
15456 6
1684 10
8734 3
793 5
2367 7
7156 6
8506 5
8574 10
14988 4
12306 3
6553 10
12279 5
12736 5
6514 9
7874 7
9343 4
10962 5
130 5
5294 5
15817 9
2116 3
6440 8
10428 5
12347 7
15211 8
9217 5
8242 10
10568 1
12111 5
5235 2
6701 8
14274 7
2811 2
514 3
14223 6
2054 2
9348 8
3433 5
3850 9
5570 10
8956 5
9516 2
15428 5
15573 10
3285 2
9039 8
2331 1
12095 8
186 3
1701 5
7880 5
14684 5
14953 4
6205 2
14037 9
7860 8
3839 7
1975 4
13057 2
7459 3
3101 4
9620 8
3253 10
1544 7
1427 4
5914 7
11870 6
10143 8
16350 8
6936 10
8657 10
8683 6
14449 3
16122 2
11213 9
9846 7
6282 9
2749 1
7479 1
7821 4
13710 5
5273 8
534 10
3294 3
8694 7
11656 6
14950 2
8080 8
11220 5
5856 7
8592 10
6608 7
6621 1
2040 3
2838 6
3206 4
8032 5
5015 10
3415 5
5891 4
11023 2
9167 4
4087 3
16343 10
13045 6
14177 1
2630 10
14320 10
5167 5
11526 9
146 9
2579 3
13087 4
8799 4
3024 8
11224 5
11456 3
10494 5
3590 10
13681 10
7025 8
7849 5
1424 10
10731 2
12887 9
14041 2
4211 10
3836 10
12214 10
16093 9
6182 7
10325 5
12010 2
14501 4
14799 6
8027 1
5714 6
15972 3
4613 2
11509 10
13469 6
13902 7
13177 5
13084 10
5174 7
7711 7
10296 4
13143 10
10794 3
6658 5
11839 3
13512 9
661 1
3949 1
10197 5
4745 7
12259 9
4226 4
11603 10
9932 4
11633 9
14633 6
15362 5
11973 8
6636 9
9962 9
14343 1
10013 9
10432 10
1381 3
10425 6
11737 6
12273 6
12697 8
11891 1
2881 4
6724 10
9469 1
5836 6
14297 1
6334 5
11896 9
8458 7
13675 10
8516 1
11881 2
8073 5
13760 9
3654 9
4013 9
6830 4
4665 5
15518 3
8771 1
13608 5
1962 6
3783 9
1553 1
8425 10
12474 8
3173 6
16095 1
11623 5
1038 6
5059 3
6095 2
6482 7
12326 2
12936 6
14443 3
7745 10
1370 6
256 4
11064 6
3665 6
922 9
9108 9
176 1
2446 9
9140 4
1136 10
4726 3
9192 3
897 6
258 1
16221 5
8334 4
9317 3
9868 6
13504 9
8084 1
2691 1
11869 2
5276 5
16283 1
299 9
6738 10
9306 9
13172 9
2407 6
12237 7
4157 10
9766 4
613 6
1574 3
3596 4
3675 10
4735 10
7634 4
8970 10
3283 7
2987 2
14329 6
15160 3
7973 8
8332 1
13121 9
210 10
3195 7
12247 4
12662 9
9114 10
14963 4
12277 1
16184 8
16298 1
2374 10
6497 4
8481 1
11920 1
4187 6
1527 5
3757 1
10830 2
12907 7
13901 3
8696 7
7609 8
15995 4
6554 9
3622 9
18 9
8131 2
10072 1
10503 7
10827 5
6085 5
5640 6
1798 10
3010 2
7184 3
8268 8
8975 7
9485 8
11459 6
14995 6
3291 5
6328 6
13899 6
15581 4
984 5
2293 10
4627 10
8018 4
11936 10
12856 9
5322 7
8684 6
15091 7
8303 8
2684 4
9305 9
15978 6
16060 10
72 2
8739 3
3915 8
4861 1
1117 10
1691 9
14544 3
14626 4
9842 3
7791 6
4134 1
10921 9
12753 1
12974 4
4002 8
3956 1
6951 8
8468 4
14979 4
12510 8
846 7
6673 3
6816 5
6859 8
12252 4
13414 3
14383 3
5312 8
1115 10
13030 9
6948 2
14608 8
10050 7
9694 6
13568 6
9494 6
2582 3
4862 3
14465 8
15359 10
14366 2
14256 7
1476 4
5355 8
2257 8
4403 10
5430 3
6156 3
6998 10
14474 4
15292 5
11334 1
16012 4
870 8
3522 7
6467 7
12597 10
5203 2
3748 1
12307 4
1005 3
4519 6
11427 8
4953 4
1763 10
6112 4
6122 3
7671 4
9281 9
9421 8
10501 5
9967 6
6706 10
821 5
2985 3
3695 10
7426 7
12313 7
3609 10
8698 7
8236 8
6114 1
1923 1
4350 6
12214 3
14124 7
12004 6
841 2
12118 5
14214 7
9189 2
10549 10
7968 1
1948 8
4389 5
11319 4
12457 10
12992 2
15360 7
4910 1
2036 9
9465 1
6416 10
1760 9
4604 7
7538 5
6921 4
12846 4
14062 3
918 6
9674 10
12181 6
494 6
6099 3
519 1
13652 10
2571 1
10964 5
544 4
3189 1
6190 10
11390 5
15642 6
3245 10
14575 4
16062 2
11569 8
1072 2
12209 7
13449 5
13485 4
14280 4
7863 2
3289 9
3904 9
8930 9
16054 2
4018 1
4879 8
13692 1
12005 3
6330 9
2807 8
11709 10
8841 6
9075 10
14809 7
15057 1
5123 8
7057 10
3743 1
1504 3
15248 7
15560 3
6834 6
12033 6
4888 8
9716 1
1695 10
2673 9
5098 7
6188 10
6935 5
1297 5
12689 6
716 5
1783 8
7890 5
9969 6
14592 7
5803 6
15548 5
1511 2
5173 2
11358 7
14320 1
5395 4
2182 9
610 9
6733 9
14171 4
16173 4
14400 8
11902 10
8918 1
268 2
10971 7
6887 8
6137 1
11733 1
6836 8
9492 7
12439 2
8182 10
2167 1
7565 8
601 5
7500 3
12193 9
14785 8
530 5
10494 8
15454 8
5417 1
4776 2
13736 5
8544 8
12318 9
15145 3
2720 6
11163 4
14364 2
5830 2
7729 7
8057 4
8367 6
9089 6
14928 4
7629 4
6962 7
43 3
3367 9
5789 5
6733 5
15007 4
15309 10
6058 4
13663 2
15437 3
7306 5
2269 2
10166 10
7328 4
3474 4
6472 8
11463 6
13698 2
2450 2
8817 2
3436 10
7002 1
10225 6
5549 4
2952 3
5726 4
5939 1
7482 7
15516 1
14636 1
4744 8
969 1
1482 3
3856 7
674 6
16034 5
6404 3
8321 8
8668 6
9355 5
4252 8
11504 2
11089 8
8622 6
2443 4
2977 4
11038 9
0 8
6560 8
11902 5
9719 9
1316 7
14812 4
15364 7
7960 4
13030 8
9903 7
5777 5
4303 6
10202 4
3616 10
3794 9
9526 1
14536 10
5883 6
1009 6
14413 6
15584 4
1350 8
3531 5
493 1
10736 4
16324 4
10917 8
11218 7
7408 4
9818 4
7519 3
2127 10
7854 1
13367 3
590 1
7691 9
7601 5
7662 9
9643 8
1053 4
4011 4
6035 8
6736 7
8506 6
9632 9
15257 7
1402 8
585 8
15865 6
2732 9
15277 4
10168 4
9189 2
10364 5
11334 4
15033 8
5715 2
13798 6
10631 10
10947 2
13140 3
2289 7
8936 3
15848 10
2179 3
4423 6
5931 3
6795 6
7866 10
11379 7
14239 10
15282 1
15379 6
4734 6
8252 4
11680 5
8617 9
16169 4
5708 6
7169 6
13369 1
15635 1
5863 7
2457 1
14185 9
98 6
10180 4
10774 2
15110 5
7489 7
6033 5
6166 8
6490 8
10401 10
10698 6
11314 8
11196 1
5104 1
4505 1
5371 9
9148 9
12357 8
4730 8
6674 8
335 4
1649 2
2846 8
5180 4
65 1
6754 2
16038 1
2532 4
4890 7
11288 2
14288 9
5577 2
10614 5
4121 2
12187 3
4593 10
15851 8
4643 1
5749 4
6150 2
6172 5
14955 10
315 5
10725 6
1412 3
13061 5
6014 6
5193 3
675 4
1213 1
4060 7
10736 4
3804 10
9749 5
2186 9
8906 5
6517 4
6942 9
1435 2
2784 2
15616 3
3806 1
11057 9
9550 4
13151 7
502 5
12504 10
15307 4
3776 7
12094 9
2037 2
5021 9
8523 10
12289 1
14052 8
14070 9
8384 8
3924 10
12358 10
14234 9
5792 5
6826 6
15452 9
10771 9
7733 1
681 2
1143 10
1786 1
12585 7
14921 1
11022 9
16001 8
4298 9
4369 9
9121 4
10870 2
6735 6
2687 8
431 7
2193 3
7227 10
4622 1
381 10
928 10
2007 5
7831 10
933 10
1804 3
5745 4
15464 1
16084 2
3244 2
8760 2
9956 8
13944 8
10331 9
9764 4
2034 6
7108 3
2713 9
11255 3
2666 7
12655 10
14080 1
6660 1
5157 3
4517 9
6913 6
10916 1
2753 9
2290 6
15498 9
7646 9
14085 2
8059 4
8535 8
15989 2
11353 7
2628 1
6741 7
15931 6
5805 1
1847 8
2762 3
3682 4
5009 7
14619 9
3515 9
13929 1
6618 4
3879 7
13553 5
11460 5
11584 1
11346 10
1387 10
3258 2
11840 2
13990 4
14068 1
12163 9
13235 6
13535 9
1167 10
1769 10
11665 4
12459 6
15962 3
6680 1
10192 6
4754 10
13075 1
9562 1
14821 1
1391 5
6792 7
7777 8
13514 9
5096 8
2559 8
10014 2
1655 9
2078 10
15359 1
10224 5
11097 4
13741 3
14060 1
10100 6
11522 10
16069 4
4847 7
5987 4
11303 7
14568 10
1784 8
8489 4
7424 7
7455 9
128 9
2416 1
7083 5
5925 5
835 6
1587 4
3291 6
5656 4
12345 3
2558 8
6022 9
192 5
14257 3
9080 4
3574 6
15146 3
16225 9
6996 2
3646 8
6551 8
12709 6
4873 1
7484 8
5008 6
13786 2
10599 5
12238 8
11586 2
12254 1
6051 1
6996 8
6231 7
9451 10
2813 3
312 6
16049 4
3193 7
12605 2
422 10
15089 5
7437 4
8514 9
12428 9
12575 3
13170 9
15156 7
1779 6
1716 9
6365 1
8044 7
9070 2
13425 3
13704 10
13720 1
14877 1
14338 3
14842 7
4839 3
7219 1
9007 5
3508 7
6405 5
2461 3
3719 1
4582 8
5556 8
13696 4
8274 7
14853 7
4262 8
23 7
8751 5
15241 9
3384 9
12017 4
7410 1
14553 3
12381 2
8862 4
2989 3
16303 4
1798 8
1855 8
6213 8
8633 10
12913 10
15123 4
9901 5
1046 7
9665 10
5858 9
14800 6
5089 2
11085 8
15357 2
3736 2
16209 2
4220 4
2227 4
2695 10
5494 9
15023 10
5012 3
9566 1
11601 9
7831 10
3626 5
4030 9
6177 3
9782 6
7687 7
1804 6
13500 7
3489 5
6824 2
7285 7
12078 9
12235 3
8164 7
6589 7
3328 1
6732 2
7095 2
7201 8
13810 10
12587 10
10482 10
3188 8
6637 2
4793 6
12121 5
15548 4
11234 9
9404 8
15656 9
4933 8
7407 4
12325 5
12880 8
14931 6
14017 4
662 9
7013 7
16071 8
766 2
5695 1
3241 6
5039 2
13283 4
13746 4
1052 5
8526 7
9795 10
10624 5
11214 7
11386 10
15203 7
7878 4
5122 6
2747 3
13980 10
593 10
2249 1
2735 6
6679 9
12648 5
5821 1
12097 5
6821 5
6873 9
13574 10
15467 10
4168 9
12203 1
16259 10
2701 8
7077 4
8741 1
8978 9
11533 4
14123 3
14163 2
14376 5
9350 9
14565 10
15564 8
8804 2
15840 8
5862 5
670 7
13660 9
9752 2
14773 4
13673 8
2966 7
9839 5
12848 3
3293 1
6171 3
11397 7
14952 4
14974 10
15068 8
15526 5
7228 8
11108 3
3539 2
6937 8
11129 5
12008 2
10481 2
15469 8
7317 7
11075 6
1656 10
2090 6
2258 10
4705 6
8587 9
13006 8
8768 10
9623 7
16174 2
5902 6
414 1
1301 3
1709 3
12980 7
13421 4
7201 7
330 5
108 1
167 6
2065 3
4994 7
5207 1
10387 4
12569 8
10931 4
10471 7
2014 8
7721 2
734 1
10727 7
11072 1
14558 9
15480 6
9461 9
10950 8
11683 5
8251 8
16207 2
3231 1
5335 1
14678 4
5389 10
2103 3
15896 3
8028 4
15314 6
6577 7
5883 3
11633 7
314 3
1923 4
5161 4
5336 2
7712 7
11420 2
11727 5
13549 8
10982 5
1417 10
8839 3
14285 9
16322 6
3394 9
1428 3
9917 2
157 6
12675 1
16144 10
11066 3
4711 4
4224 5
5352 10
15824 8
9717 10
15913 7
1730 9
7315 8
891 7
5021 2
16120 8
435 5
3842 3
6292 9
10303 7
13653 7
14101 10
4097 3
5592 5
1138 2
6892 1
13025 8
10903 7
588 7
3755 5
7562 6
9780 3
1868 8
10101 1
11276 8
13659 6
3649 9
7042 7
8590 10
4729 10
3607 10
11784 3
2453 8
5070 10
8227 4
9537 1
11271 5
13853 8
10973 8
5541 7
2145 5
3340 6
3562 1
7819 6
9342 3
11334 2
12599 7
11094 5
15881 8
10795 1
2582 9
7223 1
9443 7
10378 7
15759 10
2705 10
277 2
6254 7
9436 9
8060 3
14955 3
7548 6
3191 10
1630 6
16331 1
62 2
12489 3
14146 5
10593 4
5407 10
6711 6
8422 2
2776 4
5874 2
15767 8
11342 2
2173 10
5310 8
7959 1
3747 1
5731 1
10503 3
13905 3
5814 10
6218 6
4217 2
8107 7
8476 9
11548 5
7936 3
12631 9
11195 1
11472 2
7392 3
9045 6
15154 1
15351 4
13290 10
3603 2
4461 3
15287 6
2198 7
14240 10
15926 7
1978 3
4042 2
1974 2
7630 10
14046 5
5458 8
12554 7
13623 3
12096 5
13690 6
8935 8
3007 7
9958 4
12751 4
3275 9
10791 8
5314 9
6807 8
7463 3
10172 6
15054 7
8748 10
8986 6
2934 5
611 6
2932 6
5337 5
10507 1
1086 1
4542 1
8585 9
4246 5
4269 8
7578 10
14630 8
6101 5
4989 5
1289 8
12351 8
9037 5
9918 2
13667 5
15030 9
7137 7
954 9
8671 5
7217 5
8709 5
10582 3
10906 2
9267 6
7666 8
15756 6
192 10
12906 8
9491 6
14207 5
2585 6
5452 6
11917 8
12653 6
14434 7
3891 4
6320 10
1765 6
14525 1
1650 6
8561 10
3673 7
1851 6
1963 6
11971 6
12300 4
5753 8
12341 8
22 6
6334 8
15946 1
509 3
1953 10
6204 7
14542 2
14024 2
5765 4
3926 9
4594 5
5056 5
6435 8
7474 3
5404 2
9678 10
4620 4
5031 3
9776 3
4456 10
1668 10
610 5
2297 8
12474 10
14551 4
8494 1
10499 1
2465 6
13149 6
3600 4
13351 2
11173 5
7585 10
7125 7
3610 10
6862 1
4308 6
5280 9
13061 10
9678 3
1209 4
2773 4
3293 1
5012 2
5741 10
2852 7
3474 8
5909 3
13490 5
16068 8
9546 9
11669 3
13503 2
7432 7
9909 8
3618 1
14011 7
8401 2
6665 10
11322 7
1441 9
1758 6
2723 2
13666 9
11142 8
15935 7
7699 6
12147 2
13079 2
14827 9
6567 9
406 9
4486 4
12029 5
15089 10
2932 7
10254 6
6238 6
8599 1
9127 7
15847 8
12468 6
5809 2
6958 10
3980 7
12420 7
16195 8
14892 6
6463 5
10715 8
13534 5
140 5
88 10
845 4
3148 8
5627 6
9156 5
7960 9
10004 10
2905 5
1446 10
4461 6
4654 4
9364 6
10311 7
7321 2
11235 10
5082 2
5430 4
16134 10
8353 2
10954 6
12144 10
13934 3
10188 4
14616 6
16264 6
1782 8
5634 5
5598 4
14830 5
5655 2
7810 9
14811 1
5730 4
5831 6
9389 2
16315 4
10298 2
15135 2
14844 4
5791 2
4457 4
2418 2
1427 2
1830 5
3102 10
4246 5
6260 10
6529 8
6162 8
3447 6
6089 1
7183 2
7647 7
437 6
12319 2
4432 6
12422 6
13779 6
11997 3
13580 7
2485 1
2803 6
9889 2
14195 1
14145 3
9670 9
2243 2
4049 7
14452 9
15230 10
13864 10
3159 6
13104 6
1433 7
5841 6
8244 6
12001 2
16280 6
5505 6
1234 3
14968 5
15833 3
9102 3
14054 8
14069 6
9569 6
13579 5
13592 7
15571 7
8520 9
9956 9
1616 7
4620 2
7275 7
11335 3
14392 4
15363 2
2627 3
1892 7
8234 5
148 10
760 2
2942 5
8342 2
1394 7
3733 5
11310 7
12136 8
8204 4
12808 1
16126 4
8581 2
2313 5
6331 8
6967 3
9760 7
10575 4
5468 3
638 5
9515 2
917 3
6981 8
13484 1
14511 8
8972 10
4422 7
9602 8
13980 5
860 7
6123 5
10142 6
10883 7
12505 2
10979 1
789 4
5466 2
1026 10
15221 5
14170 5
13424 3
675 8
8325 7
11938 1
11796 4
1403 1
2558 2
3623 3
3922 4
13540 6
14276 5
14439 7
9400 9
4654 3
16177 5
247 6
5064 9
7249 5
11336 6
13960 2
14846 2
388 4
4250 5
8069 4
10096 5
11023 3
13707 3
15428 5
13819 8
6649 4
2815 10
7786 3
14600 7
7525 10
12444 3
2890 8
6158 4
10150 3
12903 10
13305 1
1750 7
5319 8
523 7
5476 9
10080 1
11119 5
5336 6
14460 1
3252 5
15840 7
15514 8
2599 9
12610 4
8423 7
4235 3
9092 3
14190 10
16026 5
12997 5
9922 5
6604 6
5790 6
11100 2
8114 4
774 10
8090 10
441 4
810 6
1875 7
4271 5
5966 9
15336 3
16056 6
6116 2
9651 5
12856 7
8238 10
4861 8
2334 5
3511 5
4618 6
7487 8
8637 4
12599 1
2697 9
8811 5
8301 5
11768 9
13155 2
2428 7
12852 7
12571 8
13948 8
13037 4
7610 4
14519 2
12987 6
1101 2
16032 8
15319 4
13397 6
1842 9
1952 9
3286 3
7124 3
15100 2
14544 3
14980 2
15263 4
571 6
3722 8
3960 3
7721 8
8915 8
9746 3
11102 3
7007 3
15856 7
335 4
12086 7
14067 1
1998 7
9594 4
7156 3
7304 4
6100 9
11342 4
2198 3
1865 10
9920 4
10469 5
6962 2
11958 9
12145 2
11992 2
1705 7
1897 3
8830 9
2257 2
7136 2
8446 7
15785 6
9669 2
15478 2
10191 5
779 10
2827 10
6145 7
12480 7
13498 9
8400 9
2107 5
10232 9
10523 2
2686 6
9714 5
6290 3
4925 6
7341 3
10408 6
5375 6
11601 9
14248 7
1158 6
10957 1
10881 8
923 10
4619 8
8812 7
9146 5
10408 3
13688 4
13806 3
15878 7
11661 4
2955 5
12372 8
5001 2
8957 8
10442 4
11957 9
14222 9
6076 3
6775 5
13508 4
11319 10
1309 10
4668 6
6555 8
12706 4
13346 6
14983 5
10974 2
8914 9
14975 10
2697 6
8785 9
9445 5
9712 9
12760 1
7443 2
5443 9
115 3
5456 1
9140 10
11612 8
10451 4
14879 7
4586 2
14149 10
6433 10
6749 9
13202 1
14639 1
3118 7
16198 6
8448 5
9019 2
11174 3
14793 8
13494 7
2137 2
4949 6
7274 2
4139 10
5837 1
14573 7
5858 8
3022 10
14500 3
13505 2
10605 10
16349 4
3177 7
4683 10
5743 3
15868 1
15460 8
4907 9
5651 1
13291 7
15135 1
13966 8
506 6
12101 5
1185 8
2264 4
13023 4
11210 7
4783 3
15094 4
3670 8
7248 4
14264 3
16146 1
13514 4
8554 1
9180 1
5806 10
14615 9
562 9
2594 6
6944 6
10537 3
11904 2
12200 1
12497 6
14224 6
14596 10
15000 1
15195 1
425 10
831 6
3254 3
7166 8
13605 4
228 7
9627 8
11502 2
7521 8
8605 4
9467 7
10572 8
11323 5
1518 7
2894 4
10234 3
497 6
6913 2
9305 7
9982 4
14300 3
7999 1
11281 7
2777 6
7897 5
11501 6
13152 1
14195 10
2671 1
1341 6
2389 6
3214 4
8520 5
11161 10
9951 1
12941 3
8682 10
242 4
12977 6
13815 8
12706 3
7157 9
4276 9
14463 3
3865 5
4766 8
7962 6
12375 7
2885 8
10919 5
14909 7
12499 8
16136 8
123 4
2030 9
5132 3
9311 3
11468 2
6327 6
6837 5
2210 5
3022 3
8943 6
11182 7
14642 5
6209 2
153 2
10573 5
10667 7
12941 7
14427 6
15790 3
817 9
15375 2
6452 5
6091 4
6500 10
15055 2
2501 8
3387 3
8315 6
14008 5
9021 9
9535 8
12636 2
15245 3
10754 2
2923 6
990 3
13696 2
13233 4
10403 9
5300 4
15459 8
6407 8
11203 1
14721 6
1374 7
14062 3
1277 3
1741 4
3875 8
7223 2
10951 4
13181 4
14071 7
9268 4
12885 2
1659 8
10938 3
378 1
629 3
3420 2
8684 10
9854 5
9563 1
8761 9
9069 4
15351 3
526 9
7475 4
8568 9
14967 2
12124 8
2740 10
9366 2
11711 6
14013 8
14838 8
1883 8
1479 5
11872 7
6575 5
10079 1
12417 3
14557 5
4655 9
7087 8
15676 3
12051 8
1605 2
1946 5
2547 5
6915 10
6977 7
219 6
2594 10
14746 5
1044 5
1553 3
8270 8
7325 5
13681 10
14968 9
12701 5
10828 9
5261 7
15467 9
67 4
5179 10
10898 5
14541 3
7745 8
1245 8
8333 7
4075 2
5680 2
14157 9
14837 7
303 5
3490 10
8659 7
12218 7
5743 2
15705 6
12015 7
14927 10
2922 5
2311 5
8156 10
6231 9
14688 3
14934 6
3876 3
13920 10
4344 10
3851 4
253 2
5707 4
10625 8
4153 4
12268 3
8699 10
10961 4
2628 9
5747 2
12843 7
10537 8
836 10
2263 8
3012 5
7396 4
8213 2
10721 8
15562 1
8769 4
8061 2
7105 5
1683 2
14412 5
12516 9
14153 1
649 3
8615 3
11610 7
6237 5
15320 2
128 7
3565 7
3576 3
8878 1
12989 2
34 5
14834 6
13725 2
13078 4
2191 8
13972 7
15784 2
11662 7
7888 8
54 1
10337 7
11890 3
5691 8
10901 10
152 9
2454 10
9327 8
9295 3
10089 10
13331 5
11647 8
2820 8
3936 6
5037 3
9098 10
10401 5
10464 2
14862 5
10788 3
12173 10
10503 1
3844 1
13379 2
13723 6
14951 6
7918 5
15428 10
15494 7
2191 6
9246 1
3192 3
1016 7
5053 7
10492 5
424 1
15700 4
11451 8
775 4
2407 9
3840 5
8565 10
16358 10
14394 4
10860 9
2560 5
2223 5
6776 7
4384 9
3107 6
3667 2
13420 1
13024 6
14358 10
3918 5
11751 9
12305 8
12653 10
4371 1
1272 5
6580 10
12377 5
15776 8
2213 5
296 1
953 7
4126 7
7407 10
14839 9
1690 10
6489 5
6031 6
10209 3
14487 3
16260 5
362 1
13270 6
7492 10
12112 10
15162 2
8 9
14665 5
2666 6
5108 3
5252 2
5898 10
4464 3
4067 2
699 5
3543 3
8668 6
6028 1
6986 1
1904 2
3658 7
13039 6
14471 4
2412 3
6741 8
16182 7
10478 7
2634 4
9303 5
13475 9
9859 9
10346 10
693 8
10882 3
10430 3
12509 4
12912 9
3325 8
2896 4
7103 6
15048 5
2015 3
2336 2
2813 3
10931 5
7921 2
11798 6
7075 3
8592 3
13079 4
14029 1
7416 10
16030 7
16088 10
2361 2
8230 9
8844 7
12466 8
13074 4
15553 2
15714 4
4011 5
1466 2
13221 7
1410 1
2605 6
2897 6
12560 7
14779 2
8708 8
8589 7
5746 8
6767 2
11485 8
13838 7
2928 8
9300 10
6046 6
351 4
11787 1
7363 8
8653 10
6718 4
3059 7
271 9
497 7
7252 5
10038 8
10487 10
11131 8
6041 6
9400 5
15026 3
8878 2
8013 6
2589 1
5351 1
11433 7
235 7
11547 8
8603 9
7481 5
13214 2
12034 6
4992 3
6707 10
11589 6
11772 5
12186 6
10591 1
15210 5
7398 9
4742 9
187 4
9212 8
11143 2
15403 4
15369 8
16106 10
1609 10
3525 3
2796 3
13429 8
1837 9
687 3
9424 8
13669 10
13862 2
15220 6
12020 7
8463 6
16342 7
12812 5
12686 9
3593 4
6854 3
6970 1
7269 2
11297 1
8624 9
4659 2
14408 10
14991 10
9224 1
12592 7
553 8
14723 5
15915 5
3801 4
4204 6
7398 3
10011 8
5869 3
2792 3
8525 3
4083 5
2130 8
8764 3
10440 8
11799 4
14453 2
4518 4
2424 5
16011 7
13166 1
10638 2
14122 3
12425 10
5284 10
1044 5
13577 2
14427 10
14614 6
15115 3
15923 8
11034 6
14914 10
68 3
1651 4
3975 3
7769 4
12067 1
3583 4
5456 5
1827 10
3640 5
8435 10
11365 3
1034 1
15745 5
5459 5
13822 5
5247 3
11041 9
7352 2
5744 4
10964 4
12965 3
2775 4
4112 4
15488 1
13197 5
3129 5
4297 6
7368 10
13286 5
14718 4
6600 9
15366 10
2229 9
2938 10
10468 1
13935 2
14649 6
15765 1
9052 3
1004 8
318 5
9238 4
6791 5
2928 3
14907 4
14812 7
9758 9
11403 3
6608 5
7961 3
16243 1
6578 3
8134 4
7545 5
7604 5
5143 4
5729 5
8092 10
15290 1
7488 1
13690 3
3926 5
9120 6
10024 6
15603 1
4615 4
139 3
4116 4
9011 9
3045 2
8024 10
14435 5
14449 7
13643 9
16215 8
5763 8
6488 7
7857 2
7012 9
7748 7
7303 8
14259 4
6084 7
150 6
16159 8
4985 5
14377 2
14982 3
8318 7
12516 1
15802 4
413 3
3941 9
9900 9
14648 8
6669 8
1764 6
13763 1
9888 2
2682 8
15549 4
1560 4
1031 6
3223 7
6152 5
13715 9
2542 7
6768 10
4980 3
8546 8
12176 7
186 10
10300 7
16087 9
1659 10
7416 10
8238 1
16114 9
8780 5
3618 10
15726 2
2353 3
2822 5
6736 4
8749 5
9424 2
15392 10
16344 5
106 9
7011 2
8253 7
4360 1
9438 1
7174 2
15918 6
7540 7
14155 7
10335 10
2168 1
10482 8
13911 3
3046 3
14559 7
3483 1
8673 3
6674 7
9542 2
9334 9
5735 9
13799 2
14001 3
15705 10
1563 7
4224 2
13369 6
5339 5
6651 7
8612 7
12404 5
15369 2
9278 10
10381 7
9114 5
15725 2
5693 1
3658 1
14516 4
5396 7
3920 4
12030 3
7163 2
12061 1
7171 9
5823 10
311 10
2172 10
7476 4
7938 10
11688 5
14583 3
152 4
6117 2
10414 3
12014 10
12143 2
13481 8
13516 7
1425 6
8810 4
7774 3
11001 1
5157 6
15875 8
143 6
1839 9
15794 4
3738 1
1757 8
10757 7
2722 3
14981 7
10260 4
1162 4
1377 3
7557 7
13441 10
15818 8
7699 2
3947 3
5888 10
2379 3
5948 4
11483 8
14200 9
14511 1
3088 3
7815 2
962 3
16180 5
9363 3
13521 9
12021 1
8859 9
13224 4
13281 9
3832 10
13199 6
2717 2
14385 6
2388 1
8620 4
9834 8
11578 6
16248 9
6039 3
12254 10
1123 10
13803 7
8177 3
12203 3
4264 6
4691 5
9852 2
8174 7
2177 10
7546 6
9333 2
10471 9
2839 4
857 4
2851 7
5668 5
7594 4
2430 5
6644 7
5378 7
3138 8
12308 6
9685 10
4522 2
14388 2
2172 8
6541 1
6954 7
8760 9
9716 6
10275 1
12752 5
4436 8
4610 9
1388 4
2245 9
2850 6
4915 6
7748 3
15403 6
7777 1
5961 4
2177 7
3946 7
10851 1
13257 6
10336 8
11006 2
15779 2
12090 10
532 9
10804 1
12741 9
14578 5
9034 3
6847 4
13296 8
4419 4
976 9
5019 4
10176 5
2741 10
5270 10
8358 7
8583 5
14195 9
16053 9
1620 9
120 7
1927 8
2931 4
5067 10
7615 2
95 7
4388 6
16011 10
11341 6
8259 2
12754 5
2115 7
7350 9
12510 1
6129 4
1267 3
6195 2
10010 1
11163 10
12093 7
4400 3
246 9
9592 8
3611 9
9985 7
12734 9
1791 5
2168 10
2576 4
6510 6
8597 5
9837 6
2196 4
5618 10
15675 9
2823 9
5248 3
9537 1
9775 10
12713 7
1018 6
6941 9
624 2
1094 7
7513 6
10696 7
12783 4
15689 1
16355 2
8825 5
5425 3
3650 4
5503 10
6127 1
12713 6
14735 5
9041 9
7680 7
8402 6
2455 4
7079 9
7607 7
7826 10
5914 5
13811 7
3383 2
14045 2
14772 2
14804 2
4529 4
9601 9
3352 8
1112 10
7199 3
5472 7
8655 9
16109 9
377 4
13370 5
11467 3
4907 10
12025 3
2010 7
12264 1
5827 3
4209 3
11618 2
13309 6
8975 2
3472 10
4135 8
2354 4
241 3
9856 3
1703 5
2029 10
4884 8
11479 5
14517 4
1068 9
432 7
3178 3
3856 5
10587 8
457 4
6036 3
89 7
5915 3
10102 8
12773 7
16021 10
6309 3
12944 7
10962 9
387 5
8097 6
11153 4
12434 6
3483 5
7074 10
3513 7
6238 5
15193 10
3806 1
7095 8
13948 1
3991 7
13924 10
16099 9
15628 3
3460 6
8932 6
11187 10
11876 7
783 6
302 5
523 8
1714 8
9297 6
9326 6
7549 6
14801 4
45 5
5428 2
11814 1
3106 8
2522 6
4203 8
8792 2
4098 8
14933 6
5488 4
3641 4
6879 9
6761 6
9670 4
9970 6
13761 5
16054 9
1776 10
5578 1
8614 5
8166 1
15651 2
1968 9
8541 9
8485 7
16186 8
9577 6
12186 2
6240 9
11210 9
14075 5
1613 6
2297 10
4375 1
10520 7
10998 5
15585 5
7488 1
14877 10
26 9
4404 8
1418 5
106 7
2127 10
8297 7
10065 5
15606 7
13840 10
15566 7
1961 5
15471 5
2530 9
2663 10
5540 4
6006 10
8112 10
12046 4
12212 8
12803 8
13072 4
15841 8
14350 8
5852 10
8117 10
9078 9
4264 3
1822 9
5725 5
15665 2
709 2
793 1
1599 1
2770 2
4969 1
5867 2
13228 4
9252 9
13938 2
1520 10
5911 1
1601 5
12434 7
5630 8
10692 5
6737 9
4652 9
12198 4
12865 7
8595 10
14244 10
2615 1
4190 8
4358 6
6222 2
6492 4
7329 9
9143 1
15901 4
12706 6
12617 6
14533 3
11780 2
6227 1
4085 7
14726 6
299 6
5496 9
7865 5
7504 8
11266 1
14641 5
2556 9
10484 1
1791 3
2207 3
7232 1
12181 4
3823 6
5177 4
7445 3
14343 5
1835 2
3469 7
1476 6
6714 7
11556 5
11867 3
5059 9
16369 7
1553 5
9493 1
13701 9
12587 9
6347 4
5438 7
1723 7
2238 7
10674 3
2382 5
15885 10
15328 6
6728 7
12228 4
14698 4
15305 4
5281 2
3000 9
5011 2
7859 10
4223 10
15959 8
12378 10
2081 1
4595 2
13459 5
7706 1
14089 5
2702 7
1048 8
5511 1
6079 1
7440 9
12608 8
13276 5
13573 8
11358 2
9214 1
7665 10
2449 4
1092 1
5745 2
12873 7
14114 6
14597 6
4656 9
9881 2
3050 8
297 4
695 4
1317 1
2465 9
9961 10
14304 8
4694 8
1889 10
2113 9
3971 3
11833 2
14683 8
14134 7
5884 5
7597 8
8402 10
4167 3
4786 9
1993 6
6728 3
9520 5
15839 10
1107 9
1928 10
14559 9
6914 7
7305 2
13958 7
2539 10
10620 6
1056 10
5484 10
8749 7
10102 6
15201 6
15949 1
6022 5
15289 9
6811 5
8797 10
12110 2
13756 9
3518 10
10388 6
7911 8
1063 1
1886 10
2790 7
4118 7
6931 1
4104 9
16165 6
1971 4
3135 10
6548 6
6687 1
10574 7
11063 6
11604 8
12930 3
1412 9
14620 5
5370 10
595 6
7703 2
8955 9
3378 9
704 7
5333 7
6106 3
9422 4
13936 1
11239 7
8184 6
5253 1
9077 2
13898 2
14124 6
9004 4
13835 1
2407 10
13225 2
6043 4
10982 8
11077 4
14731 4
14278 5
12818 6
1663 7
10380 6
5312 9
7256 3
9080 1
11178 3
11198 8
13140 10
6856 2
14916 4
8225 2
8350 8
10385 2
13271 1
14186 4
13003 9
15418 1
4724 10
8178 10
8672 9
2289 6
1033 3
4649 6
9947 2
5523 10
4201 2
8139 10
1239 3
2625 7
4030 2
4578 9
5855 1
12210 7
880 8
12404 3
1268 3
10604 10
16048 8
7828 5
7208 3
10178 6
2861 10
7039 10
9866 7
11016 3
12477 6
5225 5
9115 5
1152 2
12160 7
3433 5
3406 8
3743 5
4654 6
7101 10
7724 10
3318 9
4813 6
12958 1
1829 10
5148 3
10163 7
191 4
5498 2
3375 1
13818 3
1071 1
6659 5
7535 4
9090 4
11782 10
1312 9
10623 9
16148 6
13099 7
11152 2
4026 2
348 10
6457 5
8535 9
11214 8
12551 7
13821 4
2190 1
11079 6
10660 8
275 4
11858 2
13889 8
805 1
13567 5
3470 8
4183 9
4956 5
8012 3
11020 4
12973 3
8668 1
9533 9
5529 8
6988 10
7617 9
7907 1
11280 10
13620 8
14761 8
15760 4
1393 8
14825 5
7470 1
11367 10
6204 10
16290 2
3196 8
3169 1
8396 5
9241 5
4749 3
12307 9
11547 10
7931 3
1761 7
5555 2
6021 3
7372 7
13420 8
8004 10
10622 3
1199 10
1063 3
7593 4
15235 4
15733 4
6836 8
6261 3
12260 2
2466 7
6249 2
10666 3
13310 7
15829 2
469 10
8694 2
3080 9
3802 8
5836 5
7613 2
14352 9
6279 7
14567 5
4355 4
5771 1
7431 3
10785 10
13771 3
15008 2
15425 6
1688 7
7667 8
2016 5
7906 4
1889 9
14536 8
15421 7
12320 3
15907 5
5909 1
10498 1
4885 2
5346 10
14456 7
14662 5
12302 9
5770 4
7784 10
8756 7
9930 8
15119 2
3613 3
12234 2
6186 4
6769 4
16072 5
7784 8
2294 2
7635 1
11004 4
15418 1
9013 9
13796 2
596 10
16007 7
11443 1
2679 3
7501 5
3731 9
10714 1
9461 9
2028 8
2108 2
2674 8
4747 5
5295 3
9574 4
13385 1
14982 9
15698 8
4877 8
15510 8
4737 8
5052 7
8800 1
4118 3
2597 8
9563 5
14579 7
10475 7
16115 8
2953 7
4499 7
9498 10
14017 3
1904 3
468 7
7563 2
2106 10
5816 2
6394 4
12333 4
1447 3
6562 8
14561 5
9052 8
13593 1
13385 5
16223 10
5055 1
10392 6
12507 2
13037 2
14351 6
11651 8
330 6
1375 5
7595 5
12158 10
12833 2
1171 7
1823 7
12598 9
6544 5
8771 3
7129 6
11667 6
11900 8
5252 6
13328 5
14026 7
6134 5
7103 5
13903 6
3596 3
8744 1
3345 4
4595 7
15050 10
15283 5
13216 2
14733 10
15882 8
349 1
12805 8
6209 10
5744 5
4098 9
11408 4
4121 2
8741 1
12679 5
4 6
1047 8
4389 4
6864 5
8831 10
11816 6
14448 2
791 10
4084 2
9802 10
12545 8
10698 10
4699 7
15942 6
13896 1
15474 9
5589 4
2525 3
7713 1
15207 10
1784 5
7564 6
1324 4
5395 5
15351 6
13702 8
3560 2
5117 8
14595 9
7125 7
2977 5
3417 1
506 3
4647 5
9869 7
1289 6
8639 6
2365 4
1425 10
7167 7
8646 2
11890 3
11966 8
3007 6
7942 8
1975 1
6685 2
9804 4
4532 2
3821 2
5265 10
7659 8
13415 1
673 10
1699 8
382 5
9228 8
9198 3
15832 2
11504 7
16229 10
4373 5
8294 10
9161 5
11871 8
3297 1
4566 3
747 3
15269 4
3027 1
13439 8
15812 2
2998 4
6245 3
312 2
8497 9
12624 3
4696 8
8774 5
245 10
4869 6
11549 9
15114 9
13911 4
4098 2
3435 4
360 3
13935 3
8365 10
1634 10
4756 6
5895 1
10255 5
10970 4
12027 7
13380 7
14807 8
14087 7
11511 2
6327 7
4304 3
6706 7
7693 9
15001 6
151 1
4771 2
300 6
755 4
2481 10
3313 3
5223 6
16046 8
9484 3
3342 8
7492 5
4832 5
22 6
4554 9
12514 7
13323 5
15423 3
15333 7
12313 9
15328 4
1819 10
2542 3
2857 8
5618 7
8164 1
11928 9
3753 6
1614 3
11619 10
13213 8
8773 3
9233 10
3958 4
5171 9
4568 7
5606 7
7457 10
619 10
12976 1
15234 7
4480 5
7605 1
7855 6
9596 6
14708 10
568 3
169 3
4005 3
15693 5
13871 3
46 5
13256 4
1405 5
5780 8
9041 3
142 9
5416 6
13277 6
1066 10
12075 10
13170 1
13297 10
14815 5
4035 10
3098 5
16189 10
9759 9
10554 3
10171 9
9342 1
10686 4
802 10
3533 8
7374 3
11207 1
12561 5
13971 10
15798 9
10356 6
12205 2
13532 1
665 4
5368 3
13822 4
2410 8
13696 10
8473 2
8360 2
9779 6
4873 7
8110 1
3580 4
3248 1
1779 10
5791 3
10591 3
9532 6
13646 7
7177 7
344 5
4935 8
5767 10
11414 1
9571 1
1546 3
16207 10
3804 8
4365 7
10454 6
11058 3
13665 4
985 9
14015 7
13018 10
13213 3
6992 6
10000 4
10300 2
5284 10
3567 8
4237 9
1851 6
7102 1
10139 4
15622 1
12941 10
10694 9
10778 4
15512 10
2873 9
1277 1
4644 1
2815 4
8170 6
719 1
11752 9
14554 3
8175 5
6684 4
12405 6
1160 5
2658 9
10445 3
12738 4
578 5
642 8
1716 8
2262 10
5088 10
9338 10
11074 5
2322 6
14396 5
4965 7
6581 4
13522 1
11953 4
12163 1
10260 4
14279 9
15621 8
3319 7
7455 8
15108 6
11943 6
468 9
82 5
356 5
924 8
14972 5
7559 7
15604 8
11284 7
1301 8
8423 5
125 10
12745 8
3210 3
16041 1
6522 3
10697 3
6049 9
4719 4
3805 5
5677 3
9378 6
10115 8
12292 2
13067 9
8226 2
15133 7
4032 6
12405 10
13763 7
9068 3
6680 7
191 7
3703 10
4356 5
6046 5
6761 5
8594 8
4425 6
12541 10
1971 8
6583 4
13000 1
16075 9
11026 3
15181 2
13491 6
5756 10
3002 10
15455 3
2840 4
457 9
315 5
7833 10
13606 2
13938 6
13226 2
2345 8
15643 2
2360 1
4633 3
9357 5
14997 5
9429 4
3324 7
8464 5
14004 4
7709 4
13927 5
7019 4
11122 7
14403 8
14554 6
9427 7
13431 1
1487 10
11952 1
6228 10
1401 6
792 10
4121 8
13310 6
12753 2
1102 3
10096 8
3900 3
6956 1
1274 7
7275 1
4918 9
6107 2
9863 7
2777 2
11297 3
1358 1
11745 2
6397 4
14244 6
10703 8
13863 4
13557 6
5776 9
15823 10
16269 1
1215 1
10955 7
16003 5
10039 2
6096 3
15107 5
4799 4
8377 1
709 2
12390 10
839 9
4705 7
12278 9
7638 3
12269 3
8825 10
12289 4
1380 1
6865 6
13826 7
3885 8
5901 5
7655 3
3101 2
3147 10
4329 7
4454 6
3356 8
6895 10
15886 6
754 6
5988 6
7008 4
11391 5
13188 7
9926 10
13175 10
3870 4
8581 8
11467 10
14240 8
7429 9
16361 4
2913 10
5349 5
6787 6
14001 6
4334 8
7524 1
1671 8
2136 2
3131 9
7642 1
12566 4
15219 7
6847 8
7752 4
8680 9
41 9
2142 10
9262 9
14848 8
16259 1
15185 5
14788 1
4316 9
4604 2
7483 6
5442 3
14022 7
2893 8
11193 8
2114 7
6434 9
9169 6
12720 10
12807 1
4484 7
12210 5
10531 4
4882 6
1657 7
3919 4
12261 1
12385 1
15250 6
9156 5
5074 1
11862 9
6771 2
14034 10
15365 9
12852 10
1541 8
10244 2
8004 7
2490 3
8836 8
7004 9
3336 4
8562 6
1212 7
5674 1
6839 3
7112 9
8311 6
1577 9
2381 2
4609 3
5829 3
10507 1
11712 2
6012 8
3112 4
1152 3
1928 4
5337 3
12940 4
14348 8
14509 5
4072 2
385 3
530 7
1796 1
11672 1
1128 5
272 5
11116 5
13188 10
15895 6
7535 7
3958 9
5282 4
3749 10
5870 7
10447 2
12866 8
1496 3
8293 2
108 6
305 7
3407 4
4731 1
7787 10
725 9
3229 8
1127 9
1253 10
7746 3
11487 3
15694 1
7554 6
3377 1
3407 6
442 10
446 2
6479 2
9978 2
13730 1
13736 5
5645 1
4782 10
1052 9
3783 2
4349 1
9498 5
11291 4
14481 2
9650 6
480 7
14578 5
1464 3
1918 5
5474 1
2318 3
15544 5
5569 9
15259 4
16303 6
1516 4
4446 10
14780 2
14857 4
15379 5
11963 10
3362 8
6141 4
170 9
1588 2
3936 8
15467 7
1062 4
4447 2
10607 1
7794 10
10064 9
14803 1
1229 9
3682 2
5481 1
10461 3
14573 4
16170 2
12289 6
3983 8
26 2
2228 6
3556 2
11032 3
12904 8
4522 2
6009 4
1652 8
5053 1
12605 7
15565 1
15444 6
9432 6
11060 6
11940 1
693 3
1859 1
3446 9
4712 9
9827 5
11267 2
1318 3
6773 9
2696 3
9601 3
10974 2
15066 9
390 10
12315 9
7435 7
3461 5
3594 6
8209 1
8632 3
9718 6
14555 8
198 7
3575 10
13396 1
891 9
3529 1
4656 2
6583 10
11074 10
13797 2
14258 4
15000 5
10749 3
15386 9
11532 8
15698 1
1902 1
5289 1
15101 10
5886 9
10386 8
4934 10
9703 10
15027 6
5558 1
2166 5
12685 3
10794 1
3194 9
5734 8
393 10
5407 10
8862 3
12622 10
13941 2
8128 6
16345 2
14529 5
6361 8
12945 3
10804 3
366 4
705 8
7331 6
10794 5
13259 1
7330 2
4555 2
16286 6
15809 4
6232 7
6843 8
11165 8
6662 4
8606 6
16371 8
12798 1
11011 3
9104 8
11250 3
6609 8
8981 7
9381 6
11523 6
15641 2
11983 9
8739 2
10126 5
7707 6
9873 3
524 3
6129 9
7838 4
8037 3
5591 10
11268 1
10648 6
14293 8
14846 10
1617 8
4677 6
6728 9
7857 9
8974 5
10933 6
13658 5
13183 3
11801 9
14289 3
5381 8
1012 4
8412 3
9361 2
12254 2
10765 3
5271 9
6520 3
8485 1
12165 4
13387 2
5039 1
11054 6
15275 5
4308 10
243 4
5557 6
3492 4
8205 9
8797 4
14653 4
10526 5
9856 10
982 7
15888 4
4543 9
607 9
3966 5
10015 7
2681 4
4294 9
6757 2
4729 6
6244 8
9284 4
11659 3
6853 8
1906 10
7828 4
8620 5
9018 9
9348 9
1650 2
2936 10
10516 7
10012 2
2618 6
6167 10
12731 2
8994 10
620 6
10296 3
2084 3
16348 6
7148 10
8580 2
15508 9
10357 2
4865 3
10344 3
1435 10
879 4
6012 5
10500 10
11599 9
14295 6
15838 6
2111 1
9958 2
11260 7
14543 9
10990 4
14942 3
8971 6
398 9
3823 2
4257 5
7548 3
9233 5
10557 9
12313 6
15752 4
9207 4
5432 8
5660 8
2529 5
3762 1
6817 5
4411 6
7789 5
15232 8
3677 9
230 4
1411 1
6969 4
4004 3
2026 3
9388 9
5710 2
9496 9
12248 8
13872 1
14402 2
7417 4
13992 2
9336 8
7128 4
9965 7
12516 9
14798 2
15612 3
4883 3
6027 3
1485 6
3679 6
5385 6
15469 8
11385 3
10110 7
9 2
3390 1
4271 4
4434 4
37 6
10046 9
15849 1
6220 1
10078 8
12728 1
10643 6
2831 6
554 3
8963 3
12150 9
9114 9
13759 5
2530 3
4122 6
7818 4
10313 1
12302 4
2021 2
14679 2
12442 5
3088 10
4662 6
7892 6
10222 8
10493 3
15332 9
9292 4
7185 9
9717 10
9881 6
10163 6
13437 1
13526 6
13735 9
10466 2
6185 3
2773 8
7688 9
870 9
7947 9
11895 3
12386 4
13552 5
14019 9
11776 3
10947 6
11001 8
7495 7
4764 3
6043 6
13311 9
13644 5
6064 3
7250 1
15502 1
7785 4
234 10
2033 9
2270 2
2557 7
3967 2
6631 5
8322 3
10391 7
4975 8
15264 7
10447 4
13369 5
4067 2
2459 5
8470 3
2902 1
7949 3
12513 9
13620 6
11023 9
16023 7
4107 7
1746 9
2500 10
12393 5
6032 8
15670 10
4720 10
7012 6
11941 9
14617 6
15243 8
16055 5
6155 9
13897 5
10493 1
3047 7
12365 1
13444 4
15607 10
16301 2
10694 4
15505 1
3067 6
6744 8
7885 4
13126 5
14395 5
5564 9
2467 10
2117 7
3729 1
5736 5
10906 2
10403 5
8148 3
13863 1
3009 10
7702 8
12594 8
13935 5
14321 8
16319 6
3729 5
4488 7
4264 3
1693 10
3884 7
9248 5
11667 7
15945 4
9904 8
12709 7
12940 10
11121 2
11107 8
15664 8
2221 4
6648 3
10313 4
4039 6
11079 6
169 2
2351 7
2804 2
6505 2
7532 10
8953 10
13910 9
14582 6
2088 8
10381 1
14706 5
3286 9
5138 7
9360 1
10392 9
15614 7
956 6
12500 8
717 10
5865 4
10800 2
7191 4
6371 1
4512 1
2085 8
3897 1
5299 2
16095 2
6401 3
6680 2
4459 3
8578 3
8928 7
11797 10
6505 10
10234 8
4291 9
6250 2
309 9
7508 1
11107 1
12741 1
86 3
9993 2
283 5
9057 2
5525 3
6589 3
11621 10
15996 10
11409 4
9206 1
6258 5
1470 1
2387 5
8189 9
569 4
12023 8
7595 7
5774 7
8309 5
3284 7
4696 5
9358 8
10345 9
10833 8
14062 2
15620 4
494 4
16266 4
10655 1
5424 2
6731 1
9393 4
15436 3
6881 5
15399 1
3530 8
6948 8
1462 10
7663 1
9656 9
11307 7
10837 4
3401 3
207 2
14601 8
1784 6
14826 6
4359 1
9040 3
5986 3
8039 8
12999 1
12629 2
9195 9
13451 3
4655 7
1365 2
9733 10
5774 6
10601 9
11067 8
11625 3
14495 2
2248 3
2603 8
3242 10
13955 9
3084 10
3927 1
16132 7
7365 10
8957 4
11116 10
11381 2
14241 1
14250 9
2624 6
6341 3
4391 2
7109 5
4973 8
16304 8
6368 8
13856 4
8089 8
3866 1
5207 8
9733 8
9177 9
12448 2
13625 3
2409 5
5263 9
14094 4
6100 5
14353 7
2839 8
4251 1
8766 8
8415 6
11737 5
8212 4
7139 6
3137 8
3260 3
11339 10
11389 10
11904 4
8801 5
4768 5
1053 10
13557 2
13729 7
5570 1
4024 5
10580 3
158 8
2817 5
11616 10
12331 6
5011 1
14902 7
14710 5
574 8
8200 5
8277 5
11537 7
14446 8
15545 5
11046 10
10200 5
1661 7
1991 5
9173 6
10565 10
14862 3
5966 9
6926 4
833 9
8186 1
2208 10
8796 4
12235 2
13655 8
4527 3
3456 7
14990 4
8964 3
9917 1
14214 9
11133 2
607 8
7798 4
2801 8
12017 7
8523 10
4932 8
310 8
